================================================================
RSR demo — IEEE 118-bus DC-OPF blackout reliability
================================================================
  Resources:   GPUs=cuda:0,cuda:1  CPU workers=48  (visible: 2 GPU, 24 CPU)
  Dataset:     /scratch/n74/hxr547/rsr/demos/ieee118_blackout/../../../network-datasets/datasets/ieee118/v1
  Components:  304 (54 generator buses, 64 ordinary buses, 186 branches)
  Max states:  4   Device: cuda:0
  Threshold:   13.8% blackout → system failure
DC-OPF sfun ready: 118 buses, 54 generators, 186 branches
  All operational: blackout=  0.00%  sys_st=1
  All failed:      blackout=100.00%  sys_st=0
  Certificates: LP survival boxes + dual failure cuts (cert_lib)

SuS -> cut pipeline: 5 run(s), 1000 samples/level, p0=0.1 ...
[SuS] Level 0 (prior MC): N=1000, fail_samples=0, fval range=[0, 13.2]
[SuS] Level 1: threshold fval=3.673, n_seeds=100, failures_in_seeds=0/100
[SuS] Level 2: threshold fval=7.659, n_seeds=100, failures_in_seeds=1/100
[SuS] Level 3: threshold fval=11.12, n_seeds=100, failures_in_seeds=11/100
[SuS] Level 4: threshold fval=14.1, n_seeds=100, failures_in_seeds=100/100
[SuS] Done: levels=4, terminated_by=failure_boundary, failed_samples=126, sfun_calls=3700
[SuS] Level 0 (prior MC): N=1000, fail_samples=0, fval range=[0, 13.35]
[SuS] Level 1: threshold fval=3.55, n_seeds=100, failures_in_seeds=0/100
[SuS] Level 2: threshold fval=7.977, n_seeds=100, failures_in_seeds=0/100
[SuS] Level 3: threshold fval=10.5, n_seeds=100, failures_in_seeds=6/100
[SuS] Level 4: threshold fval=13.68, n_seeds=100, failures_in_seeds=90/100
[SuS] Level 5: threshold fval=15.69, n_seeds=100, failures_in_seeds=100/100
[SuS] Done: levels=5, terminated_by=failure_boundary, failed_samples=886, sfun_calls=4600
[SuS] Level 0 (prior MC): N=1000, fail_samples=0, fval range=[0, 10.87]
[SuS] Level 1: threshold fval=3.597, n_seeds=100, failures_in_seeds=0/100
[SuS] Level 2: threshold fval=6.882, n_seeds=100, failures_in_seeds=0/100
[SuS] Level 3: threshold fval=10.87, n_seeds=100, failures_in_seeds=0/100
[SuS] Level 4: threshold fval=11.76, n_seeds=100, failures_in_seeds=5/100
[SuS] Level 5: threshold fval=13.61, n_seeds=100, failures_in_seeds=81/100
[SuS] Level 6: threshold fval=15.22, n_seeds=100, failures_in_seeds=100/100
[SuS] Done: levels=6, terminated_by=failure_boundary, failed_samples=836, sfun_calls=5500
[SuS] Level 0 (prior MC): N=1000, fail_samples=1, fval range=[0, 16.84]
[SuS] Level 1: threshold fval=3.973, n_seeds=100, failures_in_seeds=1/100
[SuS] Level 2: threshold fval=8.133, n_seeds=100, failures_in_seeds=10/100
[SuS] Level 3: threshold fval=12.01, n_seeds=100, failures_in_seeds=77/100
[SuS] Level 4: threshold fval=16.84, n_seeds=100, failures_in_seeds=100/100
[SuS] Done: levels=4, terminated_by=failure_boundary, failed_samples=672, sfun_calls=3700
[SuS] Level 0 (prior MC): N=1000, fail_samples=0, fval range=[0, 9.748]
[SuS] Level 1: threshold fval=3.843, n_seeds=100, failures_in_seeds=0/100
[SuS] Level 2: threshold fval=7.615, n_seeds=100, failures_in_seeds=0/100
[SuS] Level 3: threshold fval=9.786, n_seeds=100, failures_in_seeds=0/100
[SuS] Level 4: threshold fval=11.84, n_seeds=100, failures_in_seeds=8/100
[SuS] Level 5: threshold fval=13.4, n_seeds=100, failures_in_seeds=90/100
[SuS] Level 6: threshold fval=19.29, n_seeds=100, failures_in_seeds=100/100
[SuS] Done: levels=6, terminated_by=failure_boundary, failed_samples=904, sfun_calls=5500
[SuS->cuts] 5 run(s), levels=[4, 5, 6, 4, 6], 23026 sfun calls; 3424 failed states (1388 unique, 522 already certified) -> 26 cuts (26 refined), 840 relaxation gaps, 892 LP solves

Extracting survival / failure rules (unknown gap < 1e-06 [abs])...

Parallel mode: 48 CPU workers for sfun + minimization
Multi-GPU mode: sampling across ['cuda:0', 'cuda:1']
---
Round: 1, Unk. prob.: 1.000e+00
Upper probs: 0.000e+00, Lower probs: 0.000e+00
No. of non-dominant refs: 0, Survival refs: 0, Failure refs: 0
Batch update: 48 refs added, 0 existing refs removed (0 new refs dominated)
Survival: 48 refs added, 0 removed (from 48 certificates)
---
Round: 2, Unk. prob.: 1.000e+00
Upper probs: 0.000e+00, Lower probs: 1.000e-05
No. of non-dominant refs: 48, Survival refs: 48, Failure refs: 0
Batch update: 48 refs added, 0 existing refs removed (0 new refs dominated)
Survival: 48 refs added, 0 removed (from 48 certificates)
---
Round: 3, Unk. prob.: 7.926e-01
Upper probs: 2.073e-01, Lower probs: 3.000e-05
No. of non-dominant refs: 96, Survival refs: 96, Failure refs: 0
Batch update: 48 refs added, 0 existing refs removed (0 new refs dominated)
Survival: 48 refs added, 0 removed (from 48 certificates)
---
Round: 4, Unk. prob.: 7.403e-01
Upper probs: 2.597e-01, Lower probs: 2.000e-05
No. of non-dominant refs: 144, Survival refs: 144, Failure refs: 0
Batch update: 48 refs added, 0 existing refs removed (0 new refs dominated)
Survival: 48 refs added, 0 removed (from 48 certificates)
---
Round: 5, Unk. prob.: 7.182e-01
Upper probs: 2.818e-01, Lower probs: 3.000e-05
No. of non-dominant refs: 192, Survival refs: 192, Failure refs: 0
Batch update: 48 refs added, 0 existing refs removed (0 new refs dominated)
Survival: 48 refs added, 0 removed (from 48 certificates)
---
Round: 6, Unk. prob.: 6.947e-01
Upper probs: 3.053e-01, Lower probs: 0.000e+00
No. of non-dominant refs: 240, Survival refs: 240, Failure refs: 0
Batch update: 47 refs added, 0 existing refs removed (0 new refs dominated)
Survival: 47 refs added, 0 removed (from 47 certificates)
Failure cuts: 1 added (total 27)
---
Round: 7, Unk. prob.: 6.821e-01
Upper probs: 3.179e-01, Lower probs: 1.000e-05
No. of non-dominant refs: 287, Survival refs: 287, Failure refs: 0
Batch update: 48 refs added, 1 existing refs removed (0 new refs dominated)
Survival: 48 refs added, 1 removed (from 48 certificates)
---
Round: 8, Unk. prob.: 6.672e-01
Upper probs: 3.328e-01, Lower probs: 3.000e-05
No. of non-dominant refs: 334, Survival refs: 334, Failure refs: 0
Batch update: 48 refs added, 1 existing refs removed (0 new refs dominated)
Survival: 48 refs added, 1 removed (from 48 certificates)
---
Round: 9, Unk. prob.: 6.580e-01
Upper probs: 3.420e-01, Lower probs: 1.000e-05
No. of non-dominant refs: 381, Survival refs: 381, Failure refs: 0
Batch update: 48 refs added, 0 existing refs removed (0 new refs dominated)
Survival: 48 refs added, 0 removed (from 48 certificates)
---
Round: 10, Unk. prob.: 6.484e-01
Upper probs: 3.515e-01, Lower probs: 5.000e-05
No. of non-dominant refs: 429, Survival refs: 429, Failure refs: 0
Batch update: 48 refs added, 0 existing refs removed (0 new refs dominated)
Survival: 48 refs added, 0 removed (from 48 certificates)
---
Round: 11, Unk. prob.: 6.360e-01
Upper probs: 3.640e-01, Lower probs: 1.000e-05
No. of non-dominant refs: 477, Survival refs: 477, Failure refs: 0
Batch update: 48 refs added, 1 existing refs removed (0 new refs dominated)
Survival: 48 refs added, 1 removed (from 48 certificates)
---
Round: 12, Unk. prob.: 6.292e-01
Upper probs: 3.708e-01, Lower probs: 2.000e-05
No. of non-dominant refs: 524, Survival refs: 524, Failure refs: 0
Batch update: 48 refs added, 0 existing refs removed (0 new refs dominated)
Survival: 48 refs added, 0 removed (from 48 certificates)
---
Round: 13, Unk. prob.: 6.244e-01
Upper probs: 3.755e-01, Lower probs: 2.000e-05
No. of non-dominant refs: 572, Survival refs: 572, Failure refs: 0
Batch update: 47 refs added, 0 existing refs removed (0 new refs dominated)
Survival: 47 refs added, 0 removed (from 47 certificates)
Failure cuts: 1 added (total 28)
---
Round: 14, Unk. prob.: 6.205e-01
Upper probs: 3.795e-01, Lower probs: 2.000e-05
No. of non-dominant refs: 619, Survival refs: 619, Failure refs: 0
Batch update: 48 refs added, 0 existing refs removed (0 new refs dominated)
Survival: 48 refs added, 0 removed (from 48 certificates)
---
Round: 15, Unk. prob.: 6.148e-01
Upper probs: 3.851e-01, Lower probs: 5.000e-05
No. of non-dominant refs: 667, Survival refs: 667, Failure refs: 0
Batch update: 48 refs added, 0 existing refs removed (0 new refs dominated)
Survival: 48 refs added, 0 removed (from 48 certificates)
---
Round: 16, Unk. prob.: 6.070e-01
Upper probs: 3.930e-01, Lower probs: 1.000e-05
No. of non-dominant refs: 715, Survival refs: 715, Failure refs: 0
Batch update: 48 refs added, 0 existing refs removed (0 new refs dominated)
Survival: 48 refs added, 0 removed (from 48 certificates)
---
Round: 17, Unk. prob.: 5.999e-01
Upper probs: 4.000e-01, Lower probs: 3.000e-05
No. of non-dominant refs: 763, Survival refs: 763, Failure refs: 0
Batch update: 48 refs added, 0 existing refs removed (0 new refs dominated)
Survival: 48 refs added, 0 removed (from 48 certificates)
---
Round: 18, Unk. prob.: 6.004e-01
Upper probs: 3.996e-01, Lower probs: 2.000e-05
No. of non-dominant refs: 811, Survival refs: 811, Failure refs: 0
Batch update: 48 refs added, 1 existing refs removed (0 new refs dominated)
Survival: 48 refs added, 1 removed (from 48 certificates)
---
Round: 19, Unk. prob.: 5.957e-01
Upper probs: 4.043e-01, Lower probs: 2.000e-05
No. of non-dominant refs: 858, Survival refs: 858, Failure refs: 0
Batch update: 48 refs added, 0 existing refs removed (0 new refs dominated)
Survival: 48 refs added, 0 removed (from 48 certificates)
---
Round: 20, Unk. prob.: 5.906e-01
Upper probs: 4.094e-01, Lower probs: 2.000e-05
No. of non-dominant refs: 906, Survival refs: 906, Failure refs: 0
Batch update: 48 refs added, 1 existing refs removed (0 new refs dominated)
Survival: 48 refs added, 1 removed (from 48 certificates)
---
Round: 21, Unk. prob.: 5.884e-01
Upper probs: 4.116e-01, Lower probs: 0.000e+00
No. of non-dominant refs: 953, Survival refs: 953, Failure refs: 0
Batch update: 48 refs added, 1 existing refs removed (0 new refs dominated)
Survival: 48 refs added, 1 removed (from 48 certificates)
---
Round: 22, Unk. prob.: 5.829e-01
Upper probs: 4.171e-01, Lower probs: 2.000e-05
No. of non-dominant refs: 1000, Survival refs: 1000, Failure refs: 0
Batch update: 48 refs added, 1 existing refs removed (0 new refs dominated)
Survival: 48 refs added, 1 removed (from 48 certificates)
---
Round: 23, Unk. prob.: 5.784e-01
Upper probs: 4.215e-01, Lower probs: 5.000e-05
No. of non-dominant refs: 1047, Survival refs: 1047, Failure refs: 0
Batch update: 48 refs added, 0 existing refs removed (0 new refs dominated)
Survival: 48 refs added, 0 removed (from 48 certificates)
---
Round: 24, Unk. prob.: 5.719e-01
Upper probs: 4.280e-01, Lower probs: 2.000e-05
No. of non-dominant refs: 1095, Survival refs: 1095, Failure refs: 0
Batch update: 48 refs added, 0 existing refs removed (0 new refs dominated)
Survival: 48 refs added, 0 removed (from 48 certificates)
---
Round: 25, Unk. prob.: 5.714e-01
Upper probs: 4.286e-01, Lower probs: 1.000e-05
No. of non-dominant refs: 1143, Survival refs: 1143, Failure refs: 0
Batch update: 48 refs added, 0 existing refs removed (0 new refs dominated)
Survival: 48 refs added, 0 removed (from 48 certificates)
---
Round: 26, Unk. prob.: 5.692e-01
Upper probs: 4.308e-01, Lower probs: 2.000e-05
No. of non-dominant refs: 1191, Survival refs: 1191, Failure refs: 0
Batch update: 48 refs added, 0 existing refs removed (0 new refs dominated)
Survival: 48 refs added, 0 removed (from 48 certificates)
---
Round: 27, Unk. prob.: 5.663e-01
Upper probs: 4.337e-01, Lower probs: 2.000e-05
No. of non-dominant refs: 1239, Survival refs: 1239, Failure refs: 0
Batch update: 48 refs added, 0 existing refs removed (0 new refs dominated)
Survival: 48 refs added, 0 removed (from 48 certificates)
---
Round: 28, Unk. prob.: 5.650e-01
Upper probs: 4.350e-01, Lower probs: 3.000e-05
No. of non-dominant refs: 1287, Survival refs: 1287, Failure refs: 0
Batch update: 48 refs added, 0 existing refs removed (0 new refs dominated)
Survival: 48 refs added, 0 removed (from 48 certificates)
---
Round: 29, Unk. prob.: 5.591e-01
Upper probs: 4.409e-01, Lower probs: 3.000e-05
No. of non-dominant refs: 1335, Survival refs: 1335, Failure refs: 0
Batch update: 48 refs added, 1 existing refs removed (0 new refs dominated)
Survival: 48 refs added, 1 removed (from 48 certificates)
---
Round: 30, Unk. prob.: 5.547e-01
Upper probs: 4.453e-01, Lower probs: 1.000e-05
No. of non-dominant refs: 1382, Survival refs: 1382, Failure refs: 0
Batch update: 48 refs added, 1 existing refs removed (0 new refs dominated)
Survival: 48 refs added, 1 removed (from 48 certificates)
---
Round: 31, Unk. prob.: 5.532e-01
Upper probs: 4.468e-01, Lower probs: 3.000e-05
No. of non-dominant refs: 1429, Survival refs: 1429, Failure refs: 0
Batch update: 48 refs added, 0 existing refs removed (0 new refs dominated)
Survival: 48 refs added, 0 removed (from 48 certificates)
---
Round: 32, Unk. prob.: 5.523e-01
Upper probs: 4.477e-01, Lower probs: 3.000e-05
No. of non-dominant refs: 1477, Survival refs: 1477, Failure refs: 0
Batch update: 48 refs added, 1 existing refs removed (0 new refs dominated)
Survival: 48 refs added, 1 removed (from 48 certificates)
---
Round: 33, Unk. prob.: 5.494e-01
Upper probs: 4.506e-01, Lower probs: 1.000e-05
No. of non-dominant refs: 1524, Survival refs: 1524, Failure refs: 0
Batch update: 48 refs added, 0 existing refs removed (0 new refs dominated)
Survival: 48 refs added, 0 removed (from 48 certificates)
---
Round: 34, Unk. prob.: 5.485e-01
Upper probs: 4.515e-01, Lower probs: 1.000e-05
No. of non-dominant refs: 1572, Survival refs: 1572, Failure refs: 0
Batch update: 48 refs added, 0 existing refs removed (0 new refs dominated)
Survival: 48 refs added, 0 removed (from 48 certificates)
---
Round: 35, Unk. prob.: 5.450e-01
Upper probs: 4.549e-01, Lower probs: 2.000e-05
No. of non-dominant refs: 1620, Survival refs: 1620, Failure refs: 0
Batch update: 48 refs added, 0 existing refs removed (0 new refs dominated)
Survival: 48 refs added, 0 removed (from 48 certificates)
---
Round: 36, Unk. prob.: 5.422e-01
Upper probs: 4.578e-01, Lower probs: 0.000e+00
No. of non-dominant refs: 1668, Survival refs: 1668, Failure refs: 0
Batch update: 48 refs added, 0 existing refs removed (0 new refs dominated)
Survival: 48 refs added, 0 removed (from 48 certificates)
---
Round: 37, Unk. prob.: 5.402e-01
Upper probs: 4.598e-01, Lower probs: 3.000e-05
No. of non-dominant refs: 1716, Survival refs: 1716, Failure refs: 0
Batch update: 48 refs added, 0 existing refs removed (0 new refs dominated)
Survival: 48 refs added, 0 removed (from 48 certificates)
---
Round: 38, Unk. prob.: 5.376e-01
Upper probs: 4.624e-01, Lower probs: 2.000e-05
No. of non-dominant refs: 1764, Survival refs: 1764, Failure refs: 0
Batch update: 48 refs added, 0 existing refs removed (0 new refs dominated)
Survival: 48 refs added, 0 removed (from 48 certificates)
---
Round: 39, Unk. prob.: 5.349e-01
Upper probs: 4.651e-01, Lower probs: 2.000e-05
No. of non-dominant refs: 1812, Survival refs: 1812, Failure refs: 0
Batch update: 48 refs added, 1 existing refs removed (0 new refs dominated)
Survival: 48 refs added, 1 removed (from 48 certificates)
---
Round: 40, Unk. prob.: 5.333e-01
Upper probs: 4.667e-01, Lower probs: 3.000e-05
No. of non-dominant refs: 1859, Survival refs: 1859, Failure refs: 0
Batch update: 48 refs added, 0 existing refs removed (0 new refs dominated)
Survival: 48 refs added, 0 removed (from 48 certificates)
---
Round: 41, Unk. prob.: 5.327e-01
Upper probs: 4.673e-01, Lower probs: 2.000e-05
No. of non-dominant refs: 1907, Survival refs: 1907, Failure refs: 0
Batch update: 48 refs added, 0 existing refs removed (0 new refs dominated)
Survival: 48 refs added, 0 removed (from 48 certificates)
---
Round: 42, Unk. prob.: 5.263e-01
Upper probs: 4.737e-01, Lower probs: 2.000e-05
No. of non-dominant refs: 1955, Survival refs: 1955, Failure refs: 0
Batch update: 48 refs added, 1 existing refs removed (0 new refs dominated)
Survival: 48 refs added, 1 removed (from 48 certificates)
---
Round: 43, Unk. prob.: 5.293e-01
Upper probs: 4.707e-01, Lower probs: 4.000e-05
No. of non-dominant refs: 2002, Survival refs: 2002, Failure refs: 0
Batch update: 48 refs added, 0 existing refs removed (0 new refs dominated)
Survival: 48 refs added, 0 removed (from 48 certificates)
---
Round: 44, Unk. prob.: 5.246e-01
Upper probs: 4.754e-01, Lower probs: 1.000e-05
No. of non-dominant refs: 2050, Survival refs: 2050, Failure refs: 0
Batch update: 48 refs added, 0 existing refs removed (0 new refs dominated)
Survival: 48 refs added, 0 removed (from 48 certificates)
---
Round: 45, Unk. prob.: 5.247e-01
Upper probs: 4.753e-01, Lower probs: 1.000e-05
No. of non-dominant refs: 2098, Survival refs: 2098, Failure refs: 0
Batch update: 48 refs added, 0 existing refs removed (0 new refs dominated)
Survival: 48 refs added, 0 removed (from 48 certificates)
---
Round: 46, Unk. prob.: 5.244e-01
Upper probs: 4.756e-01, Lower probs: 2.000e-05
No. of non-dominant refs: 2146, Survival refs: 2146, Failure refs: 0
Batch update: 48 refs added, 0 existing refs removed (0 new refs dominated)
Survival: 48 refs added, 0 removed (from 48 certificates)
---
Round: 47, Unk. prob.: 5.216e-01
Upper probs: 4.784e-01, Lower probs: 1.000e-05
No. of non-dominant refs: 2194, Survival refs: 2194, Failure refs: 0
Batch update: 48 refs added, 0 existing refs removed (0 new refs dominated)
Survival: 48 refs added, 0 removed (from 48 certificates)
---
Round: 48, Unk. prob.: 5.206e-01
Upper probs: 4.793e-01, Lower probs: 5.000e-05
No. of non-dominant refs: 2242, Survival refs: 2242, Failure refs: 0
Batch update: 48 refs added, 0 existing refs removed (0 new refs dominated)
Survival: 48 refs added, 0 removed (from 48 certificates)
---
Round: 49, Unk. prob.: 5.186e-01
Upper probs: 4.814e-01, Lower probs: 1.000e-05
No. of non-dominant refs: 2290, Survival refs: 2290, Failure refs: 0
Batch update: 48 refs added, 0 existing refs removed (0 new refs dominated)
Survival: 48 refs added, 0 removed (from 48 certificates)
---
Round: 50, Unk. prob.: 5.161e-01
Upper probs: 4.839e-01, Lower probs: 3.000e-05
No. of non-dominant refs: 2338, Survival refs: 2338, Failure refs: 0
Batch update: 48 refs added, 0 existing refs removed (0 new refs dominated)
Survival: 48 refs added, 0 removed (from 48 certificates)
---
Round: 51, Unk. prob.: 5.169e-01
Upper probs: 4.831e-01, Lower probs: 3.000e-05
No. of non-dominant refs: 2386, Survival refs: 2386, Failure refs: 0
Batch update: 48 refs added, 0 existing refs removed (0 new refs dominated)
Survival: 48 refs added, 0 removed (from 48 certificates)
---
Round: 52, Unk. prob.: 5.127e-01
Upper probs: 4.873e-01, Lower probs: 3.000e-05
No. of non-dominant refs: 2434, Survival refs: 2434, Failure refs: 0
Batch update: 48 refs added, 0 existing refs removed (0 new refs dominated)
Survival: 48 refs added, 0 removed (from 48 certificates)
---
Round: 53, Unk. prob.: 5.096e-01
Upper probs: 4.904e-01, Lower probs: 1.000e-05
No. of non-dominant refs: 2482, Survival refs: 2482, Failure refs: 0
Batch update: 48 refs added, 0 existing refs removed (0 new refs dominated)
Survival: 48 refs added, 0 removed (from 48 certificates)
---
Round: 54, Unk. prob.: 5.094e-01
Upper probs: 4.906e-01, Lower probs: 2.000e-05
No. of non-dominant refs: 2530, Survival refs: 2530, Failure refs: 0
Batch update: 48 refs added, 0 existing refs removed (0 new refs dominated)
Survival: 48 refs added, 0 removed (from 48 certificates)
---
Round: 55, Unk. prob.: 5.084e-01
Upper probs: 4.916e-01, Lower probs: 0.000e+00
No. of non-dominant refs: 2578, Survival refs: 2578, Failure refs: 0
Batch update: 48 refs added, 1 existing refs removed (0 new refs dominated)
Survival: 48 refs added, 1 removed (from 48 certificates)
---
Round: 56, Unk. prob.: 5.050e-01
Upper probs: 4.950e-01, Lower probs: 3.000e-05
No. of non-dominant refs: 2625, Survival refs: 2625, Failure refs: 0
Batch update: 48 refs added, 0 existing refs removed (0 new refs dominated)
Survival: 48 refs added, 0 removed (from 48 certificates)
---
Round: 57, Unk. prob.: 5.059e-01
Upper probs: 4.941e-01, Lower probs: 2.000e-05
No. of non-dominant refs: 2673, Survival refs: 2673, Failure refs: 0
Batch update: 48 refs added, 0 existing refs removed (0 new refs dominated)
Survival: 48 refs added, 0 removed (from 48 certificates)
---
Round: 58, Unk. prob.: 5.049e-01
Upper probs: 4.951e-01, Lower probs: 4.000e-05
No. of non-dominant refs: 2721, Survival refs: 2721, Failure refs: 0
Batch update: 48 refs added, 1 existing refs removed (0 new refs dominated)
Survival: 48 refs added, 1 removed (from 48 certificates)
---
Round: 59, Unk. prob.: 5.010e-01
Upper probs: 4.989e-01, Lower probs: 3.000e-05
No. of non-dominant refs: 2768, Survival refs: 2768, Failure refs: 0
Batch update: 48 refs added, 0 existing refs removed (0 new refs dominated)
Survival: 48 refs added, 0 removed (from 48 certificates)
---
Round: 60, Unk. prob.: 5.024e-01
Upper probs: 4.976e-01, Lower probs: 0.000e+00
No. of non-dominant refs: 2816, Survival refs: 2816, Failure refs: 0
Batch update: 48 refs added, 0 existing refs removed (0 new refs dominated)
Survival: 48 refs added, 0 removed (from 48 certificates)
---
Round: 61, Unk. prob.: 4.992e-01
Upper probs: 5.008e-01, Lower probs: 1.000e-05
No. of non-dominant refs: 2864, Survival refs: 2864, Failure refs: 0
Batch update: 48 refs added, 0 existing refs removed (0 new refs dominated)
Survival: 48 refs added, 0 removed (from 48 certificates)
---
Round: 62, Unk. prob.: 4.967e-01
Upper probs: 5.033e-01, Lower probs: 2.000e-05
No. of non-dominant refs: 2912, Survival refs: 2912, Failure refs: 0
Batch update: 48 refs added, 0 existing refs removed (0 new refs dominated)
Survival: 48 refs added, 0 removed (from 48 certificates)
---
Round: 63, Unk. prob.: 4.976e-01
Upper probs: 5.024e-01, Lower probs: 0.000e+00
No. of non-dominant refs: 2960, Survival refs: 2960, Failure refs: 0
Batch update: 48 refs added, 0 existing refs removed (0 new refs dominated)
Survival: 48 refs added, 0 removed (from 48 certificates)
---
Round: 64, Unk. prob.: 4.963e-01
Upper probs: 5.037e-01, Lower probs: 1.000e-05
No. of non-dominant refs: 3008, Survival refs: 3008, Failure refs: 0
Batch update: 48 refs added, 0 existing refs removed (0 new refs dominated)
Survival: 48 refs added, 0 removed (from 48 certificates)
---
Round: 65, Unk. prob.: 4.948e-01
Upper probs: 5.052e-01, Lower probs: 1.000e-05
No. of non-dominant refs: 3056, Survival refs: 3056, Failure refs: 0
Batch update: 48 refs added, 0 existing refs removed (0 new refs dominated)
Survival: 48 refs added, 0 removed (from 48 certificates)
---
Round: 66, Unk. prob.: 4.912e-01
Upper probs: 5.088e-01, Lower probs: 1.000e-05
No. of non-dominant refs: 3104, Survival refs: 3104, Failure refs: 0
Batch update: 48 refs added, 0 existing refs removed (0 new refs dominated)
Survival: 48 refs added, 0 removed (from 48 certificates)
---
Round: 67, Unk. prob.: 4.923e-01
Upper probs: 5.077e-01, Lower probs: 2.000e-05
No. of non-dominant refs: 3152, Survival refs: 3152, Failure refs: 0
Batch update: 48 refs added, 2 existing refs removed (0 new refs dominated)
Survival: 48 refs added, 2 removed (from 48 certificates)
---
Round: 68, Unk. prob.: 4.931e-01
Upper probs: 5.069e-01, Lower probs: 1.000e-05
No. of non-dominant refs: 3198, Survival refs: 3198, Failure refs: 0
Batch update: 48 refs added, 0 existing refs removed (0 new refs dominated)
Survival: 48 refs added, 0 removed (from 48 certificates)
---
Round: 69, Unk. prob.: 4.888e-01
Upper probs: 5.112e-01, Lower probs: 2.000e-05
No. of non-dominant refs: 3246, Survival refs: 3246, Failure refs: 0
Batch update: 48 refs added, 1 existing refs removed (0 new refs dominated)
Survival: 48 refs added, 1 removed (from 48 certificates)
---
Round: 70, Unk. prob.: 4.843e-01
Upper probs: 5.156e-01, Lower probs: 3.000e-05
No. of non-dominant refs: 3293, Survival refs: 3293, Failure refs: 0
Batch update: 48 refs added, 0 existing refs removed (0 new refs dominated)
Survival: 48 refs added, 0 removed (from 48 certificates)
---
Round: 71, Unk. prob.: 4.886e-01
Upper probs: 5.114e-01, Lower probs: 1.000e-05
No. of non-dominant refs: 3341, Survival refs: 3341, Failure refs: 0
Batch update: 48 refs added, 0 existing refs removed (0 new refs dominated)
Survival: 48 refs added, 0 removed (from 48 certificates)
---
Round: 72, Unk. prob.: 4.848e-01
Upper probs: 5.151e-01, Lower probs: 1.000e-05
No. of non-dominant refs: 3389, Survival refs: 3389, Failure refs: 0
Batch update: 48 refs added, 0 existing refs removed (0 new refs dominated)
Survival: 48 refs added, 0 removed (from 48 certificates)
---
Round: 73, Unk. prob.: 4.865e-01
Upper probs: 5.134e-01, Lower probs: 3.000e-05
No. of non-dominant refs: 3437, Survival refs: 3437, Failure refs: 0
Batch update: 48 refs added, 0 existing refs removed (0 new refs dominated)
Survival: 48 refs added, 0 removed (from 48 certificates)
---
Round: 74, Unk. prob.: 4.836e-01
Upper probs: 5.164e-01, Lower probs: 3.000e-05
No. of non-dominant refs: 3485, Survival refs: 3485, Failure refs: 0
Batch update: 48 refs added, 0 existing refs removed (0 new refs dominated)
Survival: 48 refs added, 0 removed (from 48 certificates)
---
Round: 75, Unk. prob.: 4.812e-01
Upper probs: 5.188e-01, Lower probs: 3.000e-05
No. of non-dominant refs: 3533, Survival refs: 3533, Failure refs: 0
Batch update: 48 refs added, 0 existing refs removed (0 new refs dominated)
Survival: 48 refs added, 0 removed (from 48 certificates)
---
Round: 76, Unk. prob.: 4.822e-01
Upper probs: 5.177e-01, Lower probs: 4.000e-05
No. of non-dominant refs: 3581, Survival refs: 3581, Failure refs: 0
Batch update: 48 refs added, 0 existing refs removed (0 new refs dominated)
Survival: 48 refs added, 0 removed (from 48 certificates)
---
Round: 77, Unk. prob.: 4.814e-01
Upper probs: 5.185e-01, Lower probs: 3.000e-05
No. of non-dominant refs: 3629, Survival refs: 3629, Failure refs: 0
Batch update: 48 refs added, 0 existing refs removed (0 new refs dominated)
Survival: 48 refs added, 0 removed (from 48 certificates)
---
Round: 78, Unk. prob.: 4.787e-01
Upper probs: 5.213e-01, Lower probs: 1.000e-05
No. of non-dominant refs: 3677, Survival refs: 3677, Failure refs: 0
Batch update: 48 refs added, 0 existing refs removed (0 new refs dominated)
Survival: 48 refs added, 0 removed (from 48 certificates)
---
Round: 79, Unk. prob.: 4.780e-01
Upper probs: 5.220e-01, Lower probs: 1.000e-05
No. of non-dominant refs: 3725, Survival refs: 3725, Failure refs: 0
Batch update: 48 refs added, 2 existing refs removed (0 new refs dominated)
Survival: 48 refs added, 2 removed (from 48 certificates)
---
Round: 80, Unk. prob.: 4.756e-01
Upper probs: 5.244e-01, Lower probs: 0.000e+00
No. of non-dominant refs: 3771, Survival refs: 3771, Failure refs: 0
Batch update: 48 refs added, 0 existing refs removed (0 new refs dominated)
Survival: 48 refs added, 0 removed (from 48 certificates)
---
Round: 81, Unk. prob.: 4.758e-01
Upper probs: 5.242e-01, Lower probs: 1.000e-05
No. of non-dominant refs: 3819, Survival refs: 3819, Failure refs: 0
Batch update: 48 refs added, 0 existing refs removed (0 new refs dominated)
Survival: 48 refs added, 0 removed (from 48 certificates)
---
Round: 82, Unk. prob.: 4.742e-01
Upper probs: 5.258e-01, Lower probs: 4.000e-05
No. of non-dominant refs: 3867, Survival refs: 3867, Failure refs: 0
Batch update: 48 refs added, 1 existing refs removed (0 new refs dominated)
Survival: 48 refs added, 1 removed (from 48 certificates)
---
Round: 83, Unk. prob.: 4.753e-01
Upper probs: 5.247e-01, Lower probs: 2.000e-05
No. of non-dominant refs: 3914, Survival refs: 3914, Failure refs: 0
Batch update: 48 refs added, 0 existing refs removed (0 new refs dominated)
Survival: 48 refs added, 0 removed (from 48 certificates)
---
Round: 84, Unk. prob.: 4.735e-01
Upper probs: 5.265e-01, Lower probs: 0.000e+00
No. of non-dominant refs: 3962, Survival refs: 3962, Failure refs: 0
Batch update: 48 refs added, 0 existing refs removed (0 new refs dominated)
Survival: 48 refs added, 0 removed (from 48 certificates)
---
Round: 85, Unk. prob.: 4.720e-01
Upper probs: 5.280e-01, Lower probs: 1.000e-05
No. of non-dominant refs: 4010, Survival refs: 4010, Failure refs: 0
Batch update: 48 refs added, 1 existing refs removed (0 new refs dominated)
Survival: 48 refs added, 1 removed (from 48 certificates)
---
Round: 86, Unk. prob.: 4.712e-01
Upper probs: 5.288e-01, Lower probs: 3.000e-05
No. of non-dominant refs: 4057, Survival refs: 4057, Failure refs: 0
Batch update: 48 refs added, 1 existing refs removed (0 new refs dominated)
Survival: 48 refs added, 1 removed (from 48 certificates)
---
Round: 87, Unk. prob.: 4.679e-01
Upper probs: 5.321e-01, Lower probs: 1.000e-05
No. of non-dominant refs: 4104, Survival refs: 4104, Failure refs: 0
Batch update: 48 refs added, 0 existing refs removed (0 new refs dominated)
Survival: 48 refs added, 0 removed (from 48 certificates)
---
Round: 88, Unk. prob.: 4.698e-01
Upper probs: 5.302e-01, Lower probs: 0.000e+00
No. of non-dominant refs: 4152, Survival refs: 4152, Failure refs: 0
Batch update: 48 refs added, 0 existing refs removed (0 new refs dominated)
Survival: 48 refs added, 0 removed (from 48 certificates)
---
Round: 89, Unk. prob.: 4.704e-01
Upper probs: 5.295e-01, Lower probs: 2.000e-05
No. of non-dominant refs: 4200, Survival refs: 4200, Failure refs: 0
Batch update: 48 refs added, 0 existing refs removed (0 new refs dominated)
Survival: 48 refs added, 0 removed (from 48 certificates)
---
Round: 90, Unk. prob.: 4.681e-01
Upper probs: 5.318e-01, Lower probs: 7.000e-05
No. of non-dominant refs: 4248, Survival refs: 4248, Failure refs: 0
Batch update: 48 refs added, 1 existing refs removed (0 new refs dominated)
Survival: 48 refs added, 1 removed (from 48 certificates)
---
Round: 91, Unk. prob.: 4.677e-01
Upper probs: 5.323e-01, Lower probs: 6.000e-05
No. of non-dominant refs: 4295, Survival refs: 4295, Failure refs: 0
Batch update: 48 refs added, 0 existing refs removed (0 new refs dominated)
Survival: 48 refs added, 0 removed (from 48 certificates)
---
Round: 92, Unk. prob.: 4.649e-01
Upper probs: 5.351e-01, Lower probs: 3.000e-05
No. of non-dominant refs: 4343, Survival refs: 4343, Failure refs: 0
Batch update: 48 refs added, 1 existing refs removed (0 new refs dominated)
Survival: 48 refs added, 1 removed (from 48 certificates)
---
Round: 93, Unk. prob.: 4.634e-01
Upper probs: 5.366e-01, Lower probs: 4.000e-05
No. of non-dominant refs: 4390, Survival refs: 4390, Failure refs: 0
Batch update: 48 refs added, 0 existing refs removed (0 new refs dominated)
Survival: 48 refs added, 0 removed (from 48 certificates)
---
Round: 94, Unk. prob.: 4.671e-01
Upper probs: 5.330e-01, Lower probs: 0.000e+00
No. of non-dominant refs: 4438, Survival refs: 4438, Failure refs: 0
Batch update: 48 refs added, 0 existing refs removed (0 new refs dominated)
Survival: 48 refs added, 0 removed (from 48 certificates)
---
Round: 95, Unk. prob.: 4.648e-01
Upper probs: 5.352e-01, Lower probs: 1.000e-05
No. of non-dominant refs: 4486, Survival refs: 4486, Failure refs: 0
Batch update: 48 refs added, 0 existing refs removed (0 new refs dominated)
Survival: 48 refs added, 0 removed (from 48 certificates)
---
Round: 96, Unk. prob.: 4.649e-01
Upper probs: 5.350e-01, Lower probs: 6.000e-05
No. of non-dominant refs: 4534, Survival refs: 4534, Failure refs: 0
Batch update: 47 refs added, 0 existing refs removed (0 new refs dominated)
Survival: 47 refs added, 0 removed (from 47 certificates)
Failure cuts: 1 added (total 29)
---
Round: 97, Unk. prob.: 4.613e-01
Upper probs: 5.387e-01, Lower probs: 1.000e-05
No. of non-dominant refs: 4581, Survival refs: 4581, Failure refs: 0
Batch update: 48 refs added, 0 existing refs removed (0 new refs dominated)
Survival: 48 refs added, 0 removed (from 48 certificates)
---
Round: 98, Unk. prob.: 4.628e-01
Upper probs: 5.372e-01, Lower probs: 4.000e-05
No. of non-dominant refs: 4629, Survival refs: 4629, Failure refs: 0
Batch update: 48 refs added, 0 existing refs removed (0 new refs dominated)
Survival: 48 refs added, 0 removed (from 48 certificates)
---
Round: 99, Unk. prob.: 4.644e-01
Upper probs: 5.356e-01, Lower probs: 0.000e+00
No. of non-dominant refs: 4677, Survival refs: 4677, Failure refs: 0
Batch update: 48 refs added, 0 existing refs removed (0 new refs dominated)
Survival: 48 refs added, 0 removed (from 48 certificates)
---
Round: 100, Unk. prob.: 4.611e-01
Upper probs: 5.389e-01, Lower probs: 1.000e-05
No. of non-dominant refs: 4725, Survival refs: 4725, Failure refs: 0
Batch update: 48 refs added, 1 existing refs removed (0 new refs dominated)
Survival: 48 refs added, 1 removed (from 48 certificates)
---
Round: 101, Unk. prob.: 4.602e-01
Upper probs: 5.397e-01, Lower probs: 5.000e-05
No. of non-dominant refs: 4772, Survival refs: 4772, Failure refs: 0
Batch update: 48 refs added, 0 existing refs removed (0 new refs dominated)
Survival: 48 refs added, 0 removed (from 48 certificates)
---
Round: 102, Unk. prob.: 4.596e-01
Upper probs: 5.404e-01, Lower probs: 0.000e+00
No. of non-dominant refs: 4820, Survival refs: 4820, Failure refs: 0
Batch update: 48 refs added, 0 existing refs removed (0 new refs dominated)
Survival: 48 refs added, 0 removed (from 48 certificates)
---
Round: 103, Unk. prob.: 4.604e-01
Upper probs: 5.396e-01, Lower probs: 3.000e-05
No. of non-dominant refs: 4868, Survival refs: 4868, Failure refs: 0
Batch update: 48 refs added, 0 existing refs removed (0 new refs dominated)
Survival: 48 refs added, 0 removed (from 48 certificates)
---
Round: 104, Unk. prob.: 4.597e-01
Upper probs: 5.403e-01, Lower probs: 4.000e-05
No. of non-dominant refs: 4916, Survival refs: 4916, Failure refs: 0
Batch update: 48 refs added, 0 existing refs removed (0 new refs dominated)
Survival: 48 refs added, 0 removed (from 48 certificates)
---
Round: 105, Unk. prob.: 4.588e-01
Upper probs: 5.411e-01, Lower probs: 2.000e-05
No. of non-dominant refs: 4964, Survival refs: 4964, Failure refs: 0
Batch update: 48 refs added, 0 existing refs removed (0 new refs dominated)
Survival: 48 refs added, 0 removed (from 48 certificates)
---
Round: 106, Unk. prob.: 4.555e-01
Upper probs: 5.445e-01, Lower probs: 4.000e-05
No. of non-dominant refs: 5012, Survival refs: 5012, Failure refs: 0
Batch update: 48 refs added, 1 existing refs removed (0 new refs dominated)
Survival: 48 refs added, 1 removed (from 48 certificates)
---
Round: 107, Unk. prob.: 4.557e-01
Upper probs: 5.443e-01, Lower probs: 2.000e-05
No. of non-dominant refs: 5059, Survival refs: 5059, Failure refs: 0
Batch update: 48 refs added, 0 existing refs removed (0 new refs dominated)
Survival: 48 refs added, 0 removed (from 48 certificates)
---
Round: 108, Unk. prob.: 4.543e-01
Upper probs: 5.457e-01, Lower probs: 4.000e-05
No. of non-dominant refs: 5107, Survival refs: 5107, Failure refs: 0
Batch update: 48 refs added, 1 existing refs removed (0 new refs dominated)
Survival: 48 refs added, 1 removed (from 48 certificates)
---
Round: 109, Unk. prob.: 4.565e-01
Upper probs: 5.435e-01, Lower probs: 2.000e-05
No. of non-dominant refs: 5154, Survival refs: 5154, Failure refs: 0
Batch update: 48 refs added, 0 existing refs removed (0 new refs dominated)
Survival: 48 refs added, 0 removed (from 48 certificates)
---
Round: 110, Unk. prob.: 4.549e-01
Upper probs: 5.451e-01, Lower probs: 2.000e-05
No. of non-dominant refs: 5202, Survival refs: 5202, Failure refs: 0
Batch update: 48 refs added, 0 existing refs removed (0 new refs dominated)
Survival: 48 refs added, 0 removed (from 48 certificates)
---
Round: 111, Unk. prob.: 4.503e-01
Upper probs: 5.497e-01, Lower probs: 2.000e-05
No. of non-dominant refs: 5250, Survival refs: 5250, Failure refs: 0
Batch update: 48 refs added, 0 existing refs removed (0 new refs dominated)
Survival: 48 refs added, 0 removed (from 48 certificates)
---
Round: 112, Unk. prob.: 4.521e-01
Upper probs: 5.478e-01, Lower probs: 2.000e-05
No. of non-dominant refs: 5298, Survival refs: 5298, Failure refs: 0
Batch update: 48 refs added, 0 existing refs removed (0 new refs dominated)
Survival: 48 refs added, 0 removed (from 48 certificates)
---
Round: 113, Unk. prob.: 4.512e-01
Upper probs: 5.488e-01, Lower probs: 2.000e-05
No. of non-dominant refs: 5346, Survival refs: 5346, Failure refs: 0
Batch update: 48 refs added, 0 existing refs removed (0 new refs dominated)
Survival: 48 refs added, 0 removed (from 48 certificates)
---
Round: 114, Unk. prob.: 4.482e-01
Upper probs: 5.517e-01, Lower probs: 5.000e-05
No. of non-dominant refs: 5394, Survival refs: 5394, Failure refs: 0
Batch update: 48 refs added, 2 existing refs removed (0 new refs dominated)
Survival: 48 refs added, 2 removed (from 48 certificates)
---
Round: 115, Unk. prob.: 4.513e-01
Upper probs: 5.487e-01, Lower probs: 3.000e-05
No. of non-dominant refs: 5440, Survival refs: 5440, Failure refs: 0
Batch update: 48 refs added, 0 existing refs removed (0 new refs dominated)
Survival: 48 refs added, 0 removed (from 48 certificates)
---
Round: 116, Unk. prob.: 4.474e-01
Upper probs: 5.526e-01, Lower probs: 2.000e-05
No. of non-dominant refs: 5488, Survival refs: 5488, Failure refs: 0
Batch update: 48 refs added, 1 existing refs removed (0 new refs dominated)
Survival: 48 refs added, 1 removed (from 48 certificates)
---
Round: 117, Unk. prob.: 4.479e-01
Upper probs: 5.521e-01, Lower probs: 3.000e-05
No. of non-dominant refs: 5535, Survival refs: 5535, Failure refs: 0
Batch update: 48 refs added, 1 existing refs removed (0 new refs dominated)
Survival: 48 refs added, 1 removed (from 48 certificates)
---
Round: 118, Unk. prob.: 4.459e-01
Upper probs: 5.541e-01, Lower probs: 3.000e-05
No. of non-dominant refs: 5582, Survival refs: 5582, Failure refs: 0
Batch update: 48 refs added, 0 existing refs removed (0 new refs dominated)
Survival: 48 refs added, 0 removed (from 48 certificates)
---
Round: 119, Unk. prob.: 4.485e-01
Upper probs: 5.515e-01, Lower probs: 0.000e+00
No. of non-dominant refs: 5630, Survival refs: 5630, Failure refs: 0
Batch update: 48 refs added, 0 existing refs removed (0 new refs dominated)
Survival: 48 refs added, 0 removed (from 48 certificates)
---
Round: 120, Unk. prob.: 4.490e-01
Upper probs: 5.510e-01, Lower probs: 3.000e-05
No. of non-dominant refs: 5678, Survival refs: 5678, Failure refs: 0
Batch update: 48 refs added, 0 existing refs removed (0 new refs dominated)
Survival: 48 refs added, 0 removed (from 48 certificates)
---
Round: 121, Unk. prob.: 4.459e-01
Upper probs: 5.541e-01, Lower probs: 5.000e-05
No. of non-dominant refs: 5726, Survival refs: 5726, Failure refs: 0
Batch update: 48 refs added, 0 existing refs removed (0 new refs dominated)
Survival: 48 refs added, 0 removed (from 48 certificates)
---
Round: 122, Unk. prob.: 4.482e-01
Upper probs: 5.518e-01, Lower probs: 0.000e+00
No. of non-dominant refs: 5774, Survival refs: 5774, Failure refs: 0
Batch update: 48 refs added, 0 existing refs removed (0 new refs dominated)
Survival: 48 refs added, 0 removed (from 48 certificates)
---
Round: 123, Unk. prob.: 4.464e-01
Upper probs: 5.536e-01, Lower probs: 1.000e-05
No. of non-dominant refs: 5822, Survival refs: 5822, Failure refs: 0
Batch update: 48 refs added, 0 existing refs removed (0 new refs dominated)
Survival: 48 refs added, 0 removed (from 48 certificates)
---
Round: 124, Unk. prob.: 4.433e-01
Upper probs: 5.567e-01, Lower probs: 5.000e-05
No. of non-dominant refs: 5870, Survival refs: 5870, Failure refs: 0
Batch update: 48 refs added, 0 existing refs removed (0 new refs dominated)
Survival: 48 refs added, 0 removed (from 48 certificates)
---
Round: 125, Unk. prob.: 4.457e-01
Upper probs: 5.543e-01, Lower probs: 5.000e-05
No. of non-dominant refs: 5918, Survival refs: 5918, Failure refs: 0
Batch update: 48 refs added, 0 existing refs removed (0 new refs dominated)
Survival: 48 refs added, 0 removed (from 48 certificates)
---
Round: 126, Unk. prob.: 4.431e-01
Upper probs: 5.569e-01, Lower probs: 3.000e-05
No. of non-dominant refs: 5966, Survival refs: 5966, Failure refs: 0
Batch update: 48 refs added, 0 existing refs removed (0 new refs dominated)
Survival: 48 refs added, 0 removed (from 48 certificates)
---
Round: 127, Unk. prob.: 4.451e-01
Upper probs: 5.549e-01, Lower probs: 4.000e-05
No. of non-dominant refs: 6014, Survival refs: 6014, Failure refs: 0
Batch update: 48 refs added, 0 existing refs removed (0 new refs dominated)
Survival: 48 refs added, 0 removed (from 48 certificates)
---
Round: 128, Unk. prob.: 4.395e-01
Upper probs: 5.605e-01, Lower probs: 5.000e-05
No. of non-dominant refs: 6062, Survival refs: 6062, Failure refs: 0
Batch update: 48 refs added, 0 existing refs removed (0 new refs dominated)
Survival: 48 refs added, 0 removed (from 48 certificates)
---
Round: 129, Unk. prob.: 4.412e-01
Upper probs: 5.588e-01, Lower probs: 1.000e-05
No. of non-dominant refs: 6110, Survival refs: 6110, Failure refs: 0
Batch update: 48 refs added, 0 existing refs removed (0 new refs dominated)
Survival: 48 refs added, 0 removed (from 48 certificates)
---
Round: 130, Unk. prob.: 4.375e-01
Upper probs: 5.624e-01, Lower probs: 3.000e-05
No. of non-dominant refs: 6158, Survival refs: 6158, Failure refs: 0
Batch update: 48 refs added, 0 existing refs removed (0 new refs dominated)
Survival: 48 refs added, 0 removed (from 48 certificates)
---
Round: 131, Unk. prob.: 4.413e-01
Upper probs: 5.587e-01, Lower probs: 1.000e-05
No. of non-dominant refs: 6206, Survival refs: 6206, Failure refs: 0
Batch update: 48 refs added, 0 existing refs removed (0 new refs dominated)
Survival: 48 refs added, 0 removed (from 48 certificates)
---
Round: 132, Unk. prob.: 4.407e-01
Upper probs: 5.593e-01, Lower probs: 1.000e-05
No. of non-dominant refs: 6254, Survival refs: 6254, Failure refs: 0
Batch update: 48 refs added, 0 existing refs removed (0 new refs dominated)
Survival: 48 refs added, 0 removed (from 48 certificates)
---
Round: 133, Unk. prob.: 4.402e-01
Upper probs: 5.597e-01, Lower probs: 0.000e+00
No. of non-dominant refs: 6302, Survival refs: 6302, Failure refs: 0
Batch update: 48 refs added, 0 existing refs removed (0 new refs dominated)
Survival: 48 refs added, 0 removed (from 48 certificates)
---
Round: 134, Unk. prob.: 4.394e-01
Upper probs: 5.606e-01, Lower probs: 2.000e-05
No. of non-dominant refs: 6350, Survival refs: 6350, Failure refs: 0
Batch update: 48 refs added, 0 existing refs removed (0 new refs dominated)
Survival: 48 refs added, 0 removed (from 48 certificates)
---
Round: 135, Unk. prob.: 4.379e-01
Upper probs: 5.621e-01, Lower probs: 3.000e-05
No. of non-dominant refs: 6398, Survival refs: 6398, Failure refs: 0
Batch update: 48 refs added, 0 existing refs removed (0 new refs dominated)
Survival: 48 refs added, 0 removed (from 48 certificates)
---
Round: 136, Unk. prob.: 4.352e-01
Upper probs: 5.648e-01, Lower probs: 1.000e-05
No. of non-dominant refs: 6446, Survival refs: 6446, Failure refs: 0
Batch update: 48 refs added, 0 existing refs removed (0 new refs dominated)
Survival: 48 refs added, 0 removed (from 48 certificates)
---
Round: 137, Unk. prob.: 4.353e-01
Upper probs: 5.647e-01, Lower probs: 5.000e-05
No. of non-dominant refs: 6494, Survival refs: 6494, Failure refs: 0
Batch update: 48 refs added, 0 existing refs removed (0 new refs dominated)
Survival: 48 refs added, 0 removed (from 48 certificates)
---
Round: 138, Unk. prob.: 4.380e-01
Upper probs: 5.620e-01, Lower probs: 2.000e-05
No. of non-dominant refs: 6542, Survival refs: 6542, Failure refs: 0
Batch update: 48 refs added, 0 existing refs removed (0 new refs dominated)
Survival: 48 refs added, 0 removed (from 48 certificates)
---
Round: 139, Unk. prob.: 4.358e-01
Upper probs: 5.642e-01, Lower probs: 2.000e-05
No. of non-dominant refs: 6590, Survival refs: 6590, Failure refs: 0
Batch update: 48 refs added, 0 existing refs removed (0 new refs dominated)
Survival: 48 refs added, 0 removed (from 48 certificates)
---
Round: 140, Unk. prob.: 4.354e-01
Upper probs: 5.646e-01, Lower probs: 1.000e-05
No. of non-dominant refs: 6638, Survival refs: 6638, Failure refs: 0
Batch update: 47 refs added, 2 existing refs removed (0 new refs dominated)
Survival: 47 refs added, 2 removed (from 47 certificates)
Failure cuts: 1 added (total 30)
---
Round: 141, Unk. prob.: 4.336e-01
Upper probs: 5.664e-01, Lower probs: 1.000e-05
No. of non-dominant refs: 6683, Survival refs: 6683, Failure refs: 0
Batch update: 48 refs added, 0 existing refs removed (0 new refs dominated)
Survival: 48 refs added, 0 removed (from 48 certificates)
---
Round: 142, Unk. prob.: 4.331e-01
Upper probs: 5.669e-01, Lower probs: 1.000e-05
No. of non-dominant refs: 6731, Survival refs: 6731, Failure refs: 0
Batch update: 48 refs added, 0 existing refs removed (0 new refs dominated)
Survival: 48 refs added, 0 removed (from 48 certificates)
---
Round: 143, Unk. prob.: 4.354e-01
Upper probs: 5.646e-01, Lower probs: 3.000e-05
No. of non-dominant refs: 6779, Survival refs: 6779, Failure refs: 0
Batch update: 48 refs added, 0 existing refs removed (0 new refs dominated)
Survival: 48 refs added, 0 removed (from 48 certificates)
---
Round: 144, Unk. prob.: 4.352e-01
Upper probs: 5.648e-01, Lower probs: 2.000e-05
No. of non-dominant refs: 6827, Survival refs: 6827, Failure refs: 0
Batch update: 48 refs added, 0 existing refs removed (0 new refs dominated)
Survival: 48 refs added, 0 removed (from 48 certificates)
---
Round: 145, Unk. prob.: 4.328e-01
Upper probs: 5.672e-01, Lower probs: 2.000e-05
No. of non-dominant refs: 6875, Survival refs: 6875, Failure refs: 0
Batch update: 48 refs added, 0 existing refs removed (0 new refs dominated)
Survival: 48 refs added, 0 removed (from 48 certificates)
---
Round: 146, Unk. prob.: 4.316e-01
Upper probs: 5.683e-01, Lower probs: 1.000e-05
No. of non-dominant refs: 6923, Survival refs: 6923, Failure refs: 0
Batch update: 48 refs added, 0 existing refs removed (0 new refs dominated)
Survival: 48 refs added, 0 removed (from 48 certificates)
---
Round: 147, Unk. prob.: 4.297e-01
Upper probs: 5.703e-01, Lower probs: 1.000e-05
No. of non-dominant refs: 6971, Survival refs: 6971, Failure refs: 0
Batch update: 48 refs added, 1 existing refs removed (0 new refs dominated)
Survival: 48 refs added, 1 removed (from 48 certificates)
---
Round: 148, Unk. prob.: 4.287e-01
Upper probs: 5.713e-01, Lower probs: 1.000e-05
No. of non-dominant refs: 7018, Survival refs: 7018, Failure refs: 0
Batch update: 48 refs added, 0 existing refs removed (0 new refs dominated)
Survival: 48 refs added, 0 removed (from 48 certificates)
---
Round: 149, Unk. prob.: 4.283e-01
Upper probs: 5.717e-01, Lower probs: 2.000e-05
No. of non-dominant refs: 7066, Survival refs: 7066, Failure refs: 0
Batch update: 48 refs added, 1 existing refs removed (0 new refs dominated)
Survival: 48 refs added, 1 removed (from 48 certificates)
---
Round: 150, Unk. prob.: 4.318e-01
Upper probs: 5.682e-01, Lower probs: 3.000e-05
No. of non-dominant refs: 7113, Survival refs: 7113, Failure refs: 0
Batch update: 48 refs added, 0 existing refs removed (0 new refs dominated)
Survival: 48 refs added, 0 removed (from 48 certificates)
---
Round: 151, Unk. prob.: 4.298e-01
Upper probs: 5.702e-01, Lower probs: 0.000e+00
No. of non-dominant refs: 7161, Survival refs: 7161, Failure refs: 0
Batch update: 48 refs added, 0 existing refs removed (0 new refs dominated)
Survival: 48 refs added, 0 removed (from 48 certificates)
---
Round: 152, Unk. prob.: 4.304e-01
Upper probs: 5.696e-01, Lower probs: 2.000e-05
No. of non-dominant refs: 7209, Survival refs: 7209, Failure refs: 0
Batch update: 48 refs added, 0 existing refs removed (0 new refs dominated)
Survival: 48 refs added, 0 removed (from 48 certificates)
---
Round: 153, Unk. prob.: 4.309e-01
Upper probs: 5.691e-01, Lower probs: 1.000e-05
No. of non-dominant refs: 7257, Survival refs: 7257, Failure refs: 0
Batch update: 48 refs added, 1 existing refs removed (0 new refs dominated)
Survival: 48 refs added, 1 removed (from 48 certificates)
---
Round: 154, Unk. prob.: 4.265e-01
Upper probs: 5.735e-01, Lower probs: 0.000e+00
No. of non-dominant refs: 7304, Survival refs: 7304, Failure refs: 0
Batch update: 48 refs added, 0 existing refs removed (0 new refs dominated)
Survival: 48 refs added, 0 removed (from 48 certificates)
---
Round: 155, Unk. prob.: 4.257e-01
Upper probs: 5.743e-01, Lower probs: 2.000e-05
No. of non-dominant refs: 7352, Survival refs: 7352, Failure refs: 0
Batch update: 48 refs added, 0 existing refs removed (0 new refs dominated)
Survival: 48 refs added, 0 removed (from 48 certificates)
---
Round: 156, Unk. prob.: 4.282e-01
Upper probs: 5.718e-01, Lower probs: 2.000e-05
No. of non-dominant refs: 7400, Survival refs: 7400, Failure refs: 0
Batch update: 48 refs added, 1 existing refs removed (0 new refs dominated)
Survival: 48 refs added, 1 removed (from 48 certificates)
---
Round: 157, Unk. prob.: 4.282e-01
Upper probs: 5.718e-01, Lower probs: 2.000e-05
No. of non-dominant refs: 7447, Survival refs: 7447, Failure refs: 0
Batch update: 48 refs added, 0 existing refs removed (0 new refs dominated)
Survival: 48 refs added, 0 removed (from 48 certificates)
---
Round: 158, Unk. prob.: 4.259e-01
Upper probs: 5.740e-01, Lower probs: 7.000e-05
No. of non-dominant refs: 7495, Survival refs: 7495, Failure refs: 0
Batch update: 48 refs added, 1 existing refs removed (0 new refs dominated)
Survival: 48 refs added, 1 removed (from 48 certificates)
---
Round: 159, Unk. prob.: 4.275e-01
Upper probs: 5.725e-01, Lower probs: 0.000e+00
No. of non-dominant refs: 7542, Survival refs: 7542, Failure refs: 0
Batch update: 48 refs added, 0 existing refs removed (0 new refs dominated)
Survival: 48 refs added, 0 removed (from 48 certificates)
---
Round: 160, Unk. prob.: 4.233e-01
Upper probs: 5.767e-01, Lower probs: 1.000e-05
No. of non-dominant refs: 7590, Survival refs: 7590, Failure refs: 0
Batch update: 48 refs added, 1 existing refs removed (0 new refs dominated)
Survival: 48 refs added, 1 removed (from 48 certificates)
---
Round: 161, Unk. prob.: 4.232e-01
Upper probs: 5.767e-01, Lower probs: 3.000e-05
No. of non-dominant refs: 7637, Survival refs: 7637, Failure refs: 0
Batch update: 48 refs added, 0 existing refs removed (0 new refs dominated)
Survival: 48 refs added, 0 removed (from 48 certificates)
---
Round: 162, Unk. prob.: 4.242e-01
Upper probs: 5.758e-01, Lower probs: 2.000e-05
No. of non-dominant refs: 7685, Survival refs: 7685, Failure refs: 0
Batch update: 48 refs added, 1 existing refs removed (0 new refs dominated)
Survival: 48 refs added, 1 removed (from 48 certificates)
---
Round: 163, Unk. prob.: 4.232e-01
Upper probs: 5.767e-01, Lower probs: 4.000e-05
No. of non-dominant refs: 7732, Survival refs: 7732, Failure refs: 0
Batch update: 48 refs added, 0 existing refs removed (0 new refs dominated)
Survival: 48 refs added, 0 removed (from 48 certificates)
---
Round: 164, Unk. prob.: 4.230e-01
Upper probs: 5.770e-01, Lower probs: 0.000e+00
No. of non-dominant refs: 7780, Survival refs: 7780, Failure refs: 0
Batch update: 48 refs added, 0 existing refs removed (0 new refs dominated)
Survival: 48 refs added, 0 removed (from 48 certificates)
---
Round: 165, Unk. prob.: 4.207e-01
Upper probs: 5.793e-01, Lower probs: 0.000e+00
No. of non-dominant refs: 7828, Survival refs: 7828, Failure refs: 0
Batch update: 48 refs added, 0 existing refs removed (0 new refs dominated)
Survival: 48 refs added, 0 removed (from 48 certificates)
---
Round: 166, Unk. prob.: 4.247e-01
Upper probs: 5.753e-01, Lower probs: 2.000e-05
No. of non-dominant refs: 7876, Survival refs: 7876, Failure refs: 0
Batch update: 48 refs added, 0 existing refs removed (0 new refs dominated)
Survival: 48 refs added, 0 removed (from 48 certificates)
---
Round: 167, Unk. prob.: 4.201e-01
Upper probs: 5.798e-01, Lower probs: 4.000e-05
No. of non-dominant refs: 7924, Survival refs: 7924, Failure refs: 0
Batch update: 48 refs added, 1 existing refs removed (0 new refs dominated)
Survival: 48 refs added, 1 removed (from 48 certificates)
---
Round: 168, Unk. prob.: 4.244e-01
Upper probs: 5.756e-01, Lower probs: 2.000e-05
No. of non-dominant refs: 7971, Survival refs: 7971, Failure refs: 0
Batch update: 48 refs added, 0 existing refs removed (0 new refs dominated)
Survival: 48 refs added, 0 removed (from 48 certificates)
---
Round: 169, Unk. prob.: 4.189e-01
Upper probs: 5.810e-01, Lower probs: 5.000e-05
No. of non-dominant refs: 8019, Survival refs: 8019, Failure refs: 0
Batch update: 48 refs added, 0 existing refs removed (0 new refs dominated)
Survival: 48 refs added, 0 removed (from 48 certificates)
---
Round: 170, Unk. prob.: 4.214e-01
Upper probs: 5.786e-01, Lower probs: 3.000e-05
No. of non-dominant refs: 8067, Survival refs: 8067, Failure refs: 0
Batch update: 48 refs added, 1 existing refs removed (0 new refs dominated)
Survival: 48 refs added, 1 removed (from 48 certificates)
---
Round: 171, Unk. prob.: 4.179e-01
Upper probs: 5.820e-01, Lower probs: 2.000e-05
No. of non-dominant refs: 8114, Survival refs: 8114, Failure refs: 0
Batch update: 48 refs added, 0 existing refs removed (0 new refs dominated)
Survival: 48 refs added, 0 removed (from 48 certificates)
---
Round: 172, Unk. prob.: 4.227e-01
Upper probs: 5.772e-01, Lower probs: 3.000e-05
No. of non-dominant refs: 8162, Survival refs: 8162, Failure refs: 0
Batch update: 48 refs added, 0 existing refs removed (0 new refs dominated)
Survival: 48 refs added, 0 removed (from 48 certificates)
---
Round: 173, Unk. prob.: 4.194e-01
Upper probs: 5.806e-01, Lower probs: 5.000e-05
No. of non-dominant refs: 8210, Survival refs: 8210, Failure refs: 0
Batch update: 48 refs added, 1 existing refs removed (0 new refs dominated)
Survival: 48 refs added, 1 removed (from 48 certificates)
---
Round: 174, Unk. prob.: 4.177e-01
Upper probs: 5.823e-01, Lower probs: 2.000e-05
No. of non-dominant refs: 8257, Survival refs: 8257, Failure refs: 0
Batch update: 48 refs added, 0 existing refs removed (0 new refs dominated)
Survival: 48 refs added, 0 removed (from 48 certificates)
---
Round: 175, Unk. prob.: 4.198e-01
Upper probs: 5.802e-01, Lower probs: 1.000e-05
No. of non-dominant refs: 8305, Survival refs: 8305, Failure refs: 0
Batch update: 48 refs added, 1 existing refs removed (0 new refs dominated)
Survival: 48 refs added, 1 removed (from 48 certificates)
---
Round: 176, Unk. prob.: 4.200e-01
Upper probs: 5.799e-01, Lower probs: 3.000e-05
No. of non-dominant refs: 8352, Survival refs: 8352, Failure refs: 0
Batch update: 48 refs added, 0 existing refs removed (0 new refs dominated)
Survival: 48 refs added, 0 removed (from 48 certificates)
---
Round: 177, Unk. prob.: 4.147e-01
Upper probs: 5.853e-01, Lower probs: 3.000e-05
No. of non-dominant refs: 8400, Survival refs: 8400, Failure refs: 0
Batch update: 48 refs added, 1 existing refs removed (0 new refs dominated)
Survival: 48 refs added, 1 removed (from 48 certificates)
---
Round: 178, Unk. prob.: 4.165e-01
Upper probs: 5.835e-01, Lower probs: 2.000e-05
No. of non-dominant refs: 8447, Survival refs: 8447, Failure refs: 0
Batch update: 48 refs added, 2 existing refs removed (0 new refs dominated)
Survival: 48 refs added, 2 removed (from 48 certificates)
---
Round: 179, Unk. prob.: 4.146e-01
Upper probs: 5.854e-01, Lower probs: 3.000e-05
No. of non-dominant refs: 8493, Survival refs: 8493, Failure refs: 0
Batch update: 48 refs added, 1 existing refs removed (0 new refs dominated)
Survival: 48 refs added, 1 removed (from 48 certificates)
---
Round: 180, Unk. prob.: 4.185e-01
Upper probs: 5.815e-01, Lower probs: 1.000e-05
No. of non-dominant refs: 8540, Survival refs: 8540, Failure refs: 0
Batch update: 48 refs added, 0 existing refs removed (0 new refs dominated)
Survival: 48 refs added, 0 removed (from 48 certificates)
---
Round: 181, Unk. prob.: 4.155e-01
Upper probs: 5.845e-01, Lower probs: 2.000e-05
No. of non-dominant refs: 8588, Survival refs: 8588, Failure refs: 0
Batch update: 48 refs added, 0 existing refs removed (0 new refs dominated)
Survival: 48 refs added, 0 removed (from 48 certificates)
---
Round: 182, Unk. prob.: 4.160e-01
Upper probs: 5.839e-01, Lower probs: 4.000e-05
No. of non-dominant refs: 8636, Survival refs: 8636, Failure refs: 0
Batch update: 48 refs added, 0 existing refs removed (0 new refs dominated)
Survival: 48 refs added, 0 removed (from 48 certificates)
---
Round: 183, Unk. prob.: 4.175e-01
Upper probs: 5.825e-01, Lower probs: 2.000e-05
No. of non-dominant refs: 8684, Survival refs: 8684, Failure refs: 0
Batch update: 48 refs added, 2 existing refs removed (0 new refs dominated)
Survival: 48 refs added, 2 removed (from 48 certificates)
---
Round: 184, Unk. prob.: 4.164e-01
Upper probs: 5.836e-01, Lower probs: 4.000e-05
No. of non-dominant refs: 8730, Survival refs: 8730, Failure refs: 0
Batch update: 48 refs added, 0 existing refs removed (0 new refs dominated)
Survival: 48 refs added, 0 removed (from 48 certificates)
---
Round: 185, Unk. prob.: 4.151e-01
Upper probs: 5.849e-01, Lower probs: 1.000e-05
No. of non-dominant refs: 8778, Survival refs: 8778, Failure refs: 0
Batch update: 48 refs added, 0 existing refs removed (0 new refs dominated)
Survival: 48 refs added, 0 removed (from 48 certificates)
---
Round: 186, Unk. prob.: 4.155e-01
Upper probs: 5.845e-01, Lower probs: 2.000e-05
No. of non-dominant refs: 8826, Survival refs: 8826, Failure refs: 0
Batch update: 48 refs added, 0 existing refs removed (0 new refs dominated)
Survival: 48 refs added, 0 removed (from 48 certificates)
---
Round: 187, Unk. prob.: 4.158e-01
Upper probs: 5.842e-01, Lower probs: 2.000e-05
No. of non-dominant refs: 8874, Survival refs: 8874, Failure refs: 0
Batch update: 48 refs added, 0 existing refs removed (0 new refs dominated)
Survival: 48 refs added, 0 removed (from 48 certificates)
---
Round: 188, Unk. prob.: 4.143e-01
Upper probs: 5.857e-01, Lower probs: 3.000e-05
No. of non-dominant refs: 8922, Survival refs: 8922, Failure refs: 0
Batch update: 48 refs added, 0 existing refs removed (0 new refs dominated)
Survival: 48 refs added, 0 removed (from 48 certificates)
---
Round: 189, Unk. prob.: 4.149e-01
Upper probs: 5.851e-01, Lower probs: 4.000e-05
No. of non-dominant refs: 8970, Survival refs: 8970, Failure refs: 0
Batch update: 48 refs added, 0 existing refs removed (0 new refs dominated)
Survival: 48 refs added, 0 removed (from 48 certificates)
---
Round: 190, Unk. prob.: 4.118e-01
Upper probs: 5.882e-01, Lower probs: 5.000e-05
No. of non-dominant refs: 9018, Survival refs: 9018, Failure refs: 0
Batch update: 48 refs added, 0 existing refs removed (0 new refs dominated)
Survival: 48 refs added, 0 removed (from 48 certificates)
---
Round: 191, Unk. prob.: 4.121e-01
Upper probs: 5.879e-01, Lower probs: 4.000e-05
No. of non-dominant refs: 9066, Survival refs: 9066, Failure refs: 0
Batch update: 48 refs added, 1 existing refs removed (0 new refs dominated)
Survival: 48 refs added, 1 removed (from 48 certificates)
---
Round: 192, Unk. prob.: 4.130e-01
Upper probs: 5.870e-01, Lower probs: 2.000e-05
No. of non-dominant refs: 9113, Survival refs: 9113, Failure refs: 0
Batch update: 48 refs added, 0 existing refs removed (0 new refs dominated)
Survival: 48 refs added, 0 removed (from 48 certificates)
---
Round: 193, Unk. prob.: 4.125e-01
Upper probs: 5.875e-01, Lower probs: 1.000e-05
No. of non-dominant refs: 9161, Survival refs: 9161, Failure refs: 0
Batch update: 48 refs added, 0 existing refs removed (0 new refs dominated)
Survival: 48 refs added, 0 removed (from 48 certificates)
---
Round: 194, Unk. prob.: 4.128e-01
Upper probs: 5.872e-01, Lower probs: 0.000e+00
No. of non-dominant refs: 9209, Survival refs: 9209, Failure refs: 0
Batch update: 48 refs added, 0 existing refs removed (0 new refs dominated)
Survival: 48 refs added, 0 removed (from 48 certificates)
---
Round: 195, Unk. prob.: 4.122e-01
Upper probs: 5.878e-01, Lower probs: 5.000e-05
No. of non-dominant refs: 9257, Survival refs: 9257, Failure refs: 0
Batch update: 48 refs added, 0 existing refs removed (0 new refs dominated)
Survival: 48 refs added, 0 removed (from 48 certificates)
---
Round: 196, Unk. prob.: 4.088e-01
Upper probs: 5.912e-01, Lower probs: 3.000e-05
No. of non-dominant refs: 9305, Survival refs: 9305, Failure refs: 0
Batch update: 48 refs added, 0 existing refs removed (0 new refs dominated)
Survival: 48 refs added, 0 removed (from 48 certificates)
---
Round: 197, Unk. prob.: 4.107e-01
Upper probs: 5.893e-01, Lower probs: 0.000e+00
No. of non-dominant refs: 9353, Survival refs: 9353, Failure refs: 0
Batch update: 48 refs added, 0 existing refs removed (0 new refs dominated)
Survival: 48 refs added, 0 removed (from 48 certificates)
---
Round: 198, Unk. prob.: 4.104e-01
Upper probs: 5.896e-01, Lower probs: 1.000e-05
No. of non-dominant refs: 9401, Survival refs: 9401, Failure refs: 0
Batch update: 48 refs added, 0 existing refs removed (0 new refs dominated)
Survival: 48 refs added, 0 removed (from 48 certificates)
---
Round: 199, Unk. prob.: 4.105e-01
Upper probs: 5.895e-01, Lower probs: 0.000e+00
No. of non-dominant refs: 9449, Survival refs: 9449, Failure refs: 0
Batch update: 48 refs added, 0 existing refs removed (0 new refs dominated)
Survival: 48 refs added, 0 removed (from 48 certificates)
---
Round: 200, Unk. prob.: 4.085e-01
Upper probs: 5.915e-01, Lower probs: 4.000e-05
No. of non-dominant refs: 9497, Survival refs: 9497, Failure refs: 0
Batch update: 48 refs added, 0 existing refs removed (0 new refs dominated)
Survival: 48 refs added, 0 removed (from 48 certificates)
---
Round: 201, Unk. prob.: 4.100e-01
Upper probs: 5.900e-01, Lower probs: 2.000e-05
No. of non-dominant refs: 9545, Survival refs: 9545, Failure refs: 0
Batch update: 48 refs added, 1 existing refs removed (0 new refs dominated)
Survival: 48 refs added, 1 removed (from 48 certificates)
---
Round: 202, Unk. prob.: 4.116e-01
Upper probs: 5.884e-01, Lower probs: 1.000e-05
No. of non-dominant refs: 9592, Survival refs: 9592, Failure refs: 0
Batch update: 48 refs added, 1 existing refs removed (0 new refs dominated)
Survival: 48 refs added, 1 removed (from 48 certificates)
---
Round: 203, Unk. prob.: 4.087e-01
Upper probs: 5.912e-01, Lower probs: 5.000e-05
No. of non-dominant refs: 9639, Survival refs: 9639, Failure refs: 0
Batch update: 48 refs added, 0 existing refs removed (0 new refs dominated)
Survival: 48 refs added, 0 removed (from 48 certificates)
---
Round: 204, Unk. prob.: 4.084e-01
Upper probs: 5.916e-01, Lower probs: 1.000e-05
No. of non-dominant refs: 9687, Survival refs: 9687, Failure refs: 0
Batch update: 48 refs added, 0 existing refs removed (0 new refs dominated)
Survival: 48 refs added, 0 removed (from 48 certificates)
---
Round: 205, Unk. prob.: 4.109e-01
Upper probs: 5.890e-01, Lower probs: 5.000e-05
No. of non-dominant refs: 9735, Survival refs: 9735, Failure refs: 0
Batch update: 48 refs added, 1 existing refs removed (0 new refs dominated)
Survival: 48 refs added, 1 removed (from 48 certificates)
---
Round: 206, Unk. prob.: 4.081e-01
Upper probs: 5.918e-01, Lower probs: 4.000e-05
No. of non-dominant refs: 9782, Survival refs: 9782, Failure refs: 0
Batch update: 48 refs added, 0 existing refs removed (0 new refs dominated)
Survival: 48 refs added, 0 removed (from 48 certificates)
---
Round: 207, Unk. prob.: 4.084e-01
Upper probs: 5.916e-01, Lower probs: 2.000e-05
No. of non-dominant refs: 9830, Survival refs: 9830, Failure refs: 0
Batch update: 48 refs added, 0 existing refs removed (0 new refs dominated)
Survival: 48 refs added, 0 removed (from 48 certificates)
---
Round: 208, Unk. prob.: 4.067e-01
Upper probs: 5.932e-01, Lower probs: 5.000e-05
No. of non-dominant refs: 9878, Survival refs: 9878, Failure refs: 0
Batch update: 48 refs added, 0 existing refs removed (0 new refs dominated)
Survival: 48 refs added, 0 removed (from 48 certificates)
---
Round: 209, Unk. prob.: 4.090e-01
Upper probs: 5.910e-01, Lower probs: 3.000e-05
No. of non-dominant refs: 9926, Survival refs: 9926, Failure refs: 0
Batch update: 48 refs added, 0 existing refs removed (0 new refs dominated)
Survival: 48 refs added, 0 removed (from 48 certificates)
---
Round: 210, Unk. prob.: 4.083e-01
Upper probs: 5.917e-01, Lower probs: 1.000e-05
No. of non-dominant refs: 9974, Survival refs: 9974, Failure refs: 0
Batch update: 48 refs added, 0 existing refs removed (0 new refs dominated)
Survival: 48 refs added, 0 removed (from 48 certificates)
---
Round: 211, Unk. prob.: 4.073e-01
Upper probs: 5.927e-01, Lower probs: 3.000e-05
No. of non-dominant refs: 10022, Survival refs: 10022, Failure refs: 0
Batch update: 48 refs added, 0 existing refs removed (0 new refs dominated)
Survival: 48 refs added, 0 removed (from 48 certificates)
---
Round: 212, Unk. prob.: 4.085e-01
Upper probs: 5.915e-01, Lower probs: 2.000e-05
No. of non-dominant refs: 10070, Survival refs: 10070, Failure refs: 0
Batch update: 48 refs added, 0 existing refs removed (0 new refs dominated)
Survival: 48 refs added, 0 removed (from 48 certificates)
---
Round: 213, Unk. prob.: 4.056e-01
Upper probs: 5.944e-01, Lower probs: 4.000e-05
No. of non-dominant refs: 10118, Survival refs: 10118, Failure refs: 0
Batch update: 48 refs added, 0 existing refs removed (0 new refs dominated)
Survival: 48 refs added, 0 removed (from 48 certificates)
---
Round: 214, Unk. prob.: 4.052e-01
Upper probs: 5.947e-01, Lower probs: 3.000e-05
No. of non-dominant refs: 10166, Survival refs: 10166, Failure refs: 0
Batch update: 48 refs added, 0 existing refs removed (0 new refs dominated)
Survival: 48 refs added, 0 removed (from 48 certificates)
---
Round: 215, Unk. prob.: 4.048e-01
Upper probs: 5.952e-01, Lower probs: 4.000e-05
No. of non-dominant refs: 10214, Survival refs: 10214, Failure refs: 0
Batch update: 48 refs added, 0 existing refs removed (0 new refs dominated)
Survival: 48 refs added, 0 removed (from 48 certificates)
---
Round: 216, Unk. prob.: 4.071e-01
Upper probs: 5.929e-01, Lower probs: 2.000e-05
No. of non-dominant refs: 10262, Survival refs: 10262, Failure refs: 0
Batch update: 48 refs added, 1 existing refs removed (0 new refs dominated)
Survival: 48 refs added, 1 removed (from 48 certificates)
---
Round: 217, Unk. prob.: 4.043e-01
Upper probs: 5.957e-01, Lower probs: 6.000e-05
No. of non-dominant refs: 10309, Survival refs: 10309, Failure refs: 0
Batch update: 48 refs added, 0 existing refs removed (0 new refs dominated)
Survival: 48 refs added, 0 removed (from 48 certificates)
---
Round: 218, Unk. prob.: 4.045e-01
Upper probs: 5.954e-01, Lower probs: 3.000e-05
No. of non-dominant refs: 10357, Survival refs: 10357, Failure refs: 0
Batch update: 48 refs added, 1 existing refs removed (0 new refs dominated)
Survival: 48 refs added, 1 removed (from 48 certificates)
---
Round: 219, Unk. prob.: 4.029e-01
Upper probs: 5.971e-01, Lower probs: 3.000e-05
No. of non-dominant refs: 10404, Survival refs: 10404, Failure refs: 0
Batch update: 48 refs added, 0 existing refs removed (0 new refs dominated)
Survival: 48 refs added, 0 removed (from 48 certificates)
---
Round: 220, Unk. prob.: 4.013e-01
Upper probs: 5.987e-01, Lower probs: 0.000e+00
No. of non-dominant refs: 10452, Survival refs: 10452, Failure refs: 0
Batch update: 48 refs added, 0 existing refs removed (0 new refs dominated)
Survival: 48 refs added, 0 removed (from 48 certificates)
---
Round: 221, Unk. prob.: 4.015e-01
Upper probs: 5.985e-01, Lower probs: 2.000e-05
No. of non-dominant refs: 10500, Survival refs: 10500, Failure refs: 0
Batch update: 48 refs added, 0 existing refs removed (0 new refs dominated)
Survival: 48 refs added, 0 removed (from 48 certificates)
---
Round: 222, Unk. prob.: 4.001e-01
Upper probs: 5.999e-01, Lower probs: 1.000e-05
No. of non-dominant refs: 10548, Survival refs: 10548, Failure refs: 0
Batch update: 48 refs added, 0 existing refs removed (0 new refs dominated)
Survival: 48 refs added, 0 removed (from 48 certificates)
---
Round: 223, Unk. prob.: 4.017e-01
Upper probs: 5.983e-01, Lower probs: 1.000e-05
No. of non-dominant refs: 10596, Survival refs: 10596, Failure refs: 0
Batch update: 48 refs added, 0 existing refs removed (0 new refs dominated)
Survival: 48 refs added, 0 removed (from 48 certificates)
---
Round: 224, Unk. prob.: 4.025e-01
Upper probs: 5.975e-01, Lower probs: 1.000e-05
No. of non-dominant refs: 10644, Survival refs: 10644, Failure refs: 0
Batch update: 48 refs added, 0 existing refs removed (0 new refs dominated)
Survival: 48 refs added, 0 removed (from 48 certificates)
---
Round: 225, Unk. prob.: 4.008e-01
Upper probs: 5.991e-01, Lower probs: 1.000e-05
No. of non-dominant refs: 10692, Survival refs: 10692, Failure refs: 0
Batch update: 48 refs added, 0 existing refs removed (0 new refs dominated)
Survival: 48 refs added, 0 removed (from 48 certificates)
---
Round: 226, Unk. prob.: 4.020e-01
Upper probs: 5.980e-01, Lower probs: 5.000e-05
No. of non-dominant refs: 10740, Survival refs: 10740, Failure refs: 0
Batch update: 48 refs added, 0 existing refs removed (0 new refs dominated)
Survival: 48 refs added, 0 removed (from 48 certificates)
---
Round: 227, Unk. prob.: 4.012e-01
Upper probs: 5.988e-01, Lower probs: 1.000e-05
No. of non-dominant refs: 10788, Survival refs: 10788, Failure refs: 0
Batch update: 48 refs added, 0 existing refs removed (0 new refs dominated)
Survival: 48 refs added, 0 removed (from 48 certificates)
---
Round: 228, Unk. prob.: 3.995e-01
Upper probs: 6.005e-01, Lower probs: 3.000e-05
No. of non-dominant refs: 10836, Survival refs: 10836, Failure refs: 0
Batch update: 47 refs added, 0 existing refs removed (0 new refs dominated)
Survival: 47 refs added, 0 removed (from 47 certificates)
Failure cuts: 1 added (total 31)
---
Round: 229, Unk. prob.: 3.983e-01
Upper probs: 6.017e-01, Lower probs: 3.000e-05
No. of non-dominant refs: 10883, Survival refs: 10883, Failure refs: 0
Batch update: 48 refs added, 1 existing refs removed (0 new refs dominated)
Survival: 48 refs added, 1 removed (from 48 certificates)
---
Round: 230, Unk. prob.: 4.013e-01
Upper probs: 5.987e-01, Lower probs: 0.000e+00
No. of non-dominant refs: 10930, Survival refs: 10930, Failure refs: 0
Batch update: 48 refs added, 0 existing refs removed (0 new refs dominated)
Survival: 48 refs added, 0 removed (from 48 certificates)
---
Round: 231, Unk. prob.: 3.996e-01
Upper probs: 6.004e-01, Lower probs: 2.000e-05
No. of non-dominant refs: 10978, Survival refs: 10978, Failure refs: 0
Batch update: 48 refs added, 1 existing refs removed (0 new refs dominated)
Survival: 48 refs added, 1 removed (from 48 certificates)
---
Round: 232, Unk. prob.: 4.000e-01
Upper probs: 6.000e-01, Lower probs: 1.000e-05
No. of non-dominant refs: 11025, Survival refs: 11025, Failure refs: 0
Batch update: 48 refs added, 1 existing refs removed (0 new refs dominated)
Survival: 48 refs added, 1 removed (from 48 certificates)
---
Round: 233, Unk. prob.: 3.963e-01
Upper probs: 6.037e-01, Lower probs: 4.000e-05
No. of non-dominant refs: 11072, Survival refs: 11072, Failure refs: 0
Batch update: 48 refs added, 0 existing refs removed (0 new refs dominated)
Survival: 48 refs added, 0 removed (from 48 certificates)
---
Round: 234, Unk. prob.: 4.007e-01
Upper probs: 5.993e-01, Lower probs: 2.000e-05
No. of non-dominant refs: 11120, Survival refs: 11120, Failure refs: 0
Batch update: 48 refs added, 0 existing refs removed (0 new refs dominated)
Survival: 48 refs added, 0 removed (from 48 certificates)
---
Round: 235, Unk. prob.: 3.991e-01
Upper probs: 6.009e-01, Lower probs: 3.000e-05
No. of non-dominant refs: 11168, Survival refs: 11168, Failure refs: 0
Batch update: 48 refs added, 0 existing refs removed (0 new refs dominated)
Survival: 48 refs added, 0 removed (from 48 certificates)
---
Round: 236, Unk. prob.: 4.005e-01
Upper probs: 5.994e-01, Lower probs: 5.000e-05
No. of non-dominant refs: 11216, Survival refs: 11216, Failure refs: 0
Batch update: 48 refs added, 1 existing refs removed (0 new refs dominated)
Survival: 48 refs added, 1 removed (from 48 certificates)
---
Round: 237, Unk. prob.: 3.992e-01
Upper probs: 6.008e-01, Lower probs: 1.000e-05
No. of non-dominant refs: 11263, Survival refs: 11263, Failure refs: 0
Batch update: 48 refs added, 0 existing refs removed (0 new refs dominated)
Survival: 48 refs added, 0 removed (from 48 certificates)
---
Round: 238, Unk. prob.: 3.993e-01
Upper probs: 6.007e-01, Lower probs: 4.000e-05
No. of non-dominant refs: 11311, Survival refs: 11311, Failure refs: 0
Batch update: 48 refs added, 0 existing refs removed (0 new refs dominated)
Survival: 48 refs added, 0 removed (from 48 certificates)
---
Round: 239, Unk. prob.: 3.956e-01
Upper probs: 6.044e-01, Lower probs: 1.000e-05
No. of non-dominant refs: 11359, Survival refs: 11359, Failure refs: 0
Batch update: 48 refs added, 0 existing refs removed (0 new refs dominated)
Survival: 48 refs added, 0 removed (from 48 certificates)
---
Round: 240, Unk. prob.: 3.952e-01
Upper probs: 6.048e-01, Lower probs: 2.000e-05
No. of non-dominant refs: 11407, Survival refs: 11407, Failure refs: 0
Batch update: 48 refs added, 1 existing refs removed (0 new refs dominated)
Survival: 48 refs added, 1 removed (from 48 certificates)
---
Round: 241, Unk. prob.: 3.984e-01
Upper probs: 6.016e-01, Lower probs: 4.000e-05
No. of non-dominant refs: 11454, Survival refs: 11454, Failure refs: 0
Batch update: 48 refs added, 0 existing refs removed (0 new refs dominated)
Survival: 48 refs added, 0 removed (from 48 certificates)
---
Round: 242, Unk. prob.: 3.969e-01
Upper probs: 6.030e-01, Lower probs: 2.000e-05
No. of non-dominant refs: 11502, Survival refs: 11502, Failure refs: 0
Batch update: 48 refs added, 0 existing refs removed (0 new refs dominated)
Survival: 48 refs added, 0 removed (from 48 certificates)
---
Round: 243, Unk. prob.: 3.962e-01
Upper probs: 6.038e-01, Lower probs: 3.000e-05
No. of non-dominant refs: 11550, Survival refs: 11550, Failure refs: 0
Batch update: 48 refs added, 0 existing refs removed (0 new refs dominated)
Survival: 48 refs added, 0 removed (from 48 certificates)
---
Round: 244, Unk. prob.: 3.997e-01
Upper probs: 6.003e-01, Lower probs: 3.000e-05
No. of non-dominant refs: 11598, Survival refs: 11598, Failure refs: 0
Batch update: 48 refs added, 0 existing refs removed (0 new refs dominated)
Survival: 48 refs added, 0 removed (from 48 certificates)
---
Round: 245, Unk. prob.: 3.958e-01
Upper probs: 6.042e-01, Lower probs: 4.000e-05
No. of non-dominant refs: 11646, Survival refs: 11646, Failure refs: 0
Batch update: 48 refs added, 1 existing refs removed (0 new refs dominated)
Survival: 48 refs added, 1 removed (from 48 certificates)
---
Round: 246, Unk. prob.: 3.962e-01
Upper probs: 6.038e-01, Lower probs: 2.000e-05
No. of non-dominant refs: 11693, Survival refs: 11693, Failure refs: 0
Batch update: 48 refs added, 0 existing refs removed (0 new refs dominated)
Survival: 48 refs added, 0 removed (from 48 certificates)
---
Round: 247, Unk. prob.: 3.964e-01
Upper probs: 6.036e-01, Lower probs: 1.000e-05
No. of non-dominant refs: 11741, Survival refs: 11741, Failure refs: 0
Batch update: 48 refs added, 0 existing refs removed (0 new refs dominated)
Survival: 48 refs added, 0 removed (from 48 certificates)
---
Round: 248, Unk. prob.: 3.953e-01
Upper probs: 6.047e-01, Lower probs: 1.000e-05
No. of non-dominant refs: 11789, Survival refs: 11789, Failure refs: 0
Batch update: 48 refs added, 0 existing refs removed (0 new refs dominated)
Survival: 48 refs added, 0 removed (from 48 certificates)
---
Round: 249, Unk. prob.: 3.936e-01
Upper probs: 6.064e-01, Lower probs: 1.000e-05
No. of non-dominant refs: 11837, Survival refs: 11837, Failure refs: 0
Batch update: 48 refs added, 0 existing refs removed (0 new refs dominated)
Survival: 48 refs added, 0 removed (from 48 certificates)
---
Round: 250, Unk. prob.: 3.965e-01
Upper probs: 6.035e-01, Lower probs: 3.000e-05
No. of non-dominant refs: 11885, Survival refs: 11885, Failure refs: 0
Batch update: 48 refs added, 0 existing refs removed (0 new refs dominated)
Survival: 48 refs added, 0 removed (from 48 certificates)
---
Round: 251, Unk. prob.: 3.937e-01
Upper probs: 6.063e-01, Lower probs: 1.000e-05
No. of non-dominant refs: 11933, Survival refs: 11933, Failure refs: 0
Batch update: 48 refs added, 0 existing refs removed (0 new refs dominated)
Survival: 48 refs added, 0 removed (from 48 certificates)
---
Round: 252, Unk. prob.: 3.950e-01
Upper probs: 6.050e-01, Lower probs: 5.000e-05
No. of non-dominant refs: 11981, Survival refs: 11981, Failure refs: 0
Batch update: 48 refs added, 0 existing refs removed (0 new refs dominated)
Survival: 48 refs added, 0 removed (from 48 certificates)
---
Round: 253, Unk. prob.: 3.923e-01
Upper probs: 6.076e-01, Lower probs: 5.000e-05
No. of non-dominant refs: 12029, Survival refs: 12029, Failure refs: 0
Batch update: 48 refs added, 0 existing refs removed (0 new refs dominated)
Survival: 48 refs added, 0 removed (from 48 certificates)
---
Round: 254, Unk. prob.: 3.926e-01
Upper probs: 6.074e-01, Lower probs: 2.000e-05
No. of non-dominant refs: 12077, Survival refs: 12077, Failure refs: 0
Batch update: 48 refs added, 0 existing refs removed (0 new refs dominated)
Survival: 48 refs added, 0 removed (from 48 certificates)
---
Round: 255, Unk. prob.: 3.913e-01
Upper probs: 6.087e-01, Lower probs: 1.000e-05
No. of non-dominant refs: 12125, Survival refs: 12125, Failure refs: 0
Batch update: 48 refs added, 0 existing refs removed (0 new refs dominated)
Survival: 48 refs added, 0 removed (from 48 certificates)
---
Round: 256, Unk. prob.: 3.930e-01
Upper probs: 6.069e-01, Lower probs: 2.000e-05
No. of non-dominant refs: 12173, Survival refs: 12173, Failure refs: 0
Batch update: 48 refs added, 0 existing refs removed (0 new refs dominated)
Survival: 48 refs added, 0 removed (from 48 certificates)
---
Round: 257, Unk. prob.: 3.902e-01
Upper probs: 6.098e-01, Lower probs: 1.000e-05
No. of non-dominant refs: 12221, Survival refs: 12221, Failure refs: 0
Batch update: 48 refs added, 1 existing refs removed (0 new refs dominated)
Survival: 48 refs added, 1 removed (from 48 certificates)
---
Round: 258, Unk. prob.: 3.920e-01
Upper probs: 6.080e-01, Lower probs: 1.000e-05
No. of non-dominant refs: 12268, Survival refs: 12268, Failure refs: 0
Batch update: 48 refs added, 0 existing refs removed (0 new refs dominated)
Survival: 48 refs added, 0 removed (from 48 certificates)
---
Round: 259, Unk. prob.: 3.931e-01
Upper probs: 6.069e-01, Lower probs: 4.000e-05
No. of non-dominant refs: 12316, Survival refs: 12316, Failure refs: 0
Batch update: 48 refs added, 0 existing refs removed (0 new refs dominated)
Survival: 48 refs added, 0 removed (from 48 certificates)
---
Round: 260, Unk. prob.: 3.883e-01
Upper probs: 6.117e-01, Lower probs: 5.000e-05
No. of non-dominant refs: 12364, Survival refs: 12364, Failure refs: 0
Batch update: 48 refs added, 0 existing refs removed (0 new refs dominated)
Survival: 48 refs added, 0 removed (from 48 certificates)
---
Round: 261, Unk. prob.: 3.890e-01
Upper probs: 6.110e-01, Lower probs: 4.000e-05
No. of non-dominant refs: 12412, Survival refs: 12412, Failure refs: 0
Batch update: 48 refs added, 1 existing refs removed (0 new refs dominated)
Survival: 48 refs added, 1 removed (from 48 certificates)
---
Round: 262, Unk. prob.: 3.929e-01
Upper probs: 6.071e-01, Lower probs: 3.000e-05
No. of non-dominant refs: 12459, Survival refs: 12459, Failure refs: 0
Batch update: 48 refs added, 0 existing refs removed (0 new refs dominated)
Survival: 48 refs added, 0 removed (from 48 certificates)
---
Round: 263, Unk. prob.: 3.928e-01
Upper probs: 6.071e-01, Lower probs: 2.000e-05
No. of non-dominant refs: 12507, Survival refs: 12507, Failure refs: 0
Batch update: 48 refs added, 0 existing refs removed (0 new refs dominated)
Survival: 48 refs added, 0 removed (from 48 certificates)
---
Round: 264, Unk. prob.: 3.888e-01
Upper probs: 6.112e-01, Lower probs: 1.000e-05
No. of non-dominant refs: 12555, Survival refs: 12555, Failure refs: 0
Batch update: 48 refs added, 0 existing refs removed (0 new refs dominated)
Survival: 48 refs added, 0 removed (from 48 certificates)
---
Round: 265, Unk. prob.: 3.891e-01
Upper probs: 6.109e-01, Lower probs: 0.000e+00
No. of non-dominant refs: 12603, Survival refs: 12603, Failure refs: 0
Batch update: 48 refs added, 0 existing refs removed (0 new refs dominated)
Survival: 48 refs added, 0 removed (from 48 certificates)
---
Round: 266, Unk. prob.: 3.896e-01
Upper probs: 6.104e-01, Lower probs: 0.000e+00
No. of non-dominant refs: 12651, Survival refs: 12651, Failure refs: 0
Batch update: 48 refs added, 2 existing refs removed (0 new refs dominated)
Survival: 48 refs added, 2 removed (from 48 certificates)
---
Round: 267, Unk. prob.: 3.886e-01
Upper probs: 6.113e-01, Lower probs: 3.000e-05
No. of non-dominant refs: 12697, Survival refs: 12697, Failure refs: 0
Batch update: 48 refs added, 0 existing refs removed (0 new refs dominated)
Survival: 48 refs added, 0 removed (from 48 certificates)
---
Round: 268, Unk. prob.: 3.914e-01
Upper probs: 6.086e-01, Lower probs: 1.000e-05
No. of non-dominant refs: 12745, Survival refs: 12745, Failure refs: 0
Batch update: 48 refs added, 0 existing refs removed (0 new refs dominated)
Survival: 48 refs added, 0 removed (from 48 certificates)
---
Round: 269, Unk. prob.: 3.887e-01
Upper probs: 6.112e-01, Lower probs: 3.000e-05
No. of non-dominant refs: 12793, Survival refs: 12793, Failure refs: 0
Batch update: 48 refs added, 1 existing refs removed (0 new refs dominated)
Survival: 48 refs added, 1 removed (from 48 certificates)
---
Round: 270, Unk. prob.: 3.906e-01
Upper probs: 6.094e-01, Lower probs: 3.000e-05
No. of non-dominant refs: 12840, Survival refs: 12840, Failure refs: 0
Batch update: 48 refs added, 0 existing refs removed (0 new refs dominated)
Survival: 48 refs added, 0 removed (from 48 certificates)
---
Round: 271, Unk. prob.: 3.910e-01
Upper probs: 6.089e-01, Lower probs: 5.000e-05
No. of non-dominant refs: 12888, Survival refs: 12888, Failure refs: 0
Batch update: 48 refs added, 1 existing refs removed (0 new refs dominated)
Survival: 48 refs added, 1 removed (from 48 certificates)
---
Round: 272, Unk. prob.: 3.900e-01
Upper probs: 6.100e-01, Lower probs: 3.000e-05
No. of non-dominant refs: 12935, Survival refs: 12935, Failure refs: 0
Batch update: 48 refs added, 0 existing refs removed (0 new refs dominated)
Survival: 48 refs added, 0 removed (from 48 certificates)
---
Round: 273, Unk. prob.: 3.885e-01
Upper probs: 6.114e-01, Lower probs: 6.000e-05
No. of non-dominant refs: 12983, Survival refs: 12983, Failure refs: 0
Batch update: 48 refs added, 0 existing refs removed (0 new refs dominated)
Survival: 48 refs added, 0 removed (from 48 certificates)
---
Round: 274, Unk. prob.: 3.876e-01
Upper probs: 6.124e-01, Lower probs: 4.000e-05
No. of non-dominant refs: 13031, Survival refs: 13031, Failure refs: 0
Batch update: 48 refs added, 0 existing refs removed (0 new refs dominated)
Survival: 48 refs added, 0 removed (from 48 certificates)
---
Round: 275, Unk. prob.: 3.890e-01
Upper probs: 6.110e-01, Lower probs: 7.000e-05
No. of non-dominant refs: 13079, Survival refs: 13079, Failure refs: 0
Batch update: 48 refs added, 0 existing refs removed (0 new refs dominated)
Survival: 48 refs added, 0 removed (from 48 certificates)
---
Round: 276, Unk. prob.: 3.873e-01
Upper probs: 6.127e-01, Lower probs: 4.000e-05
No. of non-dominant refs: 13127, Survival refs: 13127, Failure refs: 0
Batch update: 48 refs added, 0 existing refs removed (0 new refs dominated)
Survival: 48 refs added, 0 removed (from 48 certificates)
---
Round: 277, Unk. prob.: 3.862e-01
Upper probs: 6.138e-01, Lower probs: 5.000e-05
No. of non-dominant refs: 13175, Survival refs: 13175, Failure refs: 0
Batch update: 48 refs added, 0 existing refs removed (0 new refs dominated)
Survival: 48 refs added, 0 removed (from 48 certificates)
---
Round: 278, Unk. prob.: 3.852e-01
Upper probs: 6.147e-01, Lower probs: 3.000e-05
No. of non-dominant refs: 13223, Survival refs: 13223, Failure refs: 0
Batch update: 48 refs added, 0 existing refs removed (0 new refs dominated)
Survival: 48 refs added, 0 removed (from 48 certificates)
---
Round: 279, Unk. prob.: 3.881e-01
Upper probs: 6.119e-01, Lower probs: 1.000e-05
No. of non-dominant refs: 13271, Survival refs: 13271, Failure refs: 0
Batch update: 48 refs added, 0 existing refs removed (0 new refs dominated)
Survival: 48 refs added, 0 removed (from 48 certificates)
---
Round: 280, Unk. prob.: 3.873e-01
Upper probs: 6.127e-01, Lower probs: 1.000e-05
No. of non-dominant refs: 13319, Survival refs: 13319, Failure refs: 0
Batch update: 48 refs added, 0 existing refs removed (0 new refs dominated)
Survival: 48 refs added, 0 removed (from 48 certificates)
---
Round: 281, Unk. prob.: 3.894e-01
Upper probs: 6.106e-01, Lower probs: 1.000e-05
No. of non-dominant refs: 13367, Survival refs: 13367, Failure refs: 0
Batch update: 48 refs added, 0 existing refs removed (0 new refs dominated)
Survival: 48 refs added, 0 removed (from 48 certificates)
---
Round: 282, Unk. prob.: 3.849e-01
Upper probs: 6.151e-01, Lower probs: 3.000e-05
No. of non-dominant refs: 13415, Survival refs: 13415, Failure refs: 0
Batch update: 48 refs added, 0 existing refs removed (0 new refs dominated)
Survival: 48 refs added, 0 removed (from 48 certificates)
---
Round: 283, Unk. prob.: 3.876e-01
Upper probs: 6.124e-01, Lower probs: 1.000e-05
No. of non-dominant refs: 13463, Survival refs: 13463, Failure refs: 0
Batch update: 48 refs added, 0 existing refs removed (0 new refs dominated)
Survival: 48 refs added, 0 removed (from 48 certificates)
---
Round: 284, Unk. prob.: 3.838e-01
Upper probs: 6.161e-01, Lower probs: 3.000e-05
No. of non-dominant refs: 13511, Survival refs: 13511, Failure refs: 0
Batch update: 48 refs added, 0 existing refs removed (0 new refs dominated)
Survival: 48 refs added, 0 removed (from 48 certificates)
---
Round: 285, Unk. prob.: 3.850e-01
Upper probs: 6.150e-01, Lower probs: 0.000e+00
No. of non-dominant refs: 13559, Survival refs: 13559, Failure refs: 0
Batch update: 48 refs added, 0 existing refs removed (0 new refs dominated)
Survival: 48 refs added, 0 removed (from 48 certificates)
---
Round: 286, Unk. prob.: 3.850e-01
Upper probs: 6.150e-01, Lower probs: 0.000e+00
No. of non-dominant refs: 13607, Survival refs: 13607, Failure refs: 0
Batch update: 48 refs added, 0 existing refs removed (0 new refs dominated)
Survival: 48 refs added, 0 removed (from 48 certificates)
---
Round: 287, Unk. prob.: 3.853e-01
Upper probs: 6.147e-01, Lower probs: 3.000e-05
No. of non-dominant refs: 13655, Survival refs: 13655, Failure refs: 0
Batch update: 48 refs added, 0 existing refs removed (0 new refs dominated)
Survival: 48 refs added, 0 removed (from 48 certificates)
---
Round: 288, Unk. prob.: 3.822e-01
Upper probs: 6.178e-01, Lower probs: 3.000e-05
No. of non-dominant refs: 13703, Survival refs: 13703, Failure refs: 0
Batch update: 48 refs added, 0 existing refs removed (0 new refs dominated)
Survival: 48 refs added, 0 removed (from 48 certificates)
---
Round: 289, Unk. prob.: 3.842e-01
Upper probs: 6.157e-01, Lower probs: 5.000e-05
No. of non-dominant refs: 13751, Survival refs: 13751, Failure refs: 0
Batch update: 48 refs added, 0 existing refs removed (0 new refs dominated)
Survival: 48 refs added, 0 removed (from 48 certificates)
---
Round: 290, Unk. prob.: 3.861e-01
Upper probs: 6.138e-01, Lower probs: 2.000e-05
No. of non-dominant refs: 13799, Survival refs: 13799, Failure refs: 0
Batch update: 48 refs added, 0 existing refs removed (0 new refs dominated)
Survival: 48 refs added, 0 removed (from 48 certificates)
---
Round: 291, Unk. prob.: 3.850e-01
Upper probs: 6.150e-01, Lower probs: 1.000e-05
No. of non-dominant refs: 13847, Survival refs: 13847, Failure refs: 0
Batch update: 48 refs added, 0 existing refs removed (0 new refs dominated)
Survival: 48 refs added, 0 removed (from 48 certificates)
---
Round: 292, Unk. prob.: 3.856e-01
Upper probs: 6.143e-01, Lower probs: 3.000e-05
No. of non-dominant refs: 13895, Survival refs: 13895, Failure refs: 0
Batch update: 48 refs added, 0 existing refs removed (0 new refs dominated)
Survival: 48 refs added, 0 removed (from 48 certificates)
---
Round: 293, Unk. prob.: 3.858e-01
Upper probs: 6.141e-01, Lower probs: 3.000e-05
No. of non-dominant refs: 13943, Survival refs: 13943, Failure refs: 0
Batch update: 48 refs added, 0 existing refs removed (0 new refs dominated)
Survival: 48 refs added, 0 removed (from 48 certificates)
---
Round: 294, Unk. prob.: 3.847e-01
Upper probs: 6.153e-01, Lower probs: 3.000e-05
No. of non-dominant refs: 13991, Survival refs: 13991, Failure refs: 0
Batch update: 48 refs added, 0 existing refs removed (0 new refs dominated)
Survival: 48 refs added, 0 removed (from 48 certificates)
---
Round: 295, Unk. prob.: 3.806e-01
Upper probs: 6.194e-01, Lower probs: 1.000e-05
No. of non-dominant refs: 14039, Survival refs: 14039, Failure refs: 0
Batch update: 48 refs added, 2 existing refs removed (0 new refs dominated)
Survival: 48 refs added, 2 removed (from 48 certificates)
---
Round: 296, Unk. prob.: 3.843e-01
Upper probs: 6.156e-01, Lower probs: 2.000e-05
No. of non-dominant refs: 14085, Survival refs: 14085, Failure refs: 0
Batch update: 48 refs added, 0 existing refs removed (0 new refs dominated)
Survival: 48 refs added, 0 removed (from 48 certificates)
---
Round: 297, Unk. prob.: 3.835e-01
Upper probs: 6.165e-01, Lower probs: 1.000e-05
No. of non-dominant refs: 14133, Survival refs: 14133, Failure refs: 0
Batch update: 48 refs added, 2 existing refs removed (0 new refs dominated)
Survival: 48 refs added, 2 removed (from 48 certificates)
---
Round: 298, Unk. prob.: 3.826e-01
Upper probs: 6.174e-01, Lower probs: 1.000e-05
No. of non-dominant refs: 14179, Survival refs: 14179, Failure refs: 0
Batch update: 48 refs added, 3 existing refs removed (0 new refs dominated)
Survival: 48 refs added, 3 removed (from 48 certificates)
---
Round: 299, Unk. prob.: 3.856e-01
Upper probs: 6.144e-01, Lower probs: 3.000e-05
No. of non-dominant refs: 14224, Survival refs: 14224, Failure refs: 0
Batch update: 48 refs added, 0 existing refs removed (0 new refs dominated)
Survival: 48 refs added, 0 removed (from 48 certificates)
---
Round: 300, Unk. prob.: 3.828e-01
Upper probs: 6.172e-01, Lower probs: 2.000e-05
No. of non-dominant refs: 14272, Survival refs: 14272, Failure refs: 0
Batch update: 48 refs added, 0 existing refs removed (0 new refs dominated)
Survival: 48 refs added, 0 removed (from 48 certificates)
---
Round: 301, Unk. prob.: 3.813e-01
Upper probs: 6.187e-01, Lower probs: 2.000e-05
No. of non-dominant refs: 14320, Survival refs: 14320, Failure refs: 0
Batch update: 48 refs added, 0 existing refs removed (0 new refs dominated)
Survival: 48 refs added, 0 removed (from 48 certificates)
---
Round: 302, Unk. prob.: 3.819e-01
Upper probs: 6.181e-01, Lower probs: 2.000e-05
No. of non-dominant refs: 14368, Survival refs: 14368, Failure refs: 0
Batch update: 48 refs added, 0 existing refs removed (0 new refs dominated)
Survival: 48 refs added, 0 removed (from 48 certificates)
---
Round: 303, Unk. prob.: 3.797e-01
Upper probs: 6.203e-01, Lower probs: 1.000e-05
No. of non-dominant refs: 14416, Survival refs: 14416, Failure refs: 0
Batch update: 48 refs added, 0 existing refs removed (0 new refs dominated)
Survival: 48 refs added, 0 removed (from 48 certificates)
---
Round: 304, Unk. prob.: 3.821e-01
Upper probs: 6.178e-01, Lower probs: 3.000e-05
No. of non-dominant refs: 14464, Survival refs: 14464, Failure refs: 0
Batch update: 48 refs added, 0 existing refs removed (0 new refs dominated)
Survival: 48 refs added, 0 removed (from 48 certificates)
---
Round: 305, Unk. prob.: 3.818e-01
Upper probs: 6.182e-01, Lower probs: 3.000e-05
No. of non-dominant refs: 14512, Survival refs: 14512, Failure refs: 0
Batch update: 48 refs added, 0 existing refs removed (0 new refs dominated)
Survival: 48 refs added, 0 removed (from 48 certificates)
---
Round: 306, Unk. prob.: 3.796e-01
Upper probs: 6.204e-01, Lower probs: 0.000e+00
No. of non-dominant refs: 14560, Survival refs: 14560, Failure refs: 0
Batch update: 48 refs added, 1 existing refs removed (0 new refs dominated)
Survival: 48 refs added, 1 removed (from 48 certificates)
---
Round: 307, Unk. prob.: 3.798e-01
Upper probs: 6.201e-01, Lower probs: 7.000e-05
No. of non-dominant refs: 14607, Survival refs: 14607, Failure refs: 0
Batch update: 48 refs added, 0 existing refs removed (0 new refs dominated)
Survival: 48 refs added, 0 removed (from 48 certificates)
---
Round: 308, Unk. prob.: 3.817e-01
Upper probs: 6.182e-01, Lower probs: 4.000e-05
No. of non-dominant refs: 14655, Survival refs: 14655, Failure refs: 0
Batch update: 48 refs added, 0 existing refs removed (0 new refs dominated)
Survival: 48 refs added, 0 removed (from 48 certificates)
---
Round: 309, Unk. prob.: 3.792e-01
Upper probs: 6.208e-01, Lower probs: 3.000e-05
No. of non-dominant refs: 14703, Survival refs: 14703, Failure refs: 0
Batch update: 48 refs added, 0 existing refs removed (0 new refs dominated)
Survival: 48 refs added, 0 removed (from 48 certificates)
---
Round: 310, Unk. prob.: 3.805e-01
Upper probs: 6.194e-01, Lower probs: 4.000e-05
No. of non-dominant refs: 14751, Survival refs: 14751, Failure refs: 0
Batch update: 48 refs added, 0 existing refs removed (0 new refs dominated)
Survival: 48 refs added, 0 removed (from 48 certificates)
---
Round: 311, Unk. prob.: 3.782e-01
Upper probs: 6.217e-01, Lower probs: 8.000e-05
No. of non-dominant refs: 14799, Survival refs: 14799, Failure refs: 0
Batch update: 48 refs added, 1 existing refs removed (0 new refs dominated)
Survival: 48 refs added, 1 removed (from 48 certificates)
---
Round: 312, Unk. prob.: 3.775e-01
Upper probs: 6.225e-01, Lower probs: 1.000e-05
No. of non-dominant refs: 14846, Survival refs: 14846, Failure refs: 0
Batch update: 48 refs added, 0 existing refs removed (0 new refs dominated)
Survival: 48 refs added, 0 removed (from 48 certificates)
---
Round: 313, Unk. prob.: 3.780e-01
Upper probs: 6.220e-01, Lower probs: 3.000e-05
No. of non-dominant refs: 14894, Survival refs: 14894, Failure refs: 0
Batch update: 48 refs added, 1 existing refs removed (0 new refs dominated)
Survival: 48 refs added, 1 removed (from 48 certificates)
---
Round: 314, Unk. prob.: 3.790e-01
Upper probs: 6.209e-01, Lower probs: 4.000e-05
No. of non-dominant refs: 14941, Survival refs: 14941, Failure refs: 0
Batch update: 48 refs added, 1 existing refs removed (0 new refs dominated)
Survival: 48 refs added, 1 removed (from 48 certificates)
---
Round: 315, Unk. prob.: 3.792e-01
Upper probs: 6.208e-01, Lower probs: 4.000e-05
No. of non-dominant refs: 14988, Survival refs: 14988, Failure refs: 0
Batch update: 48 refs added, 0 existing refs removed (0 new refs dominated)
Survival: 48 refs added, 0 removed (from 48 certificates)
---
Round: 316, Unk. prob.: 3.786e-01
Upper probs: 6.214e-01, Lower probs: 2.000e-05
No. of non-dominant refs: 15036, Survival refs: 15036, Failure refs: 0
Batch update: 48 refs added, 0 existing refs removed (0 new refs dominated)
Survival: 48 refs added, 0 removed (from 48 certificates)
---
Round: 317, Unk. prob.: 3.812e-01
Upper probs: 6.188e-01, Lower probs: 5.000e-05
No. of non-dominant refs: 15084, Survival refs: 15084, Failure refs: 0
Batch update: 48 refs added, 1 existing refs removed (0 new refs dominated)
Survival: 48 refs added, 1 removed (from 48 certificates)
---
Round: 318, Unk. prob.: 3.770e-01
Upper probs: 6.230e-01, Lower probs: 2.000e-05
No. of non-dominant refs: 15131, Survival refs: 15131, Failure refs: 0
Batch update: 48 refs added, 0 existing refs removed (0 new refs dominated)
Survival: 48 refs added, 0 removed (from 48 certificates)
---
Round: 319, Unk. prob.: 3.786e-01
Upper probs: 6.214e-01, Lower probs: 0.000e+00
No. of non-dominant refs: 15179, Survival refs: 15179, Failure refs: 0
Batch update: 48 refs added, 0 existing refs removed (0 new refs dominated)
Survival: 48 refs added, 0 removed (from 48 certificates)
---
Round: 320, Unk. prob.: 3.769e-01
Upper probs: 6.231e-01, Lower probs: 3.000e-05
No. of non-dominant refs: 15227, Survival refs: 15227, Failure refs: 0
Batch update: 48 refs added, 0 existing refs removed (0 new refs dominated)
Survival: 48 refs added, 0 removed (from 48 certificates)
---
Round: 321, Unk. prob.: 3.763e-01
Upper probs: 6.237e-01, Lower probs: 4.000e-05
No. of non-dominant refs: 15275, Survival refs: 15275, Failure refs: 0
Batch update: 48 refs added, 0 existing refs removed (0 new refs dominated)
Survival: 48 refs added, 0 removed (from 48 certificates)
---
Round: 322, Unk. prob.: 3.772e-01
Upper probs: 6.227e-01, Lower probs: 4.000e-05
No. of non-dominant refs: 15323, Survival refs: 15323, Failure refs: 0
Batch update: 48 refs added, 0 existing refs removed (0 new refs dominated)
Survival: 48 refs added, 0 removed (from 48 certificates)
---
Round: 323, Unk. prob.: 3.814e-01
Upper probs: 6.186e-01, Lower probs: 2.000e-05
No. of non-dominant refs: 15371, Survival refs: 15371, Failure refs: 0
Batch update: 48 refs added, 0 existing refs removed (0 new refs dominated)
Survival: 48 refs added, 0 removed (from 48 certificates)
---
Round: 324, Unk. prob.: 3.787e-01
Upper probs: 6.212e-01, Lower probs: 1.000e-05
No. of non-dominant refs: 15419, Survival refs: 15419, Failure refs: 0
Batch update: 48 refs added, 0 existing refs removed (0 new refs dominated)
Survival: 48 refs added, 0 removed (from 48 certificates)
---
Round: 325, Unk. prob.: 3.757e-01
Upper probs: 6.242e-01, Lower probs: 1.000e-05
No. of non-dominant refs: 15467, Survival refs: 15467, Failure refs: 0
Batch update: 48 refs added, 0 existing refs removed (0 new refs dominated)
Survival: 48 refs added, 0 removed (from 48 certificates)
---
Round: 326, Unk. prob.: 3.772e-01
Upper probs: 6.228e-01, Lower probs: 2.000e-05
No. of non-dominant refs: 15515, Survival refs: 15515, Failure refs: 0
Batch update: 48 refs added, 1 existing refs removed (0 new refs dominated)
Survival: 48 refs added, 1 removed (from 48 certificates)
---
Round: 327, Unk. prob.: 3.749e-01
Upper probs: 6.250e-01, Lower probs: 8.000e-05
No. of non-dominant refs: 15562, Survival refs: 15562, Failure refs: 0
Batch update: 48 refs added, 0 existing refs removed (0 new refs dominated)
Survival: 48 refs added, 0 removed (from 48 certificates)
---
Round: 328, Unk. prob.: 3.762e-01
Upper probs: 6.238e-01, Lower probs: 6.000e-05
No. of non-dominant refs: 15610, Survival refs: 15610, Failure refs: 0
Batch update: 48 refs added, 0 existing refs removed (0 new refs dominated)
Survival: 48 refs added, 0 removed (from 48 certificates)
---
Round: 329, Unk. prob.: 3.779e-01
Upper probs: 6.220e-01, Lower probs: 1.000e-05
No. of non-dominant refs: 15658, Survival refs: 15658, Failure refs: 0
Batch update: 48 refs added, 0 existing refs removed (0 new refs dominated)
Survival: 48 refs added, 0 removed (from 48 certificates)
---
Round: 330, Unk. prob.: 3.765e-01
Upper probs: 6.234e-01, Lower probs: 4.000e-05
No. of non-dominant refs: 15706, Survival refs: 15706, Failure refs: 0
Batch update: 48 refs added, 0 existing refs removed (0 new refs dominated)
Survival: 48 refs added, 0 removed (from 48 certificates)
---
Round: 331, Unk. prob.: 3.728e-01
Upper probs: 6.272e-01, Lower probs: 1.000e-05
No. of non-dominant refs: 15754, Survival refs: 15754, Failure refs: 0
Batch update: 48 refs added, 0 existing refs removed (0 new refs dominated)
Survival: 48 refs added, 0 removed (from 48 certificates)
---
Round: 332, Unk. prob.: 3.766e-01
Upper probs: 6.233e-01, Lower probs: 5.000e-05
No. of non-dominant refs: 15802, Survival refs: 15802, Failure refs: 0
Batch update: 48 refs added, 2 existing refs removed (0 new refs dominated)
Survival: 48 refs added, 2 removed (from 48 certificates)
---
Round: 333, Unk. prob.: 3.736e-01
Upper probs: 6.264e-01, Lower probs: 3.000e-05
No. of non-dominant refs: 15848, Survival refs: 15848, Failure refs: 0
Batch update: 48 refs added, 1 existing refs removed (0 new refs dominated)
Survival: 48 refs added, 1 removed (from 48 certificates)
---
Round: 334, Unk. prob.: 3.758e-01
Upper probs: 6.241e-01, Lower probs: 4.000e-05
No. of non-dominant refs: 15895, Survival refs: 15895, Failure refs: 0
Batch update: 48 refs added, 0 existing refs removed (0 new refs dominated)
Survival: 48 refs added, 0 removed (from 48 certificates)
---
Round: 335, Unk. prob.: 3.746e-01
Upper probs: 6.253e-01, Lower probs: 4.000e-05
No. of non-dominant refs: 15943, Survival refs: 15943, Failure refs: 0
Batch update: 48 refs added, 0 existing refs removed (0 new refs dominated)
Survival: 48 refs added, 0 removed (from 48 certificates)
---
Round: 336, Unk. prob.: 3.777e-01
Upper probs: 6.223e-01, Lower probs: 3.000e-05
No. of non-dominant refs: 15991, Survival refs: 15991, Failure refs: 0
Batch update: 48 refs added, 0 existing refs removed (0 new refs dominated)
Survival: 48 refs added, 0 removed (from 48 certificates)
---
Round: 337, Unk. prob.: 3.763e-01
Upper probs: 6.237e-01, Lower probs: 4.000e-05
No. of non-dominant refs: 16039, Survival refs: 16039, Failure refs: 0
Batch update: 48 refs added, 0 existing refs removed (0 new refs dominated)
Survival: 48 refs added, 0 removed (from 48 certificates)
---
Round: 338, Unk. prob.: 3.756e-01
Upper probs: 6.244e-01, Lower probs: 2.000e-05
No. of non-dominant refs: 16087, Survival refs: 16087, Failure refs: 0
Batch update: 48 refs added, 1 existing refs removed (0 new refs dominated)
Survival: 48 refs added, 1 removed (from 48 certificates)
---
Round: 339, Unk. prob.: 3.740e-01
Upper probs: 6.260e-01, Lower probs: 0.000e+00
No. of non-dominant refs: 16134, Survival refs: 16134, Failure refs: 0
Batch update: 48 refs added, 1 existing refs removed (0 new refs dominated)
Survival: 48 refs added, 1 removed (from 48 certificates)
---
Round: 340, Unk. prob.: 3.741e-01
Upper probs: 6.258e-01, Lower probs: 3.000e-05
No. of non-dominant refs: 16181, Survival refs: 16181, Failure refs: 0
Batch update: 48 refs added, 1 existing refs removed (0 new refs dominated)
Survival: 48 refs added, 1 removed (from 48 certificates)
---
Round: 341, Unk. prob.: 3.728e-01
Upper probs: 6.272e-01, Lower probs: 1.000e-05
No. of non-dominant refs: 16228, Survival refs: 16228, Failure refs: 0
Batch update: 48 refs added, 0 existing refs removed (0 new refs dominated)
Survival: 48 refs added, 0 removed (from 48 certificates)
---
Round: 342, Unk. prob.: 3.757e-01
Upper probs: 6.243e-01, Lower probs: 2.000e-05
No. of non-dominant refs: 16276, Survival refs: 16276, Failure refs: 0
Batch update: 48 refs added, 0 existing refs removed (0 new refs dominated)
Survival: 48 refs added, 0 removed (from 48 certificates)
---
Round: 343, Unk. prob.: 3.730e-01
Upper probs: 6.270e-01, Lower probs: 1.000e-05
No. of non-dominant refs: 16324, Survival refs: 16324, Failure refs: 0
Batch update: 48 refs added, 1 existing refs removed (0 new refs dominated)
Survival: 48 refs added, 1 removed (from 48 certificates)
---
Round: 344, Unk. prob.: 3.741e-01
Upper probs: 6.259e-01, Lower probs: 5.000e-05
No. of non-dominant refs: 16371, Survival refs: 16371, Failure refs: 0
Batch update: 48 refs added, 0 existing refs removed (0 new refs dominated)
Survival: 48 refs added, 0 removed (from 48 certificates)
---
Round: 345, Unk. prob.: 3.726e-01
Upper probs: 6.273e-01, Lower probs: 2.000e-05
No. of non-dominant refs: 16419, Survival refs: 16419, Failure refs: 0
Batch update: 48 refs added, 0 existing refs removed (0 new refs dominated)
Survival: 48 refs added, 0 removed (from 48 certificates)
---
Round: 346, Unk. prob.: 3.734e-01
Upper probs: 6.266e-01, Lower probs: 2.000e-05
No. of non-dominant refs: 16467, Survival refs: 16467, Failure refs: 0
Batch update: 48 refs added, 0 existing refs removed (0 new refs dominated)
Survival: 48 refs added, 0 removed (from 48 certificates)
---
Round: 347, Unk. prob.: 3.747e-01
Upper probs: 6.253e-01, Lower probs: 1.000e-05
No. of non-dominant refs: 16515, Survival refs: 16515, Failure refs: 0
Batch update: 48 refs added, 0 existing refs removed (0 new refs dominated)
Survival: 48 refs added, 0 removed (from 48 certificates)
---
Round: 348, Unk. prob.: 3.719e-01
Upper probs: 6.281e-01, Lower probs: 6.000e-05
No. of non-dominant refs: 16563, Survival refs: 16563, Failure refs: 0
Batch update: 48 refs added, 0 existing refs removed (0 new refs dominated)
Survival: 48 refs added, 0 removed (from 48 certificates)
---
Round: 349, Unk. prob.: 3.725e-01
Upper probs: 6.275e-01, Lower probs: 2.000e-05
No. of non-dominant refs: 16611, Survival refs: 16611, Failure refs: 0
Batch update: 48 refs added, 0 existing refs removed (0 new refs dominated)
Survival: 48 refs added, 0 removed (from 48 certificates)
---
Round: 350, Unk. prob.: 3.708e-01
Upper probs: 6.292e-01, Lower probs: 4.000e-05
No. of non-dominant refs: 16659, Survival refs: 16659, Failure refs: 0
Batch update: 48 refs added, 1 existing refs removed (0 new refs dominated)
Survival: 48 refs added, 1 removed (from 48 certificates)
---
Round: 351, Unk. prob.: 3.693e-01
Upper probs: 6.307e-01, Lower probs: 3.000e-05
No. of non-dominant refs: 16706, Survival refs: 16706, Failure refs: 0
Batch update: 48 refs added, 0 existing refs removed (0 new refs dominated)
Survival: 48 refs added, 0 removed (from 48 certificates)
---
Round: 352, Unk. prob.: 3.723e-01
Upper probs: 6.277e-01, Lower probs: 2.000e-05
No. of non-dominant refs: 16754, Survival refs: 16754, Failure refs: 0
Batch update: 48 refs added, 0 existing refs removed (0 new refs dominated)
Survival: 48 refs added, 0 removed (from 48 certificates)
---
Round: 353, Unk. prob.: 3.725e-01
Upper probs: 6.275e-01, Lower probs: 4.000e-05
No. of non-dominant refs: 16802, Survival refs: 16802, Failure refs: 0
Batch update: 48 refs added, 0 existing refs removed (0 new refs dominated)
Survival: 48 refs added, 0 removed (from 48 certificates)
---
Round: 354, Unk. prob.: 3.720e-01
Upper probs: 6.280e-01, Lower probs: 1.000e-05
No. of non-dominant refs: 16850, Survival refs: 16850, Failure refs: 0
Batch update: 48 refs added, 1 existing refs removed (0 new refs dominated)
Survival: 48 refs added, 1 removed (from 48 certificates)
---
Round: 355, Unk. prob.: 3.705e-01
Upper probs: 6.295e-01, Lower probs: 4.000e-05
No. of non-dominant refs: 16897, Survival refs: 16897, Failure refs: 0
Batch update: 48 refs added, 0 existing refs removed (0 new refs dominated)
Survival: 48 refs added, 0 removed (from 48 certificates)
---
Round: 356, Unk. prob.: 3.744e-01
Upper probs: 6.255e-01, Lower probs: 5.000e-05
No. of non-dominant refs: 16945, Survival refs: 16945, Failure refs: 0
Batch update: 48 refs added, 1 existing refs removed (0 new refs dominated)
Survival: 48 refs added, 1 removed (from 48 certificates)
---
Round: 357, Unk. prob.: 3.726e-01
Upper probs: 6.274e-01, Lower probs: 2.000e-05
No. of non-dominant refs: 16992, Survival refs: 16992, Failure refs: 0
Batch update: 48 refs added, 0 existing refs removed (0 new refs dominated)
Survival: 48 refs added, 0 removed (from 48 certificates)
---
Round: 358, Unk. prob.: 3.726e-01
Upper probs: 6.274e-01, Lower probs: 0.000e+00
No. of non-dominant refs: 17040, Survival refs: 17040, Failure refs: 0
Batch update: 48 refs added, 0 existing refs removed (0 new refs dominated)
Survival: 48 refs added, 0 removed (from 48 certificates)
---
Round: 359, Unk. prob.: 3.710e-01
Upper probs: 6.290e-01, Lower probs: 5.000e-05
No. of non-dominant refs: 17088, Survival refs: 17088, Failure refs: 0
Batch update: 48 refs added, 0 existing refs removed (0 new refs dominated)
Survival: 48 refs added, 0 removed (from 48 certificates)
---
Round: 360, Unk. prob.: 3.680e-01
Upper probs: 6.320e-01, Lower probs: 1.000e-05
No. of non-dominant refs: 17136, Survival refs: 17136, Failure refs: 0
Batch update: 48 refs added, 1 existing refs removed (0 new refs dominated)
Survival: 48 refs added, 1 removed (from 48 certificates)
---
Round: 361, Unk. prob.: 3.703e-01
Upper probs: 6.297e-01, Lower probs: 4.000e-05
No. of non-dominant refs: 17183, Survival refs: 17183, Failure refs: 0
Batch update: 48 refs added, 0 existing refs removed (0 new refs dominated)
Survival: 48 refs added, 0 removed (from 48 certificates)
---
Round: 362, Unk. prob.: 3.696e-01
Upper probs: 6.304e-01, Lower probs: 0.000e+00
No. of non-dominant refs: 17231, Survival refs: 17231, Failure refs: 0
Batch update: 48 refs added, 0 existing refs removed (0 new refs dominated)
Survival: 48 refs added, 0 removed (from 48 certificates)
---
Round: 363, Unk. prob.: 3.671e-01
Upper probs: 6.329e-01, Lower probs: 4.000e-05
No. of non-dominant refs: 17279, Survival refs: 17279, Failure refs: 0
Batch update: 48 refs added, 0 existing refs removed (0 new refs dominated)
Survival: 48 refs added, 0 removed (from 48 certificates)
---
Round: 364, Unk. prob.: 3.675e-01
Upper probs: 6.325e-01, Lower probs: 3.000e-05
No. of non-dominant refs: 17327, Survival refs: 17327, Failure refs: 0
Batch update: 48 refs added, 0 existing refs removed (0 new refs dominated)
Survival: 48 refs added, 0 removed (from 48 certificates)
---
Round: 365, Unk. prob.: 3.701e-01
Upper probs: 6.299e-01, Lower probs: 3.000e-05
No. of non-dominant refs: 17375, Survival refs: 17375, Failure refs: 0
Batch update: 48 refs added, 0 existing refs removed (0 new refs dominated)
Survival: 48 refs added, 0 removed (from 48 certificates)
---
Round: 366, Unk. prob.: 3.700e-01
Upper probs: 6.300e-01, Lower probs: 2.000e-05
No. of non-dominant refs: 17423, Survival refs: 17423, Failure refs: 0
Batch update: 48 refs added, 0 existing refs removed (0 new refs dominated)
Survival: 48 refs added, 0 removed (from 48 certificates)
---
Round: 367, Unk. prob.: 3.724e-01
Upper probs: 6.276e-01, Lower probs: 2.000e-05
No. of non-dominant refs: 17471, Survival refs: 17471, Failure refs: 0
Batch update: 48 refs added, 1 existing refs removed (0 new refs dominated)
Survival: 48 refs added, 1 removed (from 48 certificates)
---
Round: 368, Unk. prob.: 3.694e-01
Upper probs: 6.306e-01, Lower probs: 2.000e-05
No. of non-dominant refs: 17518, Survival refs: 17518, Failure refs: 0
Batch update: 48 refs added, 0 existing refs removed (0 new refs dominated)
Survival: 48 refs added, 0 removed (from 48 certificates)
---
Round: 369, Unk. prob.: 3.700e-01
Upper probs: 6.300e-01, Lower probs: 1.000e-05
No. of non-dominant refs: 17566, Survival refs: 17566, Failure refs: 0
Batch update: 48 refs added, 1 existing refs removed (0 new refs dominated)
Survival: 48 refs added, 1 removed (from 48 certificates)
---
Round: 370, Unk. prob.: 3.715e-01
Upper probs: 6.284e-01, Lower probs: 5.000e-05
No. of non-dominant refs: 17613, Survival refs: 17613, Failure refs: 0
Batch update: 48 refs added, 1 existing refs removed (0 new refs dominated)
Survival: 48 refs added, 1 removed (from 48 certificates)
---
Round: 371, Unk. prob.: 3.686e-01
Upper probs: 6.314e-01, Lower probs: 1.000e-05
No. of non-dominant refs: 17660, Survival refs: 17660, Failure refs: 0
Batch update: 48 refs added, 0 existing refs removed (0 new refs dominated)
Survival: 48 refs added, 0 removed (from 48 certificates)
---
Round: 372, Unk. prob.: 3.674e-01
Upper probs: 6.326e-01, Lower probs: 2.000e-05
No. of non-dominant refs: 17708, Survival refs: 17708, Failure refs: 0
Batch update: 48 refs added, 0 existing refs removed (0 new refs dominated)
Survival: 48 refs added, 0 removed (from 48 certificates)
---
Round: 373, Unk. prob.: 3.699e-01
Upper probs: 6.301e-01, Lower probs: 1.000e-05
No. of non-dominant refs: 17756, Survival refs: 17756, Failure refs: 0
Batch update: 48 refs added, 0 existing refs removed (0 new refs dominated)
Survival: 48 refs added, 0 removed (from 48 certificates)
---
Round: 374, Unk. prob.: 3.685e-01
Upper probs: 6.315e-01, Lower probs: 5.000e-05
No. of non-dominant refs: 17804, Survival refs: 17804, Failure refs: 0
Batch update: 48 refs added, 0 existing refs removed (0 new refs dominated)
Survival: 48 refs added, 0 removed (from 48 certificates)
---
Round: 375, Unk. prob.: 3.643e-01
Upper probs: 6.357e-01, Lower probs: 2.000e-05
No. of non-dominant refs: 17852, Survival refs: 17852, Failure refs: 0
Batch update: 48 refs added, 0 existing refs removed (0 new refs dominated)
Survival: 48 refs added, 0 removed (from 48 certificates)
---
Round: 376, Unk. prob.: 3.701e-01
Upper probs: 6.298e-01, Lower probs: 4.000e-05
No. of non-dominant refs: 17900, Survival refs: 17900, Failure refs: 0
Batch update: 48 refs added, 0 existing refs removed (0 new refs dominated)
Survival: 48 refs added, 0 removed (from 48 certificates)
---
Round: 377, Unk. prob.: 3.697e-01
Upper probs: 6.303e-01, Lower probs: 3.000e-05
No. of non-dominant refs: 17948, Survival refs: 17948, Failure refs: 0
Batch update: 48 refs added, 0 existing refs removed (0 new refs dominated)
Survival: 48 refs added, 0 removed (from 48 certificates)
---
Round: 378, Unk. prob.: 3.657e-01
Upper probs: 6.343e-01, Lower probs: 1.000e-05
No. of non-dominant refs: 17996, Survival refs: 17996, Failure refs: 0
Batch update: 48 refs added, 0 existing refs removed (0 new refs dominated)
Survival: 48 refs added, 0 removed (from 48 certificates)
---
Round: 379, Unk. prob.: 3.673e-01
Upper probs: 6.327e-01, Lower probs: 2.000e-05
No. of non-dominant refs: 18044, Survival refs: 18044, Failure refs: 0
Batch update: 48 refs added, 0 existing refs removed (0 new refs dominated)
Survival: 48 refs added, 0 removed (from 48 certificates)
---
Round: 380, Unk. prob.: 3.658e-01
Upper probs: 6.342e-01, Lower probs: 0.000e+00
No. of non-dominant refs: 18092, Survival refs: 18092, Failure refs: 0
Batch update: 48 refs added, 1 existing refs removed (0 new refs dominated)
Survival: 48 refs added, 1 removed (from 48 certificates)
---
Round: 381, Unk. prob.: 3.660e-01
Upper probs: 6.339e-01, Lower probs: 2.000e-05
No. of non-dominant refs: 18139, Survival refs: 18139, Failure refs: 0
Batch update: 48 refs added, 0 existing refs removed (0 new refs dominated)
Survival: 48 refs added, 0 removed (from 48 certificates)
---
Round: 382, Unk. prob.: 3.687e-01
Upper probs: 6.313e-01, Lower probs: 3.000e-05
No. of non-dominant refs: 18187, Survival refs: 18187, Failure refs: 0
Batch update: 48 refs added, 0 existing refs removed (0 new refs dominated)
Survival: 48 refs added, 0 removed (from 48 certificates)
---
Round: 383, Unk. prob.: 3.679e-01
Upper probs: 6.321e-01, Lower probs: 3.000e-05
No. of non-dominant refs: 18235, Survival refs: 18235, Failure refs: 0
Batch update: 48 refs added, 0 existing refs removed (0 new refs dominated)
Survival: 48 refs added, 0 removed (from 48 certificates)
---
Round: 384, Unk. prob.: 3.646e-01
Upper probs: 6.354e-01, Lower probs: 4.000e-05
No. of non-dominant refs: 18283, Survival refs: 18283, Failure refs: 0
Batch update: 48 refs added, 0 existing refs removed (0 new refs dominated)
Survival: 48 refs added, 0 removed (from 48 certificates)
---
Round: 385, Unk. prob.: 3.687e-01
Upper probs: 6.312e-01, Lower probs: 2.000e-05
No. of non-dominant refs: 18331, Survival refs: 18331, Failure refs: 0
Batch update: 48 refs added, 0 existing refs removed (0 new refs dominated)
Survival: 48 refs added, 0 removed (from 48 certificates)
---
Round: 386, Unk. prob.: 3.671e-01
Upper probs: 6.328e-01, Lower probs: 3.000e-05
No. of non-dominant refs: 18379, Survival refs: 18379, Failure refs: 0
Batch update: 48 refs added, 0 existing refs removed (0 new refs dominated)
Survival: 48 refs added, 0 removed (from 48 certificates)
---
Round: 387, Unk. prob.: 3.660e-01
Upper probs: 6.340e-01, Lower probs: 0.000e+00
No. of non-dominant refs: 18427, Survival refs: 18427, Failure refs: 0
Batch update: 48 refs added, 0 existing refs removed (0 new refs dominated)
Survival: 48 refs added, 0 removed (from 48 certificates)
---
Round: 388, Unk. prob.: 3.656e-01
Upper probs: 6.343e-01, Lower probs: 2.000e-05
No. of non-dominant refs: 18475, Survival refs: 18475, Failure refs: 0
Batch update: 48 refs added, 0 existing refs removed (0 new refs dominated)
Survival: 48 refs added, 0 removed (from 48 certificates)
---
Round: 389, Unk. prob.: 3.650e-01
Upper probs: 6.350e-01, Lower probs: 2.000e-05
No. of non-dominant refs: 18523, Survival refs: 18523, Failure refs: 0
Batch update: 48 refs added, 0 existing refs removed (0 new refs dominated)
Survival: 48 refs added, 0 removed (from 48 certificates)
---
Round: 390, Unk. prob.: 3.660e-01
Upper probs: 6.340e-01, Lower probs: 1.000e-05
No. of non-dominant refs: 18571, Survival refs: 18571, Failure refs: 0
Batch update: 48 refs added, 0 existing refs removed (0 new refs dominated)
Survival: 48 refs added, 0 removed (from 48 certificates)
---
Round: 391, Unk. prob.: 3.634e-01
Upper probs: 6.366e-01, Lower probs: 2.000e-05
No. of non-dominant refs: 18619, Survival refs: 18619, Failure refs: 0
Batch update: 48 refs added, 0 existing refs removed (0 new refs dominated)
Survival: 48 refs added, 0 removed (from 48 certificates)
---
Round: 392, Unk. prob.: 3.657e-01
Upper probs: 6.343e-01, Lower probs: 3.000e-05
No. of non-dominant refs: 18667, Survival refs: 18667, Failure refs: 0
Batch update: 48 refs added, 0 existing refs removed (0 new refs dominated)
Survival: 48 refs added, 0 removed (from 48 certificates)
---
Round: 393, Unk. prob.: 3.641e-01
Upper probs: 6.359e-01, Lower probs: 2.000e-05
No. of non-dominant refs: 18715, Survival refs: 18715, Failure refs: 0
Batch update: 48 refs added, 0 existing refs removed (0 new refs dominated)
Survival: 48 refs added, 0 removed (from 48 certificates)
---
Round: 394, Unk. prob.: 3.644e-01
Upper probs: 6.355e-01, Lower probs: 6.000e-05
No. of non-dominant refs: 18763, Survival refs: 18763, Failure refs: 0
Batch update: 48 refs added, 0 existing refs removed (0 new refs dominated)
Survival: 48 refs added, 0 removed (from 48 certificates)
---
Round: 395, Unk. prob.: 3.632e-01
Upper probs: 6.368e-01, Lower probs: 2.000e-05
No. of non-dominant refs: 18811, Survival refs: 18811, Failure refs: 0
Batch update: 48 refs added, 0 existing refs removed (0 new refs dominated)
Survival: 48 refs added, 0 removed (from 48 certificates)
---
Round: 396, Unk. prob.: 3.638e-01
Upper probs: 6.362e-01, Lower probs: 1.000e-05
No. of non-dominant refs: 18859, Survival refs: 18859, Failure refs: 0
Batch update: 48 refs added, 0 existing refs removed (0 new refs dominated)
Survival: 48 refs added, 0 removed (from 48 certificates)
---
Round: 397, Unk. prob.: 3.634e-01
Upper probs: 6.365e-01, Lower probs: 3.000e-05
No. of non-dominant refs: 18907, Survival refs: 18907, Failure refs: 0
Batch update: 48 refs added, 0 existing refs removed (0 new refs dominated)
Survival: 48 refs added, 0 removed (from 48 certificates)
---
Round: 398, Unk. prob.: 3.659e-01
Upper probs: 6.340e-01, Lower probs: 2.000e-05
No. of non-dominant refs: 18955, Survival refs: 18955, Failure refs: 0
Batch update: 48 refs added, 1 existing refs removed (0 new refs dominated)
Survival: 48 refs added, 1 removed (from 48 certificates)
---
Round: 399, Unk. prob.: 3.659e-01
Upper probs: 6.341e-01, Lower probs: 4.000e-05
No. of non-dominant refs: 19002, Survival refs: 19002, Failure refs: 0
Batch update: 48 refs added, 0 existing refs removed (0 new refs dominated)
Survival: 48 refs added, 0 removed (from 48 certificates)
---
Round: 400, Unk. prob.: 3.643e-01
Upper probs: 6.357e-01, Lower probs: 3.000e-05
No. of non-dominant refs: 19050, Survival refs: 19050, Failure refs: 0
Batch update: 48 refs added, 0 existing refs removed (0 new refs dominated)
Survival: 48 refs added, 0 removed (from 48 certificates)
---
Round: 401, Unk. prob.: 3.619e-01
Upper probs: 6.381e-01, Lower probs: 2.000e-05
No. of non-dominant refs: 19098, Survival refs: 19098, Failure refs: 0
Batch update: 48 refs added, 0 existing refs removed (0 new refs dominated)
Survival: 48 refs added, 0 removed (from 48 certificates)
---
Round: 402, Unk. prob.: 3.646e-01
Upper probs: 6.353e-01, Lower probs: 3.000e-05
No. of non-dominant refs: 19146, Survival refs: 19146, Failure refs: 0
Batch update: 48 refs added, 0 existing refs removed (0 new refs dominated)
Survival: 48 refs added, 0 removed (from 48 certificates)
---
Round: 403, Unk. prob.: 3.624e-01
Upper probs: 6.375e-01, Lower probs: 4.000e-05
No. of non-dominant refs: 19194, Survival refs: 19194, Failure refs: 0
Batch update: 48 refs added, 0 existing refs removed (0 new refs dominated)
Survival: 48 refs added, 0 removed (from 48 certificates)
---
Round: 404, Unk. prob.: 3.654e-01
Upper probs: 6.346e-01, Lower probs: 2.000e-05
No. of non-dominant refs: 19242, Survival refs: 19242, Failure refs: 0
Batch update: 48 refs added, 0 existing refs removed (0 new refs dominated)
Survival: 48 refs added, 0 removed (from 48 certificates)
---
Round: 405, Unk. prob.: 3.619e-01
Upper probs: 6.380e-01, Lower probs: 5.000e-05
No. of non-dominant refs: 19290, Survival refs: 19290, Failure refs: 0
Batch update: 48 refs added, 1 existing refs removed (0 new refs dominated)
Survival: 48 refs added, 1 removed (from 48 certificates)
---
Round: 406, Unk. prob.: 3.638e-01
Upper probs: 6.362e-01, Lower probs: 3.000e-05
No. of non-dominant refs: 19337, Survival refs: 19337, Failure refs: 0
Batch update: 48 refs added, 0 existing refs removed (0 new refs dominated)
Survival: 48 refs added, 0 removed (from 48 certificates)
---
Round: 407, Unk. prob.: 3.634e-01
Upper probs: 6.365e-01, Lower probs: 3.000e-05
No. of non-dominant refs: 19385, Survival refs: 19385, Failure refs: 0
Batch update: 48 refs added, 2 existing refs removed (0 new refs dominated)
Survival: 48 refs added, 2 removed (from 48 certificates)
---
Round: 408, Unk. prob.: 3.644e-01
Upper probs: 6.355e-01, Lower probs: 6.000e-05
No. of non-dominant refs: 19431, Survival refs: 19431, Failure refs: 0
Batch update: 48 refs added, 0 existing refs removed (0 new refs dominated)
Survival: 48 refs added, 0 removed (from 48 certificates)
---
Round: 409, Unk. prob.: 3.656e-01
Upper probs: 6.343e-01, Lower probs: 1.000e-05
No. of non-dominant refs: 19479, Survival refs: 19479, Failure refs: 0
Batch update: 48 refs added, 0 existing refs removed (0 new refs dominated)
Survival: 48 refs added, 0 removed (from 48 certificates)
---
Round: 410, Unk. prob.: 3.614e-01
Upper probs: 6.385e-01, Lower probs: 6.000e-05
No. of non-dominant refs: 19527, Survival refs: 19527, Failure refs: 0
Batch update: 48 refs added, 0 existing refs removed (0 new refs dominated)
Survival: 48 refs added, 0 removed (from 48 certificates)
---
Round: 411, Unk. prob.: 3.621e-01
Upper probs: 6.379e-01, Lower probs: 2.000e-05
No. of non-dominant refs: 19575, Survival refs: 19575, Failure refs: 0
Batch update: 48 refs added, 1 existing refs removed (0 new refs dominated)
Survival: 48 refs added, 1 removed (from 48 certificates)
---
Round: 412, Unk. prob.: 3.592e-01
Upper probs: 6.408e-01, Lower probs: 3.000e-05
No. of non-dominant refs: 19622, Survival refs: 19622, Failure refs: 0
Batch update: 48 refs added, 0 existing refs removed (0 new refs dominated)
Survival: 48 refs added, 0 removed (from 48 certificates)
---
Round: 413, Unk. prob.: 3.616e-01
Upper probs: 6.384e-01, Lower probs: 1.000e-05
No. of non-dominant refs: 19670, Survival refs: 19670, Failure refs: 0
Batch update: 48 refs added, 0 existing refs removed (0 new refs dominated)
Survival: 48 refs added, 0 removed (from 48 certificates)
---
Round: 414, Unk. prob.: 3.622e-01
Upper probs: 6.378e-01, Lower probs: 2.000e-05
No. of non-dominant refs: 19718, Survival refs: 19718, Failure refs: 0
Batch update: 48 refs added, 0 existing refs removed (0 new refs dominated)
Survival: 48 refs added, 0 removed (from 48 certificates)
---
Round: 415, Unk. prob.: 3.629e-01
Upper probs: 6.371e-01, Lower probs: 2.000e-05
No. of non-dominant refs: 19766, Survival refs: 19766, Failure refs: 0
Batch update: 48 refs added, 0 existing refs removed (0 new refs dominated)
Survival: 48 refs added, 0 removed (from 48 certificates)
---
Round: 416, Unk. prob.: 3.617e-01
Upper probs: 6.383e-01, Lower probs: 3.000e-05
No. of non-dominant refs: 19814, Survival refs: 19814, Failure refs: 0
Batch update: 48 refs added, 1 existing refs removed (0 new refs dominated)
Survival: 48 refs added, 1 removed (from 48 certificates)
---
Round: 417, Unk. prob.: 3.632e-01
Upper probs: 6.368e-01, Lower probs: 1.000e-05
No. of non-dominant refs: 19861, Survival refs: 19861, Failure refs: 0
Batch update: 48 refs added, 0 existing refs removed (0 new refs dominated)
Survival: 48 refs added, 0 removed (from 48 certificates)
---
Round: 418, Unk. prob.: 3.602e-01
Upper probs: 6.398e-01, Lower probs: 2.000e-05
No. of non-dominant refs: 19909, Survival refs: 19909, Failure refs: 0
Batch update: 48 refs added, 0 existing refs removed (0 new refs dominated)
Survival: 48 refs added, 0 removed (from 48 certificates)
---
Round: 419, Unk. prob.: 3.584e-01
Upper probs: 6.416e-01, Lower probs: 1.000e-05
No. of non-dominant refs: 19957, Survival refs: 19957, Failure refs: 0
Batch update: 48 refs added, 2 existing refs removed (0 new refs dominated)
Survival: 48 refs added, 2 removed (from 48 certificates)
---
Round: 420, Unk. prob.: 3.584e-01
Upper probs: 6.415e-01, Lower probs: 2.000e-05
No. of non-dominant refs: 20003, Survival refs: 20003, Failure refs: 0
Batch update: 48 refs added, 1 existing refs removed (0 new refs dominated)
Survival: 48 refs added, 1 removed (from 48 certificates)
---
Round: 421, Unk. prob.: 3.603e-01
Upper probs: 6.397e-01, Lower probs: 6.000e-05
No. of non-dominant refs: 20050, Survival refs: 20050, Failure refs: 0
Batch update: 48 refs added, 1 existing refs removed (0 new refs dominated)
Survival: 48 refs added, 1 removed (from 48 certificates)
---
Round: 422, Unk. prob.: 3.614e-01
Upper probs: 6.385e-01, Lower probs: 2.000e-05
No. of non-dominant refs: 20097, Survival refs: 20097, Failure refs: 0
Batch update: 48 refs added, 0 existing refs removed (0 new refs dominated)
Survival: 48 refs added, 0 removed (from 48 certificates)
---
Round: 423, Unk. prob.: 3.583e-01
Upper probs: 6.417e-01, Lower probs: 1.000e-05
No. of non-dominant refs: 20145, Survival refs: 20145, Failure refs: 0
Batch update: 48 refs added, 0 existing refs removed (0 new refs dominated)
Survival: 48 refs added, 0 removed (from 48 certificates)
---
Round: 424, Unk. prob.: 3.607e-01
Upper probs: 6.392e-01, Lower probs: 2.000e-05
No. of non-dominant refs: 20193, Survival refs: 20193, Failure refs: 0
Batch update: 48 refs added, 1 existing refs removed (0 new refs dominated)
Survival: 48 refs added, 1 removed (from 48 certificates)
---
Round: 425, Unk. prob.: 3.589e-01
Upper probs: 6.411e-01, Lower probs: 6.000e-05
No. of non-dominant refs: 20240, Survival refs: 20240, Failure refs: 0
Batch update: 48 refs added, 0 existing refs removed (0 new refs dominated)
Survival: 48 refs added, 0 removed (from 48 certificates)
---
Round: 426, Unk. prob.: 3.567e-01
Upper probs: 6.433e-01, Lower probs: 0.000e+00
No. of non-dominant refs: 20288, Survival refs: 20288, Failure refs: 0
Batch update: 48 refs added, 0 existing refs removed (0 new refs dominated)
Survival: 48 refs added, 0 removed (from 48 certificates)
---
Round: 427, Unk. prob.: 3.588e-01
Upper probs: 6.411e-01, Lower probs: 7.000e-05
No. of non-dominant refs: 20336, Survival refs: 20336, Failure refs: 0
Batch update: 48 refs added, 1 existing refs removed (0 new refs dominated)
Survival: 48 refs added, 1 removed (from 48 certificates)
---
Round: 428, Unk. prob.: 3.581e-01
Upper probs: 6.419e-01, Lower probs: 3.000e-05
No. of non-dominant refs: 20383, Survival refs: 20383, Failure refs: 0
Batch update: 48 refs added, 1 existing refs removed (0 new refs dominated)
Survival: 48 refs added, 1 removed (from 48 certificates)
---
Round: 429, Unk. prob.: 3.575e-01
Upper probs: 6.425e-01, Lower probs: 6.000e-05
No. of non-dominant refs: 20430, Survival refs: 20430, Failure refs: 0
Batch update: 48 refs added, 0 existing refs removed (0 new refs dominated)
Survival: 48 refs added, 0 removed (from 48 certificates)
---
Round: 430, Unk. prob.: 3.608e-01
Upper probs: 6.392e-01, Lower probs: 0.000e+00
No. of non-dominant refs: 20478, Survival refs: 20478, Failure refs: 0
Batch update: 48 refs added, 0 existing refs removed (0 new refs dominated)
Survival: 48 refs added, 0 removed (from 48 certificates)
---
Round: 431, Unk. prob.: 3.571e-01
Upper probs: 6.429e-01, Lower probs: 1.000e-05
No. of non-dominant refs: 20526, Survival refs: 20526, Failure refs: 0
Batch update: 48 refs added, 0 existing refs removed (0 new refs dominated)
Survival: 48 refs added, 0 removed (from 48 certificates)
---
Round: 432, Unk. prob.: 3.604e-01
Upper probs: 6.395e-01, Lower probs: 6.000e-05
No. of non-dominant refs: 20574, Survival refs: 20574, Failure refs: 0
Batch update: 48 refs added, 0 existing refs removed (0 new refs dominated)
Survival: 48 refs added, 0 removed (from 48 certificates)
---
Round: 433, Unk. prob.: 3.591e-01
Upper probs: 6.409e-01, Lower probs: 2.000e-05
No. of non-dominant refs: 20622, Survival refs: 20622, Failure refs: 0
Batch update: 48 refs added, 0 existing refs removed (0 new refs dominated)
Survival: 48 refs added, 0 removed (from 48 certificates)
---
Round: 434, Unk. prob.: 3.590e-01
Upper probs: 6.410e-01, Lower probs: 2.000e-05
No. of non-dominant refs: 20670, Survival refs: 20670, Failure refs: 0
Batch update: 48 refs added, 0 existing refs removed (0 new refs dominated)
Survival: 48 refs added, 0 removed (from 48 certificates)
---
Round: 435, Unk. prob.: 3.570e-01
Upper probs: 6.430e-01, Lower probs: 4.000e-05
No. of non-dominant refs: 20718, Survival refs: 20718, Failure refs: 0
Batch update: 48 refs added, 0 existing refs removed (0 new refs dominated)
Survival: 48 refs added, 0 removed (from 48 certificates)
---
Round: 436, Unk. prob.: 3.569e-01
Upper probs: 6.431e-01, Lower probs: 1.000e-05
No. of non-dominant refs: 20766, Survival refs: 20766, Failure refs: 0
Batch update: 48 refs added, 0 existing refs removed (0 new refs dominated)
Survival: 48 refs added, 0 removed (from 48 certificates)
---
Round: 437, Unk. prob.: 3.565e-01
Upper probs: 6.435e-01, Lower probs: 3.000e-05
No. of non-dominant refs: 20814, Survival refs: 20814, Failure refs: 0
Batch update: 48 refs added, 0 existing refs removed (0 new refs dominated)
Survival: 48 refs added, 0 removed (from 48 certificates)
---
Round: 438, Unk. prob.: 3.606e-01
Upper probs: 6.394e-01, Lower probs: 5.000e-05
No. of non-dominant refs: 20862, Survival refs: 20862, Failure refs: 0
Batch update: 48 refs added, 1 existing refs removed (0 new refs dominated)
Survival: 48 refs added, 1 removed (from 48 certificates)
---
Round: 439, Unk. prob.: 3.580e-01
Upper probs: 6.420e-01, Lower probs: 1.000e-05
No. of non-dominant refs: 20909, Survival refs: 20909, Failure refs: 0
Batch update: 48 refs added, 0 existing refs removed (0 new refs dominated)
Survival: 48 refs added, 0 removed (from 48 certificates)
---
Round: 440, Unk. prob.: 3.574e-01
Upper probs: 6.426e-01, Lower probs: 2.000e-05
No. of non-dominant refs: 20957, Survival refs: 20957, Failure refs: 0
Batch update: 48 refs added, 0 existing refs removed (0 new refs dominated)
Survival: 48 refs added, 0 removed (from 48 certificates)
---
Round: 441, Unk. prob.: 3.584e-01
Upper probs: 6.416e-01, Lower probs: 5.000e-05
No. of non-dominant refs: 21005, Survival refs: 21005, Failure refs: 0
Batch update: 48 refs added, 1 existing refs removed (0 new refs dominated)
Survival: 48 refs added, 1 removed (from 48 certificates)
---
Round: 442, Unk. prob.: 3.569e-01
Upper probs: 6.430e-01, Lower probs: 6.000e-05
No. of non-dominant refs: 21052, Survival refs: 21052, Failure refs: 0
Batch update: 48 refs added, 0 existing refs removed (0 new refs dominated)
Survival: 48 refs added, 0 removed (from 48 certificates)
---
Round: 443, Unk. prob.: 3.603e-01
Upper probs: 6.397e-01, Lower probs: 0.000e+00
No. of non-dominant refs: 21100, Survival refs: 21100, Failure refs: 0
Batch update: 48 refs added, 0 existing refs removed (0 new refs dominated)
Survival: 48 refs added, 0 removed (from 48 certificates)
---
Round: 444, Unk. prob.: 3.597e-01
Upper probs: 6.402e-01, Lower probs: 5.000e-05
No. of non-dominant refs: 21148, Survival refs: 21148, Failure refs: 0
Batch update: 48 refs added, 0 existing refs removed (0 new refs dominated)
Survival: 48 refs added, 0 removed (from 48 certificates)
---
Round: 445, Unk. prob.: 3.562e-01
Upper probs: 6.438e-01, Lower probs: 2.000e-05
No. of non-dominant refs: 21196, Survival refs: 21196, Failure refs: 0
Batch update: 48 refs added, 0 existing refs removed (0 new refs dominated)
Survival: 48 refs added, 0 removed (from 48 certificates)
---
Round: 446, Unk. prob.: 3.569e-01
Upper probs: 6.431e-01, Lower probs: 3.000e-05
No. of non-dominant refs: 21244, Survival refs: 21244, Failure refs: 0
Batch update: 48 refs added, 0 existing refs removed (0 new refs dominated)
Survival: 48 refs added, 0 removed (from 48 certificates)
---
Round: 447, Unk. prob.: 3.573e-01
Upper probs: 6.426e-01, Lower probs: 4.000e-05
No. of non-dominant refs: 21292, Survival refs: 21292, Failure refs: 0
Batch update: 48 refs added, 0 existing refs removed (0 new refs dominated)
Survival: 48 refs added, 0 removed (from 48 certificates)
---
Round: 448, Unk. prob.: 3.568e-01
Upper probs: 6.432e-01, Lower probs: 2.000e-05
No. of non-dominant refs: 21340, Survival refs: 21340, Failure refs: 0
Batch update: 48 refs added, 1 existing refs removed (0 new refs dominated)
Survival: 48 refs added, 1 removed (from 48 certificates)
---
Round: 449, Unk. prob.: 3.594e-01
Upper probs: 6.406e-01, Lower probs: 6.000e-05
No. of non-dominant refs: 21387, Survival refs: 21387, Failure refs: 0
Batch update: 48 refs added, 0 existing refs removed (0 new refs dominated)
Survival: 48 refs added, 0 removed (from 48 certificates)
---
Round: 450, Unk. prob.: 3.600e-01
Upper probs: 6.400e-01, Lower probs: 5.000e-05
No. of non-dominant refs: 21435, Survival refs: 21435, Failure refs: 0
Batch update: 48 refs added, 0 existing refs removed (0 new refs dominated)
Survival: 48 refs added, 0 removed (from 48 certificates)
---
Round: 451, Unk. prob.: 3.554e-01
Upper probs: 6.446e-01, Lower probs: 2.000e-05
No. of non-dominant refs: 21483, Survival refs: 21483, Failure refs: 0
Batch update: 48 refs added, 0 existing refs removed (0 new refs dominated)
Survival: 48 refs added, 0 removed (from 48 certificates)
---
Round: 452, Unk. prob.: 3.568e-01
Upper probs: 6.432e-01, Lower probs: 0.000e+00
No. of non-dominant refs: 21531, Survival refs: 21531, Failure refs: 0
Batch update: 48 refs added, 0 existing refs removed (0 new refs dominated)
Survival: 48 refs added, 0 removed (from 48 certificates)
---
Round: 453, Unk. prob.: 3.545e-01
Upper probs: 6.455e-01, Lower probs: 2.000e-05
No. of non-dominant refs: 21579, Survival refs: 21579, Failure refs: 0
Batch update: 48 refs added, 2 existing refs removed (0 new refs dominated)
Survival: 48 refs added, 2 removed (from 48 certificates)
---
Round: 454, Unk. prob.: 3.549e-01
Upper probs: 6.450e-01, Lower probs: 4.000e-05
No. of non-dominant refs: 21625, Survival refs: 21625, Failure refs: 0
Batch update: 48 refs added, 1 existing refs removed (0 new refs dominated)
Survival: 48 refs added, 1 removed (from 48 certificates)
---
Round: 455, Unk. prob.: 3.545e-01
Upper probs: 6.455e-01, Lower probs: 1.000e-05
No. of non-dominant refs: 21672, Survival refs: 21672, Failure refs: 0
Batch update: 48 refs added, 1 existing refs removed (0 new refs dominated)
Survival: 48 refs added, 1 removed (from 48 certificates)
---
Round: 456, Unk. prob.: 3.540e-01
Upper probs: 6.460e-01, Lower probs: 6.000e-05
No. of non-dominant refs: 21719, Survival refs: 21719, Failure refs: 0
Batch update: 47 refs added, 0 existing refs removed (0 new refs dominated)
Survival: 47 refs added, 0 removed (from 47 certificates)
Failure cuts: 1 added (total 32)
---
Round: 457, Unk. prob.: 3.561e-01
Upper probs: 6.438e-01, Lower probs: 6.000e-05
No. of non-dominant refs: 21766, Survival refs: 21766, Failure refs: 0
Batch update: 47 refs added, 1 existing refs removed (0 new refs dominated)
Survival: 47 refs added, 1 removed (from 47 certificates)
Failure cuts: 1 added (total 33)
---
Round: 458, Unk. prob.: 3.555e-01
Upper probs: 6.445e-01, Lower probs: 2.000e-05
No. of non-dominant refs: 21812, Survival refs: 21812, Failure refs: 0
Batch update: 48 refs added, 1 existing refs removed (0 new refs dominated)
Survival: 48 refs added, 1 removed (from 48 certificates)
---
Round: 459, Unk. prob.: 3.534e-01
Upper probs: 6.466e-01, Lower probs: 2.000e-05
No. of non-dominant refs: 21859, Survival refs: 21859, Failure refs: 0
Batch update: 48 refs added, 0 existing refs removed (0 new refs dominated)
Survival: 48 refs added, 0 removed (from 48 certificates)
---
Round: 460, Unk. prob.: 3.563e-01
Upper probs: 6.437e-01, Lower probs: 1.000e-05
No. of non-dominant refs: 21907, Survival refs: 21907, Failure refs: 0
Batch update: 48 refs added, 0 existing refs removed (0 new refs dominated)
Survival: 48 refs added, 0 removed (from 48 certificates)
---
Round: 461, Unk. prob.: 3.594e-01
Upper probs: 6.405e-01, Lower probs: 1.000e-05
No. of non-dominant refs: 21955, Survival refs: 21955, Failure refs: 0
Batch update: 48 refs added, 0 existing refs removed (0 new refs dominated)
Survival: 48 refs added, 0 removed (from 48 certificates)
---
Round: 462, Unk. prob.: 3.545e-01
Upper probs: 6.454e-01, Lower probs: 4.000e-05
No. of non-dominant refs: 22003, Survival refs: 22003, Failure refs: 0
Batch update: 48 refs added, 0 existing refs removed (0 new refs dominated)
Survival: 48 refs added, 0 removed (from 48 certificates)
---
Round: 463, Unk. prob.: 3.555e-01
Upper probs: 6.445e-01, Lower probs: 3.000e-05
No. of non-dominant refs: 22051, Survival refs: 22051, Failure refs: 0
Batch update: 48 refs added, 1 existing refs removed (0 new refs dominated)
Survival: 48 refs added, 1 removed (from 48 certificates)
---
Round: 464, Unk. prob.: 3.534e-01
Upper probs: 6.466e-01, Lower probs: 3.000e-05
No. of non-dominant refs: 22098, Survival refs: 22098, Failure refs: 0
Batch update: 48 refs added, 0 existing refs removed (0 new refs dominated)
Survival: 48 refs added, 0 removed (from 48 certificates)
---
Round: 465, Unk. prob.: 3.559e-01
Upper probs: 6.441e-01, Lower probs: 4.000e-05
No. of non-dominant refs: 22146, Survival refs: 22146, Failure refs: 0
Batch update: 48 refs added, 0 existing refs removed (0 new refs dominated)
Survival: 48 refs added, 0 removed (from 48 certificates)
---
Round: 466, Unk. prob.: 3.547e-01
Upper probs: 6.453e-01, Lower probs: 5.000e-05
No. of non-dominant refs: 22194, Survival refs: 22194, Failure refs: 0
Batch update: 48 refs added, 2 existing refs removed (0 new refs dominated)
Survival: 48 refs added, 2 removed (from 48 certificates)
---
Round: 467, Unk. prob.: 3.560e-01
Upper probs: 6.439e-01, Lower probs: 3.000e-05
No. of non-dominant refs: 22240, Survival refs: 22240, Failure refs: 0
Batch update: 47 refs added, 0 existing refs removed (0 new refs dominated)
Survival: 47 refs added, 0 removed (from 47 certificates)
Batch update: 1 refs added, 0 existing refs removed (0 new refs dominated)
Failure: 1 refs added, 0 removed (from 1 candidates)
---
Round: 468, Unk. prob.: 3.554e-01
Upper probs: 6.446e-01, Lower probs: 3.000e-05
No. of non-dominant refs: 22288, Survival refs: 22287, Failure refs: 1
Batch update: 48 refs added, 0 existing refs removed (0 new refs dominated)
Survival: 48 refs added, 0 removed (from 48 certificates)
---
Round: 469, Unk. prob.: 3.528e-01
Upper probs: 6.472e-01, Lower probs: 1.000e-05
No. of non-dominant refs: 22336, Survival refs: 22335, Failure refs: 1
Batch update: 48 refs added, 1 existing refs removed (0 new refs dominated)
Survival: 48 refs added, 1 removed (from 48 certificates)
---
Round: 470, Unk. prob.: 3.535e-01
Upper probs: 6.464e-01, Lower probs: 7.000e-05
No. of non-dominant refs: 22383, Survival refs: 22382, Failure refs: 1
Batch update: 48 refs added, 0 existing refs removed (0 new refs dominated)
Survival: 48 refs added, 0 removed (from 48 certificates)
---
Round: 471, Unk. prob.: 3.549e-01
Upper probs: 6.451e-01, Lower probs: 1.000e-05
No. of non-dominant refs: 22431, Survival refs: 22430, Failure refs: 1
Batch update: 48 refs added, 0 existing refs removed (0 new refs dominated)
Survival: 48 refs added, 0 removed (from 48 certificates)
---
Round: 472, Unk. prob.: 3.549e-01
Upper probs: 6.451e-01, Lower probs: 5.000e-05
No. of non-dominant refs: 22479, Survival refs: 22478, Failure refs: 1
Batch update: 48 refs added, 2 existing refs removed (0 new refs dominated)
Survival: 48 refs added, 2 removed (from 48 certificates)
---
Round: 473, Unk. prob.: 3.553e-01
Upper probs: 6.446e-01, Lower probs: 3.000e-05
No. of non-dominant refs: 22525, Survival refs: 22524, Failure refs: 1
Batch update: 48 refs added, 0 existing refs removed (0 new refs dominated)
Survival: 48 refs added, 0 removed (from 48 certificates)
---
Round: 474, Unk. prob.: 3.553e-01
Upper probs: 6.447e-01, Lower probs: 2.000e-05
No. of non-dominant refs: 22573, Survival refs: 22572, Failure refs: 1
Batch update: 48 refs added, 0 existing refs removed (0 new refs dominated)
Survival: 48 refs added, 0 removed (from 48 certificates)
---
Round: 475, Unk. prob.: 3.517e-01
Upper probs: 6.483e-01, Lower probs: 5.000e-05
No. of non-dominant refs: 22621, Survival refs: 22620, Failure refs: 1
Batch update: 48 refs added, 0 existing refs removed (0 new refs dominated)
Survival: 48 refs added, 0 removed (from 48 certificates)
---
Round: 476, Unk. prob.: 3.541e-01
Upper probs: 6.459e-01, Lower probs: 3.000e-05
No. of non-dominant refs: 22669, Survival refs: 22668, Failure refs: 1
Batch update: 48 refs added, 0 existing refs removed (0 new refs dominated)
Survival: 48 refs added, 0 removed (from 48 certificates)
---
Round: 477, Unk. prob.: 3.541e-01
Upper probs: 6.459e-01, Lower probs: 1.000e-05
No. of non-dominant refs: 22717, Survival refs: 22716, Failure refs: 1
Batch update: 48 refs added, 0 existing refs removed (0 new refs dominated)
Survival: 48 refs added, 0 removed (from 48 certificates)
---
Round: 478, Unk. prob.: 3.522e-01
Upper probs: 6.478e-01, Lower probs: 2.000e-05
No. of non-dominant refs: 22765, Survival refs: 22764, Failure refs: 1
Batch update: 48 refs added, 0 existing refs removed (0 new refs dominated)
Survival: 48 refs added, 0 removed (from 48 certificates)
---
Round: 479, Unk. prob.: 3.507e-01
Upper probs: 6.493e-01, Lower probs: 2.000e-05
No. of non-dominant refs: 22813, Survival refs: 22812, Failure refs: 1
Batch update: 48 refs added, 0 existing refs removed (0 new refs dominated)
Survival: 48 refs added, 0 removed (from 48 certificates)
---
Round: 480, Unk. prob.: 3.514e-01
Upper probs: 6.486e-01, Lower probs: 5.000e-05
No. of non-dominant refs: 22861, Survival refs: 22860, Failure refs: 1
Batch update: 48 refs added, 0 existing refs removed (0 new refs dominated)
Survival: 48 refs added, 0 removed (from 48 certificates)
---
Round: 481, Unk. prob.: 3.517e-01
Upper probs: 6.483e-01, Lower probs: 2.000e-05
No. of non-dominant refs: 22909, Survival refs: 22908, Failure refs: 1
Batch update: 48 refs added, 0 existing refs removed (0 new refs dominated)
Survival: 48 refs added, 0 removed (from 48 certificates)
---
Round: 482, Unk. prob.: 3.510e-01
Upper probs: 6.490e-01, Lower probs: 2.000e-05
No. of non-dominant refs: 22957, Survival refs: 22956, Failure refs: 1
Batch update: 48 refs added, 0 existing refs removed (0 new refs dominated)
Survival: 48 refs added, 0 removed (from 48 certificates)
---
Round: 483, Unk. prob.: 3.519e-01
Upper probs: 6.481e-01, Lower probs: 5.000e-05
No. of non-dominant refs: 23005, Survival refs: 23004, Failure refs: 1
Batch update: 48 refs added, 0 existing refs removed (0 new refs dominated)
Survival: 48 refs added, 0 removed (from 48 certificates)
---
Round: 484, Unk. prob.: 3.516e-01
Upper probs: 6.484e-01, Lower probs: 4.000e-05
No. of non-dominant refs: 23053, Survival refs: 23052, Failure refs: 1
Batch update: 48 refs added, 0 existing refs removed (0 new refs dominated)
Survival: 48 refs added, 0 removed (from 48 certificates)
---
Round: 485, Unk. prob.: 3.496e-01
Upper probs: 6.504e-01, Lower probs: 1.000e-05
No. of non-dominant refs: 23101, Survival refs: 23100, Failure refs: 1
Batch update: 48 refs added, 1 existing refs removed (0 new refs dominated)
Survival: 48 refs added, 1 removed (from 48 certificates)
---
Round: 486, Unk. prob.: 3.531e-01
Upper probs: 6.469e-01, Lower probs: 1.000e-05
No. of non-dominant refs: 23148, Survival refs: 23147, Failure refs: 1
Batch update: 48 refs added, 0 existing refs removed (0 new refs dominated)
Survival: 48 refs added, 0 removed (from 48 certificates)
---
Round: 487, Unk. prob.: 3.500e-01
Upper probs: 6.500e-01, Lower probs: 5.000e-05
No. of non-dominant refs: 23196, Survival refs: 23195, Failure refs: 1
Batch update: 48 refs added, 0 existing refs removed (0 new refs dominated)
Survival: 48 refs added, 0 removed (from 48 certificates)
---
Round: 488, Unk. prob.: 3.501e-01
Upper probs: 6.499e-01, Lower probs: 1.000e-05
No. of non-dominant refs: 23244, Survival refs: 23243, Failure refs: 1
Batch update: 48 refs added, 0 existing refs removed (0 new refs dominated)
Survival: 48 refs added, 0 removed (from 48 certificates)
---
Round: 489, Unk. prob.: 3.523e-01
Upper probs: 6.476e-01, Lower probs: 4.000e-05
No. of non-dominant refs: 23292, Survival refs: 23291, Failure refs: 1
Batch update: 48 refs added, 0 existing refs removed (0 new refs dominated)
Survival: 48 refs added, 0 removed (from 48 certificates)
---
Round: 490, Unk. prob.: 3.524e-01
Upper probs: 6.475e-01, Lower probs: 3.000e-05
No. of non-dominant refs: 23340, Survival refs: 23339, Failure refs: 1
Batch update: 48 refs added, 1 existing refs removed (0 new refs dominated)
Survival: 48 refs added, 1 removed (from 48 certificates)
---
Round: 491, Unk. prob.: 3.520e-01
Upper probs: 6.480e-01, Lower probs: 1.000e-05
No. of non-dominant refs: 23387, Survival refs: 23386, Failure refs: 1
Batch update: 48 refs added, 0 existing refs removed (0 new refs dominated)
Survival: 48 refs added, 0 removed (from 48 certificates)
---
Round: 492, Unk. prob.: 3.514e-01
Upper probs: 6.485e-01, Lower probs: 1.000e-05
No. of non-dominant refs: 23435, Survival refs: 23434, Failure refs: 1
Batch update: 48 refs added, 0 existing refs removed (0 new refs dominated)
Survival: 48 refs added, 0 removed (from 48 certificates)
---
Round: 493, Unk. prob.: 3.510e-01
Upper probs: 6.490e-01, Lower probs: 2.000e-05
No. of non-dominant refs: 23483, Survival refs: 23482, Failure refs: 1
Batch update: 48 refs added, 0 existing refs removed (0 new refs dominated)
Survival: 48 refs added, 0 removed (from 48 certificates)
---
Round: 494, Unk. prob.: 3.530e-01
Upper probs: 6.470e-01, Lower probs: 0.000e+00
No. of non-dominant refs: 23531, Survival refs: 23530, Failure refs: 1
Batch update: 48 refs added, 0 existing refs removed (0 new refs dominated)
Survival: 48 refs added, 0 removed (from 48 certificates)
---
Round: 495, Unk. prob.: 3.501e-01
Upper probs: 6.499e-01, Lower probs: 2.000e-05
No. of non-dominant refs: 23579, Survival refs: 23578, Failure refs: 1
Batch update: 48 refs added, 0 existing refs removed (0 new refs dominated)
Survival: 48 refs added, 0 removed (from 48 certificates)
---
Round: 496, Unk. prob.: 3.515e-01
Upper probs: 6.484e-01, Lower probs: 4.000e-05
No. of non-dominant refs: 23627, Survival refs: 23626, Failure refs: 1
Batch update: 48 refs added, 0 existing refs removed (0 new refs dominated)
Survival: 48 refs added, 0 removed (from 48 certificates)
---
Round: 497, Unk. prob.: 3.471e-01
Upper probs: 6.529e-01, Lower probs: 4.000e-05
No. of non-dominant refs: 23675, Survival refs: 23674, Failure refs: 1
Batch update: 48 refs added, 0 existing refs removed (0 new refs dominated)
Survival: 48 refs added, 0 removed (from 48 certificates)
---
Round: 498, Unk. prob.: 3.492e-01
Upper probs: 6.508e-01, Lower probs: 3.000e-05
No. of non-dominant refs: 23723, Survival refs: 23722, Failure refs: 1
Batch update: 48 refs added, 0 existing refs removed (0 new refs dominated)
Survival: 48 refs added, 0 removed (from 48 certificates)
---
Round: 499, Unk. prob.: 3.505e-01
Upper probs: 6.495e-01, Lower probs: 2.000e-05
No. of non-dominant refs: 23771, Survival refs: 23770, Failure refs: 1
Batch update: 48 refs added, 0 existing refs removed (0 new refs dominated)
Survival: 48 refs added, 0 removed (from 48 certificates)
---
Round: 500, Unk. prob.: 3.499e-01
Upper probs: 6.500e-01, Lower probs: 5.000e-05
No. of non-dominant refs: 23819, Survival refs: 23818, Failure refs: 1
Batch update: 48 refs added, 0 existing refs removed (0 new refs dominated)
Survival: 48 refs added, 0 removed (from 48 certificates)
---
Probs: 'upper':  6.503e-01, 'lower':  2.390e-05, 'unkn':  3.497e-01
---
Round: 501, Unk. prob.: 3.497e-01
Upper probs: 6.503e-01, Lower probs: 2.390e-05
No. of non-dominant refs: 23867, Survival refs: 23866, Failure refs: 1
Batch update: 48 refs added, 0 existing refs removed (0 new refs dominated)
Survival: 48 refs added, 0 removed (from 48 certificates)
---
Round: 502, Unk. prob.: 3.479e-01
Upper probs: 6.520e-01, Lower probs: 6.000e-05
No. of non-dominant refs: 23915, Survival refs: 23914, Failure refs: 1
Batch update: 48 refs added, 1 existing refs removed (0 new refs dominated)
Survival: 48 refs added, 1 removed (from 48 certificates)
---
Round: 503, Unk. prob.: 3.466e-01
Upper probs: 6.534e-01, Lower probs: 2.000e-05
No. of non-dominant refs: 23962, Survival refs: 23961, Failure refs: 1
Batch update: 48 refs added, 1 existing refs removed (0 new refs dominated)
Survival: 48 refs added, 1 removed (from 48 certificates)
---
Round: 504, Unk. prob.: 3.493e-01
Upper probs: 6.507e-01, Lower probs: 1.000e-05
No. of non-dominant refs: 24009, Survival refs: 24008, Failure refs: 1
Batch update: 48 refs added, 0 existing refs removed (0 new refs dominated)
Survival: 48 refs added, 0 removed (from 48 certificates)
---
Round: 505, Unk. prob.: 3.483e-01
Upper probs: 6.517e-01, Lower probs: 2.000e-05
No. of non-dominant refs: 24057, Survival refs: 24056, Failure refs: 1
Batch update: 48 refs added, 0 existing refs removed (0 new refs dominated)
Survival: 48 refs added, 0 removed (from 48 certificates)
---
Round: 506, Unk. prob.: 3.489e-01
Upper probs: 6.510e-01, Lower probs: 5.000e-05
No. of non-dominant refs: 24105, Survival refs: 24104, Failure refs: 1
Batch update: 48 refs added, 0 existing refs removed (0 new refs dominated)
Survival: 48 refs added, 0 removed (from 48 certificates)
---
Round: 507, Unk. prob.: 3.477e-01
Upper probs: 6.522e-01, Lower probs: 2.000e-05
No. of non-dominant refs: 24153, Survival refs: 24152, Failure refs: 1
Batch update: 48 refs added, 0 existing refs removed (0 new refs dominated)
Survival: 48 refs added, 0 removed (from 48 certificates)
---
Round: 508, Unk. prob.: 3.496e-01
Upper probs: 6.504e-01, Lower probs: 3.000e-05
No. of non-dominant refs: 24201, Survival refs: 24200, Failure refs: 1
Batch update: 48 refs added, 0 existing refs removed (0 new refs dominated)
Survival: 48 refs added, 0 removed (from 48 certificates)
---
Round: 509, Unk. prob.: 3.468e-01
Upper probs: 6.532e-01, Lower probs: 4.000e-05
No. of non-dominant refs: 24249, Survival refs: 24248, Failure refs: 1
Batch update: 48 refs added, 1 existing refs removed (0 new refs dominated)
Survival: 48 refs added, 1 removed (from 48 certificates)
---
Round: 510, Unk. prob.: 3.482e-01
Upper probs: 6.518e-01, Lower probs: 1.000e-05
No. of non-dominant refs: 24296, Survival refs: 24295, Failure refs: 1
Batch update: 48 refs added, 0 existing refs removed (0 new refs dominated)
Survival: 48 refs added, 0 removed (from 48 certificates)
---
Round: 511, Unk. prob.: 3.485e-01
Upper probs: 6.514e-01, Lower probs: 4.000e-05
No. of non-dominant refs: 24344, Survival refs: 24343, Failure refs: 1
Batch update: 48 refs added, 0 existing refs removed (0 new refs dominated)
Survival: 48 refs added, 0 removed (from 48 certificates)
---
Round: 512, Unk. prob.: 3.474e-01
Upper probs: 6.525e-01, Lower probs: 3.000e-05
No. of non-dominant refs: 24392, Survival refs: 24391, Failure refs: 1
Batch update: 48 refs added, 0 existing refs removed (0 new refs dominated)
Survival: 48 refs added, 0 removed (from 48 certificates)
---
Round: 513, Unk. prob.: 3.494e-01
Upper probs: 6.506e-01, Lower probs: 2.000e-05
No. of non-dominant refs: 24440, Survival refs: 24439, Failure refs: 1
Batch update: 48 refs added, 0 existing refs removed (0 new refs dominated)
Survival: 48 refs added, 0 removed (from 48 certificates)
---
Round: 514, Unk. prob.: 3.485e-01
Upper probs: 6.515e-01, Lower probs: 3.000e-05
No. of non-dominant refs: 24488, Survival refs: 24487, Failure refs: 1
Batch update: 48 refs added, 2 existing refs removed (0 new refs dominated)
Survival: 48 refs added, 2 removed (from 48 certificates)
---
Round: 515, Unk. prob.: 3.473e-01
Upper probs: 6.527e-01, Lower probs: 2.000e-05
No. of non-dominant refs: 24534, Survival refs: 24533, Failure refs: 1
Batch update: 48 refs added, 0 existing refs removed (0 new refs dominated)
Survival: 48 refs added, 0 removed (from 48 certificates)
---
Round: 516, Unk. prob.: 3.458e-01
Upper probs: 6.542e-01, Lower probs: 1.000e-05
No. of non-dominant refs: 24582, Survival refs: 24581, Failure refs: 1
Batch update: 48 refs added, 0 existing refs removed (0 new refs dominated)
Survival: 48 refs added, 0 removed (from 48 certificates)
---
Round: 517, Unk. prob.: 3.465e-01
Upper probs: 6.534e-01, Lower probs: 3.000e-05
No. of non-dominant refs: 24630, Survival refs: 24629, Failure refs: 1
Batch update: 48 refs added, 0 existing refs removed (0 new refs dominated)
Survival: 48 refs added, 0 removed (from 48 certificates)
---
Round: 518, Unk. prob.: 3.466e-01
Upper probs: 6.533e-01, Lower probs: 3.000e-05
No. of non-dominant refs: 24678, Survival refs: 24677, Failure refs: 1
Batch update: 48 refs added, 1 existing refs removed (0 new refs dominated)
Survival: 48 refs added, 1 removed (from 48 certificates)
---
Round: 519, Unk. prob.: 3.451e-01
Upper probs: 6.549e-01, Lower probs: 2.000e-05
No. of non-dominant refs: 24725, Survival refs: 24724, Failure refs: 1
Batch update: 48 refs added, 0 existing refs removed (0 new refs dominated)
Survival: 48 refs added, 0 removed (from 48 certificates)
---
Round: 520, Unk. prob.: 3.483e-01
Upper probs: 6.516e-01, Lower probs: 4.000e-05
No. of non-dominant refs: 24773, Survival refs: 24772, Failure refs: 1
Batch update: 48 refs added, 0 existing refs removed (0 new refs dominated)
Survival: 48 refs added, 0 removed (from 48 certificates)
---
Round: 521, Unk. prob.: 3.493e-01
Upper probs: 6.506e-01, Lower probs: 4.000e-05
No. of non-dominant refs: 24821, Survival refs: 24820, Failure refs: 1
Batch update: 48 refs added, 0 existing refs removed (0 new refs dominated)
Survival: 48 refs added, 0 removed (from 48 certificates)
---
Round: 522, Unk. prob.: 3.511e-01
Upper probs: 6.489e-01, Lower probs: 3.000e-05
No. of non-dominant refs: 24869, Survival refs: 24868, Failure refs: 1
Batch update: 48 refs added, 0 existing refs removed (0 new refs dominated)
Survival: 48 refs added, 0 removed (from 48 certificates)
---
Round: 523, Unk. prob.: 3.480e-01
Upper probs: 6.520e-01, Lower probs: 3.000e-05
No. of non-dominant refs: 24917, Survival refs: 24916, Failure refs: 1
Batch update: 48 refs added, 0 existing refs removed (0 new refs dominated)
Survival: 48 refs added, 0 removed (from 48 certificates)
---
Round: 524, Unk. prob.: 3.469e-01
Upper probs: 6.530e-01, Lower probs: 2.000e-05
No. of non-dominant refs: 24965, Survival refs: 24964, Failure refs: 1
Batch update: 48 refs added, 0 existing refs removed (0 new refs dominated)
Survival: 48 refs added, 0 removed (from 48 certificates)
---
Round: 525, Unk. prob.: 3.489e-01
Upper probs: 6.511e-01, Lower probs: 1.000e-05
No. of non-dominant refs: 25013, Survival refs: 25012, Failure refs: 1
Batch update: 48 refs added, 0 existing refs removed (0 new refs dominated)
Survival: 48 refs added, 0 removed (from 48 certificates)
---
Round: 526, Unk. prob.: 3.452e-01
Upper probs: 6.548e-01, Lower probs: 3.000e-05
No. of non-dominant refs: 25061, Survival refs: 25060, Failure refs: 1
Batch update: 48 refs added, 0 existing refs removed (0 new refs dominated)
Survival: 48 refs added, 0 removed (from 48 certificates)
---
Round: 527, Unk. prob.: 3.469e-01
Upper probs: 6.530e-01, Lower probs: 4.000e-05
No. of non-dominant refs: 25109, Survival refs: 25108, Failure refs: 1
Batch update: 48 refs added, 0 existing refs removed (0 new refs dominated)
Survival: 48 refs added, 0 removed (from 48 certificates)
---
Round: 528, Unk. prob.: 3.492e-01
Upper probs: 6.507e-01, Lower probs: 3.000e-05
No. of non-dominant refs: 25157, Survival refs: 25156, Failure refs: 1
Batch update: 48 refs added, 0 existing refs removed (0 new refs dominated)
Survival: 48 refs added, 0 removed (from 48 certificates)
---
Round: 529, Unk. prob.: 3.467e-01
Upper probs: 6.533e-01, Lower probs: 4.000e-05
No. of non-dominant refs: 25205, Survival refs: 25204, Failure refs: 1
Batch update: 48 refs added, 1 existing refs removed (0 new refs dominated)
Survival: 48 refs added, 1 removed (from 48 certificates)
---
Round: 530, Unk. prob.: 3.443e-01
Upper probs: 6.557e-01, Lower probs: 3.000e-05
No. of non-dominant refs: 25252, Survival refs: 25251, Failure refs: 1
Batch update: 48 refs added, 0 existing refs removed (0 new refs dominated)
Survival: 48 refs added, 0 removed (from 48 certificates)
---
Round: 531, Unk. prob.: 3.472e-01
Upper probs: 6.528e-01, Lower probs: 1.000e-05
No. of non-dominant refs: 25300, Survival refs: 25299, Failure refs: 1
Batch update: 48 refs added, 0 existing refs removed (0 new refs dominated)
Survival: 48 refs added, 0 removed (from 48 certificates)
---
Round: 532, Unk. prob.: 3.461e-01
Upper probs: 6.538e-01, Lower probs: 5.000e-05
No. of non-dominant refs: 25348, Survival refs: 25347, Failure refs: 1
Batch update: 48 refs added, 0 existing refs removed (0 new refs dominated)
Survival: 48 refs added, 0 removed (from 48 certificates)
---
Round: 533, Unk. prob.: 3.473e-01
Upper probs: 6.527e-01, Lower probs: 4.000e-05
No. of non-dominant refs: 25396, Survival refs: 25395, Failure refs: 1
Batch update: 48 refs added, 0 existing refs removed (0 new refs dominated)
Survival: 48 refs added, 0 removed (from 48 certificates)
---
Round: 534, Unk. prob.: 3.467e-01
Upper probs: 6.533e-01, Lower probs: 2.000e-05
No. of non-dominant refs: 25444, Survival refs: 25443, Failure refs: 1
Batch update: 48 refs added, 0 existing refs removed (0 new refs dominated)
Survival: 48 refs added, 0 removed (from 48 certificates)
---
Round: 535, Unk. prob.: 3.463e-01
Upper probs: 6.536e-01, Lower probs: 1.000e-05
No. of non-dominant refs: 25492, Survival refs: 25491, Failure refs: 1
Batch update: 48 refs added, 0 existing refs removed (0 new refs dominated)
Survival: 48 refs added, 0 removed (from 48 certificates)
---
Round: 536, Unk. prob.: 3.468e-01
Upper probs: 6.532e-01, Lower probs: 4.000e-05
No. of non-dominant refs: 25540, Survival refs: 25539, Failure refs: 1
Batch update: 48 refs added, 0 existing refs removed (0 new refs dominated)
Survival: 48 refs added, 0 removed (from 48 certificates)
---
Round: 537, Unk. prob.: 3.448e-01
Upper probs: 6.552e-01, Lower probs: 3.000e-05
No. of non-dominant refs: 25588, Survival refs: 25587, Failure refs: 1
Batch update: 48 refs added, 0 existing refs removed (0 new refs dominated)
Survival: 48 refs added, 0 removed (from 48 certificates)
---
Round: 538, Unk. prob.: 3.450e-01
Upper probs: 6.550e-01, Lower probs: 1.000e-05
No. of non-dominant refs: 25636, Survival refs: 25635, Failure refs: 1
Batch update: 48 refs added, 0 existing refs removed (0 new refs dominated)
Survival: 48 refs added, 0 removed (from 48 certificates)
---
Round: 539, Unk. prob.: 3.438e-01
Upper probs: 6.562e-01, Lower probs: 2.000e-05
No. of non-dominant refs: 25684, Survival refs: 25683, Failure refs: 1
Batch update: 48 refs added, 0 existing refs removed (0 new refs dominated)
Survival: 48 refs added, 0 removed (from 48 certificates)
---
Round: 540, Unk. prob.: 3.409e-01
Upper probs: 6.590e-01, Lower probs: 6.000e-05
No. of non-dominant refs: 25732, Survival refs: 25731, Failure refs: 1
Batch update: 48 refs added, 0 existing refs removed (0 new refs dominated)
Survival: 48 refs added, 0 removed (from 48 certificates)
---
Round: 541, Unk. prob.: 3.456e-01
Upper probs: 6.544e-01, Lower probs: 0.000e+00
No. of non-dominant refs: 25780, Survival refs: 25779, Failure refs: 1
Batch update: 48 refs added, 0 existing refs removed (0 new refs dominated)
Survival: 48 refs added, 0 removed (from 48 certificates)
---
Round: 542, Unk. prob.: 3.428e-01
Upper probs: 6.572e-01, Lower probs: 3.000e-05
No. of non-dominant refs: 25828, Survival refs: 25827, Failure refs: 1
Batch update: 48 refs added, 0 existing refs removed (0 new refs dominated)
Survival: 48 refs added, 0 removed (from 48 certificates)
---
Round: 543, Unk. prob.: 3.448e-01
Upper probs: 6.552e-01, Lower probs: 3.000e-05
No. of non-dominant refs: 25876, Survival refs: 25875, Failure refs: 1
Batch update: 48 refs added, 0 existing refs removed (0 new refs dominated)
Survival: 48 refs added, 0 removed (from 48 certificates)
---
Round: 544, Unk. prob.: 3.447e-01
Upper probs: 6.553e-01, Lower probs: 2.000e-05
No. of non-dominant refs: 25924, Survival refs: 25923, Failure refs: 1
Batch update: 48 refs added, 0 existing refs removed (0 new refs dominated)
Survival: 48 refs added, 0 removed (from 48 certificates)
---
Round: 545, Unk. prob.: 3.440e-01
Upper probs: 6.560e-01, Lower probs: 1.000e-05
No. of non-dominant refs: 25972, Survival refs: 25971, Failure refs: 1
Batch update: 48 refs added, 0 existing refs removed (0 new refs dominated)
Survival: 48 refs added, 0 removed (from 48 certificates)
---
Round: 546, Unk. prob.: 3.420e-01
Upper probs: 6.580e-01, Lower probs: 1.000e-05
No. of non-dominant refs: 26020, Survival refs: 26019, Failure refs: 1
Batch update: 48 refs added, 1 existing refs removed (0 new refs dominated)
Survival: 48 refs added, 1 removed (from 48 certificates)
---
Round: 547, Unk. prob.: 3.430e-01
Upper probs: 6.569e-01, Lower probs: 2.000e-05
No. of non-dominant refs: 26067, Survival refs: 26066, Failure refs: 1
Batch update: 48 refs added, 0 existing refs removed (0 new refs dominated)
Survival: 48 refs added, 0 removed (from 48 certificates)
---
Round: 548, Unk. prob.: 3.450e-01
Upper probs: 6.549e-01, Lower probs: 4.000e-05
No. of non-dominant refs: 26115, Survival refs: 26114, Failure refs: 1
Batch update: 48 refs added, 0 existing refs removed (0 new refs dominated)
Survival: 48 refs added, 0 removed (from 48 certificates)
---
Round: 549, Unk. prob.: 3.422e-01
Upper probs: 6.577e-01, Lower probs: 6.000e-05
No. of non-dominant refs: 26163, Survival refs: 26162, Failure refs: 1
Batch update: 48 refs added, 0 existing refs removed (0 new refs dominated)
Survival: 48 refs added, 0 removed (from 48 certificates)
---
Round: 550, Unk. prob.: 3.448e-01
Upper probs: 6.552e-01, Lower probs: 1.000e-05
No. of non-dominant refs: 26211, Survival refs: 26210, Failure refs: 1
Batch update: 48 refs added, 0 existing refs removed (0 new refs dominated)
Survival: 48 refs added, 0 removed (from 48 certificates)
---
Round: 551, Unk. prob.: 3.464e-01
Upper probs: 6.536e-01, Lower probs: 0.000e+00
No. of non-dominant refs: 26259, Survival refs: 26258, Failure refs: 1
Batch update: 48 refs added, 1 existing refs removed (0 new refs dominated)
Survival: 48 refs added, 1 removed (from 48 certificates)
---
Round: 552, Unk. prob.: 3.446e-01
Upper probs: 6.553e-01, Lower probs: 3.000e-05
No. of non-dominant refs: 26306, Survival refs: 26305, Failure refs: 1
Batch update: 48 refs added, 0 existing refs removed (0 new refs dominated)
Survival: 48 refs added, 0 removed (from 48 certificates)
---
Round: 553, Unk. prob.: 3.416e-01
Upper probs: 6.584e-01, Lower probs: 2.000e-05
No. of non-dominant refs: 26354, Survival refs: 26353, Failure refs: 1
Batch update: 48 refs added, 0 existing refs removed (0 new refs dominated)
Survival: 48 refs added, 0 removed (from 48 certificates)
---
Round: 554, Unk. prob.: 3.427e-01
Upper probs: 6.572e-01, Lower probs: 4.000e-05
No. of non-dominant refs: 26402, Survival refs: 26401, Failure refs: 1
Batch update: 48 refs added, 0 existing refs removed (0 new refs dominated)
Survival: 48 refs added, 0 removed (from 48 certificates)
---
Round: 555, Unk. prob.: 3.415e-01
Upper probs: 6.585e-01, Lower probs: 2.000e-05
No. of non-dominant refs: 26450, Survival refs: 26449, Failure refs: 1
Batch update: 48 refs added, 0 existing refs removed (0 new refs dominated)
Survival: 48 refs added, 0 removed (from 48 certificates)
---
Round: 556, Unk. prob.: 3.431e-01
Upper probs: 6.569e-01, Lower probs: 2.000e-05
No. of non-dominant refs: 26498, Survival refs: 26497, Failure refs: 1
Batch update: 48 refs added, 1 existing refs removed (0 new refs dominated)
Survival: 48 refs added, 1 removed (from 48 certificates)
---
Round: 557, Unk. prob.: 3.448e-01
Upper probs: 6.552e-01, Lower probs: 3.000e-05
No. of non-dominant refs: 26545, Survival refs: 26544, Failure refs: 1
Batch update: 48 refs added, 0 existing refs removed (0 new refs dominated)
Survival: 48 refs added, 0 removed (from 48 certificates)
---
Round: 558, Unk. prob.: 3.455e-01
Upper probs: 6.545e-01, Lower probs: 1.000e-05
No. of non-dominant refs: 26593, Survival refs: 26592, Failure refs: 1
Batch update: 48 refs added, 0 existing refs removed (0 new refs dominated)
Survival: 48 refs added, 0 removed (from 48 certificates)
---
Round: 559, Unk. prob.: 3.423e-01
Upper probs: 6.577e-01, Lower probs: 1.000e-05
No. of non-dominant refs: 26641, Survival refs: 26640, Failure refs: 1
Batch update: 48 refs added, 0 existing refs removed (0 new refs dominated)
Survival: 48 refs added, 0 removed (from 48 certificates)
---
Round: 560, Unk. prob.: 3.435e-01
Upper probs: 6.565e-01, Lower probs: 3.000e-05
No. of non-dominant refs: 26689, Survival refs: 26688, Failure refs: 1
Batch update: 48 refs added, 0 existing refs removed (0 new refs dominated)
Survival: 48 refs added, 0 removed (from 48 certificates)
---
Round: 561, Unk. prob.: 3.436e-01
Upper probs: 6.564e-01, Lower probs: 2.000e-05
No. of non-dominant refs: 26737, Survival refs: 26736, Failure refs: 1
Batch update: 48 refs added, 0 existing refs removed (0 new refs dominated)
Survival: 48 refs added, 0 removed (from 48 certificates)
---
Round: 562, Unk. prob.: 3.427e-01
Upper probs: 6.573e-01, Lower probs: 3.000e-05
No. of non-dominant refs: 26785, Survival refs: 26784, Failure refs: 1
Batch update: 48 refs added, 1 existing refs removed (0 new refs dominated)
Survival: 48 refs added, 1 removed (from 48 certificates)
---
Round: 563, Unk. prob.: 3.432e-01
Upper probs: 6.568e-01, Lower probs: 1.000e-05
No. of non-dominant refs: 26832, Survival refs: 26831, Failure refs: 1
Batch update: 48 refs added, 0 existing refs removed (0 new refs dominated)
Survival: 48 refs added, 0 removed (from 48 certificates)
---
Round: 564, Unk. prob.: 3.445e-01
Upper probs: 6.555e-01, Lower probs: 2.000e-05
No. of non-dominant refs: 26880, Survival refs: 26879, Failure refs: 1
Batch update: 48 refs added, 0 existing refs removed (0 new refs dominated)
Survival: 48 refs added, 0 removed (from 48 certificates)
---
Round: 565, Unk. prob.: 3.410e-01
Upper probs: 6.590e-01, Lower probs: 4.000e-05
No. of non-dominant refs: 26928, Survival refs: 26927, Failure refs: 1
Batch update: 48 refs added, 0 existing refs removed (0 new refs dominated)
Survival: 48 refs added, 0 removed (from 48 certificates)
---
Round: 566, Unk. prob.: 3.385e-01
Upper probs: 6.615e-01, Lower probs: 1.000e-05
No. of non-dominant refs: 26976, Survival refs: 26975, Failure refs: 1
Batch update: 48 refs added, 1 existing refs removed (0 new refs dominated)
Survival: 48 refs added, 1 removed (from 48 certificates)
---
Round: 567, Unk. prob.: 3.409e-01
Upper probs: 6.591e-01, Lower probs: 1.000e-05
No. of non-dominant refs: 27023, Survival refs: 27022, Failure refs: 1
Batch update: 48 refs added, 0 existing refs removed (0 new refs dominated)
Survival: 48 refs added, 0 removed (from 48 certificates)
---
Round: 568, Unk. prob.: 3.405e-01
Upper probs: 6.594e-01, Lower probs: 3.000e-05
No. of non-dominant refs: 27071, Survival refs: 27070, Failure refs: 1
Batch update: 48 refs added, 1 existing refs removed (0 new refs dominated)
Survival: 48 refs added, 1 removed (from 48 certificates)
---
Round: 569, Unk. prob.: 3.394e-01
Upper probs: 6.606e-01, Lower probs: 2.000e-05
No. of non-dominant refs: 27118, Survival refs: 27117, Failure refs: 1
Batch update: 48 refs added, 0 existing refs removed (0 new refs dominated)
Survival: 48 refs added, 0 removed (from 48 certificates)
---
Round: 570, Unk. prob.: 3.404e-01
Upper probs: 6.595e-01, Lower probs: 3.000e-05
No. of non-dominant refs: 27166, Survival refs: 27165, Failure refs: 1
Batch update: 48 refs added, 1 existing refs removed (0 new refs dominated)
Survival: 48 refs added, 1 removed (from 48 certificates)
---
Round: 571, Unk. prob.: 3.415e-01
Upper probs: 6.585e-01, Lower probs: 2.000e-05
No. of non-dominant refs: 27213, Survival refs: 27212, Failure refs: 1
Batch update: 48 refs added, 0 existing refs removed (0 new refs dominated)
Survival: 48 refs added, 0 removed (from 48 certificates)
---
Round: 572, Unk. prob.: 3.390e-01
Upper probs: 6.609e-01, Lower probs: 4.000e-05
No. of non-dominant refs: 27261, Survival refs: 27260, Failure refs: 1
Batch update: 48 refs added, 0 existing refs removed (0 new refs dominated)
Survival: 48 refs added, 0 removed (from 48 certificates)
---
Round: 573, Unk. prob.: 3.432e-01
Upper probs: 6.568e-01, Lower probs: 2.000e-05
No. of non-dominant refs: 27309, Survival refs: 27308, Failure refs: 1
Batch update: 48 refs added, 0 existing refs removed (0 new refs dominated)
Survival: 48 refs added, 0 removed (from 48 certificates)
---
Round: 574, Unk. prob.: 3.415e-01
Upper probs: 6.585e-01, Lower probs: 4.000e-05
No. of non-dominant refs: 27357, Survival refs: 27356, Failure refs: 1
Batch update: 48 refs added, 0 existing refs removed (0 new refs dominated)
Survival: 48 refs added, 0 removed (from 48 certificates)
---
Round: 575, Unk. prob.: 3.395e-01
Upper probs: 6.605e-01, Lower probs: 3.000e-05
No. of non-dominant refs: 27405, Survival refs: 27404, Failure refs: 1
Batch update: 48 refs added, 0 existing refs removed (0 new refs dominated)
Survival: 48 refs added, 0 removed (from 48 certificates)
---
Round: 576, Unk. prob.: 3.385e-01
Upper probs: 6.614e-01, Lower probs: 3.000e-05
No. of non-dominant refs: 27453, Survival refs: 27452, Failure refs: 1
Batch update: 48 refs added, 1 existing refs removed (0 new refs dominated)
Survival: 48 refs added, 1 removed (from 48 certificates)
---
Round: 577, Unk. prob.: 3.422e-01
Upper probs: 6.578e-01, Lower probs: 3.000e-05
No. of non-dominant refs: 27500, Survival refs: 27499, Failure refs: 1
Batch update: 48 refs added, 0 existing refs removed (0 new refs dominated)
Survival: 48 refs added, 0 removed (from 48 certificates)
---
Round: 578, Unk. prob.: 3.401e-01
Upper probs: 6.599e-01, Lower probs: 1.000e-05
No. of non-dominant refs: 27548, Survival refs: 27547, Failure refs: 1
Batch update: 48 refs added, 0 existing refs removed (0 new refs dominated)
Survival: 48 refs added, 0 removed (from 48 certificates)
---
Round: 579, Unk. prob.: 3.409e-01
Upper probs: 6.591e-01, Lower probs: 1.000e-05
No. of non-dominant refs: 27596, Survival refs: 27595, Failure refs: 1
Batch update: 48 refs added, 0 existing refs removed (0 new refs dominated)
Survival: 48 refs added, 0 removed (from 48 certificates)
---
Round: 580, Unk. prob.: 3.394e-01
Upper probs: 6.605e-01, Lower probs: 2.000e-05
No. of non-dominant refs: 27644, Survival refs: 27643, Failure refs: 1
Batch update: 48 refs added, 1 existing refs removed (0 new refs dominated)
Survival: 48 refs added, 1 removed (from 48 certificates)
---
Round: 581, Unk. prob.: 3.376e-01
Upper probs: 6.623e-01, Lower probs: 3.000e-05
No. of non-dominant refs: 27691, Survival refs: 27690, Failure refs: 1
Batch update: 48 refs added, 0 existing refs removed (0 new refs dominated)
Survival: 48 refs added, 0 removed (from 48 certificates)
---
Round: 582, Unk. prob.: 3.420e-01
Upper probs: 6.580e-01, Lower probs: 3.000e-05
No. of non-dominant refs: 27739, Survival refs: 27738, Failure refs: 1
Batch update: 47 refs added, 0 existing refs removed (1 new refs dominated)
Survival: 47 refs added, 0 removed (from 48 certificates)
---
Round: 583, Unk. prob.: 3.402e-01
Upper probs: 6.597e-01, Lower probs: 5.000e-05
No. of non-dominant refs: 27786, Survival refs: 27785, Failure refs: 1
Batch update: 48 refs added, 0 existing refs removed (0 new refs dominated)
Survival: 48 refs added, 0 removed (from 48 certificates)
---
Round: 584, Unk. prob.: 3.403e-01
Upper probs: 6.597e-01, Lower probs: 0.000e+00
No. of non-dominant refs: 27834, Survival refs: 27833, Failure refs: 1
Batch update: 48 refs added, 1 existing refs removed (0 new refs dominated)
Survival: 48 refs added, 1 removed (from 48 certificates)
---
Round: 585, Unk. prob.: 3.413e-01
Upper probs: 6.587e-01, Lower probs: 3.000e-05
No. of non-dominant refs: 27881, Survival refs: 27880, Failure refs: 1
Batch update: 48 refs added, 0 existing refs removed (0 new refs dominated)
Survival: 48 refs added, 0 removed (from 48 certificates)
---
Round: 586, Unk. prob.: 3.398e-01
Upper probs: 6.602e-01, Lower probs: 1.000e-05
No. of non-dominant refs: 27929, Survival refs: 27928, Failure refs: 1
Batch update: 48 refs added, 0 existing refs removed (0 new refs dominated)
Survival: 48 refs added, 0 removed (from 48 certificates)
---
Round: 587, Unk. prob.: 3.420e-01
Upper probs: 6.580e-01, Lower probs: 2.000e-05
No. of non-dominant refs: 27977, Survival refs: 27976, Failure refs: 1
Batch update: 48 refs added, 0 existing refs removed (0 new refs dominated)
Survival: 48 refs added, 0 removed (from 48 certificates)
---
Round: 588, Unk. prob.: 3.408e-01
Upper probs: 6.591e-01, Lower probs: 5.000e-05
No. of non-dominant refs: 28025, Survival refs: 28024, Failure refs: 1
Batch update: 48 refs added, 0 existing refs removed (0 new refs dominated)
Survival: 48 refs added, 0 removed (from 48 certificates)
---
Round: 589, Unk. prob.: 3.394e-01
Upper probs: 6.605e-01, Lower probs: 1.000e-05
No. of non-dominant refs: 28073, Survival refs: 28072, Failure refs: 1
Batch update: 48 refs added, 0 existing refs removed (0 new refs dominated)
Survival: 48 refs added, 0 removed (from 48 certificates)
---
Round: 590, Unk. prob.: 3.401e-01
Upper probs: 6.599e-01, Lower probs: 2.000e-05
No. of non-dominant refs: 28121, Survival refs: 28120, Failure refs: 1
Batch update: 48 refs added, 2 existing refs removed (0 new refs dominated)
Survival: 48 refs added, 2 removed (from 48 certificates)
---
Round: 591, Unk. prob.: 3.395e-01
Upper probs: 6.605e-01, Lower probs: 2.000e-05
No. of non-dominant refs: 28167, Survival refs: 28166, Failure refs: 1
Batch update: 48 refs added, 1 existing refs removed (0 new refs dominated)
Survival: 48 refs added, 1 removed (from 48 certificates)
---
Round: 592, Unk. prob.: 3.416e-01
Upper probs: 6.583e-01, Lower probs: 1.000e-05
No. of non-dominant refs: 28214, Survival refs: 28213, Failure refs: 1
Batch update: 48 refs added, 0 existing refs removed (0 new refs dominated)
Survival: 48 refs added, 0 removed (from 48 certificates)
---
Round: 593, Unk. prob.: 3.395e-01
Upper probs: 6.605e-01, Lower probs: 1.000e-05
No. of non-dominant refs: 28262, Survival refs: 28261, Failure refs: 1
Batch update: 48 refs added, 1 existing refs removed (0 new refs dominated)
Survival: 48 refs added, 1 removed (from 48 certificates)
---
Round: 594, Unk. prob.: 3.370e-01
Upper probs: 6.630e-01, Lower probs: 4.000e-05
No. of non-dominant refs: 28309, Survival refs: 28308, Failure refs: 1
Batch update: 48 refs added, 0 existing refs removed (0 new refs dominated)
Survival: 48 refs added, 0 removed (from 48 certificates)
---
Round: 595, Unk. prob.: 3.395e-01
Upper probs: 6.605e-01, Lower probs: 6.000e-05
No. of non-dominant refs: 28357, Survival refs: 28356, Failure refs: 1
Batch update: 48 refs added, 0 existing refs removed (0 new refs dominated)
Survival: 48 refs added, 0 removed (from 48 certificates)
---
Round: 596, Unk. prob.: 3.422e-01
Upper probs: 6.577e-01, Lower probs: 4.000e-05
No. of non-dominant refs: 28405, Survival refs: 28404, Failure refs: 1
Batch update: 48 refs added, 1 existing refs removed (0 new refs dominated)
Survival: 48 refs added, 1 removed (from 48 certificates)
---
Round: 597, Unk. prob.: 3.401e-01
Upper probs: 6.599e-01, Lower probs: 2.000e-05
No. of non-dominant refs: 28452, Survival refs: 28451, Failure refs: 1
Batch update: 48 refs added, 0 existing refs removed (0 new refs dominated)
Survival: 48 refs added, 0 removed (from 48 certificates)
---
Round: 598, Unk. prob.: 3.387e-01
Upper probs: 6.612e-01, Lower probs: 3.000e-05
No. of non-dominant refs: 28500, Survival refs: 28499, Failure refs: 1
Batch update: 48 refs added, 0 existing refs removed (0 new refs dominated)
Survival: 48 refs added, 0 removed (from 48 certificates)
---
Round: 599, Unk. prob.: 3.407e-01
Upper probs: 6.593e-01, Lower probs: 3.000e-05
No. of non-dominant refs: 28548, Survival refs: 28547, Failure refs: 1
Batch update: 48 refs added, 0 existing refs removed (0 new refs dominated)
Survival: 48 refs added, 0 removed (from 48 certificates)
---
Round: 600, Unk. prob.: 3.363e-01
Upper probs: 6.636e-01, Lower probs: 5.000e-05
No. of non-dominant refs: 28596, Survival refs: 28595, Failure refs: 1
Batch update: 48 refs added, 0 existing refs removed (0 new refs dominated)
Survival: 48 refs added, 0 removed (from 48 certificates)
---
Round: 601, Unk. prob.: 3.347e-01
Upper probs: 6.653e-01, Lower probs: 2.000e-05
No. of non-dominant refs: 28644, Survival refs: 28643, Failure refs: 1
Batch update: 48 refs added, 1 existing refs removed (0 new refs dominated)
Survival: 48 refs added, 1 removed (from 48 certificates)
---
Round: 602, Unk. prob.: 3.376e-01
Upper probs: 6.624e-01, Lower probs: 1.000e-05
No. of non-dominant refs: 28691, Survival refs: 28690, Failure refs: 1
Batch update: 48 refs added, 0 existing refs removed (0 new refs dominated)
Survival: 48 refs added, 0 removed (from 48 certificates)
---
Round: 603, Unk. prob.: 3.389e-01
Upper probs: 6.611e-01, Lower probs: 1.000e-05
No. of non-dominant refs: 28739, Survival refs: 28738, Failure refs: 1
Batch update: 48 refs added, 0 existing refs removed (0 new refs dominated)
Survival: 48 refs added, 0 removed (from 48 certificates)
---
Round: 604, Unk. prob.: 3.374e-01
Upper probs: 6.626e-01, Lower probs: 2.000e-05
No. of non-dominant refs: 28787, Survival refs: 28786, Failure refs: 1
Batch update: 48 refs added, 3 existing refs removed (0 new refs dominated)
Survival: 48 refs added, 3 removed (from 48 certificates)
---
Round: 605, Unk. prob.: 3.389e-01
Upper probs: 6.611e-01, Lower probs: 1.000e-05
No. of non-dominant refs: 28832, Survival refs: 28831, Failure refs: 1
Batch update: 48 refs added, 1 existing refs removed (0 new refs dominated)
Survival: 48 refs added, 1 removed (from 48 certificates)
---
Round: 606, Unk. prob.: 3.368e-01
Upper probs: 6.632e-01, Lower probs: 0.000e+00
No. of non-dominant refs: 28879, Survival refs: 28878, Failure refs: 1
Batch update: 48 refs added, 0 existing refs removed (0 new refs dominated)
Survival: 48 refs added, 0 removed (from 48 certificates)
---
Round: 607, Unk. prob.: 3.367e-01
Upper probs: 6.633e-01, Lower probs: 3.000e-05
No. of non-dominant refs: 28927, Survival refs: 28926, Failure refs: 1
Batch update: 48 refs added, 0 existing refs removed (0 new refs dominated)
Survival: 48 refs added, 0 removed (from 48 certificates)
---
Round: 608, Unk. prob.: 3.368e-01
Upper probs: 6.632e-01, Lower probs: 5.000e-05
No. of non-dominant refs: 28975, Survival refs: 28974, Failure refs: 1
Batch update: 48 refs added, 1 existing refs removed (0 new refs dominated)
Survival: 48 refs added, 1 removed (from 48 certificates)
---
Round: 609, Unk. prob.: 3.391e-01
Upper probs: 6.609e-01, Lower probs: 2.000e-05
No. of non-dominant refs: 29022, Survival refs: 29021, Failure refs: 1
Batch update: 48 refs added, 0 existing refs removed (0 new refs dominated)
Survival: 48 refs added, 0 removed (from 48 certificates)
---
Round: 610, Unk. prob.: 3.386e-01
Upper probs: 6.614e-01, Lower probs: 3.000e-05
No. of non-dominant refs: 29070, Survival refs: 29069, Failure refs: 1
Batch update: 48 refs added, 0 existing refs removed (0 new refs dominated)
Survival: 48 refs added, 0 removed (from 48 certificates)
---
Round: 611, Unk. prob.: 3.379e-01
Upper probs: 6.621e-01, Lower probs: 3.000e-05
No. of non-dominant refs: 29118, Survival refs: 29117, Failure refs: 1
Batch update: 48 refs added, 1 existing refs removed (0 new refs dominated)
Survival: 48 refs added, 1 removed (from 48 certificates)
---
Round: 612, Unk. prob.: 3.376e-01
Upper probs: 6.623e-01, Lower probs: 6.000e-05
No. of non-dominant refs: 29165, Survival refs: 29164, Failure refs: 1
Batch update: 48 refs added, 1 existing refs removed (0 new refs dominated)
Survival: 48 refs added, 1 removed (from 48 certificates)
---
Round: 613, Unk. prob.: 3.361e-01
Upper probs: 6.639e-01, Lower probs: 3.000e-05
No. of non-dominant refs: 29212, Survival refs: 29211, Failure refs: 1
Batch update: 48 refs added, 0 existing refs removed (0 new refs dominated)
Survival: 48 refs added, 0 removed (from 48 certificates)
---
Round: 614, Unk. prob.: 3.360e-01
Upper probs: 6.640e-01, Lower probs: 2.000e-05
No. of non-dominant refs: 29260, Survival refs: 29259, Failure refs: 1
Batch update: 48 refs added, 1 existing refs removed (0 new refs dominated)
Survival: 48 refs added, 1 removed (from 48 certificates)
---
Round: 615, Unk. prob.: 3.351e-01
Upper probs: 6.649e-01, Lower probs: 2.000e-05
No. of non-dominant refs: 29307, Survival refs: 29306, Failure refs: 1
Batch update: 48 refs added, 0 existing refs removed (0 new refs dominated)
Survival: 48 refs added, 0 removed (from 48 certificates)
---
Round: 616, Unk. prob.: 3.358e-01
Upper probs: 6.642e-01, Lower probs: 2.000e-05
No. of non-dominant refs: 29355, Survival refs: 29354, Failure refs: 1
Batch update: 48 refs added, 0 existing refs removed (0 new refs dominated)
Survival: 48 refs added, 0 removed (from 48 certificates)
---
Round: 617, Unk. prob.: 3.386e-01
Upper probs: 6.614e-01, Lower probs: 1.000e-05
No. of non-dominant refs: 29403, Survival refs: 29402, Failure refs: 1
Batch update: 47 refs added, 0 existing refs removed (0 new refs dominated)
Survival: 47 refs added, 0 removed (from 47 certificates)
Failure cuts: 1 added (total 34)
---
Round: 618, Unk. prob.: 3.385e-01
Upper probs: 6.615e-01, Lower probs: 2.000e-05
No. of non-dominant refs: 29450, Survival refs: 29449, Failure refs: 1
Batch update: 48 refs added, 1 existing refs removed (0 new refs dominated)
Survival: 48 refs added, 1 removed (from 48 certificates)
---
Round: 619, Unk. prob.: 3.359e-01
Upper probs: 6.640e-01, Lower probs: 4.000e-05
No. of non-dominant refs: 29497, Survival refs: 29496, Failure refs: 1
Batch update: 48 refs added, 1 existing refs removed (0 new refs dominated)
Survival: 48 refs added, 1 removed (from 48 certificates)
---
Round: 620, Unk. prob.: 3.368e-01
Upper probs: 6.631e-01, Lower probs: 1.000e-05
No. of non-dominant refs: 29544, Survival refs: 29543, Failure refs: 1
Batch update: 48 refs added, 1 existing refs removed (0 new refs dominated)
Survival: 48 refs added, 1 removed (from 48 certificates)
---
Round: 621, Unk. prob.: 3.362e-01
Upper probs: 6.637e-01, Lower probs: 3.000e-05
No. of non-dominant refs: 29591, Survival refs: 29590, Failure refs: 1
Batch update: 48 refs added, 0 existing refs removed (0 new refs dominated)
Survival: 48 refs added, 0 removed (from 48 certificates)
---
Round: 622, Unk. prob.: 3.329e-01
Upper probs: 6.671e-01, Lower probs: 1.000e-05
No. of non-dominant refs: 29639, Survival refs: 29638, Failure refs: 1
Batch update: 48 refs added, 0 existing refs removed (0 new refs dominated)
Survival: 48 refs added, 0 removed (from 48 certificates)
---
Round: 623, Unk. prob.: 3.369e-01
Upper probs: 6.631e-01, Lower probs: 1.000e-05
No. of non-dominant refs: 29687, Survival refs: 29686, Failure refs: 1
Batch update: 48 refs added, 0 existing refs removed (0 new refs dominated)
Survival: 48 refs added, 0 removed (from 48 certificates)
---
Round: 624, Unk. prob.: 3.379e-01
Upper probs: 6.621e-01, Lower probs: 8.000e-05
No. of non-dominant refs: 29735, Survival refs: 29734, Failure refs: 1
Batch update: 48 refs added, 0 existing refs removed (0 new refs dominated)
Survival: 48 refs added, 0 removed (from 48 certificates)
---
Round: 625, Unk. prob.: 3.374e-01
Upper probs: 6.626e-01, Lower probs: 1.000e-05
No. of non-dominant refs: 29783, Survival refs: 29782, Failure refs: 1
Batch update: 48 refs added, 0 existing refs removed (0 new refs dominated)
Survival: 48 refs added, 0 removed (from 48 certificates)
---
Round: 626, Unk. prob.: 3.358e-01
Upper probs: 6.642e-01, Lower probs: 3.000e-05
No. of non-dominant refs: 29831, Survival refs: 29830, Failure refs: 1
Batch update: 48 refs added, 0 existing refs removed (0 new refs dominated)
Survival: 48 refs added, 0 removed (from 48 certificates)
---
Round: 627, Unk. prob.: 3.349e-01
Upper probs: 6.651e-01, Lower probs: 4.000e-05
No. of non-dominant refs: 29879, Survival refs: 29878, Failure refs: 1
Batch update: 48 refs added, 0 existing refs removed (0 new refs dominated)
Survival: 48 refs added, 0 removed (from 48 certificates)
---
Round: 628, Unk. prob.: 3.362e-01
Upper probs: 6.638e-01, Lower probs: 3.000e-05
No. of non-dominant refs: 29927, Survival refs: 29926, Failure refs: 1
Batch update: 48 refs added, 0 existing refs removed (0 new refs dominated)
Survival: 48 refs added, 0 removed (from 48 certificates)
---
Round: 629, Unk. prob.: 3.365e-01
Upper probs: 6.635e-01, Lower probs: 3.000e-05
No. of non-dominant refs: 29975, Survival refs: 29974, Failure refs: 1
Batch update: 48 refs added, 0 existing refs removed (0 new refs dominated)
Survival: 48 refs added, 0 removed (from 48 certificates)
---
Round: 630, Unk. prob.: 3.362e-01
Upper probs: 6.638e-01, Lower probs: 4.000e-05
No. of non-dominant refs: 30023, Survival refs: 30022, Failure refs: 1
Batch update: 48 refs added, 0 existing refs removed (0 new refs dominated)
Survival: 48 refs added, 0 removed (from 48 certificates)
---
Round: 631, Unk. prob.: 3.357e-01
Upper probs: 6.643e-01, Lower probs: 3.000e-05
No. of non-dominant refs: 30071, Survival refs: 30070, Failure refs: 1
Batch update: 48 refs added, 0 existing refs removed (0 new refs dominated)
Survival: 48 refs added, 0 removed (from 48 certificates)
---
Round: 632, Unk. prob.: 3.366e-01
Upper probs: 6.634e-01, Lower probs: 0.000e+00
No. of non-dominant refs: 30119, Survival refs: 30118, Failure refs: 1
Batch update: 48 refs added, 0 existing refs removed (0 new refs dominated)
Survival: 48 refs added, 0 removed (from 48 certificates)
---
Round: 633, Unk. prob.: 3.340e-01
Upper probs: 6.659e-01, Lower probs: 4.000e-05
No. of non-dominant refs: 30167, Survival refs: 30166, Failure refs: 1
Batch update: 48 refs added, 1 existing refs removed (0 new refs dominated)
Survival: 48 refs added, 1 removed (from 48 certificates)
---
Round: 634, Unk. prob.: 3.340e-01
Upper probs: 6.660e-01, Lower probs: 4.000e-05
No. of non-dominant refs: 30214, Survival refs: 30213, Failure refs: 1
Batch update: 48 refs added, 0 existing refs removed (0 new refs dominated)
Survival: 48 refs added, 0 removed (from 48 certificates)
---
Round: 635, Unk. prob.: 3.361e-01
Upper probs: 6.639e-01, Lower probs: 1.000e-05
No. of non-dominant refs: 30262, Survival refs: 30261, Failure refs: 1
Batch update: 48 refs added, 0 existing refs removed (0 new refs dominated)
Survival: 48 refs added, 0 removed (from 48 certificates)
---
Round: 636, Unk. prob.: 3.361e-01
Upper probs: 6.639e-01, Lower probs: 2.000e-05
No. of non-dominant refs: 30310, Survival refs: 30309, Failure refs: 1
Batch update: 48 refs added, 2 existing refs removed (0 new refs dominated)
Survival: 48 refs added, 2 removed (from 48 certificates)
---
Round: 637, Unk. prob.: 3.357e-01
Upper probs: 6.642e-01, Lower probs: 5.000e-05
No. of non-dominant refs: 30356, Survival refs: 30355, Failure refs: 1
Batch update: 48 refs added, 0 existing refs removed (0 new refs dominated)
Survival: 48 refs added, 0 removed (from 48 certificates)
---
Round: 638, Unk. prob.: 3.341e-01
Upper probs: 6.659e-01, Lower probs: 4.000e-05
No. of non-dominant refs: 30404, Survival refs: 30403, Failure refs: 1
Batch update: 48 refs added, 0 existing refs removed (0 new refs dominated)
Survival: 48 refs added, 0 removed (from 48 certificates)
---
Round: 639, Unk. prob.: 3.355e-01
Upper probs: 6.645e-01, Lower probs: 1.000e-05
No. of non-dominant refs: 30452, Survival refs: 30451, Failure refs: 1
Batch update: 48 refs added, 0 existing refs removed (0 new refs dominated)
Survival: 48 refs added, 0 removed (from 48 certificates)
---
Round: 640, Unk. prob.: 3.350e-01
Upper probs: 6.650e-01, Lower probs: 4.000e-05
No. of non-dominant refs: 30500, Survival refs: 30499, Failure refs: 1
Batch update: 48 refs added, 0 existing refs removed (0 new refs dominated)
Survival: 48 refs added, 0 removed (from 48 certificates)
---
Round: 641, Unk. prob.: 3.311e-01
Upper probs: 6.688e-01, Lower probs: 5.000e-05
No. of non-dominant refs: 30548, Survival refs: 30547, Failure refs: 1
Batch update: 48 refs added, 2 existing refs removed (0 new refs dominated)
Survival: 48 refs added, 2 removed (from 48 certificates)
---
Round: 642, Unk. prob.: 3.335e-01
Upper probs: 6.665e-01, Lower probs: 4.000e-05
No. of non-dominant refs: 30594, Survival refs: 30593, Failure refs: 1
Batch update: 48 refs added, 0 existing refs removed (0 new refs dominated)
Survival: 48 refs added, 0 removed (from 48 certificates)
---
Round: 643, Unk. prob.: 3.308e-01
Upper probs: 6.691e-01, Lower probs: 3.000e-05
No. of non-dominant refs: 30642, Survival refs: 30641, Failure refs: 1
Batch update: 48 refs added, 0 existing refs removed (0 new refs dominated)
Survival: 48 refs added, 0 removed (from 48 certificates)
---
Round: 644, Unk. prob.: 3.310e-01
Upper probs: 6.689e-01, Lower probs: 3.000e-05
No. of non-dominant refs: 30690, Survival refs: 30689, Failure refs: 1
Batch update: 48 refs added, 0 existing refs removed (0 new refs dominated)
Survival: 48 refs added, 0 removed (from 48 certificates)
---
Round: 645, Unk. prob.: 3.328e-01
Upper probs: 6.672e-01, Lower probs: 2.000e-05
No. of non-dominant refs: 30738, Survival refs: 30737, Failure refs: 1
Batch update: 48 refs added, 0 existing refs removed (0 new refs dominated)
Survival: 48 refs added, 0 removed (from 48 certificates)
---
Round: 646, Unk. prob.: 3.340e-01
Upper probs: 6.660e-01, Lower probs: 2.000e-05
No. of non-dominant refs: 30786, Survival refs: 30785, Failure refs: 1
Batch update: 48 refs added, 0 existing refs removed (0 new refs dominated)
Survival: 48 refs added, 0 removed (from 48 certificates)
---
Round: 647, Unk. prob.: 3.357e-01
Upper probs: 6.643e-01, Lower probs: 0.000e+00
No. of non-dominant refs: 30834, Survival refs: 30833, Failure refs: 1
Batch update: 48 refs added, 0 existing refs removed (0 new refs dominated)
Survival: 48 refs added, 0 removed (from 48 certificates)
---
Round: 648, Unk. prob.: 3.313e-01
Upper probs: 6.686e-01, Lower probs: 2.000e-05
No. of non-dominant refs: 30882, Survival refs: 30881, Failure refs: 1
Batch update: 48 refs added, 0 existing refs removed (0 new refs dominated)
Survival: 48 refs added, 0 removed (from 48 certificates)
---
Round: 649, Unk. prob.: 3.342e-01
Upper probs: 6.658e-01, Lower probs: 1.000e-05
No. of non-dominant refs: 30930, Survival refs: 30929, Failure refs: 1
Batch update: 48 refs added, 0 existing refs removed (0 new refs dominated)
Survival: 48 refs added, 0 removed (from 48 certificates)
---
Round: 650, Unk. prob.: 3.327e-01
Upper probs: 6.673e-01, Lower probs: 2.000e-05
No. of non-dominant refs: 30978, Survival refs: 30977, Failure refs: 1
Batch update: 48 refs added, 0 existing refs removed (0 new refs dominated)
Survival: 48 refs added, 0 removed (from 48 certificates)
---
Round: 651, Unk. prob.: 3.304e-01
Upper probs: 6.696e-01, Lower probs: 4.000e-05
No. of non-dominant refs: 31026, Survival refs: 31025, Failure refs: 1
Batch update: 48 refs added, 1 existing refs removed (0 new refs dominated)
Survival: 48 refs added, 1 removed (from 48 certificates)
---
Round: 652, Unk. prob.: 3.338e-01
Upper probs: 6.661e-01, Lower probs: 2.000e-05
No. of non-dominant refs: 31073, Survival refs: 31072, Failure refs: 1
Batch update: 48 refs added, 0 existing refs removed (0 new refs dominated)
Survival: 48 refs added, 0 removed (from 48 certificates)
---
Round: 653, Unk. prob.: 3.317e-01
Upper probs: 6.683e-01, Lower probs: 2.000e-05
No. of non-dominant refs: 31121, Survival refs: 31120, Failure refs: 1
Batch update: 48 refs added, 0 existing refs removed (0 new refs dominated)
Survival: 48 refs added, 0 removed (from 48 certificates)
---
Round: 654, Unk. prob.: 3.317e-01
Upper probs: 6.683e-01, Lower probs: 4.000e-05
No. of non-dominant refs: 31169, Survival refs: 31168, Failure refs: 1
Batch update: 48 refs added, 0 existing refs removed (0 new refs dominated)
Survival: 48 refs added, 0 removed (from 48 certificates)
---
Round: 655, Unk. prob.: 3.342e-01
Upper probs: 6.658e-01, Lower probs: 3.000e-05
No. of non-dominant refs: 31217, Survival refs: 31216, Failure refs: 1
Batch update: 48 refs added, 1 existing refs removed (0 new refs dominated)
Survival: 48 refs added, 1 removed (from 48 certificates)
---
Round: 656, Unk. prob.: 3.319e-01
Upper probs: 6.681e-01, Lower probs: 4.000e-05
No. of non-dominant refs: 31264, Survival refs: 31263, Failure refs: 1
Batch update: 48 refs added, 2 existing refs removed (0 new refs dominated)
Survival: 48 refs added, 2 removed (from 48 certificates)
---
Round: 657, Unk. prob.: 3.302e-01
Upper probs: 6.698e-01, Lower probs: 2.000e-05
No. of non-dominant refs: 31310, Survival refs: 31309, Failure refs: 1
Batch update: 48 refs added, 0 existing refs removed (0 new refs dominated)
Survival: 48 refs added, 0 removed (from 48 certificates)
---
Round: 658, Unk. prob.: 3.332e-01
Upper probs: 6.668e-01, Lower probs: 2.000e-05
No. of non-dominant refs: 31358, Survival refs: 31357, Failure refs: 1
Batch update: 48 refs added, 0 existing refs removed (0 new refs dominated)
Survival: 48 refs added, 0 removed (from 48 certificates)
---
Round: 659, Unk. prob.: 3.337e-01
Upper probs: 6.663e-01, Lower probs: 1.000e-05
No. of non-dominant refs: 31406, Survival refs: 31405, Failure refs: 1
Batch update: 48 refs added, 0 existing refs removed (0 new refs dominated)
Survival: 48 refs added, 0 removed (from 48 certificates)
---
Round: 660, Unk. prob.: 3.348e-01
Upper probs: 6.651e-01, Lower probs: 1.000e-05
No. of non-dominant refs: 31454, Survival refs: 31453, Failure refs: 1
Batch update: 48 refs added, 0 existing refs removed (0 new refs dominated)
Survival: 48 refs added, 0 removed (from 48 certificates)
---
Round: 661, Unk. prob.: 3.340e-01
Upper probs: 6.660e-01, Lower probs: 0.000e+00
No. of non-dominant refs: 31502, Survival refs: 31501, Failure refs: 1
Batch update: 48 refs added, 0 existing refs removed (0 new refs dominated)
Survival: 48 refs added, 0 removed (from 48 certificates)
---
Round: 662, Unk. prob.: 3.306e-01
Upper probs: 6.694e-01, Lower probs: 2.000e-05
No. of non-dominant refs: 31550, Survival refs: 31549, Failure refs: 1
Batch update: 48 refs added, 0 existing refs removed (0 new refs dominated)
Survival: 48 refs added, 0 removed (from 48 certificates)
---
Round: 663, Unk. prob.: 3.312e-01
Upper probs: 6.688e-01, Lower probs: 4.000e-05
No. of non-dominant refs: 31598, Survival refs: 31597, Failure refs: 1
Batch update: 48 refs added, 0 existing refs removed (0 new refs dominated)
Survival: 48 refs added, 0 removed (from 48 certificates)
---
Round: 664, Unk. prob.: 3.327e-01
Upper probs: 6.672e-01, Lower probs: 4.000e-05
No. of non-dominant refs: 31646, Survival refs: 31645, Failure refs: 1
Batch update: 48 refs added, 0 existing refs removed (0 new refs dominated)
Survival: 48 refs added, 0 removed (from 48 certificates)
---
Round: 665, Unk. prob.: 3.332e-01
Upper probs: 6.668e-01, Lower probs: 4.000e-05
No. of non-dominant refs: 31694, Survival refs: 31693, Failure refs: 1
Batch update: 48 refs added, 0 existing refs removed (0 new refs dominated)
Survival: 48 refs added, 0 removed (from 48 certificates)
---
Round: 666, Unk. prob.: 3.317e-01
Upper probs: 6.683e-01, Lower probs: 1.000e-05
No. of non-dominant refs: 31742, Survival refs: 31741, Failure refs: 1
Batch update: 48 refs added, 1 existing refs removed (0 new refs dominated)
Survival: 48 refs added, 1 removed (from 48 certificates)
---
Round: 667, Unk. prob.: 3.297e-01
Upper probs: 6.703e-01, Lower probs: 1.000e-05
No. of non-dominant refs: 31789, Survival refs: 31788, Failure refs: 1
Batch update: 48 refs added, 1 existing refs removed (0 new refs dominated)
Survival: 48 refs added, 1 removed (from 48 certificates)
---
Round: 668, Unk. prob.: 3.297e-01
Upper probs: 6.702e-01, Lower probs: 1.000e-05
No. of non-dominant refs: 31836, Survival refs: 31835, Failure refs: 1
Batch update: 48 refs added, 0 existing refs removed (0 new refs dominated)
Survival: 48 refs added, 0 removed (from 48 certificates)
---
Round: 669, Unk. prob.: 3.300e-01
Upper probs: 6.699e-01, Lower probs: 3.000e-05
No. of non-dominant refs: 31884, Survival refs: 31883, Failure refs: 1
Batch update: 48 refs added, 1 existing refs removed (0 new refs dominated)
Survival: 48 refs added, 1 removed (from 48 certificates)
---
Round: 670, Unk. prob.: 3.306e-01
Upper probs: 6.693e-01, Lower probs: 6.000e-05
No. of non-dominant refs: 31931, Survival refs: 31930, Failure refs: 1
Batch update: 48 refs added, 0 existing refs removed (0 new refs dominated)
Survival: 48 refs added, 0 removed (from 48 certificates)
---
Round: 671, Unk. prob.: 3.315e-01
Upper probs: 6.684e-01, Lower probs: 4.000e-05
No. of non-dominant refs: 31979, Survival refs: 31978, Failure refs: 1
Batch update: 48 refs added, 0 existing refs removed (0 new refs dominated)
Survival: 48 refs added, 0 removed (from 48 certificates)
---
Round: 672, Unk. prob.: 3.312e-01
Upper probs: 6.688e-01, Lower probs: 0.000e+00
No. of non-dominant refs: 32027, Survival refs: 32026, Failure refs: 1
Batch update: 48 refs added, 1 existing refs removed (0 new refs dominated)
Survival: 48 refs added, 1 removed (from 48 certificates)
---
Round: 673, Unk. prob.: 3.327e-01
Upper probs: 6.673e-01, Lower probs: 2.000e-05
No. of non-dominant refs: 32074, Survival refs: 32073, Failure refs: 1
Batch update: 48 refs added, 0 existing refs removed (0 new refs dominated)
Survival: 48 refs added, 0 removed (from 48 certificates)
---
Round: 674, Unk. prob.: 3.283e-01
Upper probs: 6.717e-01, Lower probs: 2.000e-05
No. of non-dominant refs: 32122, Survival refs: 32121, Failure refs: 1
Batch update: 48 refs added, 0 existing refs removed (0 new refs dominated)
Survival: 48 refs added, 0 removed (from 48 certificates)
---
Round: 675, Unk. prob.: 3.278e-01
Upper probs: 6.721e-01, Lower probs: 6.000e-05
No. of non-dominant refs: 32170, Survival refs: 32169, Failure refs: 1
Batch update: 48 refs added, 0 existing refs removed (0 new refs dominated)
Survival: 48 refs added, 0 removed (from 48 certificates)
---
Round: 676, Unk. prob.: 3.309e-01
Upper probs: 6.691e-01, Lower probs: 4.000e-05
No. of non-dominant refs: 32218, Survival refs: 32217, Failure refs: 1
Batch update: 48 refs added, 1 existing refs removed (0 new refs dominated)
Survival: 48 refs added, 1 removed (from 48 certificates)
---
Round: 677, Unk. prob.: 3.306e-01
Upper probs: 6.694e-01, Lower probs: 1.000e-05
No. of non-dominant refs: 32265, Survival refs: 32264, Failure refs: 1
Batch update: 48 refs added, 0 existing refs removed (0 new refs dominated)
Survival: 48 refs added, 0 removed (from 48 certificates)
---
Round: 678, Unk. prob.: 3.317e-01
Upper probs: 6.683e-01, Lower probs: 0.000e+00
No. of non-dominant refs: 32313, Survival refs: 32312, Failure refs: 1
Batch update: 48 refs added, 0 existing refs removed (0 new refs dominated)
Survival: 48 refs added, 0 removed (from 48 certificates)
---
Round: 679, Unk. prob.: 3.301e-01
Upper probs: 6.698e-01, Lower probs: 3.000e-05
No. of non-dominant refs: 32361, Survival refs: 32360, Failure refs: 1
Batch update: 48 refs added, 0 existing refs removed (0 new refs dominated)
Survival: 48 refs added, 0 removed (from 48 certificates)
---
Round: 680, Unk. prob.: 3.292e-01
Upper probs: 6.707e-01, Lower probs: 6.000e-05
No. of non-dominant refs: 32409, Survival refs: 32408, Failure refs: 1
Batch update: 48 refs added, 3 existing refs removed (0 new refs dominated)
Survival: 48 refs added, 3 removed (from 48 certificates)
---
Round: 681, Unk. prob.: 3.298e-01
Upper probs: 6.702e-01, Lower probs: 3.000e-05
No. of non-dominant refs: 32454, Survival refs: 32453, Failure refs: 1
Batch update: 48 refs added, 0 existing refs removed (0 new refs dominated)
Survival: 48 refs added, 0 removed (from 48 certificates)
---
Round: 682, Unk. prob.: 3.309e-01
Upper probs: 6.691e-01, Lower probs: 4.000e-05
No. of non-dominant refs: 32502, Survival refs: 32501, Failure refs: 1
Batch update: 48 refs added, 0 existing refs removed (0 new refs dominated)
Survival: 48 refs added, 0 removed (from 48 certificates)
---
Round: 683, Unk. prob.: 3.312e-01
Upper probs: 6.688e-01, Lower probs: 4.000e-05
No. of non-dominant refs: 32550, Survival refs: 32549, Failure refs: 1
Batch update: 48 refs added, 0 existing refs removed (0 new refs dominated)
Survival: 48 refs added, 0 removed (from 48 certificates)
---
Round: 684, Unk. prob.: 3.306e-01
Upper probs: 6.693e-01, Lower probs: 7.000e-05
No. of non-dominant refs: 32598, Survival refs: 32597, Failure refs: 1
Batch update: 48 refs added, 0 existing refs removed (0 new refs dominated)
Survival: 48 refs added, 0 removed (from 48 certificates)
---
Round: 685, Unk. prob.: 3.294e-01
Upper probs: 6.705e-01, Lower probs: 6.000e-05
No. of non-dominant refs: 32646, Survival refs: 32645, Failure refs: 1
Batch update: 48 refs added, 0 existing refs removed (0 new refs dominated)
Survival: 48 refs added, 0 removed (from 48 certificates)
---
Round: 686, Unk. prob.: 3.320e-01
Upper probs: 6.680e-01, Lower probs: 1.000e-05
No. of non-dominant refs: 32694, Survival refs: 32693, Failure refs: 1
Batch update: 48 refs added, 0 existing refs removed (0 new refs dominated)
Survival: 48 refs added, 0 removed (from 48 certificates)
---
Round: 687, Unk. prob.: 3.312e-01
Upper probs: 6.688e-01, Lower probs: 5.000e-05
No. of non-dominant refs: 32742, Survival refs: 32741, Failure refs: 1
Batch update: 48 refs added, 0 existing refs removed (0 new refs dominated)
Survival: 48 refs added, 0 removed (from 48 certificates)
---
Round: 688, Unk. prob.: 3.302e-01
Upper probs: 6.697e-01, Lower probs: 3.000e-05
No. of non-dominant refs: 32790, Survival refs: 32789, Failure refs: 1
Batch update: 48 refs added, 0 existing refs removed (0 new refs dominated)
Survival: 48 refs added, 0 removed (from 48 certificates)
---
Round: 689, Unk. prob.: 3.318e-01
Upper probs: 6.682e-01, Lower probs: 0.000e+00
No. of non-dominant refs: 32838, Survival refs: 32837, Failure refs: 1
Batch update: 48 refs added, 0 existing refs removed (0 new refs dominated)
Survival: 48 refs added, 0 removed (from 48 certificates)
---
Round: 690, Unk. prob.: 3.324e-01
Upper probs: 6.676e-01, Lower probs: 2.000e-05
No. of non-dominant refs: 32886, Survival refs: 32885, Failure refs: 1
Batch update: 48 refs added, 0 existing refs removed (0 new refs dominated)
Survival: 48 refs added, 0 removed (from 48 certificates)
---
Round: 691, Unk. prob.: 3.303e-01
Upper probs: 6.697e-01, Lower probs: 1.000e-05
No. of non-dominant refs: 32934, Survival refs: 32933, Failure refs: 1
Batch update: 48 refs added, 0 existing refs removed (0 new refs dominated)
Survival: 48 refs added, 0 removed (from 48 certificates)
---
Round: 692, Unk. prob.: 3.291e-01
Upper probs: 6.709e-01, Lower probs: 2.000e-05
No. of non-dominant refs: 32982, Survival refs: 32981, Failure refs: 1
Batch update: 48 refs added, 0 existing refs removed (0 new refs dominated)
Survival: 48 refs added, 0 removed (from 48 certificates)
---
Round: 693, Unk. prob.: 3.300e-01
Upper probs: 6.699e-01, Lower probs: 6.000e-05
No. of non-dominant refs: 33030, Survival refs: 33029, Failure refs: 1
Batch update: 48 refs added, 0 existing refs removed (0 new refs dominated)
Survival: 48 refs added, 0 removed (from 48 certificates)
---
Round: 694, Unk. prob.: 3.313e-01
Upper probs: 6.687e-01, Lower probs: 2.000e-05
No. of non-dominant refs: 33078, Survival refs: 33077, Failure refs: 1
Batch update: 48 refs added, 0 existing refs removed (0 new refs dominated)
Survival: 48 refs added, 0 removed (from 48 certificates)
---
Round: 695, Unk. prob.: 3.293e-01
Upper probs: 6.706e-01, Lower probs: 3.000e-05
No. of non-dominant refs: 33126, Survival refs: 33125, Failure refs: 1
Batch update: 48 refs added, 1 existing refs removed (0 new refs dominated)
Survival: 48 refs added, 1 removed (from 48 certificates)
---
Round: 696, Unk. prob.: 3.276e-01
Upper probs: 6.724e-01, Lower probs: 5.000e-05
No. of non-dominant refs: 33173, Survival refs: 33172, Failure refs: 1
Batch update: 48 refs added, 3 existing refs removed (0 new refs dominated)
Survival: 48 refs added, 3 removed (from 48 certificates)
---
Round: 697, Unk. prob.: 3.314e-01
Upper probs: 6.686e-01, Lower probs: 1.000e-05
No. of non-dominant refs: 33218, Survival refs: 33217, Failure refs: 1
Batch update: 48 refs added, 0 existing refs removed (0 new refs dominated)
Survival: 48 refs added, 0 removed (from 48 certificates)
---
Round: 698, Unk. prob.: 3.307e-01
Upper probs: 6.693e-01, Lower probs: 2.000e-05
No. of non-dominant refs: 33266, Survival refs: 33265, Failure refs: 1
Batch update: 48 refs added, 0 existing refs removed (0 new refs dominated)
Survival: 48 refs added, 0 removed (from 48 certificates)
---
Round: 699, Unk. prob.: 3.303e-01
Upper probs: 6.697e-01, Lower probs: 3.000e-05
No. of non-dominant refs: 33314, Survival refs: 33313, Failure refs: 1
Batch update: 48 refs added, 0 existing refs removed (0 new refs dominated)
Survival: 48 refs added, 0 removed (from 48 certificates)
---
Round: 700, Unk. prob.: 3.267e-01
Upper probs: 6.733e-01, Lower probs: 3.000e-05
No. of non-dominant refs: 33362, Survival refs: 33361, Failure refs: 1
Batch update: 48 refs added, 0 existing refs removed (0 new refs dominated)
Survival: 48 refs added, 0 removed (from 48 certificates)
---
Round: 701, Unk. prob.: 3.294e-01
Upper probs: 6.705e-01, Lower probs: 3.000e-05
No. of non-dominant refs: 33410, Survival refs: 33409, Failure refs: 1
Batch update: 48 refs added, 0 existing refs removed (0 new refs dominated)
Survival: 48 refs added, 0 removed (from 48 certificates)
---
Round: 702, Unk. prob.: 3.264e-01
Upper probs: 6.736e-01, Lower probs: 1.000e-05
No. of non-dominant refs: 33458, Survival refs: 33457, Failure refs: 1
Batch update: 48 refs added, 0 existing refs removed (0 new refs dominated)
Survival: 48 refs added, 0 removed (from 48 certificates)
---
Round: 703, Unk. prob.: 3.247e-01
Upper probs: 6.753e-01, Lower probs: 3.000e-05
No. of non-dominant refs: 33506, Survival refs: 33505, Failure refs: 1
Batch update: 48 refs added, 0 existing refs removed (0 new refs dominated)
Survival: 48 refs added, 0 removed (from 48 certificates)
---
Round: 704, Unk. prob.: 3.332e-01
Upper probs: 6.668e-01, Lower probs: 0.000e+00
No. of non-dominant refs: 33554, Survival refs: 33553, Failure refs: 1
Batch update: 48 refs added, 0 existing refs removed (0 new refs dominated)
Survival: 48 refs added, 0 removed (from 48 certificates)
---
Round: 705, Unk. prob.: 3.299e-01
Upper probs: 6.701e-01, Lower probs: 4.000e-05
No. of non-dominant refs: 33602, Survival refs: 33601, Failure refs: 1
Batch update: 48 refs added, 0 existing refs removed (0 new refs dominated)
Survival: 48 refs added, 0 removed (from 48 certificates)
---
Round: 706, Unk. prob.: 3.284e-01
Upper probs: 6.715e-01, Lower probs: 4.000e-05
No. of non-dominant refs: 33650, Survival refs: 33649, Failure refs: 1
Batch update: 48 refs added, 0 existing refs removed (0 new refs dominated)
Survival: 48 refs added, 0 removed (from 48 certificates)
---
Round: 707, Unk. prob.: 3.278e-01
Upper probs: 6.722e-01, Lower probs: 2.000e-05
No. of non-dominant refs: 33698, Survival refs: 33697, Failure refs: 1
Batch update: 47 refs added, 0 existing refs removed (0 new refs dominated)
Survival: 47 refs added, 0 removed (from 47 certificates)
Batch update: 1 refs added, 0 existing refs removed (0 new refs dominated)
Failure: 1 refs added, 0 removed (from 1 candidates)
---
Round: 708, Unk. prob.: 3.277e-01
Upper probs: 6.723e-01, Lower probs: 6.000e-05
No. of non-dominant refs: 33746, Survival refs: 33744, Failure refs: 2
Batch update: 48 refs added, 0 existing refs removed (0 new refs dominated)
Survival: 48 refs added, 0 removed (from 48 certificates)
---
Round: 709, Unk. prob.: 3.285e-01
Upper probs: 6.715e-01, Lower probs: 0.000e+00
No. of non-dominant refs: 33794, Survival refs: 33792, Failure refs: 2
Batch update: 48 refs added, 0 existing refs removed (0 new refs dominated)
Survival: 48 refs added, 0 removed (from 48 certificates)
---
Round: 710, Unk. prob.: 3.312e-01
Upper probs: 6.687e-01, Lower probs: 3.000e-05
No. of non-dominant refs: 33842, Survival refs: 33840, Failure refs: 2
Batch update: 48 refs added, 0 existing refs removed (0 new refs dominated)
Survival: 48 refs added, 0 removed (from 48 certificates)
---
Round: 711, Unk. prob.: 3.297e-01
Upper probs: 6.703e-01, Lower probs: 5.000e-05
No. of non-dominant refs: 33890, Survival refs: 33888, Failure refs: 2
Batch update: 48 refs added, 0 existing refs removed (0 new refs dominated)
Survival: 48 refs added, 0 removed (from 48 certificates)
---
Round: 712, Unk. prob.: 3.267e-01
Upper probs: 6.733e-01, Lower probs: 4.000e-05
No. of non-dominant refs: 33938, Survival refs: 33936, Failure refs: 2
Batch update: 48 refs added, 1 existing refs removed (0 new refs dominated)
Survival: 48 refs added, 1 removed (from 48 certificates)
---
Round: 713, Unk. prob.: 3.265e-01
Upper probs: 6.735e-01, Lower probs: 4.000e-05
No. of non-dominant refs: 33985, Survival refs: 33983, Failure refs: 2
Batch update: 48 refs added, 1 existing refs removed (0 new refs dominated)
Survival: 48 refs added, 1 removed (from 48 certificates)
---
Round: 714, Unk. prob.: 3.255e-01
Upper probs: 6.745e-01, Lower probs: 1.000e-05
No. of non-dominant refs: 34032, Survival refs: 34030, Failure refs: 2
Batch update: 48 refs added, 0 existing refs removed (0 new refs dominated)
Survival: 48 refs added, 0 removed (from 48 certificates)
---
Round: 715, Unk. prob.: 3.302e-01
Upper probs: 6.698e-01, Lower probs: 2.000e-05
No. of non-dominant refs: 34080, Survival refs: 34078, Failure refs: 2
Batch update: 48 refs added, 0 existing refs removed (0 new refs dominated)
Survival: 48 refs added, 0 removed (from 48 certificates)
---
Round: 716, Unk. prob.: 3.290e-01
Upper probs: 6.710e-01, Lower probs: 4.000e-05
No. of non-dominant refs: 34128, Survival refs: 34126, Failure refs: 2
Batch update: 48 refs added, 0 existing refs removed (0 new refs dominated)
Survival: 48 refs added, 0 removed (from 48 certificates)
---
Round: 717, Unk. prob.: 3.283e-01
Upper probs: 6.717e-01, Lower probs: 3.000e-05
No. of non-dominant refs: 34176, Survival refs: 34174, Failure refs: 2
Batch update: 48 refs added, 0 existing refs removed (0 new refs dominated)
Survival: 48 refs added, 0 removed (from 48 certificates)
---
Round: 718, Unk. prob.: 3.253e-01
Upper probs: 6.747e-01, Lower probs: 6.000e-05
No. of non-dominant refs: 34224, Survival refs: 34222, Failure refs: 2
Batch update: 48 refs added, 1 existing refs removed (0 new refs dominated)
Survival: 48 refs added, 1 removed (from 48 certificates)
---
Round: 719, Unk. prob.: 3.281e-01
Upper probs: 6.718e-01, Lower probs: 2.000e-05
No. of non-dominant refs: 34271, Survival refs: 34269, Failure refs: 2
Batch update: 48 refs added, 0 existing refs removed (0 new refs dominated)
Survival: 48 refs added, 0 removed (from 48 certificates)
---
Round: 720, Unk. prob.: 3.304e-01
Upper probs: 6.696e-01, Lower probs: 1.000e-05
No. of non-dominant refs: 34319, Survival refs: 34317, Failure refs: 2
Batch update: 48 refs added, 0 existing refs removed (0 new refs dominated)
Survival: 48 refs added, 0 removed (from 48 certificates)
---
Round: 721, Unk. prob.: 3.280e-01
Upper probs: 6.719e-01, Lower probs: 5.000e-05
No. of non-dominant refs: 34367, Survival refs: 34365, Failure refs: 2
Batch update: 48 refs added, 0 existing refs removed (0 new refs dominated)
Survival: 48 refs added, 0 removed (from 48 certificates)
---
Round: 722, Unk. prob.: 3.252e-01
Upper probs: 6.747e-01, Lower probs: 2.000e-05
No. of non-dominant refs: 34415, Survival refs: 34413, Failure refs: 2
Batch update: 48 refs added, 0 existing refs removed (0 new refs dominated)
Survival: 48 refs added, 0 removed (from 48 certificates)
---
Round: 723, Unk. prob.: 3.259e-01
Upper probs: 6.741e-01, Lower probs: 1.000e-05
No. of non-dominant refs: 34463, Survival refs: 34461, Failure refs: 2
Batch update: 47 refs added, 0 existing refs removed (0 new refs dominated)
Survival: 47 refs added, 0 removed (from 47 certificates)
Batch update: 1 refs added, 0 existing refs removed (0 new refs dominated)
Failure: 1 refs added, 0 removed (from 1 candidates)
---
Round: 724, Unk. prob.: 3.269e-01
Upper probs: 6.731e-01, Lower probs: 5.000e-05
No. of non-dominant refs: 34511, Survival refs: 34508, Failure refs: 3
Batch update: 48 refs added, 0 existing refs removed (0 new refs dominated)
Survival: 48 refs added, 0 removed (from 48 certificates)
---
Round: 725, Unk. prob.: 3.287e-01
Upper probs: 6.713e-01, Lower probs: 4.000e-05
No. of non-dominant refs: 34559, Survival refs: 34556, Failure refs: 3
Batch update: 48 refs added, 0 existing refs removed (0 new refs dominated)
Survival: 48 refs added, 0 removed (from 48 certificates)
---
Round: 726, Unk. prob.: 3.271e-01
Upper probs: 6.729e-01, Lower probs: 2.000e-05
No. of non-dominant refs: 34607, Survival refs: 34604, Failure refs: 3
Batch update: 48 refs added, 1 existing refs removed (0 new refs dominated)
Survival: 48 refs added, 1 removed (from 48 certificates)
---
Round: 727, Unk. prob.: 3.271e-01
Upper probs: 6.729e-01, Lower probs: 1.000e-05
No. of non-dominant refs: 34654, Survival refs: 34651, Failure refs: 3
Batch update: 48 refs added, 0 existing refs removed (0 new refs dominated)
Survival: 48 refs added, 0 removed (from 48 certificates)
---
Round: 728, Unk. prob.: 3.265e-01
Upper probs: 6.735e-01, Lower probs: 1.000e-05
No. of non-dominant refs: 34702, Survival refs: 34699, Failure refs: 3
Batch update: 48 refs added, 0 existing refs removed (0 new refs dominated)
Survival: 48 refs added, 0 removed (from 48 certificates)
---
Round: 729, Unk. prob.: 3.234e-01
Upper probs: 6.766e-01, Lower probs: 3.000e-05
No. of non-dominant refs: 34750, Survival refs: 34747, Failure refs: 3
Batch update: 48 refs added, 0 existing refs removed (0 new refs dominated)
Survival: 48 refs added, 0 removed (from 48 certificates)
---
Round: 730, Unk. prob.: 3.264e-01
Upper probs: 6.736e-01, Lower probs: 5.000e-05
No. of non-dominant refs: 34798, Survival refs: 34795, Failure refs: 3
Batch update: 48 refs added, 0 existing refs removed (0 new refs dominated)
Survival: 48 refs added, 0 removed (from 48 certificates)
---
Round: 731, Unk. prob.: 3.258e-01
Upper probs: 6.741e-01, Lower probs: 6.000e-05
No. of non-dominant refs: 34846, Survival refs: 34843, Failure refs: 3
Batch update: 48 refs added, 1 existing refs removed (0 new refs dominated)
Survival: 48 refs added, 1 removed (from 48 certificates)
---
Round: 732, Unk. prob.: 3.279e-01
Upper probs: 6.721e-01, Lower probs: 1.000e-05
No. of non-dominant refs: 34893, Survival refs: 34890, Failure refs: 3
Batch update: 48 refs added, 0 existing refs removed (0 new refs dominated)
Survival: 48 refs added, 0 removed (from 48 certificates)
---
Round: 733, Unk. prob.: 3.278e-01
Upper probs: 6.722e-01, Lower probs: 2.000e-05
No. of non-dominant refs: 34941, Survival refs: 34938, Failure refs: 3
Batch update: 48 refs added, 1 existing refs removed (0 new refs dominated)
Survival: 48 refs added, 1 removed (from 48 certificates)
---
Round: 734, Unk. prob.: 3.250e-01
Upper probs: 6.750e-01, Lower probs: 1.000e-05
No. of non-dominant refs: 34988, Survival refs: 34985, Failure refs: 3
Batch update: 48 refs added, 1 existing refs removed (0 new refs dominated)
Survival: 48 refs added, 1 removed (from 48 certificates)
---
Round: 735, Unk. prob.: 3.247e-01
Upper probs: 6.753e-01, Lower probs: 4.000e-05
No. of non-dominant refs: 35035, Survival refs: 35032, Failure refs: 3
Batch update: 48 refs added, 0 existing refs removed (0 new refs dominated)
Survival: 48 refs added, 0 removed (from 48 certificates)
---
Round: 736, Unk. prob.: 3.263e-01
Upper probs: 6.737e-01, Lower probs: 1.000e-05
No. of non-dominant refs: 35083, Survival refs: 35080, Failure refs: 3
Batch update: 48 refs added, 1 existing refs removed (0 new refs dominated)
Survival: 48 refs added, 1 removed (from 48 certificates)
---
Round: 737, Unk. prob.: 3.257e-01
Upper probs: 6.743e-01, Lower probs: 4.000e-05
No. of non-dominant refs: 35130, Survival refs: 35127, Failure refs: 3
Batch update: 48 refs added, 0 existing refs removed (0 new refs dominated)
Survival: 48 refs added, 0 removed (from 48 certificates)
---
Round: 738, Unk. prob.: 3.256e-01
Upper probs: 6.743e-01, Lower probs: 4.000e-05
No. of non-dominant refs: 35178, Survival refs: 35175, Failure refs: 3
Batch update: 48 refs added, 0 existing refs removed (0 new refs dominated)
Survival: 48 refs added, 0 removed (from 48 certificates)
---
Round: 739, Unk. prob.: 3.258e-01
Upper probs: 6.742e-01, Lower probs: 1.000e-05
No. of non-dominant refs: 35226, Survival refs: 35223, Failure refs: 3
Batch update: 48 refs added, 0 existing refs removed (0 new refs dominated)
Survival: 48 refs added, 0 removed (from 48 certificates)
---
Round: 740, Unk. prob.: 3.239e-01
Upper probs: 6.761e-01, Lower probs: 3.000e-05
No. of non-dominant refs: 35274, Survival refs: 35271, Failure refs: 3
Batch update: 48 refs added, 0 existing refs removed (0 new refs dominated)
Survival: 48 refs added, 0 removed (from 48 certificates)
---
Round: 741, Unk. prob.: 3.264e-01
Upper probs: 6.736e-01, Lower probs: 0.000e+00
No. of non-dominant refs: 35322, Survival refs: 35319, Failure refs: 3
Batch update: 48 refs added, 0 existing refs removed (0 new refs dominated)
Survival: 48 refs added, 0 removed (from 48 certificates)
---
Round: 742, Unk. prob.: 3.274e-01
Upper probs: 6.726e-01, Lower probs: 2.000e-05
No. of non-dominant refs: 35370, Survival refs: 35367, Failure refs: 3
Batch update: 48 refs added, 0 existing refs removed (0 new refs dominated)
Survival: 48 refs added, 0 removed (from 48 certificates)
---
Round: 743, Unk. prob.: 3.261e-01
Upper probs: 6.739e-01, Lower probs: 0.000e+00
No. of non-dominant refs: 35418, Survival refs: 35415, Failure refs: 3
Batch update: 48 refs added, 0 existing refs removed (0 new refs dominated)
Survival: 48 refs added, 0 removed (from 48 certificates)
---
Round: 744, Unk. prob.: 3.254e-01
Upper probs: 6.746e-01, Lower probs: 4.000e-05
No. of non-dominant refs: 35466, Survival refs: 35463, Failure refs: 3
Batch update: 48 refs added, 0 existing refs removed (0 new refs dominated)
Survival: 48 refs added, 0 removed (from 48 certificates)
---
Round: 745, Unk. prob.: 3.242e-01
Upper probs: 6.758e-01, Lower probs: 2.000e-05
No. of non-dominant refs: 35514, Survival refs: 35511, Failure refs: 3
Batch update: 48 refs added, 1 existing refs removed (0 new refs dominated)
Survival: 48 refs added, 1 removed (from 48 certificates)
---
Round: 746, Unk. prob.: 3.263e-01
Upper probs: 6.737e-01, Lower probs: 4.000e-05
No. of non-dominant refs: 35561, Survival refs: 35558, Failure refs: 3
Batch update: 48 refs added, 0 existing refs removed (0 new refs dominated)
Survival: 48 refs added, 0 removed (from 48 certificates)
---
Round: 747, Unk. prob.: 3.236e-01
Upper probs: 6.764e-01, Lower probs: 3.000e-05
No. of non-dominant refs: 35609, Survival refs: 35606, Failure refs: 3
Batch update: 48 refs added, 2 existing refs removed (0 new refs dominated)
Survival: 48 refs added, 2 removed (from 48 certificates)
---
Round: 748, Unk. prob.: 3.269e-01
Upper probs: 6.731e-01, Lower probs: 5.000e-05
No. of non-dominant refs: 35655, Survival refs: 35652, Failure refs: 3
Batch update: 48 refs added, 0 existing refs removed (0 new refs dominated)
Survival: 48 refs added, 0 removed (from 48 certificates)
---
Round: 749, Unk. prob.: 3.207e-01
Upper probs: 6.793e-01, Lower probs: 4.000e-05
No. of non-dominant refs: 35703, Survival refs: 35700, Failure refs: 3
Batch update: 48 refs added, 1 existing refs removed (0 new refs dominated)
Survival: 48 refs added, 1 removed (from 48 certificates)
---
Round: 750, Unk. prob.: 3.262e-01
Upper probs: 6.738e-01, Lower probs: 1.000e-05
No. of non-dominant refs: 35750, Survival refs: 35747, Failure refs: 3
Batch update: 48 refs added, 0 existing refs removed (0 new refs dominated)
Survival: 48 refs added, 0 removed (from 48 certificates)
---
Round: 751, Unk. prob.: 3.253e-01
Upper probs: 6.746e-01, Lower probs: 4.000e-05
No. of non-dominant refs: 35798, Survival refs: 35795, Failure refs: 3
Batch update: 48 refs added, 1 existing refs removed (0 new refs dominated)
Survival: 48 refs added, 1 removed (from 48 certificates)
---
Round: 752, Unk. prob.: 3.240e-01
Upper probs: 6.759e-01, Lower probs: 7.000e-05
No. of non-dominant refs: 35845, Survival refs: 35842, Failure refs: 3
Batch update: 48 refs added, 2 existing refs removed (0 new refs dominated)
Survival: 48 refs added, 2 removed (from 48 certificates)
---
Round: 753, Unk. prob.: 3.279e-01
Upper probs: 6.720e-01, Lower probs: 3.000e-05
No. of non-dominant refs: 35891, Survival refs: 35888, Failure refs: 3
Batch update: 48 refs added, 0 existing refs removed (0 new refs dominated)
Survival: 48 refs added, 0 removed (from 48 certificates)
---
Round: 754, Unk. prob.: 3.216e-01
Upper probs: 6.783e-01, Lower probs: 2.000e-05
No. of non-dominant refs: 35939, Survival refs: 35936, Failure refs: 3
Batch update: 48 refs added, 0 existing refs removed (0 new refs dominated)
Survival: 48 refs added, 0 removed (from 48 certificates)
---
Round: 755, Unk. prob.: 3.236e-01
Upper probs: 6.764e-01, Lower probs: 0.000e+00
No. of non-dominant refs: 35987, Survival refs: 35984, Failure refs: 3
Batch update: 48 refs added, 0 existing refs removed (0 new refs dominated)
Survival: 48 refs added, 0 removed (from 48 certificates)
---
Round: 756, Unk. prob.: 3.248e-01
Upper probs: 6.752e-01, Lower probs: 2.000e-05
No. of non-dominant refs: 36035, Survival refs: 36032, Failure refs: 3
Batch update: 48 refs added, 0 existing refs removed (0 new refs dominated)
Survival: 48 refs added, 0 removed (from 48 certificates)
---
Round: 757, Unk. prob.: 3.245e-01
Upper probs: 6.754e-01, Lower probs: 1.000e-05
No. of non-dominant refs: 36083, Survival refs: 36080, Failure refs: 3
Batch update: 48 refs added, 0 existing refs removed (0 new refs dominated)
Survival: 48 refs added, 0 removed (from 48 certificates)
---
Round: 758, Unk. prob.: 3.242e-01
Upper probs: 6.758e-01, Lower probs: 2.000e-05
No. of non-dominant refs: 36131, Survival refs: 36128, Failure refs: 3
Batch update: 48 refs added, 0 existing refs removed (0 new refs dominated)
Survival: 48 refs added, 0 removed (from 48 certificates)
---
Round: 759, Unk. prob.: 3.258e-01
Upper probs: 6.741e-01, Lower probs: 2.000e-05
No. of non-dominant refs: 36179, Survival refs: 36176, Failure refs: 3
Batch update: 48 refs added, 0 existing refs removed (0 new refs dominated)
Survival: 48 refs added, 0 removed (from 48 certificates)
---
Round: 760, Unk. prob.: 3.244e-01
Upper probs: 6.756e-01, Lower probs: 3.000e-05
No. of non-dominant refs: 36227, Survival refs: 36224, Failure refs: 3
Batch update: 48 refs added, 0 existing refs removed (0 new refs dominated)
Survival: 48 refs added, 0 removed (from 48 certificates)
---
Round: 761, Unk. prob.: 3.222e-01
Upper probs: 6.778e-01, Lower probs: 6.000e-05
No. of non-dominant refs: 36275, Survival refs: 36272, Failure refs: 3
Batch update: 48 refs added, 1 existing refs removed (0 new refs dominated)
Survival: 48 refs added, 1 removed (from 48 certificates)
---
Round: 762, Unk. prob.: 3.225e-01
Upper probs: 6.775e-01, Lower probs: 6.000e-05
No. of non-dominant refs: 36322, Survival refs: 36319, Failure refs: 3
Batch update: 48 refs added, 1 existing refs removed (0 new refs dominated)
Survival: 48 refs added, 1 removed (from 48 certificates)
---
Round: 763, Unk. prob.: 3.255e-01
Upper probs: 6.745e-01, Lower probs: 2.000e-05
No. of non-dominant refs: 36369, Survival refs: 36366, Failure refs: 3
Batch update: 48 refs added, 1 existing refs removed (0 new refs dominated)
Survival: 48 refs added, 1 removed (from 48 certificates)
---
Round: 764, Unk. prob.: 3.236e-01
Upper probs: 6.763e-01, Lower probs: 7.000e-05
No. of non-dominant refs: 36416, Survival refs: 36413, Failure refs: 3
Batch update: 48 refs added, 1 existing refs removed (0 new refs dominated)
Survival: 48 refs added, 1 removed (from 48 certificates)
---
Round: 765, Unk. prob.: 3.242e-01
Upper probs: 6.758e-01, Lower probs: 5.000e-05
No. of non-dominant refs: 36463, Survival refs: 36460, Failure refs: 3
Batch update: 48 refs added, 0 existing refs removed (0 new refs dominated)
Survival: 48 refs added, 0 removed (from 48 certificates)
---
Round: 766, Unk. prob.: 3.242e-01
Upper probs: 6.758e-01, Lower probs: 1.000e-05
No. of non-dominant refs: 36511, Survival refs: 36508, Failure refs: 3
Batch update: 48 refs added, 0 existing refs removed (0 new refs dominated)
Survival: 48 refs added, 0 removed (from 48 certificates)
---
Round: 767, Unk. prob.: 3.230e-01
Upper probs: 6.770e-01, Lower probs: 3.000e-05
No. of non-dominant refs: 36559, Survival refs: 36556, Failure refs: 3
Batch update: 48 refs added, 0 existing refs removed (0 new refs dominated)
Survival: 48 refs added, 0 removed (from 48 certificates)
---
Round: 768, Unk. prob.: 3.241e-01
Upper probs: 6.759e-01, Lower probs: 3.000e-05
No. of non-dominant refs: 36607, Survival refs: 36604, Failure refs: 3
Batch update: 48 refs added, 0 existing refs removed (0 new refs dominated)
Survival: 48 refs added, 0 removed (from 48 certificates)
---
Round: 769, Unk. prob.: 3.228e-01
Upper probs: 6.772e-01, Lower probs: 5.000e-05
No. of non-dominant refs: 36655, Survival refs: 36652, Failure refs: 3
Batch update: 48 refs added, 0 existing refs removed (0 new refs dominated)
Survival: 48 refs added, 0 removed (from 48 certificates)
---
Round: 770, Unk. prob.: 3.237e-01
Upper probs: 6.763e-01, Lower probs: 4.000e-05
No. of non-dominant refs: 36703, Survival refs: 36700, Failure refs: 3
Batch update: 48 refs added, 0 existing refs removed (0 new refs dominated)
Survival: 48 refs added, 0 removed (from 48 certificates)
---
Round: 771, Unk. prob.: 3.246e-01
Upper probs: 6.754e-01, Lower probs: 5.000e-05
No. of non-dominant refs: 36751, Survival refs: 36748, Failure refs: 3
Batch update: 48 refs added, 0 existing refs removed (0 new refs dominated)
Survival: 48 refs added, 0 removed (from 48 certificates)
---
Round: 772, Unk. prob.: 3.206e-01
Upper probs: 6.794e-01, Lower probs: 2.000e-05
No. of non-dominant refs: 36799, Survival refs: 36796, Failure refs: 3
Batch update: 48 refs added, 1 existing refs removed (0 new refs dominated)
Survival: 48 refs added, 1 removed (from 48 certificates)
---
Round: 773, Unk. prob.: 3.252e-01
Upper probs: 6.748e-01, Lower probs: 2.000e-05
No. of non-dominant refs: 36846, Survival refs: 36843, Failure refs: 3
Batch update: 48 refs added, 0 existing refs removed (0 new refs dominated)
Survival: 48 refs added, 0 removed (from 48 certificates)
---
Round: 774, Unk. prob.: 3.220e-01
Upper probs: 6.780e-01, Lower probs: 2.000e-05
No. of non-dominant refs: 36894, Survival refs: 36891, Failure refs: 3
Batch update: 48 refs added, 0 existing refs removed (0 new refs dominated)
Survival: 48 refs added, 0 removed (from 48 certificates)
---
Round: 775, Unk. prob.: 3.200e-01
Upper probs: 6.800e-01, Lower probs: 3.000e-05
No. of non-dominant refs: 36942, Survival refs: 36939, Failure refs: 3
Batch update: 48 refs added, 1 existing refs removed (0 new refs dominated)
Survival: 48 refs added, 1 removed (from 48 certificates)
---
Round: 776, Unk. prob.: 3.234e-01
Upper probs: 6.766e-01, Lower probs: 4.000e-05
No. of non-dominant refs: 36989, Survival refs: 36986, Failure refs: 3
Batch update: 48 refs added, 3 existing refs removed (0 new refs dominated)
Survival: 48 refs added, 3 removed (from 48 certificates)
---
Round: 777, Unk. prob.: 3.217e-01
Upper probs: 6.782e-01, Lower probs: 3.000e-05
No. of non-dominant refs: 37034, Survival refs: 37031, Failure refs: 3
Batch update: 48 refs added, 0 existing refs removed (0 new refs dominated)
Survival: 48 refs added, 0 removed (from 48 certificates)
---
Round: 778, Unk. prob.: 3.213e-01
Upper probs: 6.787e-01, Lower probs: 3.000e-05
No. of non-dominant refs: 37082, Survival refs: 37079, Failure refs: 3
Batch update: 48 refs added, 0 existing refs removed (0 new refs dominated)
Survival: 48 refs added, 0 removed (from 48 certificates)
---
Round: 779, Unk. prob.: 3.204e-01
Upper probs: 6.796e-01, Lower probs: 3.000e-05
No. of non-dominant refs: 37130, Survival refs: 37127, Failure refs: 3
Batch update: 48 refs added, 0 existing refs removed (0 new refs dominated)
Survival: 48 refs added, 0 removed (from 48 certificates)
---
Round: 780, Unk. prob.: 3.214e-01
Upper probs: 6.786e-01, Lower probs: 1.000e-05
No. of non-dominant refs: 37178, Survival refs: 37175, Failure refs: 3
Batch update: 48 refs added, 1 existing refs removed (0 new refs dominated)
Survival: 48 refs added, 1 removed (from 48 certificates)
---
Round: 781, Unk. prob.: 3.250e-01
Upper probs: 6.750e-01, Lower probs: 2.000e-05
No. of non-dominant refs: 37225, Survival refs: 37222, Failure refs: 3
Batch update: 48 refs added, 0 existing refs removed (0 new refs dominated)
Survival: 48 refs added, 0 removed (from 48 certificates)
---
Round: 782, Unk. prob.: 3.210e-01
Upper probs: 6.790e-01, Lower probs: 2.000e-05
No. of non-dominant refs: 37273, Survival refs: 37270, Failure refs: 3
Batch update: 48 refs added, 0 existing refs removed (0 new refs dominated)
Survival: 48 refs added, 0 removed (from 48 certificates)
---
Round: 783, Unk. prob.: 3.235e-01
Upper probs: 6.765e-01, Lower probs: 1.000e-05
No. of non-dominant refs: 37321, Survival refs: 37318, Failure refs: 3
Batch update: 48 refs added, 0 existing refs removed (0 new refs dominated)
Survival: 48 refs added, 0 removed (from 48 certificates)
---
Round: 784, Unk. prob.: 3.209e-01
Upper probs: 6.791e-01, Lower probs: 0.000e+00
No. of non-dominant refs: 37369, Survival refs: 37366, Failure refs: 3
Batch update: 48 refs added, 0 existing refs removed (0 new refs dominated)
Survival: 48 refs added, 0 removed (from 48 certificates)
---
Round: 785, Unk. prob.: 3.233e-01
Upper probs: 6.767e-01, Lower probs: 1.000e-05
No. of non-dominant refs: 37417, Survival refs: 37414, Failure refs: 3
Batch update: 48 refs added, 0 existing refs removed (0 new refs dominated)
Survival: 48 refs added, 0 removed (from 48 certificates)
---
Round: 786, Unk. prob.: 3.195e-01
Upper probs: 6.805e-01, Lower probs: 0.000e+00
No. of non-dominant refs: 37465, Survival refs: 37462, Failure refs: 3
Batch update: 48 refs added, 0 existing refs removed (0 new refs dominated)
Survival: 48 refs added, 0 removed (from 48 certificates)
---
Round: 787, Unk. prob.: 3.223e-01
Upper probs: 6.777e-01, Lower probs: 4.000e-05
No. of non-dominant refs: 37513, Survival refs: 37510, Failure refs: 3
Batch update: 48 refs added, 0 existing refs removed (0 new refs dominated)
Survival: 48 refs added, 0 removed (from 48 certificates)
---
Round: 788, Unk. prob.: 3.231e-01
Upper probs: 6.768e-01, Lower probs: 4.000e-05
No. of non-dominant refs: 37561, Survival refs: 37558, Failure refs: 3
Batch update: 48 refs added, 0 existing refs removed (0 new refs dominated)
Survival: 48 refs added, 0 removed (from 48 certificates)
---
Round: 789, Unk. prob.: 3.221e-01
Upper probs: 6.779e-01, Lower probs: 2.000e-05
No. of non-dominant refs: 37609, Survival refs: 37606, Failure refs: 3
Batch update: 48 refs added, 0 existing refs removed (0 new refs dominated)
Survival: 48 refs added, 0 removed (from 48 certificates)
---
Round: 790, Unk. prob.: 3.212e-01
Upper probs: 6.788e-01, Lower probs: 1.000e-05
No. of non-dominant refs: 37657, Survival refs: 37654, Failure refs: 3
Batch update: 48 refs added, 0 existing refs removed (0 new refs dominated)
Survival: 48 refs added, 0 removed (from 48 certificates)
---
Round: 791, Unk. prob.: 3.217e-01
Upper probs: 6.783e-01, Lower probs: 6.000e-05
No. of non-dominant refs: 37705, Survival refs: 37702, Failure refs: 3
Batch update: 48 refs added, 0 existing refs removed (0 new refs dominated)
Survival: 48 refs added, 0 removed (from 48 certificates)
---
Round: 792, Unk. prob.: 3.207e-01
Upper probs: 6.792e-01, Lower probs: 3.000e-05
No. of non-dominant refs: 37753, Survival refs: 37750, Failure refs: 3
Batch update: 48 refs added, 0 existing refs removed (0 new refs dominated)
Survival: 48 refs added, 0 removed (from 48 certificates)
---
Round: 793, Unk. prob.: 3.226e-01
Upper probs: 6.774e-01, Lower probs: 0.000e+00
No. of non-dominant refs: 37801, Survival refs: 37798, Failure refs: 3
Batch update: 48 refs added, 0 existing refs removed (0 new refs dominated)
Survival: 48 refs added, 0 removed (from 48 certificates)
---
Round: 794, Unk. prob.: 3.233e-01
Upper probs: 6.767e-01, Lower probs: 1.000e-05
No. of non-dominant refs: 37849, Survival refs: 37846, Failure refs: 3
Batch update: 48 refs added, 0 existing refs removed (0 new refs dominated)
Survival: 48 refs added, 0 removed (from 48 certificates)
---
Round: 795, Unk. prob.: 3.184e-01
Upper probs: 6.816e-01, Lower probs: 5.000e-05
No. of non-dominant refs: 37897, Survival refs: 37894, Failure refs: 3
Batch update: 48 refs added, 1 existing refs removed (0 new refs dominated)
Survival: 48 refs added, 1 removed (from 48 certificates)
---
Round: 796, Unk. prob.: 3.214e-01
Upper probs: 6.786e-01, Lower probs: 3.000e-05
No. of non-dominant refs: 37944, Survival refs: 37941, Failure refs: 3
Batch update: 48 refs added, 0 existing refs removed (0 new refs dominated)
Survival: 48 refs added, 0 removed (from 48 certificates)
---
Round: 797, Unk. prob.: 3.186e-01
Upper probs: 6.814e-01, Lower probs: 2.000e-05
No. of non-dominant refs: 37992, Survival refs: 37989, Failure refs: 3
Batch update: 47 refs added, 0 existing refs removed (0 new refs dominated)
Survival: 47 refs added, 0 removed (from 47 certificates)
Failure cuts: 1 added (total 35)
---
Round: 798, Unk. prob.: 3.195e-01
Upper probs: 6.805e-01, Lower probs: 6.000e-05
No. of non-dominant refs: 38039, Survival refs: 38036, Failure refs: 3
Batch update: 48 refs added, 0 existing refs removed (0 new refs dominated)
Survival: 48 refs added, 0 removed (from 48 certificates)
---
Round: 799, Unk. prob.: 3.195e-01
Upper probs: 6.804e-01, Lower probs: 4.000e-05
No. of non-dominant refs: 38087, Survival refs: 38084, Failure refs: 3
Batch update: 48 refs added, 0 existing refs removed (0 new refs dominated)
Survival: 48 refs added, 0 removed (from 48 certificates)
---
Round: 800, Unk. prob.: 3.214e-01
Upper probs: 6.786e-01, Lower probs: 1.000e-05
No. of non-dominant refs: 38135, Survival refs: 38132, Failure refs: 3
Batch update: 48 refs added, 1 existing refs removed (0 new refs dominated)
Survival: 48 refs added, 1 removed (from 48 certificates)
---
Round: 801, Unk. prob.: 3.206e-01
Upper probs: 6.793e-01, Lower probs: 2.000e-05
No. of non-dominant refs: 38182, Survival refs: 38179, Failure refs: 3
Batch update: 48 refs added, 0 existing refs removed (0 new refs dominated)
Survival: 48 refs added, 0 removed (from 48 certificates)
---
Round: 802, Unk. prob.: 3.184e-01
Upper probs: 6.816e-01, Lower probs: 4.000e-05
No. of non-dominant refs: 38230, Survival refs: 38227, Failure refs: 3
Batch update: 48 refs added, 1 existing refs removed (0 new refs dominated)
Survival: 48 refs added, 1 removed (from 48 certificates)
---
Round: 803, Unk. prob.: 3.227e-01
Upper probs: 6.773e-01, Lower probs: 2.000e-05
No. of non-dominant refs: 38277, Survival refs: 38274, Failure refs: 3
Batch update: 48 refs added, 0 existing refs removed (0 new refs dominated)
Survival: 48 refs added, 0 removed (from 48 certificates)
---
Round: 804, Unk. prob.: 3.171e-01
Upper probs: 6.828e-01, Lower probs: 4.000e-05
No. of non-dominant refs: 38325, Survival refs: 38322, Failure refs: 3
Batch update: 48 refs added, 0 existing refs removed (0 new refs dominated)
Survival: 48 refs added, 0 removed (from 48 certificates)
---
Round: 805, Unk. prob.: 3.212e-01
Upper probs: 6.787e-01, Lower probs: 4.000e-05
No. of non-dominant refs: 38373, Survival refs: 38370, Failure refs: 3
Batch update: 48 refs added, 0 existing refs removed (0 new refs dominated)
Survival: 48 refs added, 0 removed (from 48 certificates)
---
Round: 806, Unk. prob.: 3.230e-01
Upper probs: 6.770e-01, Lower probs: 3.000e-05
No. of non-dominant refs: 38421, Survival refs: 38418, Failure refs: 3
Batch update: 48 refs added, 1 existing refs removed (0 new refs dominated)
Survival: 48 refs added, 1 removed (from 48 certificates)
---
Round: 807, Unk. prob.: 3.195e-01
Upper probs: 6.805e-01, Lower probs: 4.000e-05
No. of non-dominant refs: 38468, Survival refs: 38465, Failure refs: 3
Batch update: 48 refs added, 0 existing refs removed (0 new refs dominated)
Survival: 48 refs added, 0 removed (from 48 certificates)
---
Round: 808, Unk. prob.: 3.210e-01
Upper probs: 6.790e-01, Lower probs: 2.000e-05
No. of non-dominant refs: 38516, Survival refs: 38513, Failure refs: 3
Batch update: 48 refs added, 1 existing refs removed (0 new refs dominated)
Survival: 48 refs added, 1 removed (from 48 certificates)
---
Round: 809, Unk. prob.: 3.207e-01
Upper probs: 6.792e-01, Lower probs: 3.000e-05
No. of non-dominant refs: 38563, Survival refs: 38560, Failure refs: 3
Batch update: 48 refs added, 0 existing refs removed (0 new refs dominated)
Survival: 48 refs added, 0 removed (from 48 certificates)
---
Round: 810, Unk. prob.: 3.203e-01
Upper probs: 6.797e-01, Lower probs: 2.000e-05
No. of non-dominant refs: 38611, Survival refs: 38608, Failure refs: 3
Batch update: 48 refs added, 1 existing refs removed (0 new refs dominated)
Survival: 48 refs added, 1 removed (from 48 certificates)
---
Round: 811, Unk. prob.: 3.206e-01
Upper probs: 6.794e-01, Lower probs: 2.000e-05
No. of non-dominant refs: 38658, Survival refs: 38655, Failure refs: 3
Batch update: 48 refs added, 0 existing refs removed (0 new refs dominated)
Survival: 48 refs added, 0 removed (from 48 certificates)
---
Round: 812, Unk. prob.: 3.189e-01
Upper probs: 6.811e-01, Lower probs: 2.000e-05
No. of non-dominant refs: 38706, Survival refs: 38703, Failure refs: 3
Batch update: 48 refs added, 0 existing refs removed (0 new refs dominated)
Survival: 48 refs added, 0 removed (from 48 certificates)
---
Round: 813, Unk. prob.: 3.187e-01
Upper probs: 6.813e-01, Lower probs: 2.000e-05
No. of non-dominant refs: 38754, Survival refs: 38751, Failure refs: 3
Batch update: 48 refs added, 1 existing refs removed (0 new refs dominated)
Survival: 48 refs added, 1 removed (from 48 certificates)
---
Round: 814, Unk. prob.: 3.205e-01
Upper probs: 6.795e-01, Lower probs: 2.000e-05
No. of non-dominant refs: 38801, Survival refs: 38798, Failure refs: 3
Batch update: 48 refs added, 2 existing refs removed (0 new refs dominated)
Survival: 48 refs added, 2 removed (from 48 certificates)
---
Round: 815, Unk. prob.: 3.202e-01
Upper probs: 6.797e-01, Lower probs: 2.000e-05
No. of non-dominant refs: 38847, Survival refs: 38844, Failure refs: 3
Batch update: 48 refs added, 0 existing refs removed (0 new refs dominated)
Survival: 48 refs added, 0 removed (from 48 certificates)
---
Round: 816, Unk. prob.: 3.179e-01
Upper probs: 6.821e-01, Lower probs: 5.000e-05
No. of non-dominant refs: 38895, Survival refs: 38892, Failure refs: 3
Batch update: 48 refs added, 0 existing refs removed (0 new refs dominated)
Survival: 48 refs added, 0 removed (from 48 certificates)
---
Round: 817, Unk. prob.: 3.215e-01
Upper probs: 6.785e-01, Lower probs: 1.000e-05
No. of non-dominant refs: 38943, Survival refs: 38940, Failure refs: 3
Batch update: 48 refs added, 0 existing refs removed (0 new refs dominated)
Survival: 48 refs added, 0 removed (from 48 certificates)
---
Round: 818, Unk. prob.: 3.206e-01
Upper probs: 6.794e-01, Lower probs: 0.000e+00
No. of non-dominant refs: 38991, Survival refs: 38988, Failure refs: 3
Batch update: 48 refs added, 0 existing refs removed (0 new refs dominated)
Survival: 48 refs added, 0 removed (from 48 certificates)
---
Round: 819, Unk. prob.: 3.226e-01
Upper probs: 6.774e-01, Lower probs: 2.000e-05
No. of non-dominant refs: 39039, Survival refs: 39036, Failure refs: 3
Batch update: 48 refs added, 0 existing refs removed (0 new refs dominated)
Survival: 48 refs added, 0 removed (from 48 certificates)
---
Round: 820, Unk. prob.: 3.175e-01
Upper probs: 6.825e-01, Lower probs: 5.000e-05
No. of non-dominant refs: 39087, Survival refs: 39084, Failure refs: 3
Batch update: 48 refs added, 0 existing refs removed (0 new refs dominated)
Survival: 48 refs added, 0 removed (from 48 certificates)
---
Round: 821, Unk. prob.: 3.181e-01
Upper probs: 6.819e-01, Lower probs: 2.000e-05
No. of non-dominant refs: 39135, Survival refs: 39132, Failure refs: 3
Batch update: 48 refs added, 0 existing refs removed (0 new refs dominated)
Survival: 48 refs added, 0 removed (from 48 certificates)
---
Round: 822, Unk. prob.: 3.190e-01
Upper probs: 6.810e-01, Lower probs: 3.000e-05
No. of non-dominant refs: 39183, Survival refs: 39180, Failure refs: 3
Batch update: 48 refs added, 0 existing refs removed (0 new refs dominated)
Survival: 48 refs added, 0 removed (from 48 certificates)
---
Round: 823, Unk. prob.: 3.208e-01
Upper probs: 6.792e-01, Lower probs: 3.000e-05
No. of non-dominant refs: 39231, Survival refs: 39228, Failure refs: 3
Batch update: 48 refs added, 1 existing refs removed (0 new refs dominated)
Survival: 48 refs added, 1 removed (from 48 certificates)
---
Round: 824, Unk. prob.: 3.213e-01
Upper probs: 6.787e-01, Lower probs: 2.000e-05
No. of non-dominant refs: 39278, Survival refs: 39275, Failure refs: 3
Batch update: 48 refs added, 0 existing refs removed (0 new refs dominated)
Survival: 48 refs added, 0 removed (from 48 certificates)
---
Round: 825, Unk. prob.: 3.189e-01
Upper probs: 6.811e-01, Lower probs: 7.000e-05
No. of non-dominant refs: 39326, Survival refs: 39323, Failure refs: 3
Batch update: 48 refs added, 0 existing refs removed (0 new refs dominated)
Survival: 48 refs added, 0 removed (from 48 certificates)
---
Round: 826, Unk. prob.: 3.186e-01
Upper probs: 6.813e-01, Lower probs: 2.000e-05
No. of non-dominant refs: 39374, Survival refs: 39371, Failure refs: 3
Batch update: 48 refs added, 1 existing refs removed (0 new refs dominated)
Survival: 48 refs added, 1 removed (from 48 certificates)
---
Round: 827, Unk. prob.: 3.192e-01
Upper probs: 6.808e-01, Lower probs: 3.000e-05
No. of non-dominant refs: 39421, Survival refs: 39418, Failure refs: 3
Batch update: 48 refs added, 0 existing refs removed (0 new refs dominated)
Survival: 48 refs added, 0 removed (from 48 certificates)
---
Round: 828, Unk. prob.: 3.183e-01
Upper probs: 6.817e-01, Lower probs: 1.000e-05
No. of non-dominant refs: 39469, Survival refs: 39466, Failure refs: 3
Batch update: 48 refs added, 1 existing refs removed (0 new refs dominated)
Survival: 48 refs added, 1 removed (from 48 certificates)
---
Round: 829, Unk. prob.: 3.168e-01
Upper probs: 6.832e-01, Lower probs: 3.000e-05
No. of non-dominant refs: 39516, Survival refs: 39513, Failure refs: 3
Batch update: 48 refs added, 0 existing refs removed (0 new refs dominated)
Survival: 48 refs added, 0 removed (from 48 certificates)
---
Round: 830, Unk. prob.: 3.191e-01
Upper probs: 6.808e-01, Lower probs: 3.000e-05
No. of non-dominant refs: 39564, Survival refs: 39561, Failure refs: 3
Batch update: 48 refs added, 0 existing refs removed (0 new refs dominated)
Survival: 48 refs added, 0 removed (from 48 certificates)
---
Round: 831, Unk. prob.: 3.222e-01
Upper probs: 6.777e-01, Lower probs: 6.000e-05
No. of non-dominant refs: 39612, Survival refs: 39609, Failure refs: 3
Batch update: 48 refs added, 0 existing refs removed (0 new refs dominated)
Survival: 48 refs added, 0 removed (from 48 certificates)
---
Round: 832, Unk. prob.: 3.197e-01
Upper probs: 6.802e-01, Lower probs: 3.000e-05
No. of non-dominant refs: 39660, Survival refs: 39657, Failure refs: 3
Batch update: 48 refs added, 0 existing refs removed (0 new refs dominated)
Survival: 48 refs added, 0 removed (from 48 certificates)
---
Round: 833, Unk. prob.: 3.172e-01
Upper probs: 6.828e-01, Lower probs: 3.000e-05
No. of non-dominant refs: 39708, Survival refs: 39705, Failure refs: 3
Batch update: 48 refs added, 0 existing refs removed (0 new refs dominated)
Survival: 48 refs added, 0 removed (from 48 certificates)
---
Round: 834, Unk. prob.: 3.188e-01
Upper probs: 6.811e-01, Lower probs: 3.000e-05
No. of non-dominant refs: 39756, Survival refs: 39753, Failure refs: 3
Batch update: 48 refs added, 0 existing refs removed (0 new refs dominated)
Survival: 48 refs added, 0 removed (from 48 certificates)
---
Round: 835, Unk. prob.: 3.194e-01
Upper probs: 6.805e-01, Lower probs: 3.000e-05
No. of non-dominant refs: 39804, Survival refs: 39801, Failure refs: 3
Batch update: 48 refs added, 0 existing refs removed (0 new refs dominated)
Survival: 48 refs added, 0 removed (from 48 certificates)
---
Round: 836, Unk. prob.: 3.183e-01
Upper probs: 6.816e-01, Lower probs: 1.000e-05
No. of non-dominant refs: 39852, Survival refs: 39849, Failure refs: 3
Batch update: 48 refs added, 0 existing refs removed (0 new refs dominated)
Survival: 48 refs added, 0 removed (from 48 certificates)
---
Round: 837, Unk. prob.: 3.178e-01
Upper probs: 6.822e-01, Lower probs: 4.000e-05
No. of non-dominant refs: 39900, Survival refs: 39897, Failure refs: 3
Batch update: 48 refs added, 0 existing refs removed (0 new refs dominated)
Survival: 48 refs added, 0 removed (from 48 certificates)
---
Round: 838, Unk. prob.: 3.169e-01
Upper probs: 6.831e-01, Lower probs: 3.000e-05
No. of non-dominant refs: 39948, Survival refs: 39945, Failure refs: 3
Batch update: 48 refs added, 0 existing refs removed (0 new refs dominated)
Survival: 48 refs added, 0 removed (from 48 certificates)
---
Round: 839, Unk. prob.: 3.194e-01
Upper probs: 6.805e-01, Lower probs: 2.000e-05
No. of non-dominant refs: 39996, Survival refs: 39993, Failure refs: 3
Batch update: 48 refs added, 0 existing refs removed (0 new refs dominated)
Survival: 48 refs added, 0 removed (from 48 certificates)
---
Round: 840, Unk. prob.: 3.160e-01
Upper probs: 6.839e-01, Lower probs: 0.000e+00
No. of non-dominant refs: 40044, Survival refs: 40041, Failure refs: 3
Batch update: 48 refs added, 0 existing refs removed (0 new refs dominated)
Survival: 48 refs added, 0 removed (from 48 certificates)
---
Round: 841, Unk. prob.: 3.182e-01
Upper probs: 6.817e-01, Lower probs: 1.000e-05
No. of non-dominant refs: 40092, Survival refs: 40089, Failure refs: 3
Batch update: 48 refs added, 0 existing refs removed (0 new refs dominated)
Survival: 48 refs added, 0 removed (from 48 certificates)
---
Round: 842, Unk. prob.: 3.180e-01
Upper probs: 6.820e-01, Lower probs: 3.000e-05
No. of non-dominant refs: 40140, Survival refs: 40137, Failure refs: 3
Batch update: 48 refs added, 0 existing refs removed (0 new refs dominated)
Survival: 48 refs added, 0 removed (from 48 certificates)
---
Round: 843, Unk. prob.: 3.167e-01
Upper probs: 6.833e-01, Lower probs: 2.000e-05
No. of non-dominant refs: 40188, Survival refs: 40185, Failure refs: 3
Batch update: 48 refs added, 0 existing refs removed (0 new refs dominated)
Survival: 48 refs added, 0 removed (from 48 certificates)
---
Round: 844, Unk. prob.: 3.198e-01
Upper probs: 6.802e-01, Lower probs: 2.000e-05
No. of non-dominant refs: 40236, Survival refs: 40233, Failure refs: 3
Batch update: 48 refs added, 0 existing refs removed (0 new refs dominated)
Survival: 48 refs added, 0 removed (from 48 certificates)
---
Round: 845, Unk. prob.: 3.167e-01
Upper probs: 6.832e-01, Lower probs: 4.000e-05
No. of non-dominant refs: 40284, Survival refs: 40281, Failure refs: 3
Batch update: 48 refs added, 0 existing refs removed (0 new refs dominated)
Survival: 48 refs added, 0 removed (from 48 certificates)
---
Round: 846, Unk. prob.: 3.182e-01
Upper probs: 6.817e-01, Lower probs: 0.000e+00
No. of non-dominant refs: 40332, Survival refs: 40329, Failure refs: 3
Batch update: 48 refs added, 0 existing refs removed (0 new refs dominated)
Survival: 48 refs added, 0 removed (from 48 certificates)
---
Round: 847, Unk. prob.: 3.160e-01
Upper probs: 6.840e-01, Lower probs: 2.000e-05
No. of non-dominant refs: 40380, Survival refs: 40377, Failure refs: 3
Batch update: 48 refs added, 0 existing refs removed (0 new refs dominated)
Survival: 48 refs added, 0 removed (from 48 certificates)
---
Round: 848, Unk. prob.: 3.176e-01
Upper probs: 6.823e-01, Lower probs: 4.000e-05
No. of non-dominant refs: 40428, Survival refs: 40425, Failure refs: 3
Batch update: 48 refs added, 1 existing refs removed (0 new refs dominated)
Survival: 48 refs added, 1 removed (from 48 certificates)
---
Round: 849, Unk. prob.: 3.141e-01
Upper probs: 6.858e-01, Lower probs: 5.000e-05
No. of non-dominant refs: 40475, Survival refs: 40472, Failure refs: 3
Batch update: 48 refs added, 0 existing refs removed (0 new refs dominated)
Survival: 48 refs added, 0 removed (from 48 certificates)
---
Round: 850, Unk. prob.: 3.169e-01
Upper probs: 6.830e-01, Lower probs: 2.000e-05
No. of non-dominant refs: 40523, Survival refs: 40520, Failure refs: 3
Batch update: 48 refs added, 0 existing refs removed (0 new refs dominated)
Survival: 48 refs added, 0 removed (from 48 certificates)
---
Round: 851, Unk. prob.: 3.189e-01
Upper probs: 6.810e-01, Lower probs: 4.000e-05
No. of non-dominant refs: 40571, Survival refs: 40568, Failure refs: 3
Batch update: 48 refs added, 1 existing refs removed (0 new refs dominated)
Survival: 48 refs added, 1 removed (from 48 certificates)
---
Round: 852, Unk. prob.: 3.166e-01
Upper probs: 6.833e-01, Lower probs: 4.000e-05
No. of non-dominant refs: 40618, Survival refs: 40615, Failure refs: 3
Batch update: 48 refs added, 0 existing refs removed (0 new refs dominated)
Survival: 48 refs added, 0 removed (from 48 certificates)
---
Round: 853, Unk. prob.: 3.193e-01
Upper probs: 6.806e-01, Lower probs: 2.000e-05
No. of non-dominant refs: 40666, Survival refs: 40663, Failure refs: 3
Batch update: 48 refs added, 0 existing refs removed (0 new refs dominated)
Survival: 48 refs added, 0 removed (from 48 certificates)
---
Round: 854, Unk. prob.: 3.147e-01
Upper probs: 6.853e-01, Lower probs: 2.000e-05
No. of non-dominant refs: 40714, Survival refs: 40711, Failure refs: 3
Batch update: 48 refs added, 1 existing refs removed (0 new refs dominated)
Survival: 48 refs added, 1 removed (from 48 certificates)
---
Round: 855, Unk. prob.: 3.163e-01
Upper probs: 6.837e-01, Lower probs: 3.000e-05
No. of non-dominant refs: 40761, Survival refs: 40758, Failure refs: 3
Batch update: 48 refs added, 0 existing refs removed (0 new refs dominated)
Survival: 48 refs added, 0 removed (from 48 certificates)
---
Round: 856, Unk. prob.: 3.143e-01
Upper probs: 6.857e-01, Lower probs: 2.000e-05
No. of non-dominant refs: 40809, Survival refs: 40806, Failure refs: 3
Batch update: 48 refs added, 0 existing refs removed (0 new refs dominated)
Survival: 48 refs added, 0 removed (from 48 certificates)
---
Round: 857, Unk. prob.: 3.189e-01
Upper probs: 6.810e-01, Lower probs: 2.000e-05
No. of non-dominant refs: 40857, Survival refs: 40854, Failure refs: 3
Batch update: 48 refs added, 0 existing refs removed (0 new refs dominated)
Survival: 48 refs added, 0 removed (from 48 certificates)
---
Round: 858, Unk. prob.: 3.170e-01
Upper probs: 6.830e-01, Lower probs: 3.000e-05
No. of non-dominant refs: 40905, Survival refs: 40902, Failure refs: 3
Batch update: 48 refs added, 0 existing refs removed (0 new refs dominated)
Survival: 48 refs added, 0 removed (from 48 certificates)
---
Round: 859, Unk. prob.: 3.172e-01
Upper probs: 6.828e-01, Lower probs: 0.000e+00
No. of non-dominant refs: 40953, Survival refs: 40950, Failure refs: 3
Batch update: 48 refs added, 2 existing refs removed (0 new refs dominated)
Survival: 48 refs added, 2 removed (from 48 certificates)
---
Round: 860, Unk. prob.: 3.154e-01
Upper probs: 6.846e-01, Lower probs: 1.000e-05
No. of non-dominant refs: 40999, Survival refs: 40996, Failure refs: 3
Batch update: 48 refs added, 0 existing refs removed (0 new refs dominated)
Survival: 48 refs added, 0 removed (from 48 certificates)
---
Round: 861, Unk. prob.: 3.188e-01
Upper probs: 6.812e-01, Lower probs: 1.000e-05
No. of non-dominant refs: 41047, Survival refs: 41044, Failure refs: 3
Batch update: 48 refs added, 1 existing refs removed (0 new refs dominated)
Survival: 48 refs added, 1 removed (from 48 certificates)
---
Round: 862, Unk. prob.: 3.167e-01
Upper probs: 6.832e-01, Lower probs: 3.000e-05
No. of non-dominant refs: 41094, Survival refs: 41091, Failure refs: 3
Batch update: 48 refs added, 0 existing refs removed (0 new refs dominated)
Survival: 48 refs added, 0 removed (from 48 certificates)
---
Round: 863, Unk. prob.: 3.163e-01
Upper probs: 6.837e-01, Lower probs: 4.000e-05
No. of non-dominant refs: 41142, Survival refs: 41139, Failure refs: 3
Batch update: 48 refs added, 1 existing refs removed (0 new refs dominated)
Survival: 48 refs added, 1 removed (from 48 certificates)
---
Round: 864, Unk. prob.: 3.133e-01
Upper probs: 6.867e-01, Lower probs: 1.000e-05
No. of non-dominant refs: 41189, Survival refs: 41186, Failure refs: 3
Batch update: 48 refs added, 1 existing refs removed (0 new refs dominated)
Survival: 48 refs added, 1 removed (from 48 certificates)
---
Round: 865, Unk. prob.: 3.171e-01
Upper probs: 6.829e-01, Lower probs: 6.000e-05
No. of non-dominant refs: 41236, Survival refs: 41233, Failure refs: 3
Batch update: 48 refs added, 1 existing refs removed (0 new refs dominated)
Survival: 48 refs added, 1 removed (from 48 certificates)
---
Round: 866, Unk. prob.: 3.133e-01
Upper probs: 6.867e-01, Lower probs: 6.000e-05
No. of non-dominant refs: 41283, Survival refs: 41280, Failure refs: 3
Batch update: 48 refs added, 0 existing refs removed (0 new refs dominated)
Survival: 48 refs added, 0 removed (from 48 certificates)
---
Round: 867, Unk. prob.: 3.140e-01
Upper probs: 6.860e-01, Lower probs: 4.000e-05
No. of non-dominant refs: 41331, Survival refs: 41328, Failure refs: 3
Batch update: 48 refs added, 0 existing refs removed (0 new refs dominated)
Survival: 48 refs added, 0 removed (from 48 certificates)
---
Round: 868, Unk. prob.: 3.135e-01
Upper probs: 6.864e-01, Lower probs: 5.000e-05
No. of non-dominant refs: 41379, Survival refs: 41376, Failure refs: 3
Batch update: 48 refs added, 0 existing refs removed (0 new refs dominated)
Survival: 48 refs added, 0 removed (from 48 certificates)
---
Round: 869, Unk. prob.: 3.167e-01
Upper probs: 6.833e-01, Lower probs: 3.000e-05
No. of non-dominant refs: 41427, Survival refs: 41424, Failure refs: 3
Batch update: 48 refs added, 0 existing refs removed (0 new refs dominated)
Survival: 48 refs added, 0 removed (from 48 certificates)
---
Round: 870, Unk. prob.: 3.174e-01
Upper probs: 6.825e-01, Lower probs: 4.000e-05
No. of non-dominant refs: 41475, Survival refs: 41472, Failure refs: 3
Batch update: 48 refs added, 1 existing refs removed (0 new refs dominated)
Survival: 48 refs added, 1 removed (from 48 certificates)
---
Round: 871, Unk. prob.: 3.130e-01
Upper probs: 6.870e-01, Lower probs: 1.000e-05
No. of non-dominant refs: 41522, Survival refs: 41519, Failure refs: 3
Batch update: 48 refs added, 0 existing refs removed (0 new refs dominated)
Survival: 48 refs added, 0 removed (from 48 certificates)
---
Round: 872, Unk. prob.: 3.152e-01
Upper probs: 6.848e-01, Lower probs: 1.000e-05
No. of non-dominant refs: 41570, Survival refs: 41567, Failure refs: 3
Batch update: 48 refs added, 0 existing refs removed (0 new refs dominated)
Survival: 48 refs added, 0 removed (from 48 certificates)
---
Round: 873, Unk. prob.: 3.156e-01
Upper probs: 6.844e-01, Lower probs: 0.000e+00
No. of non-dominant refs: 41618, Survival refs: 41615, Failure refs: 3
Batch update: 48 refs added, 0 existing refs removed (0 new refs dominated)
Survival: 48 refs added, 0 removed (from 48 certificates)
---
Round: 874, Unk. prob.: 3.155e-01
Upper probs: 6.845e-01, Lower probs: 5.000e-05
No. of non-dominant refs: 41666, Survival refs: 41663, Failure refs: 3
Batch update: 48 refs added, 0 existing refs removed (0 new refs dominated)
Survival: 48 refs added, 0 removed (from 48 certificates)
---
Round: 875, Unk. prob.: 3.151e-01
Upper probs: 6.849e-01, Lower probs: 2.000e-05
No. of non-dominant refs: 41714, Survival refs: 41711, Failure refs: 3
Batch update: 48 refs added, 0 existing refs removed (0 new refs dominated)
Survival: 48 refs added, 0 removed (from 48 certificates)
---
Round: 876, Unk. prob.: 3.143e-01
Upper probs: 6.857e-01, Lower probs: 3.000e-05
No. of non-dominant refs: 41762, Survival refs: 41759, Failure refs: 3
Batch update: 48 refs added, 0 existing refs removed (0 new refs dominated)
Survival: 48 refs added, 0 removed (from 48 certificates)
---
Round: 877, Unk. prob.: 3.149e-01
Upper probs: 6.851e-01, Lower probs: 2.000e-05
No. of non-dominant refs: 41810, Survival refs: 41807, Failure refs: 3
Batch update: 48 refs added, 0 existing refs removed (0 new refs dominated)
Survival: 48 refs added, 0 removed (from 48 certificates)
---
Round: 878, Unk. prob.: 3.117e-01
Upper probs: 6.883e-01, Lower probs: 2.000e-05
No. of non-dominant refs: 41858, Survival refs: 41855, Failure refs: 3
Batch update: 48 refs added, 2 existing refs removed (0 new refs dominated)
Survival: 48 refs added, 2 removed (from 48 certificates)
---
Round: 879, Unk. prob.: 3.126e-01
Upper probs: 6.874e-01, Lower probs: 2.000e-05
No. of non-dominant refs: 41904, Survival refs: 41901, Failure refs: 3
Batch update: 48 refs added, 0 existing refs removed (0 new refs dominated)
Survival: 48 refs added, 0 removed (from 48 certificates)
---
Round: 880, Unk. prob.: 3.163e-01
Upper probs: 6.837e-01, Lower probs: 0.000e+00
No. of non-dominant refs: 41952, Survival refs: 41949, Failure refs: 3
Batch update: 48 refs added, 0 existing refs removed (0 new refs dominated)
Survival: 48 refs added, 0 removed (from 48 certificates)
---
Round: 881, Unk. prob.: 3.147e-01
Upper probs: 6.853e-01, Lower probs: 3.000e-05
No. of non-dominant refs: 42000, Survival refs: 41997, Failure refs: 3
Batch update: 48 refs added, 0 existing refs removed (0 new refs dominated)
Survival: 48 refs added, 0 removed (from 48 certificates)
---
Round: 882, Unk. prob.: 3.158e-01
Upper probs: 6.841e-01, Lower probs: 2.000e-05
No. of non-dominant refs: 42048, Survival refs: 42045, Failure refs: 3
Batch update: 48 refs added, 0 existing refs removed (0 new refs dominated)
Survival: 48 refs added, 0 removed (from 48 certificates)
---
Round: 883, Unk. prob.: 3.146e-01
Upper probs: 6.853e-01, Lower probs: 5.000e-05
No. of non-dominant refs: 42096, Survival refs: 42093, Failure refs: 3
Batch update: 48 refs added, 1 existing refs removed (0 new refs dominated)
Survival: 48 refs added, 1 removed (from 48 certificates)
---
Round: 884, Unk. prob.: 3.145e-01
Upper probs: 6.855e-01, Lower probs: 2.000e-05
No. of non-dominant refs: 42143, Survival refs: 42140, Failure refs: 3
Batch update: 48 refs added, 0 existing refs removed (0 new refs dominated)
Survival: 48 refs added, 0 removed (from 48 certificates)
---
Round: 885, Unk. prob.: 3.138e-01
Upper probs: 6.862e-01, Lower probs: 2.000e-05
No. of non-dominant refs: 42191, Survival refs: 42188, Failure refs: 3
Batch update: 48 refs added, 0 existing refs removed (0 new refs dominated)
Survival: 48 refs added, 0 removed (from 48 certificates)
---
Round: 886, Unk. prob.: 3.173e-01
Upper probs: 6.827e-01, Lower probs: 2.000e-05
No. of non-dominant refs: 42239, Survival refs: 42236, Failure refs: 3
Batch update: 48 refs added, 2 existing refs removed (0 new refs dominated)
Survival: 48 refs added, 2 removed (from 48 certificates)
---
Round: 887, Unk. prob.: 3.142e-01
Upper probs: 6.858e-01, Lower probs: 1.000e-05
No. of non-dominant refs: 42285, Survival refs: 42282, Failure refs: 3
Batch update: 48 refs added, 0 existing refs removed (0 new refs dominated)
Survival: 48 refs added, 0 removed (from 48 certificates)
---
Round: 888, Unk. prob.: 3.145e-01
Upper probs: 6.855e-01, Lower probs: 7.000e-05
No. of non-dominant refs: 42333, Survival refs: 42330, Failure refs: 3
Batch update: 48 refs added, 2 existing refs removed (0 new refs dominated)
Survival: 48 refs added, 2 removed (from 48 certificates)
---
Round: 889, Unk. prob.: 3.129e-01
Upper probs: 6.871e-01, Lower probs: 2.000e-05
No. of non-dominant refs: 42379, Survival refs: 42376, Failure refs: 3
Batch update: 48 refs added, 0 existing refs removed (0 new refs dominated)
Survival: 48 refs added, 0 removed (from 48 certificates)
---
Round: 890, Unk. prob.: 3.144e-01
Upper probs: 6.856e-01, Lower probs: 3.000e-05
No. of non-dominant refs: 42427, Survival refs: 42424, Failure refs: 3
Batch update: 48 refs added, 0 existing refs removed (0 new refs dominated)
Survival: 48 refs added, 0 removed (from 48 certificates)
---
Round: 891, Unk. prob.: 3.145e-01
Upper probs: 6.855e-01, Lower probs: 2.000e-05
No. of non-dominant refs: 42475, Survival refs: 42472, Failure refs: 3
Batch update: 48 refs added, 0 existing refs removed (0 new refs dominated)
Survival: 48 refs added, 0 removed (from 48 certificates)
---
Round: 892, Unk. prob.: 3.142e-01
Upper probs: 6.857e-01, Lower probs: 4.000e-05
No. of non-dominant refs: 42523, Survival refs: 42520, Failure refs: 3
Batch update: 48 refs added, 0 existing refs removed (0 new refs dominated)
Survival: 48 refs added, 0 removed (from 48 certificates)
---
Round: 893, Unk. prob.: 3.142e-01
Upper probs: 6.857e-01, Lower probs: 2.000e-05
No. of non-dominant refs: 42571, Survival refs: 42568, Failure refs: 3
Batch update: 48 refs added, 0 existing refs removed (0 new refs dominated)
Survival: 48 refs added, 0 removed (from 48 certificates)
---
Round: 894, Unk. prob.: 3.146e-01
Upper probs: 6.854e-01, Lower probs: 3.000e-05
No. of non-dominant refs: 42619, Survival refs: 42616, Failure refs: 3
Batch update: 48 refs added, 0 existing refs removed (0 new refs dominated)
Survival: 48 refs added, 0 removed (from 48 certificates)
---
Round: 895, Unk. prob.: 3.130e-01
Upper probs: 6.870e-01, Lower probs: 5.000e-05
No. of non-dominant refs: 42667, Survival refs: 42664, Failure refs: 3
Batch update: 48 refs added, 0 existing refs removed (0 new refs dominated)
Survival: 48 refs added, 0 removed (from 48 certificates)
---
Round: 896, Unk. prob.: 3.147e-01
Upper probs: 6.853e-01, Lower probs: 6.000e-05
No. of non-dominant refs: 42715, Survival refs: 42712, Failure refs: 3
Batch update: 48 refs added, 0 existing refs removed (0 new refs dominated)
Survival: 48 refs added, 0 removed (from 48 certificates)
---
Round: 897, Unk. prob.: 3.136e-01
Upper probs: 6.863e-01, Lower probs: 9.000e-05
No. of non-dominant refs: 42763, Survival refs: 42760, Failure refs: 3
Batch update: 48 refs added, 0 existing refs removed (0 new refs dominated)
Survival: 48 refs added, 0 removed (from 48 certificates)
---
Round: 898, Unk. prob.: 3.132e-01
Upper probs: 6.868e-01, Lower probs: 6.000e-05
No. of non-dominant refs: 42811, Survival refs: 42808, Failure refs: 3
Batch update: 48 refs added, 0 existing refs removed (0 new refs dominated)
Survival: 48 refs added, 0 removed (from 48 certificates)
---
Round: 899, Unk. prob.: 3.124e-01
Upper probs: 6.876e-01, Lower probs: 4.000e-05
No. of non-dominant refs: 42859, Survival refs: 42856, Failure refs: 3
Batch update: 48 refs added, 0 existing refs removed (0 new refs dominated)
Survival: 48 refs added, 0 removed (from 48 certificates)
---
Round: 900, Unk. prob.: 3.126e-01
Upper probs: 6.874e-01, Lower probs: 2.000e-05
No. of non-dominant refs: 42907, Survival refs: 42904, Failure refs: 3
Batch update: 48 refs added, 0 existing refs removed (0 new refs dominated)
Survival: 48 refs added, 0 removed (from 48 certificates)
---
Round: 901, Unk. prob.: 3.139e-01
Upper probs: 6.861e-01, Lower probs: 1.000e-05
No. of non-dominant refs: 42955, Survival refs: 42952, Failure refs: 3
Batch update: 48 refs added, 0 existing refs removed (0 new refs dominated)
Survival: 48 refs added, 0 removed (from 48 certificates)
---
Round: 902, Unk. prob.: 3.139e-01
Upper probs: 6.861e-01, Lower probs: 3.000e-05
No. of non-dominant refs: 43003, Survival refs: 43000, Failure refs: 3
Batch update: 48 refs added, 0 existing refs removed (0 new refs dominated)
Survival: 48 refs added, 0 removed (from 48 certificates)
---
Round: 903, Unk. prob.: 3.115e-01
Upper probs: 6.885e-01, Lower probs: 0.000e+00
No. of non-dominant refs: 43051, Survival refs: 43048, Failure refs: 3
Batch update: 48 refs added, 0 existing refs removed (0 new refs dominated)
Survival: 48 refs added, 0 removed (from 48 certificates)
---
Round: 904, Unk. prob.: 3.128e-01
Upper probs: 6.872e-01, Lower probs: 1.000e-05
No. of non-dominant refs: 43099, Survival refs: 43096, Failure refs: 3
Batch update: 48 refs added, 0 existing refs removed (0 new refs dominated)
Survival: 48 refs added, 0 removed (from 48 certificates)
---
Round: 905, Unk. prob.: 3.134e-01
Upper probs: 6.865e-01, Lower probs: 2.000e-05
No. of non-dominant refs: 43147, Survival refs: 43144, Failure refs: 3
Batch update: 48 refs added, 2 existing refs removed (0 new refs dominated)
Survival: 48 refs added, 2 removed (from 48 certificates)
---
Round: 906, Unk. prob.: 3.111e-01
Upper probs: 6.888e-01, Lower probs: 6.000e-05
No. of non-dominant refs: 43193, Survival refs: 43190, Failure refs: 3
Batch update: 48 refs added, 0 existing refs removed (0 new refs dominated)
Survival: 48 refs added, 0 removed (from 48 certificates)
---
Round: 907, Unk. prob.: 3.115e-01
Upper probs: 6.885e-01, Lower probs: 0.000e+00
No. of non-dominant refs: 43241, Survival refs: 43238, Failure refs: 3
Batch update: 48 refs added, 0 existing refs removed (0 new refs dominated)
Survival: 48 refs added, 0 removed (from 48 certificates)
---
Round: 908, Unk. prob.: 3.127e-01
Upper probs: 6.873e-01, Lower probs: 1.000e-05
No. of non-dominant refs: 43289, Survival refs: 43286, Failure refs: 3
Batch update: 48 refs added, 0 existing refs removed (0 new refs dominated)
Survival: 48 refs added, 0 removed (from 48 certificates)
---
Round: 909, Unk. prob.: 3.140e-01
Upper probs: 6.859e-01, Lower probs: 4.000e-05
No. of non-dominant refs: 43337, Survival refs: 43334, Failure refs: 3
Batch update: 48 refs added, 0 existing refs removed (0 new refs dominated)
Survival: 48 refs added, 0 removed (from 48 certificates)
---
Round: 910, Unk. prob.: 3.103e-01
Upper probs: 6.896e-01, Lower probs: 4.000e-05
No. of non-dominant refs: 43385, Survival refs: 43382, Failure refs: 3
Batch update: 48 refs added, 0 existing refs removed (0 new refs dominated)
Survival: 48 refs added, 0 removed (from 48 certificates)
---
Round: 911, Unk. prob.: 3.107e-01
Upper probs: 6.893e-01, Lower probs: 3.000e-05
No. of non-dominant refs: 43433, Survival refs: 43430, Failure refs: 3
Batch update: 48 refs added, 1 existing refs removed (0 new refs dominated)
Survival: 48 refs added, 1 removed (from 48 certificates)
---
Round: 912, Unk. prob.: 3.103e-01
Upper probs: 6.896e-01, Lower probs: 2.000e-05
No. of non-dominant refs: 43480, Survival refs: 43477, Failure refs: 3
Batch update: 48 refs added, 0 existing refs removed (0 new refs dominated)
Survival: 48 refs added, 0 removed (from 48 certificates)
---
Round: 913, Unk. prob.: 3.118e-01
Upper probs: 6.882e-01, Lower probs: 2.000e-05
No. of non-dominant refs: 43528, Survival refs: 43525, Failure refs: 3
Batch update: 48 refs added, 0 existing refs removed (0 new refs dominated)
Survival: 48 refs added, 0 removed (from 48 certificates)
---
Round: 914, Unk. prob.: 3.134e-01
Upper probs: 6.866e-01, Lower probs: 7.000e-05
No. of non-dominant refs: 43576, Survival refs: 43573, Failure refs: 3
Batch update: 48 refs added, 0 existing refs removed (0 new refs dominated)
Survival: 48 refs added, 0 removed (from 48 certificates)
---
Round: 915, Unk. prob.: 3.118e-01
Upper probs: 6.881e-01, Lower probs: 4.000e-05
No. of non-dominant refs: 43624, Survival refs: 43621, Failure refs: 3
Batch update: 48 refs added, 0 existing refs removed (0 new refs dominated)
Survival: 48 refs added, 0 removed (from 48 certificates)
---
Round: 916, Unk. prob.: 3.100e-01
Upper probs: 6.900e-01, Lower probs: 1.000e-05
No. of non-dominant refs: 43672, Survival refs: 43669, Failure refs: 3
Batch update: 48 refs added, 0 existing refs removed (0 new refs dominated)
Survival: 48 refs added, 0 removed (from 48 certificates)
---
Round: 917, Unk. prob.: 3.095e-01
Upper probs: 6.905e-01, Lower probs: 4.000e-05
No. of non-dominant refs: 43720, Survival refs: 43717, Failure refs: 3
Batch update: 48 refs added, 1 existing refs removed (0 new refs dominated)
Survival: 48 refs added, 1 removed (from 48 certificates)
---
Round: 918, Unk. prob.: 3.107e-01
Upper probs: 6.893e-01, Lower probs: 2.000e-05
No. of non-dominant refs: 43767, Survival refs: 43764, Failure refs: 3
Batch update: 48 refs added, 1 existing refs removed (0 new refs dominated)
Survival: 48 refs added, 1 removed (from 48 certificates)
---
Round: 919, Unk. prob.: 3.115e-01
Upper probs: 6.885e-01, Lower probs: 5.000e-05
No. of non-dominant refs: 43814, Survival refs: 43811, Failure refs: 3
Batch update: 48 refs added, 0 existing refs removed (0 new refs dominated)
Survival: 48 refs added, 0 removed (from 48 certificates)
---
Round: 920, Unk. prob.: 3.094e-01
Upper probs: 6.906e-01, Lower probs: 2.000e-05
No. of non-dominant refs: 43862, Survival refs: 43859, Failure refs: 3
Batch update: 48 refs added, 0 existing refs removed (0 new refs dominated)
Survival: 48 refs added, 0 removed (from 48 certificates)
---
Round: 921, Unk. prob.: 3.126e-01
Upper probs: 6.873e-01, Lower probs: 5.000e-05
No. of non-dominant refs: 43910, Survival refs: 43907, Failure refs: 3
Batch update: 48 refs added, 1 existing refs removed (0 new refs dominated)
Survival: 48 refs added, 1 removed (from 48 certificates)
---
Round: 922, Unk. prob.: 3.117e-01
Upper probs: 6.883e-01, Lower probs: 5.000e-05
No. of non-dominant refs: 43957, Survival refs: 43954, Failure refs: 3
Batch update: 48 refs added, 0 existing refs removed (0 new refs dominated)
Survival: 48 refs added, 0 removed (from 48 certificates)
---
Round: 923, Unk. prob.: 3.129e-01
Upper probs: 6.871e-01, Lower probs: 2.000e-05
No. of non-dominant refs: 44005, Survival refs: 44002, Failure refs: 3
Batch update: 48 refs added, 0 existing refs removed (0 new refs dominated)
Survival: 48 refs added, 0 removed (from 48 certificates)
---
Round: 924, Unk. prob.: 3.133e-01
Upper probs: 6.867e-01, Lower probs: 5.000e-05
No. of non-dominant refs: 44053, Survival refs: 44050, Failure refs: 3
Batch update: 48 refs added, 0 existing refs removed (0 new refs dominated)
Survival: 48 refs added, 0 removed (from 48 certificates)
---
Round: 925, Unk. prob.: 3.098e-01
Upper probs: 6.902e-01, Lower probs: 4.000e-05
No. of non-dominant refs: 44101, Survival refs: 44098, Failure refs: 3
Batch update: 48 refs added, 0 existing refs removed (0 new refs dominated)
Survival: 48 refs added, 0 removed (from 48 certificates)
---
Round: 926, Unk. prob.: 3.120e-01
Upper probs: 6.880e-01, Lower probs: 3.000e-05
No. of non-dominant refs: 44149, Survival refs: 44146, Failure refs: 3
Batch update: 48 refs added, 0 existing refs removed (0 new refs dominated)
Survival: 48 refs added, 0 removed (from 48 certificates)
---
Round: 927, Unk. prob.: 3.119e-01
Upper probs: 6.881e-01, Lower probs: 1.000e-05
No. of non-dominant refs: 44197, Survival refs: 44194, Failure refs: 3
Batch update: 48 refs added, 0 existing refs removed (0 new refs dominated)
Survival: 48 refs added, 0 removed (from 48 certificates)
---
Round: 928, Unk. prob.: 3.132e-01
Upper probs: 6.867e-01, Lower probs: 1.000e-05
No. of non-dominant refs: 44245, Survival refs: 44242, Failure refs: 3
Batch update: 48 refs added, 0 existing refs removed (0 new refs dominated)
Survival: 48 refs added, 0 removed (from 48 certificates)
---
Round: 929, Unk. prob.: 3.102e-01
Upper probs: 6.897e-01, Lower probs: 3.000e-05
No. of non-dominant refs: 44293, Survival refs: 44290, Failure refs: 3
Batch update: 48 refs added, 0 existing refs removed (0 new refs dominated)
Survival: 48 refs added, 0 removed (from 48 certificates)
---
Round: 930, Unk. prob.: 3.091e-01
Upper probs: 6.909e-01, Lower probs: 1.000e-05
No. of non-dominant refs: 44341, Survival refs: 44338, Failure refs: 3
Batch update: 48 refs added, 2 existing refs removed (0 new refs dominated)
Survival: 48 refs added, 2 removed (from 48 certificates)
---
Round: 931, Unk. prob.: 3.082e-01
Upper probs: 6.917e-01, Lower probs: 5.000e-05
No. of non-dominant refs: 44387, Survival refs: 44384, Failure refs: 3
Batch update: 48 refs added, 0 existing refs removed (0 new refs dominated)
Survival: 48 refs added, 0 removed (from 48 certificates)
---
Round: 932, Unk. prob.: 3.096e-01
Upper probs: 6.904e-01, Lower probs: 1.000e-05
No. of non-dominant refs: 44435, Survival refs: 44432, Failure refs: 3
Batch update: 48 refs added, 0 existing refs removed (0 new refs dominated)
Survival: 48 refs added, 0 removed (from 48 certificates)
---
Round: 933, Unk. prob.: 3.098e-01
Upper probs: 6.902e-01, Lower probs: 4.000e-05
No. of non-dominant refs: 44483, Survival refs: 44480, Failure refs: 3
Batch update: 48 refs added, 1 existing refs removed (0 new refs dominated)
Survival: 48 refs added, 1 removed (from 48 certificates)
---
Round: 934, Unk. prob.: 3.106e-01
Upper probs: 6.894e-01, Lower probs: 5.000e-05
No. of non-dominant refs: 44530, Survival refs: 44527, Failure refs: 3
Batch update: 48 refs added, 0 existing refs removed (0 new refs dominated)
Survival: 48 refs added, 0 removed (from 48 certificates)
---
Round: 935, Unk. prob.: 3.135e-01
Upper probs: 6.865e-01, Lower probs: 6.000e-05
No. of non-dominant refs: 44578, Survival refs: 44575, Failure refs: 3
Batch update: 48 refs added, 0 existing refs removed (0 new refs dominated)
Survival: 48 refs added, 0 removed (from 48 certificates)
---
Round: 936, Unk. prob.: 3.084e-01
Upper probs: 6.916e-01, Lower probs: 2.000e-05
No. of non-dominant refs: 44626, Survival refs: 44623, Failure refs: 3
Batch update: 48 refs added, 0 existing refs removed (0 new refs dominated)
Survival: 48 refs added, 0 removed (from 48 certificates)
---
Round: 937, Unk. prob.: 3.088e-01
Upper probs: 6.911e-01, Lower probs: 1.100e-04
No. of non-dominant refs: 44674, Survival refs: 44671, Failure refs: 3
Batch update: 48 refs added, 0 existing refs removed (0 new refs dominated)
Survival: 48 refs added, 0 removed (from 48 certificates)
---
Round: 938, Unk. prob.: 3.125e-01
Upper probs: 6.875e-01, Lower probs: 1.000e-05
No. of non-dominant refs: 44722, Survival refs: 44719, Failure refs: 3
Batch update: 48 refs added, 0 existing refs removed (0 new refs dominated)
Survival: 48 refs added, 0 removed (from 48 certificates)
---
Round: 939, Unk. prob.: 3.109e-01
Upper probs: 6.891e-01, Lower probs: 4.000e-05
No. of non-dominant refs: 44770, Survival refs: 44767, Failure refs: 3
Batch update: 48 refs added, 0 existing refs removed (0 new refs dominated)
Survival: 48 refs added, 0 removed (from 48 certificates)
---
Round: 940, Unk. prob.: 3.107e-01
Upper probs: 6.893e-01, Lower probs: 2.000e-05
No. of non-dominant refs: 44818, Survival refs: 44815, Failure refs: 3
Batch update: 48 refs added, 0 existing refs removed (0 new refs dominated)
Survival: 48 refs added, 0 removed (from 48 certificates)
---
Round: 941, Unk. prob.: 3.094e-01
Upper probs: 6.905e-01, Lower probs: 4.000e-05
No. of non-dominant refs: 44866, Survival refs: 44863, Failure refs: 3
Batch update: 48 refs added, 0 existing refs removed (0 new refs dominated)
Survival: 48 refs added, 0 removed (from 48 certificates)
---
Round: 942, Unk. prob.: 3.092e-01
Upper probs: 6.908e-01, Lower probs: 2.000e-05
No. of non-dominant refs: 44914, Survival refs: 44911, Failure refs: 3
Batch update: 48 refs added, 0 existing refs removed (0 new refs dominated)
Survival: 48 refs added, 0 removed (from 48 certificates)
---
Round: 943, Unk. prob.: 3.103e-01
Upper probs: 6.897e-01, Lower probs: 2.000e-05
No. of non-dominant refs: 44962, Survival refs: 44959, Failure refs: 3
Batch update: 48 refs added, 0 existing refs removed (0 new refs dominated)
Survival: 48 refs added, 0 removed (from 48 certificates)
---
Round: 944, Unk. prob.: 3.108e-01
Upper probs: 6.892e-01, Lower probs: 1.000e-05
No. of non-dominant refs: 45010, Survival refs: 45007, Failure refs: 3
Batch update: 48 refs added, 0 existing refs removed (0 new refs dominated)
Survival: 48 refs added, 0 removed (from 48 certificates)
---
Round: 945, Unk. prob.: 3.089e-01
Upper probs: 6.911e-01, Lower probs: 3.000e-05
No. of non-dominant refs: 45058, Survival refs: 45055, Failure refs: 3
Batch update: 48 refs added, 0 existing refs removed (0 new refs dominated)
Survival: 48 refs added, 0 removed (from 48 certificates)
---
Round: 946, Unk. prob.: 3.063e-01
Upper probs: 6.937e-01, Lower probs: 3.000e-05
No. of non-dominant refs: 45106, Survival refs: 45103, Failure refs: 3
Batch update: 48 refs added, 0 existing refs removed (0 new refs dominated)
Survival: 48 refs added, 0 removed (from 48 certificates)
---
Round: 947, Unk. prob.: 3.091e-01
Upper probs: 6.909e-01, Lower probs: 3.000e-05
No. of non-dominant refs: 45154, Survival refs: 45151, Failure refs: 3
Batch update: 48 refs added, 0 existing refs removed (0 new refs dominated)
Survival: 48 refs added, 0 removed (from 48 certificates)
---
Round: 948, Unk. prob.: 3.082e-01
Upper probs: 6.918e-01, Lower probs: 0.000e+00
No. of non-dominant refs: 45202, Survival refs: 45199, Failure refs: 3
Batch update: 48 refs added, 0 existing refs removed (0 new refs dominated)
Survival: 48 refs added, 0 removed (from 48 certificates)
---
Round: 949, Unk. prob.: 3.084e-01
Upper probs: 6.916e-01, Lower probs: 7.000e-05
No. of non-dominant refs: 45250, Survival refs: 45247, Failure refs: 3
Batch update: 48 refs added, 0 existing refs removed (0 new refs dominated)
Survival: 48 refs added, 0 removed (from 48 certificates)
---
Round: 950, Unk. prob.: 3.094e-01
Upper probs: 6.905e-01, Lower probs: 2.000e-05
No. of non-dominant refs: 45298, Survival refs: 45295, Failure refs: 3
Batch update: 48 refs added, 0 existing refs removed (0 new refs dominated)
Survival: 48 refs added, 0 removed (from 48 certificates)
---
Round: 951, Unk. prob.: 3.095e-01
Upper probs: 6.905e-01, Lower probs: 3.000e-05
No. of non-dominant refs: 45346, Survival refs: 45343, Failure refs: 3
Batch update: 48 refs added, 0 existing refs removed (0 new refs dominated)
Survival: 48 refs added, 0 removed (from 48 certificates)
---
Round: 952, Unk. prob.: 3.110e-01
Upper probs: 6.890e-01, Lower probs: 2.000e-05
No. of non-dominant refs: 45394, Survival refs: 45391, Failure refs: 3
Batch update: 48 refs added, 0 existing refs removed (0 new refs dominated)
Survival: 48 refs added, 0 removed (from 48 certificates)
---
Round: 953, Unk. prob.: 3.065e-01
Upper probs: 6.935e-01, Lower probs: 3.000e-05
No. of non-dominant refs: 45442, Survival refs: 45439, Failure refs: 3
Batch update: 48 refs added, 0 existing refs removed (0 new refs dominated)
Survival: 48 refs added, 0 removed (from 48 certificates)
---
Round: 954, Unk. prob.: 3.090e-01
Upper probs: 6.909e-01, Lower probs: 2.000e-05
No. of non-dominant refs: 45490, Survival refs: 45487, Failure refs: 3
Batch update: 48 refs added, 1 existing refs removed (0 new refs dominated)
Survival: 48 refs added, 1 removed (from 48 certificates)
---
Round: 955, Unk. prob.: 3.111e-01
Upper probs: 6.888e-01, Lower probs: 3.000e-05
No. of non-dominant refs: 45537, Survival refs: 45534, Failure refs: 3
Batch update: 48 refs added, 0 existing refs removed (0 new refs dominated)
Survival: 48 refs added, 0 removed (from 48 certificates)
---
Round: 956, Unk. prob.: 3.080e-01
Upper probs: 6.920e-01, Lower probs: 4.000e-05
No. of non-dominant refs: 45585, Survival refs: 45582, Failure refs: 3
Batch update: 48 refs added, 1 existing refs removed (0 new refs dominated)
Survival: 48 refs added, 1 removed (from 48 certificates)
---
Round: 957, Unk. prob.: 3.123e-01
Upper probs: 6.877e-01, Lower probs: 3.000e-05
No. of non-dominant refs: 45632, Survival refs: 45629, Failure refs: 3
Batch update: 48 refs added, 0 existing refs removed (0 new refs dominated)
Survival: 48 refs added, 0 removed (from 48 certificates)
---
Round: 958, Unk. prob.: 3.093e-01
Upper probs: 6.906e-01, Lower probs: 7.000e-05
No. of non-dominant refs: 45680, Survival refs: 45677, Failure refs: 3
Batch update: 48 refs added, 0 existing refs removed (0 new refs dominated)
Survival: 48 refs added, 0 removed (from 48 certificates)
---
Round: 959, Unk. prob.: 3.086e-01
Upper probs: 6.913e-01, Lower probs: 7.000e-05
No. of non-dominant refs: 45728, Survival refs: 45725, Failure refs: 3
Batch update: 48 refs added, 0 existing refs removed (0 new refs dominated)
Survival: 48 refs added, 0 removed (from 48 certificates)
---
Round: 960, Unk. prob.: 3.094e-01
Upper probs: 6.905e-01, Lower probs: 5.000e-05
No. of non-dominant refs: 45776, Survival refs: 45773, Failure refs: 3
Batch update: 48 refs added, 0 existing refs removed (0 new refs dominated)
Survival: 48 refs added, 0 removed (from 48 certificates)
---
Round: 961, Unk. prob.: 3.112e-01
Upper probs: 6.888e-01, Lower probs: 2.000e-05
No. of non-dominant refs: 45824, Survival refs: 45821, Failure refs: 3
Batch update: 48 refs added, 0 existing refs removed (0 new refs dominated)
Survival: 48 refs added, 0 removed (from 48 certificates)
---
Round: 962, Unk. prob.: 3.108e-01
Upper probs: 6.891e-01, Lower probs: 3.000e-05
No. of non-dominant refs: 45872, Survival refs: 45869, Failure refs: 3
Batch update: 48 refs added, 0 existing refs removed (0 new refs dominated)
Survival: 48 refs added, 0 removed (from 48 certificates)
---
Round: 963, Unk. prob.: 3.102e-01
Upper probs: 6.898e-01, Lower probs: 3.000e-05
No. of non-dominant refs: 45920, Survival refs: 45917, Failure refs: 3
Batch update: 48 refs added, 0 existing refs removed (0 new refs dominated)
Survival: 48 refs added, 0 removed (from 48 certificates)
---
Round: 964, Unk. prob.: 3.106e-01
Upper probs: 6.894e-01, Lower probs: 4.000e-05
No. of non-dominant refs: 45968, Survival refs: 45965, Failure refs: 3
Batch update: 48 refs added, 0 existing refs removed (0 new refs dominated)
Survival: 48 refs added, 0 removed (from 48 certificates)
---
Round: 965, Unk. prob.: 3.094e-01
Upper probs: 6.906e-01, Lower probs: 3.000e-05
No. of non-dominant refs: 46016, Survival refs: 46013, Failure refs: 3
Batch update: 48 refs added, 1 existing refs removed (0 new refs dominated)
Survival: 48 refs added, 1 removed (from 48 certificates)
---
Round: 966, Unk. prob.: 3.089e-01
Upper probs: 6.911e-01, Lower probs: 1.000e-05
No. of non-dominant refs: 46063, Survival refs: 46060, Failure refs: 3
Batch update: 48 refs added, 0 existing refs removed (0 new refs dominated)
Survival: 48 refs added, 0 removed (from 48 certificates)
---
Round: 967, Unk. prob.: 3.057e-01
Upper probs: 6.943e-01, Lower probs: 2.000e-05
No. of non-dominant refs: 46111, Survival refs: 46108, Failure refs: 3
Batch update: 48 refs added, 0 existing refs removed (0 new refs dominated)
Survival: 48 refs added, 0 removed (from 48 certificates)
---
Round: 968, Unk. prob.: 3.074e-01
Upper probs: 6.926e-01, Lower probs: 3.000e-05
No. of non-dominant refs: 46159, Survival refs: 46156, Failure refs: 3
Batch update: 48 refs added, 1 existing refs removed (0 new refs dominated)
Survival: 48 refs added, 1 removed (from 48 certificates)
---
Round: 969, Unk. prob.: 3.079e-01
Upper probs: 6.920e-01, Lower probs: 5.000e-05
No. of non-dominant refs: 46206, Survival refs: 46203, Failure refs: 3
Batch update: 48 refs added, 0 existing refs removed (0 new refs dominated)
Survival: 48 refs added, 0 removed (from 48 certificates)
---
Round: 970, Unk. prob.: 3.086e-01
Upper probs: 6.914e-01, Lower probs: 1.000e-05
No. of non-dominant refs: 46254, Survival refs: 46251, Failure refs: 3
Batch update: 48 refs added, 0 existing refs removed (0 new refs dominated)
Survival: 48 refs added, 0 removed (from 48 certificates)
---
Round: 971, Unk. prob.: 3.113e-01
Upper probs: 6.887e-01, Lower probs: 2.000e-05
No. of non-dominant refs: 46302, Survival refs: 46299, Failure refs: 3
Batch update: 48 refs added, 0 existing refs removed (0 new refs dominated)
Survival: 48 refs added, 0 removed (from 48 certificates)
---
Round: 972, Unk. prob.: 3.084e-01
Upper probs: 6.916e-01, Lower probs: 4.000e-05
No. of non-dominant refs: 46350, Survival refs: 46347, Failure refs: 3
Batch update: 48 refs added, 0 existing refs removed (0 new refs dominated)
Survival: 48 refs added, 0 removed (from 48 certificates)
---
Round: 973, Unk. prob.: 3.096e-01
Upper probs: 6.904e-01, Lower probs: 3.000e-05
No. of non-dominant refs: 46398, Survival refs: 46395, Failure refs: 3
Batch update: 48 refs added, 0 existing refs removed (0 new refs dominated)
Survival: 48 refs added, 0 removed (from 48 certificates)
---
Round: 974, Unk. prob.: 3.090e-01
Upper probs: 6.910e-01, Lower probs: 2.000e-05
No. of non-dominant refs: 46446, Survival refs: 46443, Failure refs: 3
Batch update: 48 refs added, 0 existing refs removed (0 new refs dominated)
Survival: 48 refs added, 0 removed (from 48 certificates)
---
Round: 975, Unk. prob.: 3.092e-01
Upper probs: 6.908e-01, Lower probs: 1.000e-05
No. of non-dominant refs: 46494, Survival refs: 46491, Failure refs: 3
Batch update: 48 refs added, 0 existing refs removed (0 new refs dominated)
Survival: 48 refs added, 0 removed (from 48 certificates)
---
Round: 976, Unk. prob.: 3.077e-01
Upper probs: 6.923e-01, Lower probs: 3.000e-05
No. of non-dominant refs: 46542, Survival refs: 46539, Failure refs: 3
Batch update: 48 refs added, 0 existing refs removed (0 new refs dominated)
Survival: 48 refs added, 0 removed (from 48 certificates)
---
Round: 977, Unk. prob.: 3.091e-01
Upper probs: 6.908e-01, Lower probs: 5.000e-05
No. of non-dominant refs: 46590, Survival refs: 46587, Failure refs: 3
Batch update: 48 refs added, 0 existing refs removed (0 new refs dominated)
Survival: 48 refs added, 0 removed (from 48 certificates)
---
Round: 978, Unk. prob.: 3.090e-01
Upper probs: 6.910e-01, Lower probs: 1.000e-05
No. of non-dominant refs: 46638, Survival refs: 46635, Failure refs: 3
Batch update: 48 refs added, 0 existing refs removed (0 new refs dominated)
Survival: 48 refs added, 0 removed (from 48 certificates)
---
Round: 979, Unk. prob.: 3.079e-01
Upper probs: 6.921e-01, Lower probs: 4.000e-05
No. of non-dominant refs: 46686, Survival refs: 46683, Failure refs: 3
Batch update: 48 refs added, 0 existing refs removed (0 new refs dominated)
Survival: 48 refs added, 0 removed (from 48 certificates)
---
Round: 980, Unk. prob.: 3.090e-01
Upper probs: 6.909e-01, Lower probs: 2.000e-05
No. of non-dominant refs: 46734, Survival refs: 46731, Failure refs: 3
Batch update: 48 refs added, 0 existing refs removed (0 new refs dominated)
Survival: 48 refs added, 0 removed (from 48 certificates)
---
Round: 981, Unk. prob.: 3.073e-01
Upper probs: 6.926e-01, Lower probs: 4.000e-05
No. of non-dominant refs: 46782, Survival refs: 46779, Failure refs: 3
Batch update: 48 refs added, 0 existing refs removed (0 new refs dominated)
Survival: 48 refs added, 0 removed (from 48 certificates)
---
Round: 982, Unk. prob.: 3.082e-01
Upper probs: 6.917e-01, Lower probs: 4.000e-05
No. of non-dominant refs: 46830, Survival refs: 46827, Failure refs: 3
Batch update: 48 refs added, 0 existing refs removed (0 new refs dominated)
Survival: 48 refs added, 0 removed (from 48 certificates)
---
Round: 983, Unk. prob.: 3.063e-01
Upper probs: 6.937e-01, Lower probs: 2.000e-05
No. of non-dominant refs: 46878, Survival refs: 46875, Failure refs: 3
Batch update: 47 refs added, 0 existing refs removed (0 new refs dominated)
Survival: 47 refs added, 0 removed (from 47 certificates)
Batch update: 1 refs added, 0 existing refs removed (0 new refs dominated)
Failure: 1 refs added, 0 removed (from 1 candidates)
---
Round: 984, Unk. prob.: 3.075e-01
Upper probs: 6.925e-01, Lower probs: 1.000e-05
No. of non-dominant refs: 46926, Survival refs: 46922, Failure refs: 4
Batch update: 48 refs added, 0 existing refs removed (0 new refs dominated)
Survival: 48 refs added, 0 removed (from 48 certificates)
---
Round: 985, Unk. prob.: 3.081e-01
Upper probs: 6.919e-01, Lower probs: 3.000e-05
No. of non-dominant refs: 46974, Survival refs: 46970, Failure refs: 4
Batch update: 48 refs added, 0 existing refs removed (0 new refs dominated)
Survival: 48 refs added, 0 removed (from 48 certificates)
---
Round: 986, Unk. prob.: 3.076e-01
Upper probs: 6.924e-01, Lower probs: 1.000e-05
No. of non-dominant refs: 47022, Survival refs: 47018, Failure refs: 4
Batch update: 48 refs added, 1 existing refs removed (0 new refs dominated)
Survival: 48 refs added, 1 removed (from 48 certificates)
---
Round: 987, Unk. prob.: 3.054e-01
Upper probs: 6.945e-01, Lower probs: 5.000e-05
No. of non-dominant refs: 47069, Survival refs: 47065, Failure refs: 4
Batch update: 48 refs added, 0 existing refs removed (0 new refs dominated)
Survival: 48 refs added, 0 removed (from 48 certificates)
---
Round: 988, Unk. prob.: 3.105e-01
Upper probs: 6.895e-01, Lower probs: 4.000e-05
No. of non-dominant refs: 47117, Survival refs: 47113, Failure refs: 4
Batch update: 48 refs added, 0 existing refs removed (0 new refs dominated)
Survival: 48 refs added, 0 removed (from 48 certificates)
---
Round: 989, Unk. prob.: 3.090e-01
Upper probs: 6.910e-01, Lower probs: 1.000e-05
No. of non-dominant refs: 47165, Survival refs: 47161, Failure refs: 4
Batch update: 48 refs added, 0 existing refs removed (0 new refs dominated)
Survival: 48 refs added, 0 removed (from 48 certificates)
---
Round: 990, Unk. prob.: 3.062e-01
Upper probs: 6.938e-01, Lower probs: 3.000e-05
No. of non-dominant refs: 47213, Survival refs: 47209, Failure refs: 4
Batch update: 48 refs added, 0 existing refs removed (0 new refs dominated)
Survival: 48 refs added, 0 removed (from 48 certificates)
---
Round: 991, Unk. prob.: 3.098e-01
Upper probs: 6.902e-01, Lower probs: 1.000e-05
No. of non-dominant refs: 47261, Survival refs: 47257, Failure refs: 4
Batch update: 48 refs added, 1 existing refs removed (0 new refs dominated)
Survival: 48 refs added, 1 removed (from 48 certificates)
---
Round: 992, Unk. prob.: 3.063e-01
Upper probs: 6.937e-01, Lower probs: 4.000e-05
No. of non-dominant refs: 47308, Survival refs: 47304, Failure refs: 4
Batch update: 48 refs added, 1 existing refs removed (0 new refs dominated)
Survival: 48 refs added, 1 removed (from 48 certificates)
---
Round: 993, Unk. prob.: 3.069e-01
Upper probs: 6.930e-01, Lower probs: 5.000e-05
No. of non-dominant refs: 47355, Survival refs: 47351, Failure refs: 4
Batch update: 48 refs added, 1 existing refs removed (0 new refs dominated)
Survival: 48 refs added, 1 removed (from 48 certificates)
---
Round: 994, Unk. prob.: 3.068e-01
Upper probs: 6.932e-01, Lower probs: 5.000e-05
No. of non-dominant refs: 47402, Survival refs: 47398, Failure refs: 4
Batch update: 48 refs added, 0 existing refs removed (0 new refs dominated)
Survival: 48 refs added, 0 removed (from 48 certificates)
---
Round: 995, Unk. prob.: 3.049e-01
Upper probs: 6.951e-01, Lower probs: 3.000e-05
No. of non-dominant refs: 47450, Survival refs: 47446, Failure refs: 4
Batch update: 48 refs added, 1 existing refs removed (0 new refs dominated)
Survival: 48 refs added, 1 removed (from 48 certificates)
---
Round: 996, Unk. prob.: 3.087e-01
Upper probs: 6.913e-01, Lower probs: 1.000e-05
No. of non-dominant refs: 47497, Survival refs: 47493, Failure refs: 4
Batch update: 48 refs added, 0 existing refs removed (0 new refs dominated)
Survival: 48 refs added, 0 removed (from 48 certificates)
---
Round: 997, Unk. prob.: 3.054e-01
Upper probs: 6.946e-01, Lower probs: 2.000e-05
No. of non-dominant refs: 47545, Survival refs: 47541, Failure refs: 4
Batch update: 48 refs added, 0 existing refs removed (0 new refs dominated)
Survival: 48 refs added, 0 removed (from 48 certificates)
---
Round: 998, Unk. prob.: 3.052e-01
Upper probs: 6.947e-01, Lower probs: 3.000e-05
No. of non-dominant refs: 47593, Survival refs: 47589, Failure refs: 4
Batch update: 48 refs added, 0 existing refs removed (0 new refs dominated)
Survival: 48 refs added, 0 removed (from 48 certificates)
---
Round: 999, Unk. prob.: 3.055e-01
Upper probs: 6.944e-01, Lower probs: 6.000e-05
No. of non-dominant refs: 47641, Survival refs: 47637, Failure refs: 4
Batch update: 48 refs added, 0 existing refs removed (0 new refs dominated)
Survival: 48 refs added, 0 removed (from 48 certificates)
---
Round: 1000, Unk. prob.: 3.062e-01
Upper probs: 6.938e-01, Lower probs: 1.000e-05
No. of non-dominant refs: 47689, Survival refs: 47685, Failure refs: 4
Batch update: 48 refs added, 0 existing refs removed (0 new refs dominated)
Survival: 48 refs added, 0 removed (from 48 certificates)
---
Probs: 'upper':  6.938e-01, 'lower':  3.070e-05, 'unkn':  3.061e-01
---
Round: 1001, Unk. prob.: 3.061e-01
Upper probs: 6.938e-01, Lower probs: 3.070e-05
No. of non-dominant refs: 47737, Survival refs: 47733, Failure refs: 4
Batch update: 48 refs added, 1 existing refs removed (0 new refs dominated)
Survival: 48 refs added, 1 removed (from 48 certificates)
---
Round: 1002, Unk. prob.: 3.058e-01
Upper probs: 6.942e-01, Lower probs: 5.000e-05
No. of non-dominant refs: 47784, Survival refs: 47780, Failure refs: 4
Batch update: 48 refs added, 0 existing refs removed (0 new refs dominated)
Survival: 48 refs added, 0 removed (from 48 certificates)
---
Round: 1003, Unk. prob.: 3.062e-01
Upper probs: 6.937e-01, Lower probs: 3.000e-05
No. of non-dominant refs: 47832, Survival refs: 47828, Failure refs: 4
Batch update: 48 refs added, 0 existing refs removed (0 new refs dominated)
Survival: 48 refs added, 0 removed (from 48 certificates)
---
Round: 1004, Unk. prob.: 3.050e-01
Upper probs: 6.949e-01, Lower probs: 4.000e-05
No. of non-dominant refs: 47880, Survival refs: 47876, Failure refs: 4
Batch update: 48 refs added, 0 existing refs removed (0 new refs dominated)
Survival: 48 refs added, 0 removed (from 48 certificates)
---
Round: 1005, Unk. prob.: 3.079e-01
Upper probs: 6.920e-01, Lower probs: 5.000e-05
No. of non-dominant refs: 47928, Survival refs: 47924, Failure refs: 4
Batch update: 48 refs added, 0 existing refs removed (0 new refs dominated)
Survival: 48 refs added, 0 removed (from 48 certificates)
---
Round: 1006, Unk. prob.: 3.051e-01
Upper probs: 6.949e-01, Lower probs: 0.000e+00
No. of non-dominant refs: 47976, Survival refs: 47972, Failure refs: 4
Batch update: 48 refs added, 0 existing refs removed (0 new refs dominated)
Survival: 48 refs added, 0 removed (from 48 certificates)
---
Round: 1007, Unk. prob.: 3.067e-01
Upper probs: 6.932e-01, Lower probs: 4.000e-05
No. of non-dominant refs: 48024, Survival refs: 48020, Failure refs: 4
Batch update: 48 refs added, 1 existing refs removed (0 new refs dominated)
Survival: 48 refs added, 1 removed (from 48 certificates)
---
Round: 1008, Unk. prob.: 3.045e-01
Upper probs: 6.954e-01, Lower probs: 1.000e-05
No. of non-dominant refs: 48071, Survival refs: 48067, Failure refs: 4
Batch update: 48 refs added, 0 existing refs removed (0 new refs dominated)
Survival: 48 refs added, 0 removed (from 48 certificates)
---
Round: 1009, Unk. prob.: 3.046e-01
Upper probs: 6.954e-01, Lower probs: 4.000e-05
No. of non-dominant refs: 48119, Survival refs: 48115, Failure refs: 4
Batch update: 48 refs added, 0 existing refs removed (0 new refs dominated)
Survival: 48 refs added, 0 removed (from 48 certificates)
---
Round: 1010, Unk. prob.: 3.043e-01
Upper probs: 6.957e-01, Lower probs: 4.000e-05
No. of non-dominant refs: 48167, Survival refs: 48163, Failure refs: 4
Batch update: 48 refs added, 0 existing refs removed (0 new refs dominated)
Survival: 48 refs added, 0 removed (from 48 certificates)
---
Round: 1011, Unk. prob.: 3.054e-01
Upper probs: 6.946e-01, Lower probs: 1.000e-05
No. of non-dominant refs: 48215, Survival refs: 48211, Failure refs: 4
Batch update: 48 refs added, 0 existing refs removed (0 new refs dominated)
Survival: 48 refs added, 0 removed (from 48 certificates)
---
Round: 1012, Unk. prob.: 3.049e-01
Upper probs: 6.951e-01, Lower probs: 1.000e-05
No. of non-dominant refs: 48263, Survival refs: 48259, Failure refs: 4
Batch update: 48 refs added, 0 existing refs removed (0 new refs dominated)
Survival: 48 refs added, 0 removed (from 48 certificates)
---
Round: 1013, Unk. prob.: 3.065e-01
Upper probs: 6.935e-01, Lower probs: 1.000e-05
No. of non-dominant refs: 48311, Survival refs: 48307, Failure refs: 4
Batch update: 48 refs added, 0 existing refs removed (0 new refs dominated)
Survival: 48 refs added, 0 removed (from 48 certificates)
---
Round: 1014, Unk. prob.: 3.056e-01
Upper probs: 6.944e-01, Lower probs: 3.000e-05
No. of non-dominant refs: 48359, Survival refs: 48355, Failure refs: 4
Batch update: 48 refs added, 0 existing refs removed (0 new refs dominated)
Survival: 48 refs added, 0 removed (from 48 certificates)
---
Round: 1015, Unk. prob.: 3.064e-01
Upper probs: 6.936e-01, Lower probs: 2.000e-05
No. of non-dominant refs: 48407, Survival refs: 48403, Failure refs: 4
Batch update: 48 refs added, 0 existing refs removed (0 new refs dominated)
Survival: 48 refs added, 0 removed (from 48 certificates)
---
Round: 1016, Unk. prob.: 3.051e-01
Upper probs: 6.949e-01, Lower probs: 1.000e-05
No. of non-dominant refs: 48455, Survival refs: 48451, Failure refs: 4
Batch update: 48 refs added, 0 existing refs removed (0 new refs dominated)
Survival: 48 refs added, 0 removed (from 48 certificates)
---
Round: 1017, Unk. prob.: 3.040e-01
Upper probs: 6.959e-01, Lower probs: 5.000e-05
No. of non-dominant refs: 48503, Survival refs: 48499, Failure refs: 4
Batch update: 48 refs added, 0 existing refs removed (0 new refs dominated)
Survival: 48 refs added, 0 removed (from 48 certificates)
---
Round: 1018, Unk. prob.: 3.041e-01
Upper probs: 6.959e-01, Lower probs: 4.000e-05
No. of non-dominant refs: 48551, Survival refs: 48547, Failure refs: 4
Batch update: 48 refs added, 1 existing refs removed (0 new refs dominated)
Survival: 48 refs added, 1 removed (from 48 certificates)
---
Round: 1019, Unk. prob.: 3.045e-01
Upper probs: 6.955e-01, Lower probs: 1.000e-05
No. of non-dominant refs: 48598, Survival refs: 48594, Failure refs: 4
Batch update: 48 refs added, 0 existing refs removed (0 new refs dominated)
Survival: 48 refs added, 0 removed (from 48 certificates)
---
Round: 1020, Unk. prob.: 3.053e-01
Upper probs: 6.946e-01, Lower probs: 5.000e-05
No. of non-dominant refs: 48646, Survival refs: 48642, Failure refs: 4
Batch update: 48 refs added, 0 existing refs removed (0 new refs dominated)
Survival: 48 refs added, 0 removed (from 48 certificates)
---
Round: 1021, Unk. prob.: 3.067e-01
Upper probs: 6.933e-01, Lower probs: 1.000e-05
No. of non-dominant refs: 48694, Survival refs: 48690, Failure refs: 4
Batch update: 48 refs added, 0 existing refs removed (0 new refs dominated)
Survival: 48 refs added, 0 removed (from 48 certificates)
---
Round: 1022, Unk. prob.: 3.071e-01
Upper probs: 6.928e-01, Lower probs: 3.000e-05
No. of non-dominant refs: 48742, Survival refs: 48738, Failure refs: 4
Batch update: 48 refs added, 0 existing refs removed (0 new refs dominated)
Survival: 48 refs added, 0 removed (from 48 certificates)
---
Round: 1023, Unk. prob.: 3.043e-01
Upper probs: 6.957e-01, Lower probs: 3.000e-05
No. of non-dominant refs: 48790, Survival refs: 48786, Failure refs: 4
Batch update: 48 refs added, 0 existing refs removed (0 new refs dominated)
Survival: 48 refs added, 0 removed (from 48 certificates)
---
Round: 1024, Unk. prob.: 3.022e-01
Upper probs: 6.978e-01, Lower probs: 4.000e-05
No. of non-dominant refs: 48838, Survival refs: 48834, Failure refs: 4
Batch update: 48 refs added, 0 existing refs removed (0 new refs dominated)
Survival: 48 refs added, 0 removed (from 48 certificates)
---
Round: 1025, Unk. prob.: 3.053e-01
Upper probs: 6.947e-01, Lower probs: 3.000e-05
No. of non-dominant refs: 48886, Survival refs: 48882, Failure refs: 4
Batch update: 48 refs added, 0 existing refs removed (0 new refs dominated)
Survival: 48 refs added, 0 removed (from 48 certificates)
---
Round: 1026, Unk. prob.: 3.056e-01
Upper probs: 6.944e-01, Lower probs: 3.000e-05
No. of non-dominant refs: 48934, Survival refs: 48930, Failure refs: 4
Batch update: 48 refs added, 0 existing refs removed (0 new refs dominated)
Survival: 48 refs added, 0 removed (from 48 certificates)
---
Round: 1027, Unk. prob.: 3.042e-01
Upper probs: 6.957e-01, Lower probs: 6.000e-05
No. of non-dominant refs: 48982, Survival refs: 48978, Failure refs: 4
Batch update: 48 refs added, 0 existing refs removed (0 new refs dominated)
Survival: 48 refs added, 0 removed (from 48 certificates)
---
Round: 1028, Unk. prob.: 3.039e-01
Upper probs: 6.961e-01, Lower probs: 2.000e-05
No. of non-dominant refs: 49030, Survival refs: 49026, Failure refs: 4
Batch update: 48 refs added, 1 existing refs removed (0 new refs dominated)
Survival: 48 refs added, 1 removed (from 48 certificates)
---
Round: 1029, Unk. prob.: 3.062e-01
Upper probs: 6.937e-01, Lower probs: 1.000e-05
No. of non-dominant refs: 49077, Survival refs: 49073, Failure refs: 4
Batch update: 48 refs added, 1 existing refs removed (0 new refs dominated)
Survival: 48 refs added, 1 removed (from 48 certificates)
---
Round: 1030, Unk. prob.: 3.055e-01
Upper probs: 6.945e-01, Lower probs: 3.000e-05
No. of non-dominant refs: 49124, Survival refs: 49120, Failure refs: 4
Batch update: 48 refs added, 0 existing refs removed (0 new refs dominated)
Survival: 48 refs added, 0 removed (from 48 certificates)
---
Round: 1031, Unk. prob.: 3.048e-01
Upper probs: 6.951e-01, Lower probs: 3.000e-05
No. of non-dominant refs: 49172, Survival refs: 49168, Failure refs: 4
Batch update: 48 refs added, 1 existing refs removed (0 new refs dominated)
Survival: 48 refs added, 1 removed (from 48 certificates)
---
Round: 1032, Unk. prob.: 3.054e-01
Upper probs: 6.946e-01, Lower probs: 1.000e-05
No. of non-dominant refs: 49219, Survival refs: 49215, Failure refs: 4
Batch update: 48 refs added, 1 existing refs removed (0 new refs dominated)
Survival: 48 refs added, 1 removed (from 48 certificates)
---
Round: 1033, Unk. prob.: 3.053e-01
Upper probs: 6.947e-01, Lower probs: 5.000e-05
No. of non-dominant refs: 49266, Survival refs: 49262, Failure refs: 4
Batch update: 48 refs added, 0 existing refs removed (0 new refs dominated)
Survival: 48 refs added, 0 removed (from 48 certificates)
---
Round: 1034, Unk. prob.: 3.045e-01
Upper probs: 6.955e-01, Lower probs: 2.000e-05
No. of non-dominant refs: 49314, Survival refs: 49310, Failure refs: 4
Batch update: 48 refs added, 2 existing refs removed (0 new refs dominated)
Survival: 48 refs added, 2 removed (from 48 certificates)
---
Round: 1035, Unk. prob.: 3.040e-01
Upper probs: 6.959e-01, Lower probs: 4.000e-05
No. of non-dominant refs: 49360, Survival refs: 49356, Failure refs: 4
Batch update: 48 refs added, 0 existing refs removed (0 new refs dominated)
Survival: 48 refs added, 0 removed (from 48 certificates)
---
Round: 1036, Unk. prob.: 3.024e-01
Upper probs: 6.976e-01, Lower probs: 1.000e-05
No. of non-dominant refs: 49408, Survival refs: 49404, Failure refs: 4
Batch update: 48 refs added, 0 existing refs removed (0 new refs dominated)
Survival: 48 refs added, 0 removed (from 48 certificates)
---
Round: 1037, Unk. prob.: 3.025e-01
Upper probs: 6.975e-01, Lower probs: 2.000e-05
No. of non-dominant refs: 49456, Survival refs: 49452, Failure refs: 4
Batch update: 48 refs added, 0 existing refs removed (0 new refs dominated)
Survival: 48 refs added, 0 removed (from 48 certificates)
---
Round: 1038, Unk. prob.: 3.050e-01
Upper probs: 6.950e-01, Lower probs: 2.000e-05
No. of non-dominant refs: 49504, Survival refs: 49500, Failure refs: 4
Batch update: 48 refs added, 0 existing refs removed (0 new refs dominated)
Survival: 48 refs added, 0 removed (from 48 certificates)
---
Round: 1039, Unk. prob.: 3.046e-01
Upper probs: 6.954e-01, Lower probs: 4.000e-05
No. of non-dominant refs: 49552, Survival refs: 49548, Failure refs: 4
Batch update: 48 refs added, 0 existing refs removed (0 new refs dominated)
Survival: 48 refs added, 0 removed (from 48 certificates)
---
Round: 1040, Unk. prob.: 3.050e-01
Upper probs: 6.949e-01, Lower probs: 4.000e-05
No. of non-dominant refs: 49600, Survival refs: 49596, Failure refs: 4
Batch update: 48 refs added, 0 existing refs removed (0 new refs dominated)
Survival: 48 refs added, 0 removed (from 48 certificates)
---
Round: 1041, Unk. prob.: 3.062e-01
Upper probs: 6.938e-01, Lower probs: 3.000e-05
No. of non-dominant refs: 49648, Survival refs: 49644, Failure refs: 4
Batch update: 48 refs added, 0 existing refs removed (0 new refs dominated)
Survival: 48 refs added, 0 removed (from 48 certificates)
---
Round: 1042, Unk. prob.: 3.037e-01
Upper probs: 6.963e-01, Lower probs: 3.000e-05
No. of non-dominant refs: 49696, Survival refs: 49692, Failure refs: 4
Batch update: 48 refs added, 0 existing refs removed (0 new refs dominated)
Survival: 48 refs added, 0 removed (from 48 certificates)
---
Round: 1043, Unk. prob.: 3.041e-01
Upper probs: 6.958e-01, Lower probs: 3.000e-05
No. of non-dominant refs: 49744, Survival refs: 49740, Failure refs: 4
Batch update: 48 refs added, 0 existing refs removed (0 new refs dominated)
Survival: 48 refs added, 0 removed (from 48 certificates)
---
Round: 1044, Unk. prob.: 3.024e-01
Upper probs: 6.976e-01, Lower probs: 7.000e-05
No. of non-dominant refs: 49792, Survival refs: 49788, Failure refs: 4
Batch update: 48 refs added, 0 existing refs removed (0 new refs dominated)
Survival: 48 refs added, 0 removed (from 48 certificates)
---
Round: 1045, Unk. prob.: 3.054e-01
Upper probs: 6.946e-01, Lower probs: 3.000e-05
No. of non-dominant refs: 49840, Survival refs: 49836, Failure refs: 4
Batch update: 48 refs added, 1 existing refs removed (0 new refs dominated)
Survival: 48 refs added, 1 removed (from 48 certificates)
---
Round: 1046, Unk. prob.: 3.042e-01
Upper probs: 6.957e-01, Lower probs: 3.000e-05
No. of non-dominant refs: 49887, Survival refs: 49883, Failure refs: 4
Batch update: 48 refs added, 0 existing refs removed (0 new refs dominated)
Survival: 48 refs added, 0 removed (from 48 certificates)
---
Round: 1047, Unk. prob.: 3.047e-01
Upper probs: 6.953e-01, Lower probs: 3.000e-05
No. of non-dominant refs: 49935, Survival refs: 49931, Failure refs: 4
Batch update: 48 refs added, 1 existing refs removed (0 new refs dominated)
Survival: 48 refs added, 1 removed (from 48 certificates)
---
Round: 1048, Unk. prob.: 3.018e-01
Upper probs: 6.982e-01, Lower probs: 5.000e-05
No. of non-dominant refs: 49982, Survival refs: 49978, Failure refs: 4
Batch update: 48 refs added, 1 existing refs removed (0 new refs dominated)
Survival: 48 refs added, 1 removed (from 48 certificates)
---
Round: 1049, Unk. prob.: 3.014e-01
Upper probs: 6.986e-01, Lower probs: 2.000e-05
No. of non-dominant refs: 50029, Survival refs: 50025, Failure refs: 4
Batch update: 48 refs added, 0 existing refs removed (0 new refs dominated)
Survival: 48 refs added, 0 removed (from 48 certificates)
---
Round: 1050, Unk. prob.: 3.019e-01
Upper probs: 6.980e-01, Lower probs: 2.000e-05
No. of non-dominant refs: 50077, Survival refs: 50073, Failure refs: 4
Batch update: 48 refs added, 0 existing refs removed (0 new refs dominated)
Survival: 48 refs added, 0 removed (from 48 certificates)
---
Round: 1051, Unk. prob.: 3.022e-01
Upper probs: 6.978e-01, Lower probs: 2.000e-05
No. of non-dominant refs: 50125, Survival refs: 50121, Failure refs: 4
Batch update: 48 refs added, 0 existing refs removed (0 new refs dominated)
Survival: 48 refs added, 0 removed (from 48 certificates)
---
Round: 1052, Unk. prob.: 3.025e-01
Upper probs: 6.974e-01, Lower probs: 4.000e-05
No. of non-dominant refs: 50173, Survival refs: 50169, Failure refs: 4
Batch update: 48 refs added, 0 existing refs removed (0 new refs dominated)
Survival: 48 refs added, 0 removed (from 48 certificates)
---
Round: 1053, Unk. prob.: 3.028e-01
Upper probs: 6.972e-01, Lower probs: 1.000e-05
No. of non-dominant refs: 50221, Survival refs: 50217, Failure refs: 4
Batch update: 48 refs added, 0 existing refs removed (0 new refs dominated)
Survival: 48 refs added, 0 removed (from 48 certificates)
---
Round: 1054, Unk. prob.: 3.035e-01
Upper probs: 6.964e-01, Lower probs: 5.000e-05
No. of non-dominant refs: 50269, Survival refs: 50265, Failure refs: 4
Batch update: 48 refs added, 2 existing refs removed (0 new refs dominated)
Survival: 48 refs added, 2 removed (from 48 certificates)
---
Round: 1055, Unk. prob.: 3.020e-01
Upper probs: 6.980e-01, Lower probs: 1.000e-05
No. of non-dominant refs: 50315, Survival refs: 50311, Failure refs: 4
Batch update: 48 refs added, 0 existing refs removed (0 new refs dominated)
Survival: 48 refs added, 0 removed (from 48 certificates)
---
Round: 1056, Unk. prob.: 3.021e-01
Upper probs: 6.979e-01, Lower probs: 4.000e-05
No. of non-dominant refs: 50363, Survival refs: 50359, Failure refs: 4
Batch update: 48 refs added, 0 existing refs removed (0 new refs dominated)
Survival: 48 refs added, 0 removed (from 48 certificates)
---
Round: 1057, Unk. prob.: 3.013e-01
Upper probs: 6.987e-01, Lower probs: 2.000e-05
No. of non-dominant refs: 50411, Survival refs: 50407, Failure refs: 4
Batch update: 48 refs added, 0 existing refs removed (0 new refs dominated)
Survival: 48 refs added, 0 removed (from 48 certificates)
---
Round: 1058, Unk. prob.: 3.014e-01
Upper probs: 6.985e-01, Lower probs: 4.000e-05
No. of non-dominant refs: 50459, Survival refs: 50455, Failure refs: 4
Batch update: 48 refs added, 1 existing refs removed (0 new refs dominated)
Survival: 48 refs added, 1 removed (from 48 certificates)
---
Round: 1059, Unk. prob.: 3.036e-01
Upper probs: 6.964e-01, Lower probs: 3.000e-05
No. of non-dominant refs: 50506, Survival refs: 50502, Failure refs: 4
Batch update: 48 refs added, 1 existing refs removed (0 new refs dominated)
Survival: 48 refs added, 1 removed (from 48 certificates)
---
Round: 1060, Unk. prob.: 3.006e-01
Upper probs: 6.993e-01, Lower probs: 4.000e-05
No. of non-dominant refs: 50553, Survival refs: 50549, Failure refs: 4
Batch update: 48 refs added, 0 existing refs removed (0 new refs dominated)
Survival: 48 refs added, 0 removed (from 48 certificates)
---
Round: 1061, Unk. prob.: 3.024e-01
Upper probs: 6.976e-01, Lower probs: 1.000e-05
No. of non-dominant refs: 50601, Survival refs: 50597, Failure refs: 4
Batch update: 48 refs added, 0 existing refs removed (0 new refs dominated)
Survival: 48 refs added, 0 removed (from 48 certificates)
---
Round: 1062, Unk. prob.: 3.021e-01
Upper probs: 6.979e-01, Lower probs: 2.000e-05
No. of non-dominant refs: 50649, Survival refs: 50645, Failure refs: 4
Batch update: 48 refs added, 0 existing refs removed (0 new refs dominated)
Survival: 48 refs added, 0 removed (from 48 certificates)
---
Round: 1063, Unk. prob.: 3.025e-01
Upper probs: 6.974e-01, Lower probs: 2.000e-05
No. of non-dominant refs: 50697, Survival refs: 50693, Failure refs: 4
Batch update: 48 refs added, 0 existing refs removed (0 new refs dominated)
Survival: 48 refs added, 0 removed (from 48 certificates)
---
Round: 1064, Unk. prob.: 3.045e-01
Upper probs: 6.955e-01, Lower probs: 4.000e-05
No. of non-dominant refs: 50745, Survival refs: 50741, Failure refs: 4
Batch update: 48 refs added, 0 existing refs removed (0 new refs dominated)
Survival: 48 refs added, 0 removed (from 48 certificates)
---
Round: 1065, Unk. prob.: 3.017e-01
Upper probs: 6.983e-01, Lower probs: 0.000e+00
No. of non-dominant refs: 50793, Survival refs: 50789, Failure refs: 4
Batch update: 48 refs added, 1 existing refs removed (0 new refs dominated)
Survival: 48 refs added, 1 removed (from 48 certificates)
---
Round: 1066, Unk. prob.: 3.057e-01
Upper probs: 6.943e-01, Lower probs: 3.000e-05
No. of non-dominant refs: 50840, Survival refs: 50836, Failure refs: 4
Batch update: 48 refs added, 0 existing refs removed (0 new refs dominated)
Survival: 48 refs added, 0 removed (from 48 certificates)
---
Round: 1067, Unk. prob.: 3.066e-01
Upper probs: 6.934e-01, Lower probs: 2.000e-05
No. of non-dominant refs: 50888, Survival refs: 50884, Failure refs: 4
Batch update: 48 refs added, 1 existing refs removed (0 new refs dominated)
Survival: 48 refs added, 1 removed (from 48 certificates)
---
Round: 1068, Unk. prob.: 3.052e-01
Upper probs: 6.948e-01, Lower probs: 1.000e-05
No. of non-dominant refs: 50935, Survival refs: 50931, Failure refs: 4
Batch update: 48 refs added, 0 existing refs removed (0 new refs dominated)
Survival: 48 refs added, 0 removed (from 48 certificates)
---
Round: 1069, Unk. prob.: 3.031e-01
Upper probs: 6.969e-01, Lower probs: 3.000e-05
No. of non-dominant refs: 50983, Survival refs: 50979, Failure refs: 4
Batch update: 48 refs added, 0 existing refs removed (0 new refs dominated)
Survival: 48 refs added, 0 removed (from 48 certificates)
---
Round: 1070, Unk. prob.: 3.029e-01
Upper probs: 6.971e-01, Lower probs: 4.000e-05
No. of non-dominant refs: 51031, Survival refs: 51027, Failure refs: 4
Batch update: 48 refs added, 0 existing refs removed (0 new refs dominated)
Survival: 48 refs added, 0 removed (from 48 certificates)
---
Round: 1071, Unk. prob.: 3.011e-01
Upper probs: 6.989e-01, Lower probs: 2.000e-05
No. of non-dominant refs: 51079, Survival refs: 51075, Failure refs: 4
Batch update: 48 refs added, 0 existing refs removed (0 new refs dominated)
Survival: 48 refs added, 0 removed (from 48 certificates)
---
Round: 1072, Unk. prob.: 3.018e-01
Upper probs: 6.982e-01, Lower probs: 5.000e-05
No. of non-dominant refs: 51127, Survival refs: 51123, Failure refs: 4
Batch update: 48 refs added, 0 existing refs removed (0 new refs dominated)
Survival: 48 refs added, 0 removed (from 48 certificates)
---
Round: 1073, Unk. prob.: 3.035e-01
Upper probs: 6.964e-01, Lower probs: 3.000e-05
No. of non-dominant refs: 51175, Survival refs: 51171, Failure refs: 4
Batch update: 48 refs added, 0 existing refs removed (0 new refs dominated)
Survival: 48 refs added, 0 removed (from 48 certificates)
---
Round: 1074, Unk. prob.: 3.015e-01
Upper probs: 6.984e-01, Lower probs: 5.000e-05
No. of non-dominant refs: 51223, Survival refs: 51219, Failure refs: 4
Batch update: 48 refs added, 1 existing refs removed (0 new refs dominated)
Survival: 48 refs added, 1 removed (from 48 certificates)
---
Round: 1075, Unk. prob.: 3.025e-01
Upper probs: 6.975e-01, Lower probs: 0.000e+00
No. of non-dominant refs: 51270, Survival refs: 51266, Failure refs: 4
Batch update: 48 refs added, 0 existing refs removed (0 new refs dominated)
Survival: 48 refs added, 0 removed (from 48 certificates)
---
Round: 1076, Unk. prob.: 3.026e-01
Upper probs: 6.973e-01, Lower probs: 4.000e-05
No. of non-dominant refs: 51318, Survival refs: 51314, Failure refs: 4
Batch update: 48 refs added, 0 existing refs removed (0 new refs dominated)
Survival: 48 refs added, 0 removed (from 48 certificates)
---
Round: 1077, Unk. prob.: 3.026e-01
Upper probs: 6.974e-01, Lower probs: 0.000e+00
No. of non-dominant refs: 51366, Survival refs: 51362, Failure refs: 4
Batch update: 48 refs added, 1 existing refs removed (0 new refs dominated)
Survival: 48 refs added, 1 removed (from 48 certificates)
---
Round: 1078, Unk. prob.: 3.023e-01
Upper probs: 6.977e-01, Lower probs: 6.000e-05
No. of non-dominant refs: 51413, Survival refs: 51409, Failure refs: 4
Batch update: 48 refs added, 1 existing refs removed (0 new refs dominated)
Survival: 48 refs added, 1 removed (from 48 certificates)
---
Round: 1079, Unk. prob.: 2.998e-01
Upper probs: 7.001e-01, Lower probs: 5.000e-05
No. of non-dominant refs: 51460, Survival refs: 51456, Failure refs: 4
Batch update: 48 refs added, 0 existing refs removed (0 new refs dominated)
Survival: 48 refs added, 0 removed (from 48 certificates)
---
Round: 1080, Unk. prob.: 2.984e-01
Upper probs: 7.015e-01, Lower probs: 2.000e-05
No. of non-dominant refs: 51508, Survival refs: 51504, Failure refs: 4
Batch update: 48 refs added, 0 existing refs removed (0 new refs dominated)
Survival: 48 refs added, 0 removed (from 48 certificates)
---
Round: 1081, Unk. prob.: 2.994e-01
Upper probs: 7.006e-01, Lower probs: 3.000e-05
No. of non-dominant refs: 51556, Survival refs: 51552, Failure refs: 4
Batch update: 48 refs added, 1 existing refs removed (0 new refs dominated)
Survival: 48 refs added, 1 removed (from 48 certificates)
---
Round: 1082, Unk. prob.: 3.014e-01
Upper probs: 6.985e-01, Lower probs: 7.000e-05
No. of non-dominant refs: 51603, Survival refs: 51599, Failure refs: 4
Batch update: 48 refs added, 0 existing refs removed (0 new refs dominated)
Survival: 48 refs added, 0 removed (from 48 certificates)
---
Round: 1083, Unk. prob.: 3.002e-01
Upper probs: 6.997e-01, Lower probs: 3.000e-05
No. of non-dominant refs: 51651, Survival refs: 51647, Failure refs: 4
Batch update: 48 refs added, 0 existing refs removed (0 new refs dominated)
Survival: 48 refs added, 0 removed (from 48 certificates)
---
Round: 1084, Unk. prob.: 3.020e-01
Upper probs: 6.980e-01, Lower probs: 1.000e-05
No. of non-dominant refs: 51699, Survival refs: 51695, Failure refs: 4
Batch update: 48 refs added, 0 existing refs removed (0 new refs dominated)
Survival: 48 refs added, 0 removed (from 48 certificates)
---
Round: 1085, Unk. prob.: 3.008e-01
Upper probs: 6.992e-01, Lower probs: 1.000e-05
No. of non-dominant refs: 51747, Survival refs: 51743, Failure refs: 4
Batch update: 48 refs added, 0 existing refs removed (0 new refs dominated)
Survival: 48 refs added, 0 removed (from 48 certificates)
---
Round: 1086, Unk. prob.: 3.023e-01
Upper probs: 6.976e-01, Lower probs: 4.000e-05
No. of non-dominant refs: 51795, Survival refs: 51791, Failure refs: 4
Batch update: 48 refs added, 0 existing refs removed (0 new refs dominated)
Survival: 48 refs added, 0 removed (from 48 certificates)
---
Round: 1087, Unk. prob.: 3.001e-01
Upper probs: 6.998e-01, Lower probs: 1.000e-05
No. of non-dominant refs: 51843, Survival refs: 51839, Failure refs: 4
Batch update: 48 refs added, 0 existing refs removed (0 new refs dominated)
Survival: 48 refs added, 0 removed (from 48 certificates)
---
Round: 1088, Unk. prob.: 3.014e-01
Upper probs: 6.985e-01, Lower probs: 6.000e-05
No. of non-dominant refs: 51891, Survival refs: 51887, Failure refs: 4
Batch update: 48 refs added, 0 existing refs removed (0 new refs dominated)
Survival: 48 refs added, 0 removed (from 48 certificates)
---
Round: 1089, Unk. prob.: 2.991e-01
Upper probs: 7.009e-01, Lower probs: 0.000e+00
No. of non-dominant refs: 51939, Survival refs: 51935, Failure refs: 4
Batch update: 48 refs added, 1 existing refs removed (0 new refs dominated)
Survival: 48 refs added, 1 removed (from 48 certificates)
---
Round: 1090, Unk. prob.: 2.998e-01
Upper probs: 7.001e-01, Lower probs: 5.000e-05
No. of non-dominant refs: 51986, Survival refs: 51982, Failure refs: 4
Batch update: 48 refs added, 0 existing refs removed (0 new refs dominated)
Survival: 48 refs added, 0 removed (from 48 certificates)
---
Round: 1091, Unk. prob.: 3.030e-01
Upper probs: 6.969e-01, Lower probs: 4.000e-05
No. of non-dominant refs: 52034, Survival refs: 52030, Failure refs: 4
Batch update: 48 refs added, 0 existing refs removed (0 new refs dominated)
Survival: 48 refs added, 0 removed (from 48 certificates)
---
Round: 1092, Unk. prob.: 3.008e-01
Upper probs: 6.992e-01, Lower probs: 4.000e-05
No. of non-dominant refs: 52082, Survival refs: 52078, Failure refs: 4
Batch update: 48 refs added, 0 existing refs removed (0 new refs dominated)
Survival: 48 refs added, 0 removed (from 48 certificates)
---
Round: 1093, Unk. prob.: 3.031e-01
Upper probs: 6.969e-01, Lower probs: 3.000e-05
No. of non-dominant refs: 52130, Survival refs: 52126, Failure refs: 4
Batch update: 48 refs added, 2 existing refs removed (0 new refs dominated)
Survival: 48 refs added, 2 removed (from 48 certificates)
---
Round: 1094, Unk. prob.: 2.999e-01
Upper probs: 7.001e-01, Lower probs: 5.000e-05
No. of non-dominant refs: 52176, Survival refs: 52172, Failure refs: 4
Batch update: 48 refs added, 1 existing refs removed (0 new refs dominated)
Survival: 48 refs added, 1 removed (from 48 certificates)
---
Round: 1095, Unk. prob.: 3.022e-01
Upper probs: 6.978e-01, Lower probs: 1.000e-05
No. of non-dominant refs: 52223, Survival refs: 52219, Failure refs: 4
Batch update: 48 refs added, 0 existing refs removed (0 new refs dominated)
Survival: 48 refs added, 0 removed (from 48 certificates)
---
Round: 1096, Unk. prob.: 3.003e-01
Upper probs: 6.997e-01, Lower probs: 2.000e-05
No. of non-dominant refs: 52271, Survival refs: 52267, Failure refs: 4
Batch update: 48 refs added, 0 existing refs removed (0 new refs dominated)
Survival: 48 refs added, 0 removed (from 48 certificates)
---
Round: 1097, Unk. prob.: 2.991e-01
Upper probs: 7.009e-01, Lower probs: 2.000e-05
No. of non-dominant refs: 52319, Survival refs: 52315, Failure refs: 4
Batch update: 48 refs added, 0 existing refs removed (0 new refs dominated)
Survival: 48 refs added, 0 removed (from 48 certificates)
---
Round: 1098, Unk. prob.: 2.985e-01
Upper probs: 7.014e-01, Lower probs: 5.000e-05
No. of non-dominant refs: 52367, Survival refs: 52363, Failure refs: 4
Batch update: 48 refs added, 0 existing refs removed (0 new refs dominated)
Survival: 48 refs added, 0 removed (from 48 certificates)
---
Round: 1099, Unk. prob.: 3.004e-01
Upper probs: 6.996e-01, Lower probs: 1.000e-05
No. of non-dominant refs: 52415, Survival refs: 52411, Failure refs: 4
Batch update: 48 refs added, 0 existing refs removed (0 new refs dominated)
Survival: 48 refs added, 0 removed (from 48 certificates)
---
Round: 1100, Unk. prob.: 3.012e-01
Upper probs: 6.987e-01, Lower probs: 4.000e-05
No. of non-dominant refs: 52463, Survival refs: 52459, Failure refs: 4
Batch update: 48 refs added, 0 existing refs removed (0 new refs dominated)
Survival: 48 refs added, 0 removed (from 48 certificates)
---
Round: 1101, Unk. prob.: 3.025e-01
Upper probs: 6.974e-01, Lower probs: 5.000e-05
No. of non-dominant refs: 52511, Survival refs: 52507, Failure refs: 4
Batch update: 48 refs added, 0 existing refs removed (0 new refs dominated)
Survival: 48 refs added, 0 removed (from 48 certificates)
---
Round: 1102, Unk. prob.: 2.992e-01
Upper probs: 7.008e-01, Lower probs: 0.000e+00
No. of non-dominant refs: 52559, Survival refs: 52555, Failure refs: 4
Batch update: 48 refs added, 2 existing refs removed (0 new refs dominated)
Survival: 48 refs added, 2 removed (from 48 certificates)
---
Round: 1103, Unk. prob.: 3.016e-01
Upper probs: 6.984e-01, Lower probs: 2.000e-05
No. of non-dominant refs: 52605, Survival refs: 52601, Failure refs: 4
Batch update: 48 refs added, 0 existing refs removed (0 new refs dominated)
Survival: 48 refs added, 0 removed (from 48 certificates)
---
Round: 1104, Unk. prob.: 3.010e-01
Upper probs: 6.990e-01, Lower probs: 2.000e-05
No. of non-dominant refs: 52653, Survival refs: 52649, Failure refs: 4
Batch update: 48 refs added, 0 existing refs removed (0 new refs dominated)
Survival: 48 refs added, 0 removed (from 48 certificates)
---
Round: 1105, Unk. prob.: 3.010e-01
Upper probs: 6.990e-01, Lower probs: 2.000e-05
No. of non-dominant refs: 52701, Survival refs: 52697, Failure refs: 4
Batch update: 48 refs added, 0 existing refs removed (0 new refs dominated)
Survival: 48 refs added, 0 removed (from 48 certificates)
---
Round: 1106, Unk. prob.: 3.005e-01
Upper probs: 6.995e-01, Lower probs: 1.000e-05
No. of non-dominant refs: 52749, Survival refs: 52745, Failure refs: 4
Batch update: 48 refs added, 0 existing refs removed (0 new refs dominated)
Survival: 48 refs added, 0 removed (from 48 certificates)
---
Round: 1107, Unk. prob.: 3.018e-01
Upper probs: 6.982e-01, Lower probs: 5.000e-05
No. of non-dominant refs: 52797, Survival refs: 52793, Failure refs: 4
Batch update: 48 refs added, 0 existing refs removed (0 new refs dominated)
Survival: 48 refs added, 0 removed (from 48 certificates)
---
Round: 1108, Unk. prob.: 3.004e-01
Upper probs: 6.995e-01, Lower probs: 1.000e-05
No. of non-dominant refs: 52845, Survival refs: 52841, Failure refs: 4
Batch update: 48 refs added, 1 existing refs removed (0 new refs dominated)
Survival: 48 refs added, 1 removed (from 48 certificates)
---
Round: 1109, Unk. prob.: 3.015e-01
Upper probs: 6.985e-01, Lower probs: 8.000e-05
No. of non-dominant refs: 52892, Survival refs: 52888, Failure refs: 4
Batch update: 48 refs added, 0 existing refs removed (0 new refs dominated)
Survival: 48 refs added, 0 removed (from 48 certificates)
---
Round: 1110, Unk. prob.: 3.003e-01
Upper probs: 6.997e-01, Lower probs: 4.000e-05
No. of non-dominant refs: 52940, Survival refs: 52936, Failure refs: 4
Batch update: 48 refs added, 0 existing refs removed (0 new refs dominated)
Survival: 48 refs added, 0 removed (from 48 certificates)
---
Round: 1111, Unk. prob.: 3.003e-01
Upper probs: 6.997e-01, Lower probs: 3.000e-05
No. of non-dominant refs: 52988, Survival refs: 52984, Failure refs: 4
Batch update: 48 refs added, 0 existing refs removed (0 new refs dominated)
Survival: 48 refs added, 0 removed (from 48 certificates)
---
Round: 1112, Unk. prob.: 2.992e-01
Upper probs: 7.007e-01, Lower probs: 3.000e-05
No. of non-dominant refs: 53036, Survival refs: 53032, Failure refs: 4
Batch update: 48 refs added, 0 existing refs removed (0 new refs dominated)
Survival: 48 refs added, 0 removed (from 48 certificates)
---
Round: 1113, Unk. prob.: 3.008e-01
Upper probs: 6.992e-01, Lower probs: 1.000e-05
No. of non-dominant refs: 53084, Survival refs: 53080, Failure refs: 4
Batch update: 48 refs added, 1 existing refs removed (0 new refs dominated)
Survival: 48 refs added, 1 removed (from 48 certificates)
---
Round: 1114, Unk. prob.: 2.991e-01
Upper probs: 7.009e-01, Lower probs: 1.000e-05
No. of non-dominant refs: 53131, Survival refs: 53127, Failure refs: 4
Batch update: 48 refs added, 0 existing refs removed (0 new refs dominated)
Survival: 48 refs added, 0 removed (from 48 certificates)
---
Round: 1115, Unk. prob.: 2.997e-01
Upper probs: 7.003e-01, Lower probs: 4.000e-05
No. of non-dominant refs: 53179, Survival refs: 53175, Failure refs: 4
Batch update: 48 refs added, 0 existing refs removed (0 new refs dominated)
Survival: 48 refs added, 0 removed (from 48 certificates)
---
Round: 1116, Unk. prob.: 2.980e-01
Upper probs: 7.020e-01, Lower probs: 2.000e-05
No. of non-dominant refs: 53227, Survival refs: 53223, Failure refs: 4
Batch update: 48 refs added, 0 existing refs removed (0 new refs dominated)
Survival: 48 refs added, 0 removed (from 48 certificates)
---
Round: 1117, Unk. prob.: 2.974e-01
Upper probs: 7.026e-01, Lower probs: 0.000e+00
No. of non-dominant refs: 53275, Survival refs: 53271, Failure refs: 4
Batch update: 48 refs added, 0 existing refs removed (0 new refs dominated)
Survival: 48 refs added, 0 removed (from 48 certificates)
---
Round: 1118, Unk. prob.: 2.975e-01
Upper probs: 7.025e-01, Lower probs: 7.000e-05
No. of non-dominant refs: 53323, Survival refs: 53319, Failure refs: 4
Batch update: 48 refs added, 0 existing refs removed (0 new refs dominated)
Survival: 48 refs added, 0 removed (from 48 certificates)
---
Round: 1119, Unk. prob.: 2.998e-01
Upper probs: 7.001e-01, Lower probs: 2.000e-05
No. of non-dominant refs: 53371, Survival refs: 53367, Failure refs: 4
Batch update: 48 refs added, 0 existing refs removed (0 new refs dominated)
Survival: 48 refs added, 0 removed (from 48 certificates)
---
Round: 1120, Unk. prob.: 2.966e-01
Upper probs: 7.034e-01, Lower probs: 4.000e-05
No. of non-dominant refs: 53419, Survival refs: 53415, Failure refs: 4
Batch update: 48 refs added, 0 existing refs removed (0 new refs dominated)
Survival: 48 refs added, 0 removed (from 48 certificates)
---
Round: 1121, Unk. prob.: 2.974e-01
Upper probs: 7.025e-01, Lower probs: 4.000e-05
No. of non-dominant refs: 53467, Survival refs: 53463, Failure refs: 4
Batch update: 48 refs added, 0 existing refs removed (0 new refs dominated)
Survival: 48 refs added, 0 removed (from 48 certificates)
---
Round: 1122, Unk. prob.: 2.986e-01
Upper probs: 7.014e-01, Lower probs: 4.000e-05
No. of non-dominant refs: 53515, Survival refs: 53511, Failure refs: 4
Batch update: 48 refs added, 1 existing refs removed (0 new refs dominated)
Survival: 48 refs added, 1 removed (from 48 certificates)
---
Round: 1123, Unk. prob.: 2.997e-01
Upper probs: 7.002e-01, Lower probs: 5.000e-05
No. of non-dominant refs: 53562, Survival refs: 53558, Failure refs: 4
Batch update: 48 refs added, 0 existing refs removed (0 new refs dominated)
Survival: 48 refs added, 0 removed (from 48 certificates)
---
Round: 1124, Unk. prob.: 2.995e-01
Upper probs: 7.005e-01, Lower probs: 3.000e-05
No. of non-dominant refs: 53610, Survival refs: 53606, Failure refs: 4
Batch update: 48 refs added, 0 existing refs removed (0 new refs dominated)
Survival: 48 refs added, 0 removed (from 48 certificates)
---
Round: 1125, Unk. prob.: 2.979e-01
Upper probs: 7.021e-01, Lower probs: 1.000e-05
No. of non-dominant refs: 53658, Survival refs: 53654, Failure refs: 4
Batch update: 48 refs added, 0 existing refs removed (0 new refs dominated)
Survival: 48 refs added, 0 removed (from 48 certificates)
---
Round: 1126, Unk. prob.: 3.024e-01
Upper probs: 6.976e-01, Lower probs: 3.000e-05
No. of non-dominant refs: 53706, Survival refs: 53702, Failure refs: 4
Batch update: 48 refs added, 0 existing refs removed (0 new refs dominated)
Survival: 48 refs added, 0 removed (from 48 certificates)
---
Round: 1127, Unk. prob.: 2.992e-01
Upper probs: 7.007e-01, Lower probs: 4.000e-05
No. of non-dominant refs: 53754, Survival refs: 53750, Failure refs: 4
Batch update: 48 refs added, 0 existing refs removed (0 new refs dominated)
Survival: 48 refs added, 0 removed (from 48 certificates)
---
Round: 1128, Unk. prob.: 3.000e-01
Upper probs: 6.999e-01, Lower probs: 4.000e-05
No. of non-dominant refs: 53802, Survival refs: 53798, Failure refs: 4
Batch update: 48 refs added, 1 existing refs removed (0 new refs dominated)
Survival: 48 refs added, 1 removed (from 48 certificates)
---
Round: 1129, Unk. prob.: 3.004e-01
Upper probs: 6.996e-01, Lower probs: 6.000e-05
No. of non-dominant refs: 53849, Survival refs: 53845, Failure refs: 4
Batch update: 48 refs added, 0 existing refs removed (0 new refs dominated)
Survival: 48 refs added, 0 removed (from 48 certificates)
---
Round: 1130, Unk. prob.: 2.989e-01
Upper probs: 7.011e-01, Lower probs: 0.000e+00
No. of non-dominant refs: 53897, Survival refs: 53893, Failure refs: 4
Batch update: 48 refs added, 2 existing refs removed (0 new refs dominated)
Survival: 48 refs added, 2 removed (from 48 certificates)
---
Round: 1131, Unk. prob.: 2.980e-01
Upper probs: 7.020e-01, Lower probs: 1.000e-05
No. of non-dominant refs: 53943, Survival refs: 53939, Failure refs: 4
Batch update: 48 refs added, 0 existing refs removed (0 new refs dominated)
Survival: 48 refs added, 0 removed (from 48 certificates)
---
Round: 1132, Unk. prob.: 2.990e-01
Upper probs: 7.010e-01, Lower probs: 2.000e-05
No. of non-dominant refs: 53991, Survival refs: 53987, Failure refs: 4
Batch update: 48 refs added, 1 existing refs removed (0 new refs dominated)
Survival: 48 refs added, 1 removed (from 48 certificates)
---
Round: 1133, Unk. prob.: 3.010e-01
Upper probs: 6.990e-01, Lower probs: 2.000e-05
No. of non-dominant refs: 54038, Survival refs: 54034, Failure refs: 4
Batch update: 48 refs added, 0 existing refs removed (0 new refs dominated)
Survival: 48 refs added, 0 removed (from 48 certificates)
---
Round: 1134, Unk. prob.: 2.966e-01
Upper probs: 7.034e-01, Lower probs: 3.000e-05
No. of non-dominant refs: 54086, Survival refs: 54082, Failure refs: 4
Batch update: 48 refs added, 1 existing refs removed (0 new refs dominated)
Survival: 48 refs added, 1 removed (from 48 certificates)
---
Round: 1135, Unk. prob.: 3.003e-01
Upper probs: 6.996e-01, Lower probs: 2.000e-05
No. of non-dominant refs: 54133, Survival refs: 54129, Failure refs: 4
Batch update: 48 refs added, 0 existing refs removed (0 new refs dominated)
Survival: 48 refs added, 0 removed (from 48 certificates)
---
Round: 1136, Unk. prob.: 2.996e-01
Upper probs: 7.003e-01, Lower probs: 2.000e-05
No. of non-dominant refs: 54181, Survival refs: 54177, Failure refs: 4
Batch update: 48 refs added, 0 existing refs removed (0 new refs dominated)
Survival: 48 refs added, 0 removed (from 48 certificates)
---
Round: 1137, Unk. prob.: 2.977e-01
Upper probs: 7.023e-01, Lower probs: 2.000e-05
No. of non-dominant refs: 54229, Survival refs: 54225, Failure refs: 4
Batch update: 48 refs added, 0 existing refs removed (0 new refs dominated)
Survival: 48 refs added, 0 removed (from 48 certificates)
---
Round: 1138, Unk. prob.: 2.987e-01
Upper probs: 7.013e-01, Lower probs: 0.000e+00
No. of non-dominant refs: 54277, Survival refs: 54273, Failure refs: 4
Batch update: 48 refs added, 0 existing refs removed (0 new refs dominated)
Survival: 48 refs added, 0 removed (from 48 certificates)
---
Round: 1139, Unk. prob.: 2.989e-01
Upper probs: 7.010e-01, Lower probs: 6.000e-05
No. of non-dominant refs: 54325, Survival refs: 54321, Failure refs: 4
Batch update: 48 refs added, 1 existing refs removed (0 new refs dominated)
Survival: 48 refs added, 1 removed (from 48 certificates)
---
Round: 1140, Unk. prob.: 2.993e-01
Upper probs: 7.006e-01, Lower probs: 2.000e-05
No. of non-dominant refs: 54372, Survival refs: 54368, Failure refs: 4
Batch update: 48 refs added, 0 existing refs removed (0 new refs dominated)
Survival: 48 refs added, 0 removed (from 48 certificates)
---
Round: 1141, Unk. prob.: 2.982e-01
Upper probs: 7.018e-01, Lower probs: 4.000e-05
No. of non-dominant refs: 54420, Survival refs: 54416, Failure refs: 4
Batch update: 48 refs added, 1 existing refs removed (0 new refs dominated)
Survival: 48 refs added, 1 removed (from 48 certificates)
---
Round: 1142, Unk. prob.: 2.970e-01
Upper probs: 7.030e-01, Lower probs: 3.000e-05
No. of non-dominant refs: 54467, Survival refs: 54463, Failure refs: 4
Batch update: 47 refs added, 2 existing refs removed (0 new refs dominated)
Survival: 47 refs added, 2 removed (from 47 certificates)
Batch update: 1 refs added, 0 existing refs removed (0 new refs dominated)
Failure: 1 refs added, 0 removed (from 1 candidates)
---
Round: 1143, Unk. prob.: 2.980e-01
Upper probs: 7.019e-01, Lower probs: 5.000e-05
No. of non-dominant refs: 54513, Survival refs: 54508, Failure refs: 5
Batch update: 47 refs added, 0 existing refs removed (0 new refs dominated)
Survival: 47 refs added, 0 removed (from 47 certificates)
Failure cuts: 1 added (total 36)
---
Round: 1144, Unk. prob.: 3.004e-01
Upper probs: 6.996e-01, Lower probs: 4.000e-05
No. of non-dominant refs: 54560, Survival refs: 54555, Failure refs: 5
Batch update: 48 refs added, 0 existing refs removed (0 new refs dominated)
Survival: 48 refs added, 0 removed (from 48 certificates)
---
Round: 1145, Unk. prob.: 2.981e-01
Upper probs: 7.019e-01, Lower probs: 0.000e+00
No. of non-dominant refs: 54608, Survival refs: 54603, Failure refs: 5
Batch update: 48 refs added, 0 existing refs removed (0 new refs dominated)
Survival: 48 refs added, 0 removed (from 48 certificates)
---
Round: 1146, Unk. prob.: 2.986e-01
Upper probs: 7.014e-01, Lower probs: 1.000e-05
No. of non-dominant refs: 54656, Survival refs: 54651, Failure refs: 5
Batch update: 48 refs added, 0 existing refs removed (0 new refs dominated)
Survival: 48 refs added, 0 removed (from 48 certificates)
---
Round: 1147, Unk. prob.: 3.030e-01
Upper probs: 6.969e-01, Lower probs: 4.000e-05
No. of non-dominant refs: 54704, Survival refs: 54699, Failure refs: 5
Batch update: 48 refs added, 0 existing refs removed (0 new refs dominated)
Survival: 48 refs added, 0 removed (from 48 certificates)
---
Round: 1148, Unk. prob.: 3.016e-01
Upper probs: 6.984e-01, Lower probs: 5.000e-05
No. of non-dominant refs: 54752, Survival refs: 54747, Failure refs: 5
Batch update: 48 refs added, 0 existing refs removed (0 new refs dominated)
Survival: 48 refs added, 0 removed (from 48 certificates)
---
Round: 1149, Unk. prob.: 2.958e-01
Upper probs: 7.042e-01, Lower probs: 1.000e-05
No. of non-dominant refs: 54800, Survival refs: 54795, Failure refs: 5
Batch update: 48 refs added, 1 existing refs removed (0 new refs dominated)
Survival: 48 refs added, 1 removed (from 48 certificates)
---
Round: 1150, Unk. prob.: 2.970e-01
Upper probs: 7.030e-01, Lower probs: 2.000e-05
No. of non-dominant refs: 54847, Survival refs: 54842, Failure refs: 5
Batch update: 48 refs added, 0 existing refs removed (0 new refs dominated)
Survival: 48 refs added, 0 removed (from 48 certificates)
---
Round: 1151, Unk. prob.: 2.985e-01
Upper probs: 7.015e-01, Lower probs: 2.000e-05
No. of non-dominant refs: 54895, Survival refs: 54890, Failure refs: 5
Batch update: 48 refs added, 0 existing refs removed (0 new refs dominated)
Survival: 48 refs added, 0 removed (from 48 certificates)
---
Round: 1152, Unk. prob.: 2.984e-01
Upper probs: 7.016e-01, Lower probs: 6.000e-05
No. of non-dominant refs: 54943, Survival refs: 54938, Failure refs: 5
Batch update: 48 refs added, 0 existing refs removed (0 new refs dominated)
Survival: 48 refs added, 0 removed (from 48 certificates)
---
Round: 1153, Unk. prob.: 2.963e-01
Upper probs: 7.037e-01, Lower probs: 2.000e-05
No. of non-dominant refs: 54991, Survival refs: 54986, Failure refs: 5
Batch update: 48 refs added, 1 existing refs removed (0 new refs dominated)
Survival: 48 refs added, 1 removed (from 48 certificates)
---
Round: 1154, Unk. prob.: 2.973e-01
Upper probs: 7.026e-01, Lower probs: 5.000e-05
No. of non-dominant refs: 55038, Survival refs: 55033, Failure refs: 5
Batch update: 48 refs added, 1 existing refs removed (0 new refs dominated)
Survival: 48 refs added, 1 removed (from 48 certificates)
---
Round: 1155, Unk. prob.: 2.945e-01
Upper probs: 7.055e-01, Lower probs: 1.000e-05
No. of non-dominant refs: 55085, Survival refs: 55080, Failure refs: 5
Batch update: 48 refs added, 1 existing refs removed (0 new refs dominated)
Survival: 48 refs added, 1 removed (from 48 certificates)
---
Round: 1156, Unk. prob.: 2.977e-01
Upper probs: 7.023e-01, Lower probs: 5.000e-05
No. of non-dominant refs: 55132, Survival refs: 55127, Failure refs: 5
Batch update: 48 refs added, 0 existing refs removed (0 new refs dominated)
Survival: 48 refs added, 0 removed (from 48 certificates)
---
Round: 1157, Unk. prob.: 2.991e-01
Upper probs: 7.009e-01, Lower probs: 2.000e-05
No. of non-dominant refs: 55180, Survival refs: 55175, Failure refs: 5
Batch update: 48 refs added, 1 existing refs removed (0 new refs dominated)
Survival: 48 refs added, 1 removed (from 48 certificates)
---
Round: 1158, Unk. prob.: 2.983e-01
Upper probs: 7.017e-01, Lower probs: 2.000e-05
No. of non-dominant refs: 55227, Survival refs: 55222, Failure refs: 5
Batch update: 48 refs added, 0 existing refs removed (0 new refs dominated)
Survival: 48 refs added, 0 removed (from 48 certificates)
---
Round: 1159, Unk. prob.: 2.970e-01
Upper probs: 7.030e-01, Lower probs: 3.000e-05
No. of non-dominant refs: 55275, Survival refs: 55270, Failure refs: 5
Batch update: 48 refs added, 0 existing refs removed (0 new refs dominated)
Survival: 48 refs added, 0 removed (from 48 certificates)
---
Round: 1160, Unk. prob.: 2.994e-01
Upper probs: 7.006e-01, Lower probs: 1.000e-05
No. of non-dominant refs: 55323, Survival refs: 55318, Failure refs: 5
Batch update: 48 refs added, 0 existing refs removed (0 new refs dominated)
Survival: 48 refs added, 0 removed (from 48 certificates)
---
Round: 1161, Unk. prob.: 2.969e-01
Upper probs: 7.031e-01, Lower probs: 4.000e-05
No. of non-dominant refs: 55371, Survival refs: 55366, Failure refs: 5
Batch update: 48 refs added, 0 existing refs removed (0 new refs dominated)
Survival: 48 refs added, 0 removed (from 48 certificates)
---
Round: 1162, Unk. prob.: 2.990e-01
Upper probs: 7.010e-01, Lower probs: 4.000e-05
No. of non-dominant refs: 55419, Survival refs: 55414, Failure refs: 5
Batch update: 48 refs added, 0 existing refs removed (0 new refs dominated)
Survival: 48 refs added, 0 removed (from 48 certificates)
---
Round: 1163, Unk. prob.: 2.992e-01
Upper probs: 7.007e-01, Lower probs: 2.000e-05
No. of non-dominant refs: 55467, Survival refs: 55462, Failure refs: 5
Batch update: 48 refs added, 1 existing refs removed (0 new refs dominated)
Survival: 48 refs added, 1 removed (from 48 certificates)
---
Round: 1164, Unk. prob.: 2.975e-01
Upper probs: 7.025e-01, Lower probs: 2.000e-05
No. of non-dominant refs: 55514, Survival refs: 55509, Failure refs: 5
Batch update: 48 refs added, 0 existing refs removed (0 new refs dominated)
Survival: 48 refs added, 0 removed (from 48 certificates)
---
Round: 1165, Unk. prob.: 2.979e-01
Upper probs: 7.021e-01, Lower probs: 1.000e-05
No. of non-dominant refs: 55562, Survival refs: 55557, Failure refs: 5
Batch update: 48 refs added, 1 existing refs removed (0 new refs dominated)
Survival: 48 refs added, 1 removed (from 48 certificates)
---
Round: 1166, Unk. prob.: 2.980e-01
Upper probs: 7.020e-01, Lower probs: 2.000e-05
No. of non-dominant refs: 55609, Survival refs: 55604, Failure refs: 5
Batch update: 48 refs added, 0 existing refs removed (0 new refs dominated)
Survival: 48 refs added, 0 removed (from 48 certificates)
---
Round: 1167, Unk. prob.: 2.979e-01
Upper probs: 7.021e-01, Lower probs: 2.000e-05
No. of non-dominant refs: 55657, Survival refs: 55652, Failure refs: 5
Batch update: 48 refs added, 0 existing refs removed (0 new refs dominated)
Survival: 48 refs added, 0 removed (from 48 certificates)
---
Round: 1168, Unk. prob.: 2.953e-01
Upper probs: 7.047e-01, Lower probs: 2.000e-05
No. of non-dominant refs: 55705, Survival refs: 55700, Failure refs: 5
Batch update: 48 refs added, 1 existing refs removed (0 new refs dominated)
Survival: 48 refs added, 1 removed (from 48 certificates)
---
Round: 1169, Unk. prob.: 2.951e-01
Upper probs: 7.049e-01, Lower probs: 1.000e-05
No. of non-dominant refs: 55752, Survival refs: 55747, Failure refs: 5
Batch update: 48 refs added, 0 existing refs removed (0 new refs dominated)
Survival: 48 refs added, 0 removed (from 48 certificates)
---
Round: 1170, Unk. prob.: 2.967e-01
Upper probs: 7.032e-01, Lower probs: 3.000e-05
No. of non-dominant refs: 55800, Survival refs: 55795, Failure refs: 5
Batch update: 48 refs added, 0 existing refs removed (0 new refs dominated)
Survival: 48 refs added, 0 removed (from 48 certificates)
---
Round: 1171, Unk. prob.: 2.977e-01
Upper probs: 7.023e-01, Lower probs: 3.000e-05
No. of non-dominant refs: 55848, Survival refs: 55843, Failure refs: 5
Batch update: 48 refs added, 1 existing refs removed (0 new refs dominated)
Survival: 48 refs added, 1 removed (from 48 certificates)
---
Round: 1172, Unk. prob.: 2.962e-01
Upper probs: 7.038e-01, Lower probs: 5.000e-05
No. of non-dominant refs: 55895, Survival refs: 55890, Failure refs: 5
Batch update: 48 refs added, 1 existing refs removed (0 new refs dominated)
Survival: 48 refs added, 1 removed (from 48 certificates)
---
Round: 1173, Unk. prob.: 2.972e-01
Upper probs: 7.027e-01, Lower probs: 5.000e-05
No. of non-dominant refs: 55942, Survival refs: 55937, Failure refs: 5
Batch update: 48 refs added, 0 existing refs removed (0 new refs dominated)
Survival: 48 refs added, 0 removed (from 48 certificates)
---
Round: 1174, Unk. prob.: 2.994e-01
Upper probs: 7.006e-01, Lower probs: 3.000e-05
No. of non-dominant refs: 55990, Survival refs: 55985, Failure refs: 5
Batch update: 48 refs added, 1 existing refs removed (0 new refs dominated)
Survival: 48 refs added, 1 removed (from 48 certificates)
---
Round: 1175, Unk. prob.: 2.975e-01
Upper probs: 7.025e-01, Lower probs: 0.000e+00
No. of non-dominant refs: 56037, Survival refs: 56032, Failure refs: 5
Batch update: 48 refs added, 0 existing refs removed (0 new refs dominated)
Survival: 48 refs added, 0 removed (from 48 certificates)
---
Round: 1176, Unk. prob.: 2.968e-01
Upper probs: 7.032e-01, Lower probs: 4.000e-05
No. of non-dominant refs: 56085, Survival refs: 56080, Failure refs: 5
Batch update: 48 refs added, 0 existing refs removed (0 new refs dominated)
Survival: 48 refs added, 0 removed (from 48 certificates)
---
Round: 1177, Unk. prob.: 2.989e-01
Upper probs: 7.011e-01, Lower probs: 3.000e-05
No. of non-dominant refs: 56133, Survival refs: 56128, Failure refs: 5
Batch update: 48 refs added, 0 existing refs removed (0 new refs dominated)
Survival: 48 refs added, 0 removed (from 48 certificates)
---
Round: 1178, Unk. prob.: 2.954e-01
Upper probs: 7.045e-01, Lower probs: 5.000e-05
No. of non-dominant refs: 56181, Survival refs: 56176, Failure refs: 5
Batch update: 48 refs added, 0 existing refs removed (0 new refs dominated)
Survival: 48 refs added, 0 removed (from 48 certificates)
---
Round: 1179, Unk. prob.: 2.974e-01
Upper probs: 7.025e-01, Lower probs: 3.000e-05
No. of non-dominant refs: 56229, Survival refs: 56224, Failure refs: 5
Batch update: 48 refs added, 1 existing refs removed (0 new refs dominated)
Survival: 48 refs added, 1 removed (from 48 certificates)
---
Round: 1180, Unk. prob.: 2.967e-01
Upper probs: 7.033e-01, Lower probs: 1.000e-05
No. of non-dominant refs: 56276, Survival refs: 56271, Failure refs: 5
Batch update: 48 refs added, 0 existing refs removed (0 new refs dominated)
Survival: 48 refs added, 0 removed (from 48 certificates)
---
Round: 1181, Unk. prob.: 2.962e-01
Upper probs: 7.037e-01, Lower probs: 7.000e-05
No. of non-dominant refs: 56324, Survival refs: 56319, Failure refs: 5
Batch update: 48 refs added, 0 existing refs removed (0 new refs dominated)
Survival: 48 refs added, 0 removed (from 48 certificates)
---
Round: 1182, Unk. prob.: 2.975e-01
Upper probs: 7.025e-01, Lower probs: 2.000e-05
No. of non-dominant refs: 56372, Survival refs: 56367, Failure refs: 5
Batch update: 48 refs added, 0 existing refs removed (0 new refs dominated)
Survival: 48 refs added, 0 removed (from 48 certificates)
---
Round: 1183, Unk. prob.: 2.952e-01
Upper probs: 7.048e-01, Lower probs: 2.000e-05
No. of non-dominant refs: 56420, Survival refs: 56415, Failure refs: 5
Batch update: 48 refs added, 0 existing refs removed (0 new refs dominated)
Survival: 48 refs added, 0 removed (from 48 certificates)
---
Round: 1184, Unk. prob.: 2.957e-01
Upper probs: 7.043e-01, Lower probs: 6.000e-05
No. of non-dominant refs: 56468, Survival refs: 56463, Failure refs: 5
Batch update: 48 refs added, 0 existing refs removed (0 new refs dominated)
Survival: 48 refs added, 0 removed (from 48 certificates)
---
Round: 1185, Unk. prob.: 2.942e-01
Upper probs: 7.058e-01, Lower probs: 1.000e-05
No. of non-dominant refs: 56516, Survival refs: 56511, Failure refs: 5
Batch update: 48 refs added, 0 existing refs removed (0 new refs dominated)
Survival: 48 refs added, 0 removed (from 48 certificates)
---
Round: 1186, Unk. prob.: 2.936e-01
Upper probs: 7.064e-01, Lower probs: 6.000e-05
No. of non-dominant refs: 56564, Survival refs: 56559, Failure refs: 5
Batch update: 48 refs added, 0 existing refs removed (0 new refs dominated)
Survival: 48 refs added, 0 removed (from 48 certificates)
---
Round: 1187, Unk. prob.: 2.976e-01
Upper probs: 7.023e-01, Lower probs: 6.000e-05
No. of non-dominant refs: 56612, Survival refs: 56607, Failure refs: 5
Batch update: 48 refs added, 0 existing refs removed (0 new refs dominated)
Survival: 48 refs added, 0 removed (from 48 certificates)
---
Round: 1188, Unk. prob.: 2.976e-01
Upper probs: 7.024e-01, Lower probs: 3.000e-05
No. of non-dominant refs: 56660, Survival refs: 56655, Failure refs: 5
Batch update: 48 refs added, 0 existing refs removed (0 new refs dominated)
Survival: 48 refs added, 0 removed (from 48 certificates)
---
Round: 1189, Unk. prob.: 2.971e-01
Upper probs: 7.029e-01, Lower probs: 4.000e-05
No. of non-dominant refs: 56708, Survival refs: 56703, Failure refs: 5
Batch update: 48 refs added, 0 existing refs removed (0 new refs dominated)
Survival: 48 refs added, 0 removed (from 48 certificates)
---
Round: 1190, Unk. prob.: 2.980e-01
Upper probs: 7.019e-01, Lower probs: 3.000e-05
No. of non-dominant refs: 56756, Survival refs: 56751, Failure refs: 5
Batch update: 48 refs added, 1 existing refs removed (0 new refs dominated)
Survival: 48 refs added, 1 removed (from 48 certificates)
---
Round: 1191, Unk. prob.: 2.979e-01
Upper probs: 7.021e-01, Lower probs: 3.000e-05
No. of non-dominant refs: 56803, Survival refs: 56798, Failure refs: 5
Batch update: 48 refs added, 0 existing refs removed (0 new refs dominated)
Survival: 48 refs added, 0 removed (from 48 certificates)
---
Round: 1192, Unk. prob.: 2.961e-01
Upper probs: 7.039e-01, Lower probs: 2.000e-05
No. of non-dominant refs: 56851, Survival refs: 56846, Failure refs: 5
Batch update: 48 refs added, 0 existing refs removed (0 new refs dominated)
Survival: 48 refs added, 0 removed (from 48 certificates)
---
Round: 1193, Unk. prob.: 2.950e-01
Upper probs: 7.049e-01, Lower probs: 6.000e-05
No. of non-dominant refs: 56899, Survival refs: 56894, Failure refs: 5
Batch update: 48 refs added, 0 existing refs removed (0 new refs dominated)
Survival: 48 refs added, 0 removed (from 48 certificates)
---
Round: 1194, Unk. prob.: 2.933e-01
Upper probs: 7.066e-01, Lower probs: 5.000e-05
No. of non-dominant refs: 56947, Survival refs: 56942, Failure refs: 5
Batch update: 48 refs added, 0 existing refs removed (0 new refs dominated)
Survival: 48 refs added, 0 removed (from 48 certificates)
---
Round: 1195, Unk. prob.: 2.962e-01
Upper probs: 7.038e-01, Lower probs: 3.000e-05
No. of non-dominant refs: 56995, Survival refs: 56990, Failure refs: 5
Batch update: 48 refs added, 0 existing refs removed (0 new refs dominated)
Survival: 48 refs added, 0 removed (from 48 certificates)
---
Round: 1196, Unk. prob.: 2.960e-01
Upper probs: 7.039e-01, Lower probs: 3.000e-05
No. of non-dominant refs: 57043, Survival refs: 57038, Failure refs: 5
Batch update: 48 refs added, 1 existing refs removed (0 new refs dominated)
Survival: 48 refs added, 1 removed (from 48 certificates)
---
Round: 1197, Unk. prob.: 2.969e-01
Upper probs: 7.030e-01, Lower probs: 4.000e-05
No. of non-dominant refs: 57090, Survival refs: 57085, Failure refs: 5
Batch update: 48 refs added, 0 existing refs removed (0 new refs dominated)
Survival: 48 refs added, 0 removed (from 48 certificates)
---
Round: 1198, Unk. prob.: 2.975e-01
Upper probs: 7.025e-01, Lower probs: 1.000e-05
No. of non-dominant refs: 57138, Survival refs: 57133, Failure refs: 5
Batch update: 48 refs added, 0 existing refs removed (0 new refs dominated)
Survival: 48 refs added, 0 removed (from 48 certificates)
---
Round: 1199, Unk. prob.: 2.933e-01
Upper probs: 7.066e-01, Lower probs: 7.000e-05
No. of non-dominant refs: 57186, Survival refs: 57181, Failure refs: 5
Batch update: 48 refs added, 0 existing refs removed (0 new refs dominated)
Survival: 48 refs added, 0 removed (from 48 certificates)
---
Round: 1200, Unk. prob.: 2.964e-01
Upper probs: 7.035e-01, Lower probs: 2.000e-05
No. of non-dominant refs: 57234, Survival refs: 57229, Failure refs: 5
Batch update: 48 refs added, 0 existing refs removed (0 new refs dominated)
Survival: 48 refs added, 0 removed (from 48 certificates)
---
Round: 1201, Unk. prob.: 2.948e-01
Upper probs: 7.052e-01, Lower probs: 2.000e-05
No. of non-dominant refs: 57282, Survival refs: 57277, Failure refs: 5
Batch update: 48 refs added, 0 existing refs removed (0 new refs dominated)
Survival: 48 refs added, 0 removed (from 48 certificates)
---
Round: 1202, Unk. prob.: 2.961e-01
Upper probs: 7.039e-01, Lower probs: 2.000e-05
No. of non-dominant refs: 57330, Survival refs: 57325, Failure refs: 5
Batch update: 48 refs added, 0 existing refs removed (0 new refs dominated)
Survival: 48 refs added, 0 removed (from 48 certificates)
---
Round: 1203, Unk. prob.: 2.953e-01
Upper probs: 7.047e-01, Lower probs: 2.000e-05
No. of non-dominant refs: 57378, Survival refs: 57373, Failure refs: 5
Batch update: 47 refs added, 0 existing refs removed (0 new refs dominated)
Survival: 47 refs added, 0 removed (from 47 certificates)
Batch update: 1 refs added, 0 existing refs removed (0 new refs dominated)
Failure: 1 refs added, 0 removed (from 1 candidates)
---
Round: 1204, Unk. prob.: 2.968e-01
Upper probs: 7.032e-01, Lower probs: 6.000e-05
No. of non-dominant refs: 57426, Survival refs: 57420, Failure refs: 6
Batch update: 48 refs added, 0 existing refs removed (0 new refs dominated)
Survival: 48 refs added, 0 removed (from 48 certificates)
---
Round: 1205, Unk. prob.: 2.954e-01
Upper probs: 7.046e-01, Lower probs: 3.000e-05
No. of non-dominant refs: 57474, Survival refs: 57468, Failure refs: 6
Batch update: 48 refs added, 1 existing refs removed (0 new refs dominated)
Survival: 48 refs added, 1 removed (from 48 certificates)
---
Round: 1206, Unk. prob.: 2.940e-01
Upper probs: 7.059e-01, Lower probs: 4.000e-05
No. of non-dominant refs: 57521, Survival refs: 57515, Failure refs: 6
Batch update: 48 refs added, 1 existing refs removed (0 new refs dominated)
Survival: 48 refs added, 1 removed (from 48 certificates)
---
Round: 1207, Unk. prob.: 2.934e-01
Upper probs: 7.065e-01, Lower probs: 3.000e-05
No. of non-dominant refs: 57568, Survival refs: 57562, Failure refs: 6
Batch update: 48 refs added, 1 existing refs removed (0 new refs dominated)
Survival: 48 refs added, 1 removed (from 48 certificates)
---
Round: 1208, Unk. prob.: 2.939e-01
Upper probs: 7.061e-01, Lower probs: 2.000e-05
No. of non-dominant refs: 57615, Survival refs: 57609, Failure refs: 6
Batch update: 48 refs added, 0 existing refs removed (0 new refs dominated)
Survival: 48 refs added, 0 removed (from 48 certificates)
---
Round: 1209, Unk. prob.: 2.931e-01
Upper probs: 7.069e-01, Lower probs: 1.000e-05
No. of non-dominant refs: 57663, Survival refs: 57657, Failure refs: 6
Batch update: 48 refs added, 0 existing refs removed (0 new refs dominated)
Survival: 48 refs added, 0 removed (from 48 certificates)
---
Round: 1210, Unk. prob.: 2.966e-01
Upper probs: 7.033e-01, Lower probs: 6.000e-05
No. of non-dominant refs: 57711, Survival refs: 57705, Failure refs: 6
Batch update: 48 refs added, 0 existing refs removed (0 new refs dominated)
Survival: 48 refs added, 0 removed (from 48 certificates)
---
Round: 1211, Unk. prob.: 2.945e-01
Upper probs: 7.055e-01, Lower probs: 3.000e-05
No. of non-dominant refs: 57759, Survival refs: 57753, Failure refs: 6
Batch update: 48 refs added, 2 existing refs removed (0 new refs dominated)
Survival: 48 refs added, 2 removed (from 48 certificates)
---
Round: 1212, Unk. prob.: 2.943e-01
Upper probs: 7.057e-01, Lower probs: 1.000e-05
No. of non-dominant refs: 57805, Survival refs: 57799, Failure refs: 6
Batch update: 48 refs added, 0 existing refs removed (0 new refs dominated)
Survival: 48 refs added, 0 removed (from 48 certificates)
---
Round: 1213, Unk. prob.: 2.973e-01
Upper probs: 7.027e-01, Lower probs: 3.000e-05
No. of non-dominant refs: 57853, Survival refs: 57847, Failure refs: 6
Batch update: 48 refs added, 1 existing refs removed (0 new refs dominated)
Survival: 48 refs added, 1 removed (from 48 certificates)
---
Round: 1214, Unk. prob.: 2.948e-01
Upper probs: 7.052e-01, Lower probs: 2.000e-05
No. of non-dominant refs: 57900, Survival refs: 57894, Failure refs: 6
Batch update: 48 refs added, 0 existing refs removed (0 new refs dominated)
Survival: 48 refs added, 0 removed (from 48 certificates)
---
Round: 1215, Unk. prob.: 2.931e-01
Upper probs: 7.069e-01, Lower probs: 3.000e-05
No. of non-dominant refs: 57948, Survival refs: 57942, Failure refs: 6
Batch update: 48 refs added, 0 existing refs removed (0 new refs dominated)
Survival: 48 refs added, 0 removed (from 48 certificates)
---
Round: 1216, Unk. prob.: 2.948e-01
Upper probs: 7.052e-01, Lower probs: 0.000e+00
No. of non-dominant refs: 57996, Survival refs: 57990, Failure refs: 6
Batch update: 48 refs added, 0 existing refs removed (0 new refs dominated)
Survival: 48 refs added, 0 removed (from 48 certificates)
---
Round: 1217, Unk. prob.: 2.958e-01
Upper probs: 7.041e-01, Lower probs: 6.000e-05
No. of non-dominant refs: 58044, Survival refs: 58038, Failure refs: 6
Batch update: 48 refs added, 0 existing refs removed (0 new refs dominated)
Survival: 48 refs added, 0 removed (from 48 certificates)
---
Round: 1218, Unk. prob.: 2.955e-01
Upper probs: 7.044e-01, Lower probs: 4.000e-05
No. of non-dominant refs: 58092, Survival refs: 58086, Failure refs: 6
Batch update: 48 refs added, 0 existing refs removed (0 new refs dominated)
Survival: 48 refs added, 0 removed (from 48 certificates)
---
Round: 1219, Unk. prob.: 2.934e-01
Upper probs: 7.066e-01, Lower probs: 3.000e-05
No. of non-dominant refs: 58140, Survival refs: 58134, Failure refs: 6
Batch update: 48 refs added, 0 existing refs removed (0 new refs dominated)
Survival: 48 refs added, 0 removed (from 48 certificates)
---
Round: 1220, Unk. prob.: 2.929e-01
Upper probs: 7.071e-01, Lower probs: 2.000e-05
No. of non-dominant refs: 58188, Survival refs: 58182, Failure refs: 6
Batch update: 48 refs added, 0 existing refs removed (0 new refs dominated)
Survival: 48 refs added, 0 removed (from 48 certificates)
---
Round: 1221, Unk. prob.: 2.938e-01
Upper probs: 7.062e-01, Lower probs: 3.000e-05
No. of non-dominant refs: 58236, Survival refs: 58230, Failure refs: 6
Batch update: 48 refs added, 0 existing refs removed (0 new refs dominated)
Survival: 48 refs added, 0 removed (from 48 certificates)
---
Round: 1222, Unk. prob.: 2.916e-01
Upper probs: 7.084e-01, Lower probs: 3.000e-05
No. of non-dominant refs: 58284, Survival refs: 58278, Failure refs: 6
Batch update: 48 refs added, 0 existing refs removed (0 new refs dominated)
Survival: 48 refs added, 0 removed (from 48 certificates)
---
Round: 1223, Unk. prob.: 2.962e-01
Upper probs: 7.038e-01, Lower probs: 1.000e-05
No. of non-dominant refs: 58332, Survival refs: 58326, Failure refs: 6
Batch update: 48 refs added, 1 existing refs removed (0 new refs dominated)
Survival: 48 refs added, 1 removed (from 48 certificates)
---
Round: 1224, Unk. prob.: 2.942e-01
Upper probs: 7.058e-01, Lower probs: 1.000e-05
No. of non-dominant refs: 58379, Survival refs: 58373, Failure refs: 6
Batch update: 48 refs added, 1 existing refs removed (0 new refs dominated)
Survival: 48 refs added, 1 removed (from 48 certificates)
---
Round: 1225, Unk. prob.: 2.949e-01
Upper probs: 7.050e-01, Lower probs: 5.000e-05
No. of non-dominant refs: 58426, Survival refs: 58420, Failure refs: 6
Batch update: 48 refs added, 1 existing refs removed (0 new refs dominated)
Survival: 48 refs added, 1 removed (from 48 certificates)
---
Round: 1226, Unk. prob.: 2.952e-01
Upper probs: 7.047e-01, Lower probs: 3.000e-05
No. of non-dominant refs: 58473, Survival refs: 58467, Failure refs: 6
Batch update: 48 refs added, 0 existing refs removed (0 new refs dominated)
Survival: 48 refs added, 0 removed (from 48 certificates)
---
Round: 1227, Unk. prob.: 2.954e-01
Upper probs: 7.046e-01, Lower probs: 2.000e-05
No. of non-dominant refs: 58521, Survival refs: 58515, Failure refs: 6
Batch update: 48 refs added, 0 existing refs removed (0 new refs dominated)
Survival: 48 refs added, 0 removed (from 48 certificates)
---
Round: 1228, Unk. prob.: 2.963e-01
Upper probs: 7.037e-01, Lower probs: 8.000e-05
No. of non-dominant refs: 58569, Survival refs: 58563, Failure refs: 6
Batch update: 48 refs added, 0 existing refs removed (0 new refs dominated)
Survival: 48 refs added, 0 removed (from 48 certificates)
---
Round: 1229, Unk. prob.: 2.929e-01
Upper probs: 7.071e-01, Lower probs: 0.000e+00
No. of non-dominant refs: 58617, Survival refs: 58611, Failure refs: 6
Batch update: 48 refs added, 0 existing refs removed (0 new refs dominated)
Survival: 48 refs added, 0 removed (from 48 certificates)
---
Round: 1230, Unk. prob.: 2.946e-01
Upper probs: 7.054e-01, Lower probs: 4.000e-05
No. of non-dominant refs: 58665, Survival refs: 58659, Failure refs: 6
Batch update: 48 refs added, 0 existing refs removed (0 new refs dominated)
Survival: 48 refs added, 0 removed (from 48 certificates)
---
Round: 1231, Unk. prob.: 2.943e-01
Upper probs: 7.056e-01, Lower probs: 3.000e-05
No. of non-dominant refs: 58713, Survival refs: 58707, Failure refs: 6
Batch update: 48 refs added, 1 existing refs removed (0 new refs dominated)
Survival: 48 refs added, 1 removed (from 48 certificates)
---
Round: 1232, Unk. prob.: 2.949e-01
Upper probs: 7.051e-01, Lower probs: 1.000e-05
No. of non-dominant refs: 58760, Survival refs: 58754, Failure refs: 6
Batch update: 48 refs added, 0 existing refs removed (0 new refs dominated)
Survival: 48 refs added, 0 removed (from 48 certificates)
---
Round: 1233, Unk. prob.: 2.946e-01
Upper probs: 7.053e-01, Lower probs: 3.000e-05
No. of non-dominant refs: 58808, Survival refs: 58802, Failure refs: 6
Batch update: 48 refs added, 0 existing refs removed (0 new refs dominated)
Survival: 48 refs added, 0 removed (from 48 certificates)
---
Round: 1234, Unk. prob.: 2.912e-01
Upper probs: 7.087e-01, Lower probs: 4.000e-05
No. of non-dominant refs: 58856, Survival refs: 58850, Failure refs: 6
Batch update: 48 refs added, 1 existing refs removed (0 new refs dominated)
Survival: 48 refs added, 1 removed (from 48 certificates)
---
Round: 1235, Unk. prob.: 2.917e-01
Upper probs: 7.083e-01, Lower probs: 1.000e-05
No. of non-dominant refs: 58903, Survival refs: 58897, Failure refs: 6
Batch update: 48 refs added, 0 existing refs removed (0 new refs dominated)
Survival: 48 refs added, 0 removed (from 48 certificates)
---
Round: 1236, Unk. prob.: 2.934e-01
Upper probs: 7.065e-01, Lower probs: 3.000e-05
No. of non-dominant refs: 58951, Survival refs: 58945, Failure refs: 6
Batch update: 48 refs added, 0 existing refs removed (0 new refs dominated)
Survival: 48 refs added, 0 removed (from 48 certificates)
---
Round: 1237, Unk. prob.: 2.943e-01
Upper probs: 7.056e-01, Lower probs: 2.000e-05
No. of non-dominant refs: 58999, Survival refs: 58993, Failure refs: 6
Batch update: 48 refs added, 0 existing refs removed (0 new refs dominated)
Survival: 48 refs added, 0 removed (from 48 certificates)
---
Round: 1238, Unk. prob.: 2.931e-01
Upper probs: 7.069e-01, Lower probs: 3.000e-05
No. of non-dominant refs: 59047, Survival refs: 59041, Failure refs: 6
Batch update: 48 refs added, 0 existing refs removed (0 new refs dominated)
Survival: 48 refs added, 0 removed (from 48 certificates)
---
Round: 1239, Unk. prob.: 2.958e-01
Upper probs: 7.042e-01, Lower probs: 2.000e-05
No. of non-dominant refs: 59095, Survival refs: 59089, Failure refs: 6
Batch update: 48 refs added, 0 existing refs removed (0 new refs dominated)
Survival: 48 refs added, 0 removed (from 48 certificates)
---
Round: 1240, Unk. prob.: 2.913e-01
Upper probs: 7.087e-01, Lower probs: 3.000e-05
No. of non-dominant refs: 59143, Survival refs: 59137, Failure refs: 6
Batch update: 48 refs added, 0 existing refs removed (0 new refs dominated)
Survival: 48 refs added, 0 removed (from 48 certificates)
---
Round: 1241, Unk. prob.: 2.952e-01
Upper probs: 7.047e-01, Lower probs: 3.000e-05
No. of non-dominant refs: 59191, Survival refs: 59185, Failure refs: 6
Batch update: 48 refs added, 0 existing refs removed (0 new refs dominated)
Survival: 48 refs added, 0 removed (from 48 certificates)
---
Round: 1242, Unk. prob.: 2.933e-01
Upper probs: 7.066e-01, Lower probs: 4.000e-05
No. of non-dominant refs: 59239, Survival refs: 59233, Failure refs: 6
Batch update: 48 refs added, 0 existing refs removed (0 new refs dominated)
Survival: 48 refs added, 0 removed (from 48 certificates)
---
Round: 1243, Unk. prob.: 2.935e-01
Upper probs: 7.065e-01, Lower probs: 3.000e-05
No. of non-dominant refs: 59287, Survival refs: 59281, Failure refs: 6
Batch update: 48 refs added, 0 existing refs removed (0 new refs dominated)
Survival: 48 refs added, 0 removed (from 48 certificates)
---
Round: 1244, Unk. prob.: 2.917e-01
Upper probs: 7.082e-01, Lower probs: 5.000e-05
No. of non-dominant refs: 59335, Survival refs: 59329, Failure refs: 6
Batch update: 48 refs added, 0 existing refs removed (0 new refs dominated)
Survival: 48 refs added, 0 removed (from 48 certificates)
---
Round: 1245, Unk. prob.: 2.953e-01
Upper probs: 7.047e-01, Lower probs: 1.000e-05
No. of non-dominant refs: 59383, Survival refs: 59377, Failure refs: 6
Batch update: 48 refs added, 1 existing refs removed (0 new refs dominated)
Survival: 48 refs added, 1 removed (from 48 certificates)
---
Round: 1246, Unk. prob.: 2.901e-01
Upper probs: 7.099e-01, Lower probs: 2.000e-05
No. of non-dominant refs: 59430, Survival refs: 59424, Failure refs: 6
Batch update: 48 refs added, 0 existing refs removed (0 new refs dominated)
Survival: 48 refs added, 0 removed (from 48 certificates)
---
Round: 1247, Unk. prob.: 2.933e-01
Upper probs: 7.067e-01, Lower probs: 5.000e-05
No. of non-dominant refs: 59478, Survival refs: 59472, Failure refs: 6
Batch update: 47 refs added, 1 existing refs removed (0 new refs dominated)
Survival: 47 refs added, 1 removed (from 47 certificates)
Failure cuts: 1 added (total 37)
---
Round: 1248, Unk. prob.: 2.925e-01
Upper probs: 7.075e-01, Lower probs: 2.000e-05
No. of non-dominant refs: 59524, Survival refs: 59518, Failure refs: 6
Batch update: 48 refs added, 0 existing refs removed (0 new refs dominated)
Survival: 48 refs added, 0 removed (from 48 certificates)
---
Round: 1249, Unk. prob.: 2.967e-01
Upper probs: 7.032e-01, Lower probs: 5.000e-05
No. of non-dominant refs: 59572, Survival refs: 59566, Failure refs: 6
Batch update: 48 refs added, 0 existing refs removed (0 new refs dominated)
Survival: 48 refs added, 0 removed (from 48 certificates)
---
Round: 1250, Unk. prob.: 2.947e-01
Upper probs: 7.053e-01, Lower probs: 3.000e-05
No. of non-dominant refs: 59620, Survival refs: 59614, Failure refs: 6
Batch update: 48 refs added, 0 existing refs removed (0 new refs dominated)
Survival: 48 refs added, 0 removed (from 48 certificates)
---
Round: 1251, Unk. prob.: 2.887e-01
Upper probs: 7.113e-01, Lower probs: 1.000e-05
No. of non-dominant refs: 59668, Survival refs: 59662, Failure refs: 6
Batch update: 48 refs added, 0 existing refs removed (0 new refs dominated)
Survival: 48 refs added, 0 removed (from 48 certificates)
---
Round: 1252, Unk. prob.: 2.932e-01
Upper probs: 7.067e-01, Lower probs: 5.000e-05
No. of non-dominant refs: 59716, Survival refs: 59710, Failure refs: 6
Batch update: 47 refs added, 0 existing refs removed (0 new refs dominated)
Survival: 47 refs added, 0 removed (from 47 certificates)
Batch update: 1 refs added, 0 existing refs removed (0 new refs dominated)
Failure: 1 refs added, 0 removed (from 1 candidates)
---
Round: 1253, Unk. prob.: 2.923e-01
Upper probs: 7.077e-01, Lower probs: 2.000e-05
No. of non-dominant refs: 59764, Survival refs: 59757, Failure refs: 7
Batch update: 48 refs added, 0 existing refs removed (0 new refs dominated)
Survival: 48 refs added, 0 removed (from 48 certificates)
---
Round: 1254, Unk. prob.: 2.920e-01
Upper probs: 7.080e-01, Lower probs: 1.000e-05
No. of non-dominant refs: 59812, Survival refs: 59805, Failure refs: 7
Batch update: 48 refs added, 0 existing refs removed (0 new refs dominated)
Survival: 48 refs added, 0 removed (from 48 certificates)
---
Round: 1255, Unk. prob.: 2.932e-01
Upper probs: 7.068e-01, Lower probs: 1.000e-05
No. of non-dominant refs: 59860, Survival refs: 59853, Failure refs: 7
Batch update: 48 refs added, 0 existing refs removed (0 new refs dominated)
Survival: 48 refs added, 0 removed (from 48 certificates)
---
Round: 1256, Unk. prob.: 2.929e-01
Upper probs: 7.071e-01, Lower probs: 0.000e+00
No. of non-dominant refs: 59908, Survival refs: 59901, Failure refs: 7
Batch update: 48 refs added, 0 existing refs removed (0 new refs dominated)
Survival: 48 refs added, 0 removed (from 48 certificates)
---
Round: 1257, Unk. prob.: 2.913e-01
Upper probs: 7.087e-01, Lower probs: 1.000e-05
No. of non-dominant refs: 59956, Survival refs: 59949, Failure refs: 7
Batch update: 48 refs added, 0 existing refs removed (0 new refs dominated)
Survival: 48 refs added, 0 removed (from 48 certificates)
---
Round: 1258, Unk. prob.: 2.945e-01
Upper probs: 7.055e-01, Lower probs: 3.000e-05
No. of non-dominant refs: 60004, Survival refs: 59997, Failure refs: 7
Batch update: 48 refs added, 1 existing refs removed (0 new refs dominated)
Survival: 48 refs added, 1 removed (from 48 certificates)
---
Round: 1259, Unk. prob.: 2.939e-01
Upper probs: 7.061e-01, Lower probs: 3.000e-05
No. of non-dominant refs: 60051, Survival refs: 60044, Failure refs: 7
Batch update: 48 refs added, 0 existing refs removed (0 new refs dominated)
Survival: 48 refs added, 0 removed (from 48 certificates)
---
Round: 1260, Unk. prob.: 2.923e-01
Upper probs: 7.077e-01, Lower probs: 4.000e-05
No. of non-dominant refs: 60099, Survival refs: 60092, Failure refs: 7
Batch update: 48 refs added, 2 existing refs removed (0 new refs dominated)
Survival: 48 refs added, 2 removed (from 48 certificates)
---
Round: 1261, Unk. prob.: 2.919e-01
Upper probs: 7.080e-01, Lower probs: 6.000e-05
No. of non-dominant refs: 60145, Survival refs: 60138, Failure refs: 7
Batch update: 48 refs added, 0 existing refs removed (0 new refs dominated)
Survival: 48 refs added, 0 removed (from 48 certificates)
---
Round: 1262, Unk. prob.: 2.945e-01
Upper probs: 7.055e-01, Lower probs: 1.000e-05
No. of non-dominant refs: 60193, Survival refs: 60186, Failure refs: 7
Batch update: 48 refs added, 0 existing refs removed (0 new refs dominated)
Survival: 48 refs added, 0 removed (from 48 certificates)
---
Round: 1263, Unk. prob.: 2.932e-01
Upper probs: 7.067e-01, Lower probs: 4.000e-05
No. of non-dominant refs: 60241, Survival refs: 60234, Failure refs: 7
Batch update: 48 refs added, 0 existing refs removed (0 new refs dominated)
Survival: 48 refs added, 0 removed (from 48 certificates)
---
Round: 1264, Unk. prob.: 2.911e-01
Upper probs: 7.088e-01, Lower probs: 5.000e-05
No. of non-dominant refs: 60289, Survival refs: 60282, Failure refs: 7
Batch update: 48 refs added, 2 existing refs removed (0 new refs dominated)
Survival: 48 refs added, 2 removed (from 48 certificates)
---
Round: 1265, Unk. prob.: 2.899e-01
Upper probs: 7.101e-01, Lower probs: 0.000e+00
No. of non-dominant refs: 60335, Survival refs: 60328, Failure refs: 7
Batch update: 48 refs added, 0 existing refs removed (0 new refs dominated)
Survival: 48 refs added, 0 removed (from 48 certificates)
---
Round: 1266, Unk. prob.: 2.917e-01
Upper probs: 7.083e-01, Lower probs: 1.000e-05
No. of non-dominant refs: 60383, Survival refs: 60376, Failure refs: 7
Batch update: 48 refs added, 0 existing refs removed (0 new refs dominated)
Survival: 48 refs added, 0 removed (from 48 certificates)
---
Round: 1267, Unk. prob.: 2.920e-01
Upper probs: 7.080e-01, Lower probs: 2.000e-05
No. of non-dominant refs: 60431, Survival refs: 60424, Failure refs: 7
Batch update: 48 refs added, 0 existing refs removed (0 new refs dominated)
Survival: 48 refs added, 0 removed (from 48 certificates)
---
Round: 1268, Unk. prob.: 2.947e-01
Upper probs: 7.053e-01, Lower probs: 2.000e-05
No. of non-dominant refs: 60479, Survival refs: 60472, Failure refs: 7
Batch update: 48 refs added, 0 existing refs removed (0 new refs dominated)
Survival: 48 refs added, 0 removed (from 48 certificates)
---
Round: 1269, Unk. prob.: 2.931e-01
Upper probs: 7.069e-01, Lower probs: 1.000e-05
No. of non-dominant refs: 60527, Survival refs: 60520, Failure refs: 7
Batch update: 48 refs added, 0 existing refs removed (0 new refs dominated)
Survival: 48 refs added, 0 removed (from 48 certificates)
---
Round: 1270, Unk. prob.: 2.923e-01
Upper probs: 7.077e-01, Lower probs: 2.000e-05
No. of non-dominant refs: 60575, Survival refs: 60568, Failure refs: 7
Batch update: 48 refs added, 0 existing refs removed (0 new refs dominated)
Survival: 48 refs added, 0 removed (from 48 certificates)
---
Round: 1271, Unk. prob.: 2.915e-01
Upper probs: 7.085e-01, Lower probs: 5.000e-05
No. of non-dominant refs: 60623, Survival refs: 60616, Failure refs: 7
Batch update: 48 refs added, 1 existing refs removed (0 new refs dominated)
Survival: 48 refs added, 1 removed (from 48 certificates)
---
Round: 1272, Unk. prob.: 2.922e-01
Upper probs: 7.077e-01, Lower probs: 5.000e-05
No. of non-dominant refs: 60670, Survival refs: 60663, Failure refs: 7
Batch update: 48 refs added, 1 existing refs removed (0 new refs dominated)
Survival: 48 refs added, 1 removed (from 48 certificates)
---
Round: 1273, Unk. prob.: 2.930e-01
Upper probs: 7.069e-01, Lower probs: 2.000e-05
No. of non-dominant refs: 60717, Survival refs: 60710, Failure refs: 7
Batch update: 48 refs added, 0 existing refs removed (0 new refs dominated)
Survival: 48 refs added, 0 removed (from 48 certificates)
---
Round: 1274, Unk. prob.: 2.944e-01
Upper probs: 7.055e-01, Lower probs: 3.000e-05
No. of non-dominant refs: 60765, Survival refs: 60758, Failure refs: 7
Batch update: 48 refs added, 1 existing refs removed (0 new refs dominated)
Survival: 48 refs added, 1 removed (from 48 certificates)
---
Round: 1275, Unk. prob.: 2.904e-01
Upper probs: 7.096e-01, Lower probs: 2.000e-05
No. of non-dominant refs: 60812, Survival refs: 60805, Failure refs: 7
Batch update: 48 refs added, 0 existing refs removed (0 new refs dominated)
Survival: 48 refs added, 0 removed (from 48 certificates)
---
Round: 1276, Unk. prob.: 2.915e-01
Upper probs: 7.085e-01, Lower probs: 1.000e-05
No. of non-dominant refs: 60860, Survival refs: 60853, Failure refs: 7
Batch update: 48 refs added, 1 existing refs removed (0 new refs dominated)
Survival: 48 refs added, 1 removed (from 48 certificates)
---
Round: 1277, Unk. prob.: 2.916e-01
Upper probs: 7.084e-01, Lower probs: 3.000e-05
No. of non-dominant refs: 60907, Survival refs: 60900, Failure refs: 7
Batch update: 48 refs added, 1 existing refs removed (0 new refs dominated)
Survival: 48 refs added, 1 removed (from 48 certificates)
---
Round: 1278, Unk. prob.: 2.938e-01
Upper probs: 7.062e-01, Lower probs: 3.000e-05
No. of non-dominant refs: 60954, Survival refs: 60947, Failure refs: 7
Batch update: 48 refs added, 1 existing refs removed (0 new refs dominated)
Survival: 48 refs added, 1 removed (from 48 certificates)
---
Round: 1279, Unk. prob.: 2.918e-01
Upper probs: 7.082e-01, Lower probs: 1.000e-05
No. of non-dominant refs: 61001, Survival refs: 60994, Failure refs: 7
Batch update: 48 refs added, 0 existing refs removed (0 new refs dominated)
Survival: 48 refs added, 0 removed (from 48 certificates)
---
Round: 1280, Unk. prob.: 2.923e-01
Upper probs: 7.077e-01, Lower probs: 4.000e-05
No. of non-dominant refs: 61049, Survival refs: 61042, Failure refs: 7
Batch update: 48 refs added, 0 existing refs removed (0 new refs dominated)
Survival: 48 refs added, 0 removed (from 48 certificates)
---
Round: 1281, Unk. prob.: 2.930e-01
Upper probs: 7.069e-01, Lower probs: 2.000e-05
No. of non-dominant refs: 61097, Survival refs: 61090, Failure refs: 7
Batch update: 48 refs added, 0 existing refs removed (0 new refs dominated)
Survival: 48 refs added, 0 removed (from 48 certificates)
---
Round: 1282, Unk. prob.: 2.914e-01
Upper probs: 7.086e-01, Lower probs: 3.000e-05
No. of non-dominant refs: 61145, Survival refs: 61138, Failure refs: 7
Batch update: 48 refs added, 0 existing refs removed (0 new refs dominated)
Survival: 48 refs added, 0 removed (from 48 certificates)
---
Round: 1283, Unk. prob.: 2.909e-01
Upper probs: 7.091e-01, Lower probs: 2.000e-05
No. of non-dominant refs: 61193, Survival refs: 61186, Failure refs: 7
Batch update: 48 refs added, 1 existing refs removed (0 new refs dominated)
Survival: 48 refs added, 1 removed (from 48 certificates)
---
Round: 1284, Unk. prob.: 2.908e-01
Upper probs: 7.091e-01, Lower probs: 3.000e-05
No. of non-dominant refs: 61240, Survival refs: 61233, Failure refs: 7
Batch update: 48 refs added, 0 existing refs removed (0 new refs dominated)
Survival: 48 refs added, 0 removed (from 48 certificates)
---
Round: 1285, Unk. prob.: 2.908e-01
Upper probs: 7.091e-01, Lower probs: 8.000e-05
No. of non-dominant refs: 61288, Survival refs: 61281, Failure refs: 7
Batch update: 48 refs added, 0 existing refs removed (0 new refs dominated)
Survival: 48 refs added, 0 removed (from 48 certificates)
---
Round: 1286, Unk. prob.: 2.909e-01
Upper probs: 7.091e-01, Lower probs: 2.000e-05
No. of non-dominant refs: 61336, Survival refs: 61329, Failure refs: 7
Batch update: 48 refs added, 0 existing refs removed (0 new refs dominated)
Survival: 48 refs added, 0 removed (from 48 certificates)
---
Round: 1287, Unk. prob.: 2.931e-01
Upper probs: 7.069e-01, Lower probs: 0.000e+00
No. of non-dominant refs: 61384, Survival refs: 61377, Failure refs: 7
Batch update: 48 refs added, 0 existing refs removed (0 new refs dominated)
Survival: 48 refs added, 0 removed (from 48 certificates)
---
Round: 1288, Unk. prob.: 2.887e-01
Upper probs: 7.113e-01, Lower probs: 2.000e-05
No. of non-dominant refs: 61432, Survival refs: 61425, Failure refs: 7
Batch update: 48 refs added, 0 existing refs removed (0 new refs dominated)
Survival: 48 refs added, 0 removed (from 48 certificates)
---
Round: 1289, Unk. prob.: 2.913e-01
Upper probs: 7.087e-01, Lower probs: 0.000e+00
No. of non-dominant refs: 61480, Survival refs: 61473, Failure refs: 7
Batch update: 48 refs added, 2 existing refs removed (0 new refs dominated)
Survival: 48 refs added, 2 removed (from 48 certificates)
---
Round: 1290, Unk. prob.: 2.918e-01
Upper probs: 7.081e-01, Lower probs: 2.000e-05
No. of non-dominant refs: 61526, Survival refs: 61519, Failure refs: 7
Batch update: 48 refs added, 0 existing refs removed (0 new refs dominated)
Survival: 48 refs added, 0 removed (from 48 certificates)
---
Round: 1291, Unk. prob.: 2.922e-01
Upper probs: 7.078e-01, Lower probs: 4.000e-05
No. of non-dominant refs: 61574, Survival refs: 61567, Failure refs: 7
Batch update: 48 refs added, 0 existing refs removed (0 new refs dominated)
Survival: 48 refs added, 0 removed (from 48 certificates)
---
Round: 1292, Unk. prob.: 2.912e-01
Upper probs: 7.088e-01, Lower probs: 0.000e+00
No. of non-dominant refs: 61622, Survival refs: 61615, Failure refs: 7
Batch update: 48 refs added, 0 existing refs removed (0 new refs dominated)
Survival: 48 refs added, 0 removed (from 48 certificates)
---
Round: 1293, Unk. prob.: 2.913e-01
Upper probs: 7.086e-01, Lower probs: 7.000e-05
No. of non-dominant refs: 61670, Survival refs: 61663, Failure refs: 7
Batch update: 48 refs added, 0 existing refs removed (0 new refs dominated)
Survival: 48 refs added, 0 removed (from 48 certificates)
---
Round: 1294, Unk. prob.: 2.881e-01
Upper probs: 7.119e-01, Lower probs: 1.000e-05
No. of non-dominant refs: 61718, Survival refs: 61711, Failure refs: 7
Batch update: 48 refs added, 2 existing refs removed (0 new refs dominated)
Survival: 48 refs added, 2 removed (from 48 certificates)
---
Round: 1295, Unk. prob.: 2.917e-01
Upper probs: 7.083e-01, Lower probs: 2.000e-05
No. of non-dominant refs: 61764, Survival refs: 61757, Failure refs: 7
Batch update: 48 refs added, 0 existing refs removed (0 new refs dominated)
Survival: 48 refs added, 0 removed (from 48 certificates)
---
Round: 1296, Unk. prob.: 2.884e-01
Upper probs: 7.116e-01, Lower probs: 3.000e-05
No. of non-dominant refs: 61812, Survival refs: 61805, Failure refs: 7
Batch update: 48 refs added, 0 existing refs removed (0 new refs dominated)
Survival: 48 refs added, 0 removed (from 48 certificates)
---
Round: 1297, Unk. prob.: 2.876e-01
Upper probs: 7.124e-01, Lower probs: 1.000e-05
No. of non-dominant refs: 61860, Survival refs: 61853, Failure refs: 7
Batch update: 48 refs added, 0 existing refs removed (0 new refs dominated)
Survival: 48 refs added, 0 removed (from 48 certificates)
---
Round: 1298, Unk. prob.: 2.916e-01
Upper probs: 7.084e-01, Lower probs: 3.000e-05
No. of non-dominant refs: 61908, Survival refs: 61901, Failure refs: 7
Batch update: 48 refs added, 0 existing refs removed (0 new refs dominated)
Survival: 48 refs added, 0 removed (from 48 certificates)
---
Round: 1299, Unk. prob.: 2.892e-01
Upper probs: 7.108e-01, Lower probs: 2.000e-05
No. of non-dominant refs: 61956, Survival refs: 61949, Failure refs: 7
Batch update: 48 refs added, 0 existing refs removed (0 new refs dominated)
Survival: 48 refs added, 0 removed (from 48 certificates)
---
Round: 1300, Unk. prob.: 2.882e-01
Upper probs: 7.118e-01, Lower probs: 1.000e-05
No. of non-dominant refs: 62004, Survival refs: 61997, Failure refs: 7
Batch update: 48 refs added, 0 existing refs removed (0 new refs dominated)
Survival: 48 refs added, 0 removed (from 48 certificates)
---
Round: 1301, Unk. prob.: 2.918e-01
Upper probs: 7.082e-01, Lower probs: 1.000e-05
No. of non-dominant refs: 62052, Survival refs: 62045, Failure refs: 7
Batch update: 48 refs added, 0 existing refs removed (0 new refs dominated)
Survival: 48 refs added, 0 removed (from 48 certificates)
---
Round: 1302, Unk. prob.: 2.901e-01
Upper probs: 7.099e-01, Lower probs: 2.000e-05
No. of non-dominant refs: 62100, Survival refs: 62093, Failure refs: 7
Batch update: 48 refs added, 0 existing refs removed (0 new refs dominated)
Survival: 48 refs added, 0 removed (from 48 certificates)
---
Round: 1303, Unk. prob.: 2.899e-01
Upper probs: 7.101e-01, Lower probs: 2.000e-05
No. of non-dominant refs: 62148, Survival refs: 62141, Failure refs: 7
Batch update: 48 refs added, 0 existing refs removed (0 new refs dominated)
Survival: 48 refs added, 0 removed (from 48 certificates)
---
Round: 1304, Unk. prob.: 2.883e-01
Upper probs: 7.117e-01, Lower probs: 1.000e-05
No. of non-dominant refs: 62196, Survival refs: 62189, Failure refs: 7
Batch update: 48 refs added, 0 existing refs removed (0 new refs dominated)
Survival: 48 refs added, 0 removed (from 48 certificates)
---
Round: 1305, Unk. prob.: 2.922e-01
Upper probs: 7.078e-01, Lower probs: 2.000e-05
No. of non-dominant refs: 62244, Survival refs: 62237, Failure refs: 7
Batch update: 48 refs added, 1 existing refs removed (0 new refs dominated)
Survival: 48 refs added, 1 removed (from 48 certificates)
---
Round: 1306, Unk. prob.: 2.893e-01
Upper probs: 7.106e-01, Lower probs: 6.000e-05
No. of non-dominant refs: 62291, Survival refs: 62284, Failure refs: 7
Batch update: 48 refs added, 0 existing refs removed (0 new refs dominated)
Survival: 48 refs added, 0 removed (from 48 certificates)
---
Round: 1307, Unk. prob.: 2.886e-01
Upper probs: 7.114e-01, Lower probs: 3.000e-05
No. of non-dominant refs: 62339, Survival refs: 62332, Failure refs: 7
Batch update: 48 refs added, 0 existing refs removed (0 new refs dominated)
Survival: 48 refs added, 0 removed (from 48 certificates)
---
Round: 1308, Unk. prob.: 2.911e-01
Upper probs: 7.089e-01, Lower probs: 2.000e-05
No. of non-dominant refs: 62387, Survival refs: 62380, Failure refs: 7
Batch update: 48 refs added, 2 existing refs removed (0 new refs dominated)
Survival: 48 refs added, 2 removed (from 48 certificates)
---
Round: 1309, Unk. prob.: 2.899e-01
Upper probs: 7.101e-01, Lower probs: 1.000e-05
No. of non-dominant refs: 62433, Survival refs: 62426, Failure refs: 7
Batch update: 48 refs added, 0 existing refs removed (0 new refs dominated)
Survival: 48 refs added, 0 removed (from 48 certificates)
---
Round: 1310, Unk. prob.: 2.937e-01
Upper probs: 7.063e-01, Lower probs: 1.000e-05
No. of non-dominant refs: 62481, Survival refs: 62474, Failure refs: 7
Batch update: 48 refs added, 0 existing refs removed (0 new refs dominated)
Survival: 48 refs added, 0 removed (from 48 certificates)
---
Round: 1311, Unk. prob.: 2.922e-01
Upper probs: 7.078e-01, Lower probs: 2.000e-05
No. of non-dominant refs: 62529, Survival refs: 62522, Failure refs: 7
Batch update: 48 refs added, 0 existing refs removed (0 new refs dominated)
Survival: 48 refs added, 0 removed (from 48 certificates)
---
Round: 1312, Unk. prob.: 2.875e-01
Upper probs: 7.125e-01, Lower probs: 0.000e+00
No. of non-dominant refs: 62577, Survival refs: 62570, Failure refs: 7
Batch update: 48 refs added, 0 existing refs removed (0 new refs dominated)
Survival: 48 refs added, 0 removed (from 48 certificates)
---
Round: 1313, Unk. prob.: 2.899e-01
Upper probs: 7.101e-01, Lower probs: 1.000e-05
No. of non-dominant refs: 62625, Survival refs: 62618, Failure refs: 7
Batch update: 48 refs added, 0 existing refs removed (0 new refs dominated)
Survival: 48 refs added, 0 removed (from 48 certificates)
---
Round: 1314, Unk. prob.: 2.912e-01
Upper probs: 7.088e-01, Lower probs: 2.000e-05
No. of non-dominant refs: 62673, Survival refs: 62666, Failure refs: 7
Batch update: 48 refs added, 0 existing refs removed (0 new refs dominated)
Survival: 48 refs added, 0 removed (from 48 certificates)
---
Round: 1315, Unk. prob.: 2.913e-01
Upper probs: 7.087e-01, Lower probs: 1.000e-05
No. of non-dominant refs: 62721, Survival refs: 62714, Failure refs: 7
Batch update: 48 refs added, 0 existing refs removed (0 new refs dominated)
Survival: 48 refs added, 0 removed (from 48 certificates)
---
Round: 1316, Unk. prob.: 2.914e-01
Upper probs: 7.086e-01, Lower probs: 1.000e-05
No. of non-dominant refs: 62769, Survival refs: 62762, Failure refs: 7
Batch update: 48 refs added, 1 existing refs removed (0 new refs dominated)
Survival: 48 refs added, 1 removed (from 48 certificates)
---
Round: 1317, Unk. prob.: 2.887e-01
Upper probs: 7.113e-01, Lower probs: 1.000e-05
No. of non-dominant refs: 62816, Survival refs: 62809, Failure refs: 7
Batch update: 48 refs added, 1 existing refs removed (0 new refs dominated)
Survival: 48 refs added, 1 removed (from 48 certificates)
---
Round: 1318, Unk. prob.: 2.895e-01
Upper probs: 7.105e-01, Lower probs: 3.000e-05
No. of non-dominant refs: 62863, Survival refs: 62856, Failure refs: 7
Batch update: 48 refs added, 1 existing refs removed (0 new refs dominated)
Survival: 48 refs added, 1 removed (from 48 certificates)
---
Round: 1319, Unk. prob.: 2.901e-01
Upper probs: 7.099e-01, Lower probs: 5.000e-05
No. of non-dominant refs: 62910, Survival refs: 62903, Failure refs: 7
Batch update: 48 refs added, 1 existing refs removed (0 new refs dominated)
Survival: 48 refs added, 1 removed (from 48 certificates)
---
Round: 1320, Unk. prob.: 2.894e-01
Upper probs: 7.105e-01, Lower probs: 2.000e-05
No. of non-dominant refs: 62957, Survival refs: 62950, Failure refs: 7
Batch update: 48 refs added, 1 existing refs removed (0 new refs dominated)
Survival: 48 refs added, 1 removed (from 48 certificates)
---
Round: 1321, Unk. prob.: 2.916e-01
Upper probs: 7.084e-01, Lower probs: 1.000e-05
No. of non-dominant refs: 63004, Survival refs: 62997, Failure refs: 7
Batch update: 48 refs added, 2 existing refs removed (0 new refs dominated)
Survival: 48 refs added, 2 removed (from 48 certificates)
---
Round: 1322, Unk. prob.: 2.907e-01
Upper probs: 7.093e-01, Lower probs: 1.000e-05
No. of non-dominant refs: 63050, Survival refs: 63043, Failure refs: 7
Batch update: 48 refs added, 0 existing refs removed (0 new refs dominated)
Survival: 48 refs added, 0 removed (from 48 certificates)
---
Round: 1323, Unk. prob.: 2.913e-01
Upper probs: 7.086e-01, Lower probs: 6.000e-05
No. of non-dominant refs: 63098, Survival refs: 63091, Failure refs: 7
Batch update: 48 refs added, 1 existing refs removed (0 new refs dominated)
Survival: 48 refs added, 1 removed (from 48 certificates)
---
Round: 1324, Unk. prob.: 2.890e-01
Upper probs: 7.109e-01, Lower probs: 2.000e-05
No. of non-dominant refs: 63145, Survival refs: 63138, Failure refs: 7
Batch update: 48 refs added, 0 existing refs removed (0 new refs dominated)
Survival: 48 refs added, 0 removed (from 48 certificates)
---
Round: 1325, Unk. prob.: 2.898e-01
Upper probs: 7.102e-01, Lower probs: 3.000e-05
No. of non-dominant refs: 63193, Survival refs: 63186, Failure refs: 7
Batch update: 48 refs added, 0 existing refs removed (0 new refs dominated)
Survival: 48 refs added, 0 removed (from 48 certificates)
---
Round: 1326, Unk. prob.: 2.904e-01
Upper probs: 7.096e-01, Lower probs: 3.000e-05
No. of non-dominant refs: 63241, Survival refs: 63234, Failure refs: 7
Batch update: 48 refs added, 1 existing refs removed (0 new refs dominated)
Survival: 48 refs added, 1 removed (from 48 certificates)
---
Round: 1327, Unk. prob.: 2.885e-01
Upper probs: 7.115e-01, Lower probs: 3.000e-05
No. of non-dominant refs: 63288, Survival refs: 63281, Failure refs: 7
Batch update: 47 refs added, 0 existing refs removed (0 new refs dominated)
Survival: 47 refs added, 0 removed (from 47 certificates)
Failure cuts: 1 added (total 38)
---
Round: 1328, Unk. prob.: 2.911e-01
Upper probs: 7.089e-01, Lower probs: 1.000e-05
No. of non-dominant refs: 63335, Survival refs: 63328, Failure refs: 7
Batch update: 48 refs added, 0 existing refs removed (0 new refs dominated)
Survival: 48 refs added, 0 removed (from 48 certificates)
---
Round: 1329, Unk. prob.: 2.892e-01
Upper probs: 7.107e-01, Lower probs: 4.000e-05
No. of non-dominant refs: 63383, Survival refs: 63376, Failure refs: 7
Batch update: 48 refs added, 2 existing refs removed (0 new refs dominated)
Survival: 48 refs added, 2 removed (from 48 certificates)
---
Round: 1330, Unk. prob.: 2.909e-01
Upper probs: 7.090e-01, Lower probs: 5.000e-05
No. of non-dominant refs: 63429, Survival refs: 63422, Failure refs: 7
Batch update: 48 refs added, 0 existing refs removed (0 new refs dominated)
Survival: 48 refs added, 0 removed (from 48 certificates)
---
Round: 1331, Unk. prob.: 2.907e-01
Upper probs: 7.093e-01, Lower probs: 3.000e-05
No. of non-dominant refs: 63477, Survival refs: 63470, Failure refs: 7
Batch update: 48 refs added, 1 existing refs removed (0 new refs dominated)
Survival: 48 refs added, 1 removed (from 48 certificates)
---
Round: 1332, Unk. prob.: 2.897e-01
Upper probs: 7.103e-01, Lower probs: 1.000e-05
No. of non-dominant refs: 63524, Survival refs: 63517, Failure refs: 7
Batch update: 48 refs added, 0 existing refs removed (0 new refs dominated)
Survival: 48 refs added, 0 removed (from 48 certificates)
---
Round: 1333, Unk. prob.: 2.892e-01
Upper probs: 7.108e-01, Lower probs: 4.000e-05
No. of non-dominant refs: 63572, Survival refs: 63565, Failure refs: 7
Batch update: 48 refs added, 0 existing refs removed (0 new refs dominated)
Survival: 48 refs added, 0 removed (from 48 certificates)
---
Round: 1334, Unk. prob.: 2.864e-01
Upper probs: 7.135e-01, Lower probs: 4.000e-05
No. of non-dominant refs: 63620, Survival refs: 63613, Failure refs: 7
Batch update: 48 refs added, 0 existing refs removed (0 new refs dominated)
Survival: 48 refs added, 0 removed (from 48 certificates)
---
Round: 1335, Unk. prob.: 2.894e-01
Upper probs: 7.106e-01, Lower probs: 2.000e-05
No. of non-dominant refs: 63668, Survival refs: 63661, Failure refs: 7
Batch update: 48 refs added, 0 existing refs removed (0 new refs dominated)
Survival: 48 refs added, 0 removed (from 48 certificates)
---
Round: 1336, Unk. prob.: 2.876e-01
Upper probs: 7.124e-01, Lower probs: 3.000e-05
No. of non-dominant refs: 63716, Survival refs: 63709, Failure refs: 7
Batch update: 48 refs added, 0 existing refs removed (0 new refs dominated)
Survival: 48 refs added, 0 removed (from 48 certificates)
---
Round: 1337, Unk. prob.: 2.856e-01
Upper probs: 7.144e-01, Lower probs: 0.000e+00
No. of non-dominant refs: 63764, Survival refs: 63757, Failure refs: 7
Batch update: 48 refs added, 0 existing refs removed (0 new refs dominated)
Survival: 48 refs added, 0 removed (from 48 certificates)
---
Round: 1338, Unk. prob.: 2.879e-01
Upper probs: 7.120e-01, Lower probs: 5.000e-05
No. of non-dominant refs: 63812, Survival refs: 63805, Failure refs: 7
Batch update: 48 refs added, 0 existing refs removed (0 new refs dominated)
Survival: 48 refs added, 0 removed (from 48 certificates)
---
Round: 1339, Unk. prob.: 2.903e-01
Upper probs: 7.097e-01, Lower probs: 2.000e-05
No. of non-dominant refs: 63860, Survival refs: 63853, Failure refs: 7
Batch update: 48 refs added, 1 existing refs removed (0 new refs dominated)
Survival: 48 refs added, 1 removed (from 48 certificates)
---
Round: 1340, Unk. prob.: 2.897e-01
Upper probs: 7.103e-01, Lower probs: 4.000e-05
No. of non-dominant refs: 63907, Survival refs: 63900, Failure refs: 7
Batch update: 48 refs added, 0 existing refs removed (0 new refs dominated)
Survival: 48 refs added, 0 removed (from 48 certificates)
---
Round: 1341, Unk. prob.: 2.864e-01
Upper probs: 7.136e-01, Lower probs: 2.000e-05
No. of non-dominant refs: 63955, Survival refs: 63948, Failure refs: 7
Batch update: 48 refs added, 0 existing refs removed (0 new refs dominated)
Survival: 48 refs added, 0 removed (from 48 certificates)
---
Round: 1342, Unk. prob.: 2.870e-01
Upper probs: 7.129e-01, Lower probs: 4.000e-05
No. of non-dominant refs: 64003, Survival refs: 63996, Failure refs: 7
Batch update: 48 refs added, 1 existing refs removed (0 new refs dominated)
Survival: 48 refs added, 1 removed (from 48 certificates)
---
Round: 1343, Unk. prob.: 2.877e-01
Upper probs: 7.123e-01, Lower probs: 1.000e-05
No. of non-dominant refs: 64050, Survival refs: 64043, Failure refs: 7
Batch update: 48 refs added, 0 existing refs removed (0 new refs dominated)
Survival: 48 refs added, 0 removed (from 48 certificates)
---
Round: 1344, Unk. prob.: 2.902e-01
Upper probs: 7.098e-01, Lower probs: 1.000e-05
No. of non-dominant refs: 64098, Survival refs: 64091, Failure refs: 7
Batch update: 48 refs added, 0 existing refs removed (0 new refs dominated)
Survival: 48 refs added, 0 removed (from 48 certificates)
---
Round: 1345, Unk. prob.: 2.892e-01
Upper probs: 7.108e-01, Lower probs: 2.000e-05
No. of non-dominant refs: 64146, Survival refs: 64139, Failure refs: 7
Batch update: 48 refs added, 0 existing refs removed (0 new refs dominated)
Survival: 48 refs added, 0 removed (from 48 certificates)
---
Round: 1346, Unk. prob.: 2.885e-01
Upper probs: 7.114e-01, Lower probs: 3.000e-05
No. of non-dominant refs: 64194, Survival refs: 64187, Failure refs: 7
Batch update: 48 refs added, 0 existing refs removed (0 new refs dominated)
Survival: 48 refs added, 0 removed (from 48 certificates)
---
Round: 1347, Unk. prob.: 2.882e-01
Upper probs: 7.118e-01, Lower probs: 4.000e-05
No. of non-dominant refs: 64242, Survival refs: 64235, Failure refs: 7
Batch update: 48 refs added, 0 existing refs removed (0 new refs dominated)
Survival: 48 refs added, 0 removed (from 48 certificates)
---
Round: 1348, Unk. prob.: 2.882e-01
Upper probs: 7.117e-01, Lower probs: 3.000e-05
No. of non-dominant refs: 64290, Survival refs: 64283, Failure refs: 7
Batch update: 48 refs added, 0 existing refs removed (0 new refs dominated)
Survival: 48 refs added, 0 removed (from 48 certificates)
---
Round: 1349, Unk. prob.: 2.886e-01
Upper probs: 7.114e-01, Lower probs: 4.000e-05
No. of non-dominant refs: 64338, Survival refs: 64331, Failure refs: 7
Batch update: 48 refs added, 0 existing refs removed (0 new refs dominated)
Survival: 48 refs added, 0 removed (from 48 certificates)
---
Round: 1350, Unk. prob.: 2.871e-01
Upper probs: 7.129e-01, Lower probs: 1.000e-05
No. of non-dominant refs: 64386, Survival refs: 64379, Failure refs: 7
Batch update: 48 refs added, 0 existing refs removed (0 new refs dominated)
Survival: 48 refs added, 0 removed (from 48 certificates)
---
Round: 1351, Unk. prob.: 2.858e-01
Upper probs: 7.142e-01, Lower probs: 2.000e-05
No. of non-dominant refs: 64434, Survival refs: 64427, Failure refs: 7
Batch update: 48 refs added, 0 existing refs removed (0 new refs dominated)
Survival: 48 refs added, 0 removed (from 48 certificates)
---
Round: 1352, Unk. prob.: 2.873e-01
Upper probs: 7.127e-01, Lower probs: 4.000e-05
No. of non-dominant refs: 64482, Survival refs: 64475, Failure refs: 7
Batch update: 48 refs added, 0 existing refs removed (0 new refs dominated)
Survival: 48 refs added, 0 removed (from 48 certificates)
---
Round: 1353, Unk. prob.: 2.884e-01
Upper probs: 7.115e-01, Lower probs: 6.000e-05
No. of non-dominant refs: 64530, Survival refs: 64523, Failure refs: 7
Batch update: 48 refs added, 0 existing refs removed (0 new refs dominated)
Survival: 48 refs added, 0 removed (from 48 certificates)
---
Round: 1354, Unk. prob.: 2.886e-01
Upper probs: 7.114e-01, Lower probs: 1.000e-05
No. of non-dominant refs: 64578, Survival refs: 64571, Failure refs: 7
Batch update: 48 refs added, 1 existing refs removed (0 new refs dominated)
Survival: 48 refs added, 1 removed (from 48 certificates)
---
Round: 1355, Unk. prob.: 2.891e-01
Upper probs: 7.109e-01, Lower probs: 2.000e-05
No. of non-dominant refs: 64625, Survival refs: 64618, Failure refs: 7
Batch update: 48 refs added, 0 existing refs removed (0 new refs dominated)
Survival: 48 refs added, 0 removed (from 48 certificates)
---
Round: 1356, Unk. prob.: 2.884e-01
Upper probs: 7.115e-01, Lower probs: 3.000e-05
No. of non-dominant refs: 64673, Survival refs: 64666, Failure refs: 7
Batch update: 48 refs added, 0 existing refs removed (0 new refs dominated)
Survival: 48 refs added, 0 removed (from 48 certificates)
---
Round: 1357, Unk. prob.: 2.849e-01
Upper probs: 7.151e-01, Lower probs: 3.000e-05
No. of non-dominant refs: 64721, Survival refs: 64714, Failure refs: 7
Batch update: 48 refs added, 0 existing refs removed (0 new refs dominated)
Survival: 48 refs added, 0 removed (from 48 certificates)
---
Round: 1358, Unk. prob.: 2.876e-01
Upper probs: 7.124e-01, Lower probs: 4.000e-05
No. of non-dominant refs: 64769, Survival refs: 64762, Failure refs: 7
Batch update: 48 refs added, 0 existing refs removed (0 new refs dominated)
Survival: 48 refs added, 0 removed (from 48 certificates)
---
Round: 1359, Unk. prob.: 2.873e-01
Upper probs: 7.127e-01, Lower probs: 4.000e-05
No. of non-dominant refs: 64817, Survival refs: 64810, Failure refs: 7
Batch update: 48 refs added, 0 existing refs removed (0 new refs dominated)
Survival: 48 refs added, 0 removed (from 48 certificates)
---
Round: 1360, Unk. prob.: 2.908e-01
Upper probs: 7.092e-01, Lower probs: 1.000e-05
No. of non-dominant refs: 64865, Survival refs: 64858, Failure refs: 7
Batch update: 48 refs added, 0 existing refs removed (0 new refs dominated)
Survival: 48 refs added, 0 removed (from 48 certificates)
---
Round: 1361, Unk. prob.: 2.862e-01
Upper probs: 7.138e-01, Lower probs: 3.000e-05
No. of non-dominant refs: 64913, Survival refs: 64906, Failure refs: 7
Batch update: 48 refs added, 0 existing refs removed (0 new refs dominated)
Survival: 48 refs added, 0 removed (from 48 certificates)
---
Round: 1362, Unk. prob.: 2.866e-01
Upper probs: 7.134e-01, Lower probs: 4.000e-05
No. of non-dominant refs: 64961, Survival refs: 64954, Failure refs: 7
Batch update: 48 refs added, 0 existing refs removed (0 new refs dominated)
Survival: 48 refs added, 0 removed (from 48 certificates)
---
Round: 1363, Unk. prob.: 2.852e-01
Upper probs: 7.148e-01, Lower probs: 3.000e-05
No. of non-dominant refs: 65009, Survival refs: 65002, Failure refs: 7
Batch update: 48 refs added, 0 existing refs removed (0 new refs dominated)
Survival: 48 refs added, 0 removed (from 48 certificates)
---
Round: 1364, Unk. prob.: 2.871e-01
Upper probs: 7.129e-01, Lower probs: 5.000e-05
No. of non-dominant refs: 65057, Survival refs: 65050, Failure refs: 7
Batch update: 48 refs added, 0 existing refs removed (0 new refs dominated)
Survival: 48 refs added, 0 removed (from 48 certificates)
---
Round: 1365, Unk. prob.: 2.908e-01
Upper probs: 7.091e-01, Lower probs: 4.000e-05
No. of non-dominant refs: 65105, Survival refs: 65098, Failure refs: 7
Batch update: 48 refs added, 0 existing refs removed (0 new refs dominated)
Survival: 48 refs added, 0 removed (from 48 certificates)
---
Round: 1366, Unk. prob.: 2.873e-01
Upper probs: 7.127e-01, Lower probs: 0.000e+00
No. of non-dominant refs: 65153, Survival refs: 65146, Failure refs: 7
Batch update: 48 refs added, 0 existing refs removed (0 new refs dominated)
Survival: 48 refs added, 0 removed (from 48 certificates)
---
Round: 1367, Unk. prob.: 2.878e-01
Upper probs: 7.122e-01, Lower probs: 2.000e-05
No. of non-dominant refs: 65201, Survival refs: 65194, Failure refs: 7
Batch update: 48 refs added, 1 existing refs removed (0 new refs dominated)
Survival: 48 refs added, 1 removed (from 48 certificates)
---
Round: 1368, Unk. prob.: 2.871e-01
Upper probs: 7.129e-01, Lower probs: 2.000e-05
No. of non-dominant refs: 65248, Survival refs: 65241, Failure refs: 7
Batch update: 48 refs added, 0 existing refs removed (0 new refs dominated)
Survival: 48 refs added, 0 removed (from 48 certificates)
---
Round: 1369, Unk. prob.: 2.867e-01
Upper probs: 7.133e-01, Lower probs: 2.000e-05
No. of non-dominant refs: 65296, Survival refs: 65289, Failure refs: 7
Batch update: 48 refs added, 0 existing refs removed (0 new refs dominated)
Survival: 48 refs added, 0 removed (from 48 certificates)
---
Round: 1370, Unk. prob.: 2.868e-01
Upper probs: 7.131e-01, Lower probs: 1.000e-05
No. of non-dominant refs: 65344, Survival refs: 65337, Failure refs: 7
Batch update: 48 refs added, 0 existing refs removed (0 new refs dominated)
Survival: 48 refs added, 0 removed (from 48 certificates)
---
Round: 1371, Unk. prob.: 2.877e-01
Upper probs: 7.123e-01, Lower probs: 1.000e-05
No. of non-dominant refs: 65392, Survival refs: 65385, Failure refs: 7
Batch update: 48 refs added, 0 existing refs removed (0 new refs dominated)
Survival: 48 refs added, 0 removed (from 48 certificates)
---
Round: 1372, Unk. prob.: 2.880e-01
Upper probs: 7.120e-01, Lower probs: 2.000e-05
No. of non-dominant refs: 65440, Survival refs: 65433, Failure refs: 7
Batch update: 48 refs added, 0 existing refs removed (0 new refs dominated)
Survival: 48 refs added, 0 removed (from 48 certificates)
---
Round: 1373, Unk. prob.: 2.884e-01
Upper probs: 7.115e-01, Lower probs: 4.000e-05
No. of non-dominant refs: 65488, Survival refs: 65481, Failure refs: 7
Batch update: 48 refs added, 0 existing refs removed (0 new refs dominated)
Survival: 48 refs added, 0 removed (from 48 certificates)
---
Round: 1374, Unk. prob.: 2.873e-01
Upper probs: 7.127e-01, Lower probs: 3.000e-05
No. of non-dominant refs: 65536, Survival refs: 65529, Failure refs: 7
Batch update: 48 refs added, 1 existing refs removed (0 new refs dominated)
Survival: 48 refs added, 1 removed (from 48 certificates)
---
Round: 1375, Unk. prob.: 2.882e-01
Upper probs: 7.118e-01, Lower probs: 3.000e-05
No. of non-dominant refs: 65583, Survival refs: 65576, Failure refs: 7
Batch update: 48 refs added, 1 existing refs removed (0 new refs dominated)
Survival: 48 refs added, 1 removed (from 48 certificates)
---
Round: 1376, Unk. prob.: 2.877e-01
Upper probs: 7.122e-01, Lower probs: 3.000e-05
No. of non-dominant refs: 65630, Survival refs: 65623, Failure refs: 7
Batch update: 48 refs added, 0 existing refs removed (0 new refs dominated)
Survival: 48 refs added, 0 removed (from 48 certificates)
---
Round: 1377, Unk. prob.: 2.883e-01
Upper probs: 7.117e-01, Lower probs: 4.000e-05
No. of non-dominant refs: 65678, Survival refs: 65671, Failure refs: 7
Batch update: 48 refs added, 2 existing refs removed (0 new refs dominated)
Survival: 48 refs added, 2 removed (from 48 certificates)
---
Round: 1378, Unk. prob.: 2.884e-01
Upper probs: 7.116e-01, Lower probs: 1.000e-05
No. of non-dominant refs: 65724, Survival refs: 65717, Failure refs: 7
Batch update: 48 refs added, 0 existing refs removed (0 new refs dominated)
Survival: 48 refs added, 0 removed (from 48 certificates)
---
Round: 1379, Unk. prob.: 2.866e-01
Upper probs: 7.134e-01, Lower probs: 2.000e-05
No. of non-dominant refs: 65772, Survival refs: 65765, Failure refs: 7
Batch update: 48 refs added, 0 existing refs removed (0 new refs dominated)
Survival: 48 refs added, 0 removed (from 48 certificates)
---
Round: 1380, Unk. prob.: 2.877e-01
Upper probs: 7.123e-01, Lower probs: 3.000e-05
No. of non-dominant refs: 65820, Survival refs: 65813, Failure refs: 7
Batch update: 48 refs added, 0 existing refs removed (0 new refs dominated)
Survival: 48 refs added, 0 removed (from 48 certificates)
---
Round: 1381, Unk. prob.: 2.869e-01
Upper probs: 7.131e-01, Lower probs: 2.000e-05
No. of non-dominant refs: 65868, Survival refs: 65861, Failure refs: 7
Batch update: 48 refs added, 1 existing refs removed (0 new refs dominated)
Survival: 48 refs added, 1 removed (from 48 certificates)
---
Round: 1382, Unk. prob.: 2.881e-01
Upper probs: 7.118e-01, Lower probs: 4.000e-05
No. of non-dominant refs: 65915, Survival refs: 65908, Failure refs: 7
Batch update: 48 refs added, 0 existing refs removed (0 new refs dominated)
Survival: 48 refs added, 0 removed (from 48 certificates)
---
Round: 1383, Unk. prob.: 2.873e-01
Upper probs: 7.127e-01, Lower probs: 1.000e-05
No. of non-dominant refs: 65963, Survival refs: 65956, Failure refs: 7
Batch update: 48 refs added, 0 existing refs removed (0 new refs dominated)
Survival: 48 refs added, 0 removed (from 48 certificates)
---
Round: 1384, Unk. prob.: 2.872e-01
Upper probs: 7.127e-01, Lower probs: 2.000e-05
No. of non-dominant refs: 66011, Survival refs: 66004, Failure refs: 7
Batch update: 48 refs added, 1 existing refs removed (0 new refs dominated)
Survival: 48 refs added, 1 removed (from 48 certificates)
---
Round: 1385, Unk. prob.: 2.861e-01
Upper probs: 7.139e-01, Lower probs: 4.000e-05
No. of non-dominant refs: 66058, Survival refs: 66051, Failure refs: 7
Batch update: 47 refs added, 0 existing refs removed (0 new refs dominated)
Survival: 47 refs added, 0 removed (from 47 certificates)
Failure cuts: 1 added (total 39)
---
Round: 1386, Unk. prob.: 2.894e-01
Upper probs: 7.105e-01, Lower probs: 5.000e-05
No. of non-dominant refs: 66105, Survival refs: 66098, Failure refs: 7
Batch update: 48 refs added, 0 existing refs removed (0 new refs dominated)
Survival: 48 refs added, 0 removed (from 48 certificates)
---
Round: 1387, Unk. prob.: 2.855e-01
Upper probs: 7.145e-01, Lower probs: 3.000e-05
No. of non-dominant refs: 66153, Survival refs: 66146, Failure refs: 7
Batch update: 48 refs added, 0 existing refs removed (0 new refs dominated)
Survival: 48 refs added, 0 removed (from 48 certificates)
---
Round: 1388, Unk. prob.: 2.882e-01
Upper probs: 7.118e-01, Lower probs: 4.000e-05
No. of non-dominant refs: 66201, Survival refs: 66194, Failure refs: 7
Batch update: 48 refs added, 1 existing refs removed (0 new refs dominated)
Survival: 48 refs added, 1 removed (from 48 certificates)
---
Round: 1389, Unk. prob.: 2.893e-01
Upper probs: 7.106e-01, Lower probs: 3.000e-05
No. of non-dominant refs: 66248, Survival refs: 66241, Failure refs: 7
Batch update: 48 refs added, 1 existing refs removed (0 new refs dominated)
Survival: 48 refs added, 1 removed (from 48 certificates)
---
Round: 1390, Unk. prob.: 2.882e-01
Upper probs: 7.117e-01, Lower probs: 2.000e-05
No. of non-dominant refs: 66295, Survival refs: 66288, Failure refs: 7
Batch update: 48 refs added, 0 existing refs removed (0 new refs dominated)
Survival: 48 refs added, 0 removed (from 48 certificates)
---
Round: 1391, Unk. prob.: 2.867e-01
Upper probs: 7.133e-01, Lower probs: 1.000e-05
No. of non-dominant refs: 66343, Survival refs: 66336, Failure refs: 7
Batch update: 48 refs added, 1 existing refs removed (0 new refs dominated)
Survival: 48 refs added, 1 removed (from 48 certificates)
---
Round: 1392, Unk. prob.: 2.865e-01
Upper probs: 7.135e-01, Lower probs: 1.000e-05
No. of non-dominant refs: 66390, Survival refs: 66383, Failure refs: 7
Batch update: 48 refs added, 1 existing refs removed (0 new refs dominated)
Survival: 48 refs added, 1 removed (from 48 certificates)
---
Round: 1393, Unk. prob.: 2.872e-01
Upper probs: 7.128e-01, Lower probs: 1.000e-05
No. of non-dominant refs: 66437, Survival refs: 66430, Failure refs: 7
Batch update: 48 refs added, 0 existing refs removed (0 new refs dominated)
Survival: 48 refs added, 0 removed (from 48 certificates)
---
Round: 1394, Unk. prob.: 2.882e-01
Upper probs: 7.118e-01, Lower probs: 4.000e-05
No. of non-dominant refs: 66485, Survival refs: 66478, Failure refs: 7
Batch update: 48 refs added, 0 existing refs removed (0 new refs dominated)
Survival: 48 refs added, 0 removed (from 48 certificates)
---
Round: 1395, Unk. prob.: 2.854e-01
Upper probs: 7.146e-01, Lower probs: 0.000e+00
No. of non-dominant refs: 66533, Survival refs: 66526, Failure refs: 7
Batch update: 48 refs added, 0 existing refs removed (0 new refs dominated)
Survival: 48 refs added, 0 removed (from 48 certificates)
---
Round: 1396, Unk. prob.: 2.873e-01
Upper probs: 7.127e-01, Lower probs: 3.000e-05
No. of non-dominant refs: 66581, Survival refs: 66574, Failure refs: 7
Batch update: 48 refs added, 0 existing refs removed (0 new refs dominated)
Survival: 48 refs added, 0 removed (from 48 certificates)
---
Round: 1397, Unk. prob.: 2.869e-01
Upper probs: 7.130e-01, Lower probs: 7.000e-05
No. of non-dominant refs: 66629, Survival refs: 66622, Failure refs: 7
Batch update: 48 refs added, 0 existing refs removed (0 new refs dominated)
Survival: 48 refs added, 0 removed (from 48 certificates)
---
Round: 1398, Unk. prob.: 2.866e-01
Upper probs: 7.134e-01, Lower probs: 0.000e+00
No. of non-dominant refs: 66677, Survival refs: 66670, Failure refs: 7
Batch update: 48 refs added, 2 existing refs removed (0 new refs dominated)
Survival: 48 refs added, 2 removed (from 48 certificates)
---
Round: 1399, Unk. prob.: 2.855e-01
Upper probs: 7.145e-01, Lower probs: 2.000e-05
No. of non-dominant refs: 66723, Survival refs: 66716, Failure refs: 7
Batch update: 48 refs added, 0 existing refs removed (0 new refs dominated)
Survival: 48 refs added, 0 removed (from 48 certificates)
---
Round: 1400, Unk. prob.: 2.842e-01
Upper probs: 7.157e-01, Lower probs: 3.000e-05
No. of non-dominant refs: 66771, Survival refs: 66764, Failure refs: 7
Batch update: 48 refs added, 0 existing refs removed (0 new refs dominated)
Survival: 48 refs added, 0 removed (from 48 certificates)
---
Round: 1401, Unk. prob.: 2.860e-01
Upper probs: 7.140e-01, Lower probs: 1.000e-05
No. of non-dominant refs: 66819, Survival refs: 66812, Failure refs: 7
Batch update: 48 refs added, 1 existing refs removed (0 new refs dominated)
Survival: 48 refs added, 1 removed (from 48 certificates)
---
Round: 1402, Unk. prob.: 2.863e-01
Upper probs: 7.137e-01, Lower probs: 3.000e-05
No. of non-dominant refs: 66866, Survival refs: 66859, Failure refs: 7
Batch update: 48 refs added, 0 existing refs removed (0 new refs dominated)
Survival: 48 refs added, 0 removed (from 48 certificates)
---
Round: 1403, Unk. prob.: 2.843e-01
Upper probs: 7.157e-01, Lower probs: 5.000e-05
No. of non-dominant refs: 66914, Survival refs: 66907, Failure refs: 7
Batch update: 48 refs added, 0 existing refs removed (0 new refs dominated)
Survival: 48 refs added, 0 removed (from 48 certificates)
---
Round: 1404, Unk. prob.: 2.848e-01
Upper probs: 7.152e-01, Lower probs: 4.000e-05
No. of non-dominant refs: 66962, Survival refs: 66955, Failure refs: 7
Batch update: 48 refs added, 0 existing refs removed (0 new refs dominated)
Survival: 48 refs added, 0 removed (from 48 certificates)
---
Round: 1405, Unk. prob.: 2.840e-01
Upper probs: 7.159e-01, Lower probs: 4.000e-05
No. of non-dominant refs: 67010, Survival refs: 67003, Failure refs: 7
Batch update: 48 refs added, 0 existing refs removed (0 new refs dominated)
Survival: 48 refs added, 0 removed (from 48 certificates)
---
Round: 1406, Unk. prob.: 2.829e-01
Upper probs: 7.171e-01, Lower probs: 1.000e-05
No. of non-dominant refs: 67058, Survival refs: 67051, Failure refs: 7
Batch update: 48 refs added, 2 existing refs removed (0 new refs dominated)
Survival: 48 refs added, 2 removed (from 48 certificates)
---
Round: 1407, Unk. prob.: 2.847e-01
Upper probs: 7.153e-01, Lower probs: 4.000e-05
No. of non-dominant refs: 67104, Survival refs: 67097, Failure refs: 7
Batch update: 48 refs added, 0 existing refs removed (0 new refs dominated)
Survival: 48 refs added, 0 removed (from 48 certificates)
---
Round: 1408, Unk. prob.: 2.869e-01
Upper probs: 7.130e-01, Lower probs: 2.000e-05
No. of non-dominant refs: 67152, Survival refs: 67145, Failure refs: 7
Batch update: 48 refs added, 0 existing refs removed (0 new refs dominated)
Survival: 48 refs added, 0 removed (from 48 certificates)
---
Round: 1409, Unk. prob.: 2.855e-01
Upper probs: 7.145e-01, Lower probs: 2.000e-05
No. of non-dominant refs: 67200, Survival refs: 67193, Failure refs: 7
Batch update: 48 refs added, 0 existing refs removed (0 new refs dominated)
Survival: 48 refs added, 0 removed (from 48 certificates)
---
Round: 1410, Unk. prob.: 2.851e-01
Upper probs: 7.148e-01, Lower probs: 4.000e-05
No. of non-dominant refs: 67248, Survival refs: 67241, Failure refs: 7
Batch update: 48 refs added, 1 existing refs removed (0 new refs dominated)
Survival: 48 refs added, 1 removed (from 48 certificates)
---
Round: 1411, Unk. prob.: 2.849e-01
Upper probs: 7.150e-01, Lower probs: 6.000e-05
No. of non-dominant refs: 67295, Survival refs: 67288, Failure refs: 7
Batch update: 48 refs added, 0 existing refs removed (0 new refs dominated)
Survival: 48 refs added, 0 removed (from 48 certificates)
---
Round: 1412, Unk. prob.: 2.839e-01
Upper probs: 7.161e-01, Lower probs: 3.000e-05
No. of non-dominant refs: 67343, Survival refs: 67336, Failure refs: 7
Batch update: 48 refs added, 0 existing refs removed (0 new refs dominated)
Survival: 48 refs added, 0 removed (from 48 certificates)
---
Round: 1413, Unk. prob.: 2.857e-01
Upper probs: 7.143e-01, Lower probs: 4.000e-05
No. of non-dominant refs: 67391, Survival refs: 67384, Failure refs: 7
Batch update: 48 refs added, 0 existing refs removed (0 new refs dominated)
Survival: 48 refs added, 0 removed (from 48 certificates)
---
Round: 1414, Unk. prob.: 2.876e-01
Upper probs: 7.124e-01, Lower probs: 4.000e-05
No. of non-dominant refs: 67439, Survival refs: 67432, Failure refs: 7
Batch update: 48 refs added, 0 existing refs removed (0 new refs dominated)
Survival: 48 refs added, 0 removed (from 48 certificates)
---
Round: 1415, Unk. prob.: 2.862e-01
Upper probs: 7.138e-01, Lower probs: 2.000e-05
No. of non-dominant refs: 67487, Survival refs: 67480, Failure refs: 7
Batch update: 48 refs added, 0 existing refs removed (0 new refs dominated)
Survival: 48 refs added, 0 removed (from 48 certificates)
---
Round: 1416, Unk. prob.: 2.834e-01
Upper probs: 7.165e-01, Lower probs: 5.000e-05
No. of non-dominant refs: 67535, Survival refs: 67528, Failure refs: 7
Batch update: 48 refs added, 0 existing refs removed (0 new refs dominated)
Survival: 48 refs added, 0 removed (from 48 certificates)
---
Round: 1417, Unk. prob.: 2.862e-01
Upper probs: 7.138e-01, Lower probs: 2.000e-05
No. of non-dominant refs: 67583, Survival refs: 67576, Failure refs: 7
Batch update: 48 refs added, 0 existing refs removed (0 new refs dominated)
Survival: 48 refs added, 0 removed (from 48 certificates)
---
Round: 1418, Unk. prob.: 2.856e-01
Upper probs: 7.143e-01, Lower probs: 5.000e-05
No. of non-dominant refs: 67631, Survival refs: 67624, Failure refs: 7
Batch update: 48 refs added, 0 existing refs removed (0 new refs dominated)
Survival: 48 refs added, 0 removed (from 48 certificates)
---
Round: 1419, Unk. prob.: 2.864e-01
Upper probs: 7.135e-01, Lower probs: 1.000e-05
No. of non-dominant refs: 67679, Survival refs: 67672, Failure refs: 7
Batch update: 48 refs added, 0 existing refs removed (0 new refs dominated)
Survival: 48 refs added, 0 removed (from 48 certificates)
---
Round: 1420, Unk. prob.: 2.860e-01
Upper probs: 7.140e-01, Lower probs: 0.000e+00
No. of non-dominant refs: 67727, Survival refs: 67720, Failure refs: 7
Batch update: 48 refs added, 0 existing refs removed (0 new refs dominated)
Survival: 48 refs added, 0 removed (from 48 certificates)
---
Round: 1421, Unk. prob.: 2.856e-01
Upper probs: 7.144e-01, Lower probs: 2.000e-05
No. of non-dominant refs: 67775, Survival refs: 67768, Failure refs: 7
Batch update: 48 refs added, 0 existing refs removed (0 new refs dominated)
Survival: 48 refs added, 0 removed (from 48 certificates)
---
Round: 1422, Unk. prob.: 2.838e-01
Upper probs: 7.162e-01, Lower probs: 7.000e-05
No. of non-dominant refs: 67823, Survival refs: 67816, Failure refs: 7
Batch update: 48 refs added, 0 existing refs removed (0 new refs dominated)
Survival: 48 refs added, 0 removed (from 48 certificates)
---
Round: 1423, Unk. prob.: 2.827e-01
Upper probs: 7.173e-01, Lower probs: 4.000e-05
No. of non-dominant refs: 67871, Survival refs: 67864, Failure refs: 7
Batch update: 48 refs added, 2 existing refs removed (0 new refs dominated)
Survival: 48 refs added, 2 removed (from 48 certificates)
---
Round: 1424, Unk. prob.: 2.831e-01
Upper probs: 7.169e-01, Lower probs: 1.000e-05
No. of non-dominant refs: 67917, Survival refs: 67910, Failure refs: 7
Batch update: 48 refs added, 0 existing refs removed (0 new refs dominated)
Survival: 48 refs added, 0 removed (from 48 certificates)
---
Round: 1425, Unk. prob.: 2.871e-01
Upper probs: 7.129e-01, Lower probs: 2.000e-05
No. of non-dominant refs: 67965, Survival refs: 67958, Failure refs: 7
Batch update: 48 refs added, 0 existing refs removed (0 new refs dominated)
Survival: 48 refs added, 0 removed (from 48 certificates)
---
Round: 1426, Unk. prob.: 2.839e-01
Upper probs: 7.161e-01, Lower probs: 3.000e-05
No. of non-dominant refs: 68013, Survival refs: 68006, Failure refs: 7
Batch update: 48 refs added, 0 existing refs removed (0 new refs dominated)
Survival: 48 refs added, 0 removed (from 48 certificates)
---
Round: 1427, Unk. prob.: 2.853e-01
Upper probs: 7.147e-01, Lower probs: 1.000e-05
No. of non-dominant refs: 68061, Survival refs: 68054, Failure refs: 7
Batch update: 48 refs added, 0 existing refs removed (0 new refs dominated)
Survival: 48 refs added, 0 removed (from 48 certificates)
---
Round: 1428, Unk. prob.: 2.872e-01
Upper probs: 7.128e-01, Lower probs: 5.000e-05
No. of non-dominant refs: 68109, Survival refs: 68102, Failure refs: 7
Batch update: 48 refs added, 1 existing refs removed (0 new refs dominated)
Survival: 48 refs added, 1 removed (from 48 certificates)
---
Round: 1429, Unk. prob.: 2.864e-01
Upper probs: 7.136e-01, Lower probs: 4.000e-05
No. of non-dominant refs: 68156, Survival refs: 68149, Failure refs: 7
Batch update: 48 refs added, 0 existing refs removed (0 new refs dominated)
Survival: 48 refs added, 0 removed (from 48 certificates)
---
Round: 1430, Unk. prob.: 2.873e-01
Upper probs: 7.127e-01, Lower probs: 3.000e-05
No. of non-dominant refs: 68204, Survival refs: 68197, Failure refs: 7
Batch update: 48 refs added, 0 existing refs removed (0 new refs dominated)
Survival: 48 refs added, 0 removed (from 48 certificates)
---
Round: 1431, Unk. prob.: 2.818e-01
Upper probs: 7.182e-01, Lower probs: 1.000e-05
No. of non-dominant refs: 68252, Survival refs: 68245, Failure refs: 7
Batch update: 48 refs added, 0 existing refs removed (0 new refs dominated)
Survival: 48 refs added, 0 removed (from 48 certificates)
---
Round: 1432, Unk. prob.: 2.850e-01
Upper probs: 7.149e-01, Lower probs: 2.000e-05
No. of non-dominant refs: 68300, Survival refs: 68293, Failure refs: 7
Batch update: 48 refs added, 0 existing refs removed (0 new refs dominated)
Survival: 48 refs added, 0 removed (from 48 certificates)
---
Round: 1433, Unk. prob.: 2.835e-01
Upper probs: 7.165e-01, Lower probs: 1.000e-05
No. of non-dominant refs: 68348, Survival refs: 68341, Failure refs: 7
Batch update: 48 refs added, 1 existing refs removed (0 new refs dominated)
Survival: 48 refs added, 1 removed (from 48 certificates)
---
Round: 1434, Unk. prob.: 2.839e-01
Upper probs: 7.161e-01, Lower probs: 1.000e-05
No. of non-dominant refs: 68395, Survival refs: 68388, Failure refs: 7
Batch update: 48 refs added, 0 existing refs removed (0 new refs dominated)
Survival: 48 refs added, 0 removed (from 48 certificates)
---
Round: 1435, Unk. prob.: 2.844e-01
Upper probs: 7.155e-01, Lower probs: 4.000e-05
No. of non-dominant refs: 68443, Survival refs: 68436, Failure refs: 7
Batch update: 48 refs added, 0 existing refs removed (0 new refs dominated)
Survival: 48 refs added, 0 removed (from 48 certificates)
---
Round: 1436, Unk. prob.: 2.860e-01
Upper probs: 7.139e-01, Lower probs: 5.000e-05
No. of non-dominant refs: 68491, Survival refs: 68484, Failure refs: 7
Batch update: 48 refs added, 0 existing refs removed (0 new refs dominated)
Survival: 48 refs added, 0 removed (from 48 certificates)
---
Round: 1437, Unk. prob.: 2.841e-01
Upper probs: 7.159e-01, Lower probs: 5.000e-05
No. of non-dominant refs: 68539, Survival refs: 68532, Failure refs: 7
Batch update: 48 refs added, 0 existing refs removed (0 new refs dominated)
Survival: 48 refs added, 0 removed (from 48 certificates)
---
Round: 1438, Unk. prob.: 2.844e-01
Upper probs: 7.156e-01, Lower probs: 4.000e-05
No. of non-dominant refs: 68587, Survival refs: 68580, Failure refs: 7
Batch update: 48 refs added, 0 existing refs removed (0 new refs dominated)
Survival: 48 refs added, 0 removed (from 48 certificates)
---
Round: 1439, Unk. prob.: 2.838e-01
Upper probs: 7.161e-01, Lower probs: 3.000e-05
No. of non-dominant refs: 68635, Survival refs: 68628, Failure refs: 7
Batch update: 48 refs added, 0 existing refs removed (0 new refs dominated)
Survival: 48 refs added, 0 removed (from 48 certificates)
---
Round: 1440, Unk. prob.: 2.843e-01
Upper probs: 7.157e-01, Lower probs: 2.000e-05
No. of non-dominant refs: 68683, Survival refs: 68676, Failure refs: 7
Batch update: 48 refs added, 0 existing refs removed (0 new refs dominated)
Survival: 48 refs added, 0 removed (from 48 certificates)
---
Round: 1441, Unk. prob.: 2.838e-01
Upper probs: 7.162e-01, Lower probs: 4.000e-05
No. of non-dominant refs: 68731, Survival refs: 68724, Failure refs: 7
Batch update: 48 refs added, 1 existing refs removed (0 new refs dominated)
Survival: 48 refs added, 1 removed (from 48 certificates)
---
Round: 1442, Unk. prob.: 2.847e-01
Upper probs: 7.153e-01, Lower probs: 5.000e-05
No. of non-dominant refs: 68778, Survival refs: 68771, Failure refs: 7
Batch update: 48 refs added, 1 existing refs removed (0 new refs dominated)
Survival: 48 refs added, 1 removed (from 48 certificates)
---
Round: 1443, Unk. prob.: 2.853e-01
Upper probs: 7.147e-01, Lower probs: 2.000e-05
No. of non-dominant refs: 68825, Survival refs: 68818, Failure refs: 7
Batch update: 48 refs added, 2 existing refs removed (0 new refs dominated)
Survival: 48 refs added, 2 removed (from 48 certificates)
---
Round: 1444, Unk. prob.: 2.825e-01
Upper probs: 7.174e-01, Lower probs: 4.000e-05
No. of non-dominant refs: 68871, Survival refs: 68864, Failure refs: 7
Batch update: 48 refs added, 0 existing refs removed (0 new refs dominated)
Survival: 48 refs added, 0 removed (from 48 certificates)
---
Round: 1445, Unk. prob.: 2.858e-01
Upper probs: 7.142e-01, Lower probs: 3.000e-05
No. of non-dominant refs: 68919, Survival refs: 68912, Failure refs: 7
Batch update: 48 refs added, 0 existing refs removed (0 new refs dominated)
Survival: 48 refs added, 0 removed (from 48 certificates)
---
Round: 1446, Unk. prob.: 2.856e-01
Upper probs: 7.144e-01, Lower probs: 2.000e-05
No. of non-dominant refs: 68967, Survival refs: 68960, Failure refs: 7
Batch update: 48 refs added, 0 existing refs removed (0 new refs dominated)
Survival: 48 refs added, 0 removed (from 48 certificates)
---
Round: 1447, Unk. prob.: 2.853e-01
Upper probs: 7.147e-01, Lower probs: 3.000e-05
No. of non-dominant refs: 69015, Survival refs: 69008, Failure refs: 7
Batch update: 48 refs added, 0 existing refs removed (0 new refs dominated)
Survival: 48 refs added, 0 removed (from 48 certificates)
---
Round: 1448, Unk. prob.: 2.810e-01
Upper probs: 7.189e-01, Lower probs: 2.000e-05
No. of non-dominant refs: 69063, Survival refs: 69056, Failure refs: 7
Batch update: 48 refs added, 0 existing refs removed (0 new refs dominated)
Survival: 48 refs added, 0 removed (from 48 certificates)
---
Round: 1449, Unk. prob.: 2.824e-01
Upper probs: 7.176e-01, Lower probs: 7.000e-05
No. of non-dominant refs: 69111, Survival refs: 69104, Failure refs: 7
Batch update: 48 refs added, 0 existing refs removed (0 new refs dominated)
Survival: 48 refs added, 0 removed (from 48 certificates)
---
Round: 1450, Unk. prob.: 2.825e-01
Upper probs: 7.175e-01, Lower probs: 2.000e-05
No. of non-dominant refs: 69159, Survival refs: 69152, Failure refs: 7
Batch update: 48 refs added, 0 existing refs removed (0 new refs dominated)
Survival: 48 refs added, 0 removed (from 48 certificates)
---
Round: 1451, Unk. prob.: 2.843e-01
Upper probs: 7.157e-01, Lower probs: 1.000e-05
No. of non-dominant refs: 69207, Survival refs: 69200, Failure refs: 7
Batch update: 48 refs added, 0 existing refs removed (0 new refs dominated)
Survival: 48 refs added, 0 removed (from 48 certificates)
---
Round: 1452, Unk. prob.: 2.843e-01
Upper probs: 7.157e-01, Lower probs: 1.000e-05
No. of non-dominant refs: 69255, Survival refs: 69248, Failure refs: 7
Batch update: 48 refs added, 0 existing refs removed (0 new refs dominated)
Survival: 48 refs added, 0 removed (from 48 certificates)
---
Round: 1453, Unk. prob.: 2.820e-01
Upper probs: 7.179e-01, Lower probs: 6.000e-05
No. of non-dominant refs: 69303, Survival refs: 69296, Failure refs: 7
Batch update: 48 refs added, 0 existing refs removed (0 new refs dominated)
Survival: 48 refs added, 0 removed (from 48 certificates)
---
Round: 1454, Unk. prob.: 2.822e-01
Upper probs: 7.178e-01, Lower probs: 2.000e-05
No. of non-dominant refs: 69351, Survival refs: 69344, Failure refs: 7
Batch update: 48 refs added, 0 existing refs removed (0 new refs dominated)
Survival: 48 refs added, 0 removed (from 48 certificates)
---
Round: 1455, Unk. prob.: 2.840e-01
Upper probs: 7.159e-01, Lower probs: 6.000e-05
No. of non-dominant refs: 69399, Survival refs: 69392, Failure refs: 7
Batch update: 48 refs added, 0 existing refs removed (0 new refs dominated)
Survival: 48 refs added, 0 removed (from 48 certificates)
---
Round: 1456, Unk. prob.: 2.857e-01
Upper probs: 7.143e-01, Lower probs: 3.000e-05
No. of non-dominant refs: 69447, Survival refs: 69440, Failure refs: 7
Batch update: 48 refs added, 3 existing refs removed (0 new refs dominated)
Survival: 48 refs added, 3 removed (from 48 certificates)
---
Round: 1457, Unk. prob.: 2.844e-01
Upper probs: 7.156e-01, Lower probs: 2.000e-05
No. of non-dominant refs: 69492, Survival refs: 69485, Failure refs: 7
Batch update: 48 refs added, 0 existing refs removed (0 new refs dominated)
Survival: 48 refs added, 0 removed (from 48 certificates)
---
Round: 1458, Unk. prob.: 2.828e-01
Upper probs: 7.172e-01, Lower probs: 3.000e-05
No. of non-dominant refs: 69540, Survival refs: 69533, Failure refs: 7
Batch update: 48 refs added, 1 existing refs removed (0 new refs dominated)
Survival: 48 refs added, 1 removed (from 48 certificates)
---
Round: 1459, Unk. prob.: 2.838e-01
Upper probs: 7.161e-01, Lower probs: 5.000e-05
No. of non-dominant refs: 69587, Survival refs: 69580, Failure refs: 7
Batch update: 48 refs added, 0 existing refs removed (0 new refs dominated)
Survival: 48 refs added, 0 removed (from 48 certificates)
---
Round: 1460, Unk. prob.: 2.827e-01
Upper probs: 7.173e-01, Lower probs: 1.000e-05
No. of non-dominant refs: 69635, Survival refs: 69628, Failure refs: 7
Batch update: 48 refs added, 0 existing refs removed (0 new refs dominated)
Survival: 48 refs added, 0 removed (from 48 certificates)
---
Round: 1461, Unk. prob.: 2.832e-01
Upper probs: 7.168e-01, Lower probs: 3.000e-05
No. of non-dominant refs: 69683, Survival refs: 69676, Failure refs: 7
Batch update: 48 refs added, 2 existing refs removed (0 new refs dominated)
Survival: 48 refs added, 2 removed (from 48 certificates)
---
Round: 1462, Unk. prob.: 2.829e-01
Upper probs: 7.171e-01, Lower probs: 4.000e-05
No. of non-dominant refs: 69729, Survival refs: 69722, Failure refs: 7
Batch update: 48 refs added, 1 existing refs removed (0 new refs dominated)
Survival: 48 refs added, 1 removed (from 48 certificates)
---
Round: 1463, Unk. prob.: 2.826e-01
Upper probs: 7.174e-01, Lower probs: 4.000e-05
No. of non-dominant refs: 69776, Survival refs: 69769, Failure refs: 7
Batch update: 48 refs added, 0 existing refs removed (0 new refs dominated)
Survival: 48 refs added, 0 removed (from 48 certificates)
---
Round: 1464, Unk. prob.: 2.825e-01
Upper probs: 7.175e-01, Lower probs: 3.000e-05
No. of non-dominant refs: 69824, Survival refs: 69817, Failure refs: 7
Batch update: 48 refs added, 0 existing refs removed (0 new refs dominated)
Survival: 48 refs added, 0 removed (from 48 certificates)
---
Round: 1465, Unk. prob.: 2.846e-01
Upper probs: 7.154e-01, Lower probs: 2.000e-05
No. of non-dominant refs: 69872, Survival refs: 69865, Failure refs: 7
Batch update: 48 refs added, 0 existing refs removed (0 new refs dominated)
Survival: 48 refs added, 0 removed (from 48 certificates)
---
Round: 1466, Unk. prob.: 2.832e-01
Upper probs: 7.168e-01, Lower probs: 3.000e-05
No. of non-dominant refs: 69920, Survival refs: 69913, Failure refs: 7
Batch update: 48 refs added, 1 existing refs removed (0 new refs dominated)
Survival: 48 refs added, 1 removed (from 48 certificates)
---
Round: 1467, Unk. prob.: 2.829e-01
Upper probs: 7.170e-01, Lower probs: 9.000e-05
No. of non-dominant refs: 69967, Survival refs: 69960, Failure refs: 7
Batch update: 48 refs added, 0 existing refs removed (0 new refs dominated)
Survival: 48 refs added, 0 removed (from 48 certificates)
---
Round: 1468, Unk. prob.: 2.806e-01
Upper probs: 7.194e-01, Lower probs: 3.000e-05
No. of non-dominant refs: 70015, Survival refs: 70008, Failure refs: 7
Batch update: 48 refs added, 0 existing refs removed (0 new refs dominated)
Survival: 48 refs added, 0 removed (from 48 certificates)
---
Round: 1469, Unk. prob.: 2.824e-01
Upper probs: 7.176e-01, Lower probs: 1.000e-05
No. of non-dominant refs: 70063, Survival refs: 70056, Failure refs: 7
Batch update: 48 refs added, 1 existing refs removed (0 new refs dominated)
Survival: 48 refs added, 1 removed (from 48 certificates)
---
Round: 1470, Unk. prob.: 2.842e-01
Upper probs: 7.158e-01, Lower probs: 4.000e-05
No. of non-dominant refs: 70110, Survival refs: 70103, Failure refs: 7
Batch update: 48 refs added, 0 existing refs removed (0 new refs dominated)
Survival: 48 refs added, 0 removed (from 48 certificates)
---
Round: 1471, Unk. prob.: 2.828e-01
Upper probs: 7.172e-01, Lower probs: 2.000e-05
No. of non-dominant refs: 70158, Survival refs: 70151, Failure refs: 7
Batch update: 48 refs added, 0 existing refs removed (0 new refs dominated)
Survival: 48 refs added, 0 removed (from 48 certificates)
---
Round: 1472, Unk. prob.: 2.841e-01
Upper probs: 7.159e-01, Lower probs: 4.000e-05
No. of non-dominant refs: 70206, Survival refs: 70199, Failure refs: 7
Batch update: 48 refs added, 0 existing refs removed (0 new refs dominated)
Survival: 48 refs added, 0 removed (from 48 certificates)
---
Round: 1473, Unk. prob.: 2.819e-01
Upper probs: 7.181e-01, Lower probs: 4.000e-05
No. of non-dominant refs: 70254, Survival refs: 70247, Failure refs: 7
Batch update: 48 refs added, 0 existing refs removed (0 new refs dominated)
Survival: 48 refs added, 0 removed (from 48 certificates)
---
Round: 1474, Unk. prob.: 2.852e-01
Upper probs: 7.148e-01, Lower probs: 3.000e-05
No. of non-dominant refs: 70302, Survival refs: 70295, Failure refs: 7
Batch update: 48 refs added, 0 existing refs removed (0 new refs dominated)
Survival: 48 refs added, 0 removed (from 48 certificates)
---
Round: 1475, Unk. prob.: 2.820e-01
Upper probs: 7.180e-01, Lower probs: 4.000e-05
No. of non-dominant refs: 70350, Survival refs: 70343, Failure refs: 7
Batch update: 48 refs added, 0 existing refs removed (0 new refs dominated)
Survival: 48 refs added, 0 removed (from 48 certificates)
---
Round: 1476, Unk. prob.: 2.843e-01
Upper probs: 7.157e-01, Lower probs: 1.000e-05
No. of non-dominant refs: 70398, Survival refs: 70391, Failure refs: 7
Batch update: 48 refs added, 0 existing refs removed (0 new refs dominated)
Survival: 48 refs added, 0 removed (from 48 certificates)
---
Round: 1477, Unk. prob.: 2.831e-01
Upper probs: 7.169e-01, Lower probs: 3.000e-05
No. of non-dominant refs: 70446, Survival refs: 70439, Failure refs: 7
Batch update: 48 refs added, 1 existing refs removed (0 new refs dominated)
Survival: 48 refs added, 1 removed (from 48 certificates)
---
Round: 1478, Unk. prob.: 2.803e-01
Upper probs: 7.196e-01, Lower probs: 5.000e-05
No. of non-dominant refs: 70493, Survival refs: 70486, Failure refs: 7
Batch update: 48 refs added, 0 existing refs removed (0 new refs dominated)
Survival: 48 refs added, 0 removed (from 48 certificates)
---
Round: 1479, Unk. prob.: 2.824e-01
Upper probs: 7.176e-01, Lower probs: 4.000e-05
No. of non-dominant refs: 70541, Survival refs: 70534, Failure refs: 7
Batch update: 48 refs added, 0 existing refs removed (0 new refs dominated)
Survival: 48 refs added, 0 removed (from 48 certificates)
---
Round: 1480, Unk. prob.: 2.839e-01
Upper probs: 7.161e-01, Lower probs: 2.000e-05
No. of non-dominant refs: 70589, Survival refs: 70582, Failure refs: 7
Batch update: 48 refs added, 0 existing refs removed (0 new refs dominated)
Survival: 48 refs added, 0 removed (from 48 certificates)
---
Round: 1481, Unk. prob.: 2.824e-01
Upper probs: 7.176e-01, Lower probs: 2.000e-05
No. of non-dominant refs: 70637, Survival refs: 70630, Failure refs: 7
Batch update: 48 refs added, 1 existing refs removed (0 new refs dominated)
Survival: 48 refs added, 1 removed (from 48 certificates)
---
Round: 1482, Unk. prob.: 2.815e-01
Upper probs: 7.185e-01, Lower probs: 3.000e-05
No. of non-dominant refs: 70684, Survival refs: 70677, Failure refs: 7
Batch update: 48 refs added, 0 existing refs removed (0 new refs dominated)
Survival: 48 refs added, 0 removed (from 48 certificates)
---
Round: 1483, Unk. prob.: 2.816e-01
Upper probs: 7.184e-01, Lower probs: 5.000e-05
No. of non-dominant refs: 70732, Survival refs: 70725, Failure refs: 7
Batch update: 48 refs added, 1 existing refs removed (0 new refs dominated)
Survival: 48 refs added, 1 removed (from 48 certificates)
---
Round: 1484, Unk. prob.: 2.834e-01
Upper probs: 7.166e-01, Lower probs: 2.000e-05
No. of non-dominant refs: 70779, Survival refs: 70772, Failure refs: 7
Batch update: 48 refs added, 0 existing refs removed (0 new refs dominated)
Survival: 48 refs added, 0 removed (from 48 certificates)
---
Round: 1485, Unk. prob.: 2.821e-01
Upper probs: 7.179e-01, Lower probs: 2.000e-05
No. of non-dominant refs: 70827, Survival refs: 70820, Failure refs: 7
Batch update: 48 refs added, 1 existing refs removed (0 new refs dominated)
Survival: 48 refs added, 1 removed (from 48 certificates)
---
Round: 1486, Unk. prob.: 2.819e-01
Upper probs: 7.181e-01, Lower probs: 5.000e-05
No. of non-dominant refs: 70874, Survival refs: 70867, Failure refs: 7
Batch update: 48 refs added, 0 existing refs removed (0 new refs dominated)
Survival: 48 refs added, 0 removed (from 48 certificates)
---
Round: 1487, Unk. prob.: 2.797e-01
Upper probs: 7.203e-01, Lower probs: 4.000e-05
No. of non-dominant refs: 70922, Survival refs: 70915, Failure refs: 7
Batch update: 48 refs added, 0 existing refs removed (0 new refs dominated)
Survival: 48 refs added, 0 removed (from 48 certificates)
---
Round: 1488, Unk. prob.: 2.825e-01
Upper probs: 7.175e-01, Lower probs: 5.000e-05
No. of non-dominant refs: 70970, Survival refs: 70963, Failure refs: 7
Batch update: 48 refs added, 0 existing refs removed (0 new refs dominated)
Survival: 48 refs added, 0 removed (from 48 certificates)
---
Round: 1489, Unk. prob.: 2.810e-01
Upper probs: 7.190e-01, Lower probs: 4.000e-05
No. of non-dominant refs: 71018, Survival refs: 71011, Failure refs: 7
Batch update: 48 refs added, 0 existing refs removed (0 new refs dominated)
Survival: 48 refs added, 0 removed (from 48 certificates)
---
Round: 1490, Unk. prob.: 2.821e-01
Upper probs: 7.179e-01, Lower probs: 2.000e-05
No. of non-dominant refs: 71066, Survival refs: 71059, Failure refs: 7
Batch update: 48 refs added, 0 existing refs removed (0 new refs dominated)
Survival: 48 refs added, 0 removed (from 48 certificates)
---
Round: 1491, Unk. prob.: 2.803e-01
Upper probs: 7.196e-01, Lower probs: 7.000e-05
No. of non-dominant refs: 71114, Survival refs: 71107, Failure refs: 7
Batch update: 48 refs added, 0 existing refs removed (0 new refs dominated)
Survival: 48 refs added, 0 removed (from 48 certificates)
---
Round: 1492, Unk. prob.: 2.832e-01
Upper probs: 7.168e-01, Lower probs: 5.000e-05
No. of non-dominant refs: 71162, Survival refs: 71155, Failure refs: 7
Batch update: 48 refs added, 0 existing refs removed (0 new refs dominated)
Survival: 48 refs added, 0 removed (from 48 certificates)
---
Round: 1493, Unk. prob.: 2.846e-01
Upper probs: 7.154e-01, Lower probs: 2.000e-05
No. of non-dominant refs: 71210, Survival refs: 71203, Failure refs: 7
Batch update: 48 refs added, 0 existing refs removed (0 new refs dominated)
Survival: 48 refs added, 0 removed (from 48 certificates)
---
Round: 1494, Unk. prob.: 2.795e-01
Upper probs: 7.204e-01, Lower probs: 3.000e-05
No. of non-dominant refs: 71258, Survival refs: 71251, Failure refs: 7
Batch update: 48 refs added, 1 existing refs removed (0 new refs dominated)
Survival: 48 refs added, 1 removed (from 48 certificates)
---
Round: 1495, Unk. prob.: 2.820e-01
Upper probs: 7.180e-01, Lower probs: 4.000e-05
No. of non-dominant refs: 71305, Survival refs: 71298, Failure refs: 7
Batch update: 48 refs added, 0 existing refs removed (0 new refs dominated)
Survival: 48 refs added, 0 removed (from 48 certificates)
---
Round: 1496, Unk. prob.: 2.849e-01
Upper probs: 7.151e-01, Lower probs: 3.000e-05
No. of non-dominant refs: 71353, Survival refs: 71346, Failure refs: 7
Batch update: 48 refs added, 1 existing refs removed (0 new refs dominated)
Survival: 48 refs added, 1 removed (from 48 certificates)
---
Round: 1497, Unk. prob.: 2.828e-01
Upper probs: 7.171e-01, Lower probs: 5.000e-05
No. of non-dominant refs: 71400, Survival refs: 71393, Failure refs: 7
Batch update: 48 refs added, 1 existing refs removed (0 new refs dominated)
Survival: 48 refs added, 1 removed (from 48 certificates)
---
Round: 1498, Unk. prob.: 2.816e-01
Upper probs: 7.184e-01, Lower probs: 2.000e-05
No. of non-dominant refs: 71447, Survival refs: 71440, Failure refs: 7
Batch update: 48 refs added, 0 existing refs removed (0 new refs dominated)
Survival: 48 refs added, 0 removed (from 48 certificates)
---
Round: 1499, Unk. prob.: 2.854e-01
Upper probs: 7.146e-01, Lower probs: 1.000e-05
No. of non-dominant refs: 71495, Survival refs: 71488, Failure refs: 7
Batch update: 48 refs added, 0 existing refs removed (0 new refs dominated)
Survival: 48 refs added, 0 removed (from 48 certificates)
---
Round: 1500, Unk. prob.: 2.840e-01
Upper probs: 7.160e-01, Lower probs: 1.000e-05
No. of non-dominant refs: 71543, Survival refs: 71536, Failure refs: 7
Batch update: 48 refs added, 1 existing refs removed (0 new refs dominated)
Survival: 48 refs added, 1 removed (from 48 certificates)
---
Probs: 'upper':  7.179e-01, 'lower':  2.890e-05, 'unkn':  2.821e-01
---
Round: 1501, Unk. prob.: 2.821e-01
Upper probs: 7.179e-01, Lower probs: 2.890e-05
No. of non-dominant refs: 71590, Survival refs: 71583, Failure refs: 7
Batch update: 48 refs added, 0 existing refs removed (0 new refs dominated)
Survival: 48 refs added, 0 removed (from 48 certificates)
---
Round: 1502, Unk. prob.: 2.811e-01
Upper probs: 7.188e-01, Lower probs: 4.000e-05
No. of non-dominant refs: 71638, Survival refs: 71631, Failure refs: 7
Batch update: 48 refs added, 2 existing refs removed (0 new refs dominated)
Survival: 48 refs added, 2 removed (from 48 certificates)
---
Round: 1503, Unk. prob.: 2.803e-01
Upper probs: 7.197e-01, Lower probs: 2.000e-05
No. of non-dominant refs: 71684, Survival refs: 71677, Failure refs: 7
Batch update: 48 refs added, 1 existing refs removed (0 new refs dominated)
Survival: 48 refs added, 1 removed (from 48 certificates)
---
Round: 1504, Unk. prob.: 2.828e-01
Upper probs: 7.171e-01, Lower probs: 3.000e-05
No. of non-dominant refs: 71731, Survival refs: 71724, Failure refs: 7
Batch update: 48 refs added, 1 existing refs removed (0 new refs dominated)
Survival: 48 refs added, 1 removed (from 48 certificates)
---
Round: 1505, Unk. prob.: 2.841e-01
Upper probs: 7.159e-01, Lower probs: 6.000e-05
No. of non-dominant refs: 71778, Survival refs: 71771, Failure refs: 7
Batch update: 48 refs added, 0 existing refs removed (0 new refs dominated)
Survival: 48 refs added, 0 removed (from 48 certificates)
---
Round: 1506, Unk. prob.: 2.818e-01
Upper probs: 7.182e-01, Lower probs: 3.000e-05
No. of non-dominant refs: 71826, Survival refs: 71819, Failure refs: 7
Batch update: 48 refs added, 0 existing refs removed (0 new refs dominated)
Survival: 48 refs added, 0 removed (from 48 certificates)
---
Round: 1507, Unk. prob.: 2.841e-01
Upper probs: 7.159e-01, Lower probs: 5.000e-05
No. of non-dominant refs: 71874, Survival refs: 71867, Failure refs: 7
Batch update: 48 refs added, 0 existing refs removed (0 new refs dominated)
Survival: 48 refs added, 0 removed (from 48 certificates)
---
Round: 1508, Unk. prob.: 2.835e-01
Upper probs: 7.164e-01, Lower probs: 6.000e-05
No. of non-dominant refs: 71922, Survival refs: 71915, Failure refs: 7
Batch update: 48 refs added, 0 existing refs removed (0 new refs dominated)
Survival: 48 refs added, 0 removed (from 48 certificates)
---
Round: 1509, Unk. prob.: 2.793e-01
Upper probs: 7.206e-01, Lower probs: 5.000e-05
No. of non-dominant refs: 71970, Survival refs: 71963, Failure refs: 7
Batch update: 48 refs added, 1 existing refs removed (0 new refs dominated)
Survival: 48 refs added, 1 removed (from 48 certificates)
---
Round: 1510, Unk. prob.: 2.829e-01
Upper probs: 7.170e-01, Lower probs: 2.000e-05
No. of non-dominant refs: 72017, Survival refs: 72010, Failure refs: 7
Batch update: 48 refs added, 0 existing refs removed (0 new refs dominated)
Survival: 48 refs added, 0 removed (from 48 certificates)
---
Round: 1511, Unk. prob.: 2.819e-01
Upper probs: 7.180e-01, Lower probs: 3.000e-05
No. of non-dominant refs: 72065, Survival refs: 72058, Failure refs: 7
Batch update: 48 refs added, 0 existing refs removed (0 new refs dominated)
Survival: 48 refs added, 0 removed (from 48 certificates)
---
Round: 1512, Unk. prob.: 2.839e-01
Upper probs: 7.160e-01, Lower probs: 1.000e-05
No. of non-dominant refs: 72113, Survival refs: 72106, Failure refs: 7
Batch update: 48 refs added, 0 existing refs removed (0 new refs dominated)
Survival: 48 refs added, 0 removed (from 48 certificates)
---
Round: 1513, Unk. prob.: 2.789e-01
Upper probs: 7.210e-01, Lower probs: 2.000e-05
No. of non-dominant refs: 72161, Survival refs: 72154, Failure refs: 7
Batch update: 48 refs added, 0 existing refs removed (0 new refs dominated)
Survival: 48 refs added, 0 removed (from 48 certificates)
---
Round: 1514, Unk. prob.: 2.821e-01
Upper probs: 7.179e-01, Lower probs: 1.000e-05
No. of non-dominant refs: 72209, Survival refs: 72202, Failure refs: 7
Batch update: 48 refs added, 0 existing refs removed (0 new refs dominated)
Survival: 48 refs added, 0 removed (from 48 certificates)
---
Round: 1515, Unk. prob.: 2.844e-01
Upper probs: 7.156e-01, Lower probs: 3.000e-05
No. of non-dominant refs: 72257, Survival refs: 72250, Failure refs: 7
Batch update: 48 refs added, 0 existing refs removed (0 new refs dominated)
Survival: 48 refs added, 0 removed (from 48 certificates)
---
Round: 1516, Unk. prob.: 2.810e-01
Upper probs: 7.190e-01, Lower probs: 0.000e+00
No. of non-dominant refs: 72305, Survival refs: 72298, Failure refs: 7
Batch update: 48 refs added, 0 existing refs removed (0 new refs dominated)
Survival: 48 refs added, 0 removed (from 48 certificates)
---
Round: 1517, Unk. prob.: 2.825e-01
Upper probs: 7.174e-01, Lower probs: 4.000e-05
No. of non-dominant refs: 72353, Survival refs: 72346, Failure refs: 7
Batch update: 48 refs added, 0 existing refs removed (0 new refs dominated)
Survival: 48 refs added, 0 removed (from 48 certificates)
---
Round: 1518, Unk. prob.: 2.806e-01
Upper probs: 7.194e-01, Lower probs: 3.000e-05
No. of non-dominant refs: 72401, Survival refs: 72394, Failure refs: 7
Batch update: 48 refs added, 0 existing refs removed (0 new refs dominated)
Survival: 48 refs added, 0 removed (from 48 certificates)
---
Round: 1519, Unk. prob.: 2.805e-01
Upper probs: 7.195e-01, Lower probs: 3.000e-05
No. of non-dominant refs: 72449, Survival refs: 72442, Failure refs: 7
Batch update: 48 refs added, 0 existing refs removed (0 new refs dominated)
Survival: 48 refs added, 0 removed (from 48 certificates)
---
Round: 1520, Unk. prob.: 2.790e-01
Upper probs: 7.209e-01, Lower probs: 3.000e-05
No. of non-dominant refs: 72497, Survival refs: 72490, Failure refs: 7
Batch update: 48 refs added, 0 existing refs removed (0 new refs dominated)
Survival: 48 refs added, 0 removed (from 48 certificates)
---
Round: 1521, Unk. prob.: 2.824e-01
Upper probs: 7.176e-01, Lower probs: 2.000e-05
No. of non-dominant refs: 72545, Survival refs: 72538, Failure refs: 7
Batch update: 48 refs added, 0 existing refs removed (0 new refs dominated)
Survival: 48 refs added, 0 removed (from 48 certificates)
---
Round: 1522, Unk. prob.: 2.803e-01
Upper probs: 7.196e-01, Lower probs: 3.000e-05
No. of non-dominant refs: 72593, Survival refs: 72586, Failure refs: 7
Batch update: 48 refs added, 0 existing refs removed (0 new refs dominated)
Survival: 48 refs added, 0 removed (from 48 certificates)
---
Round: 1523, Unk. prob.: 2.789e-01
Upper probs: 7.210e-01, Lower probs: 6.000e-05
No. of non-dominant refs: 72641, Survival refs: 72634, Failure refs: 7
Batch update: 48 refs added, 1 existing refs removed (0 new refs dominated)
Survival: 48 refs added, 1 removed (from 48 certificates)
---
Round: 1524, Unk. prob.: 2.813e-01
Upper probs: 7.186e-01, Lower probs: 1.000e-05
No. of non-dominant refs: 72688, Survival refs: 72681, Failure refs: 7
Batch update: 48 refs added, 0 existing refs removed (0 new refs dominated)
Survival: 48 refs added, 0 removed (from 48 certificates)
---
Round: 1525, Unk. prob.: 2.809e-01
Upper probs: 7.191e-01, Lower probs: 4.000e-05
No. of non-dominant refs: 72736, Survival refs: 72729, Failure refs: 7
Batch update: 48 refs added, 0 existing refs removed (0 new refs dominated)
Survival: 48 refs added, 0 removed (from 48 certificates)
---
Round: 1526, Unk. prob.: 2.811e-01
Upper probs: 7.189e-01, Lower probs: 2.000e-05
No. of non-dominant refs: 72784, Survival refs: 72777, Failure refs: 7
Batch update: 48 refs added, 1 existing refs removed (0 new refs dominated)
Survival: 48 refs added, 1 removed (from 48 certificates)
---
Round: 1527, Unk. prob.: 2.804e-01
Upper probs: 7.196e-01, Lower probs: 1.000e-05
No. of non-dominant refs: 72831, Survival refs: 72824, Failure refs: 7
Batch update: 48 refs added, 0 existing refs removed (0 new refs dominated)
Survival: 48 refs added, 0 removed (from 48 certificates)
---
Round: 1528, Unk. prob.: 2.813e-01
Upper probs: 7.187e-01, Lower probs: 3.000e-05
No. of non-dominant refs: 72879, Survival refs: 72872, Failure refs: 7
Batch update: 48 refs added, 0 existing refs removed (0 new refs dominated)
Survival: 48 refs added, 0 removed (from 48 certificates)
---
Round: 1529, Unk. prob.: 2.830e-01
Upper probs: 7.169e-01, Lower probs: 3.000e-05
No. of non-dominant refs: 72927, Survival refs: 72920, Failure refs: 7
Batch update: 48 refs added, 0 existing refs removed (0 new refs dominated)
Survival: 48 refs added, 0 removed (from 48 certificates)
---
Round: 1530, Unk. prob.: 2.780e-01
Upper probs: 7.219e-01, Lower probs: 4.000e-05
No. of non-dominant refs: 72975, Survival refs: 72968, Failure refs: 7
Batch update: 48 refs added, 0 existing refs removed (0 new refs dominated)
Survival: 48 refs added, 0 removed (from 48 certificates)
---
Round: 1531, Unk. prob.: 2.784e-01
Upper probs: 7.215e-01, Lower probs: 3.000e-05
No. of non-dominant refs: 73023, Survival refs: 73016, Failure refs: 7
Batch update: 48 refs added, 0 existing refs removed (0 new refs dominated)
Survival: 48 refs added, 0 removed (from 48 certificates)
---
Round: 1532, Unk. prob.: 2.789e-01
Upper probs: 7.210e-01, Lower probs: 2.000e-05
No. of non-dominant refs: 73071, Survival refs: 73064, Failure refs: 7
Batch update: 48 refs added, 0 existing refs removed (0 new refs dominated)
Survival: 48 refs added, 0 removed (from 48 certificates)
---
Round: 1533, Unk. prob.: 2.800e-01
Upper probs: 7.200e-01, Lower probs: 2.000e-05
No. of non-dominant refs: 73119, Survival refs: 73112, Failure refs: 7
Batch update: 48 refs added, 0 existing refs removed (0 new refs dominated)
Survival: 48 refs added, 0 removed (from 48 certificates)
---
Round: 1534, Unk. prob.: 2.819e-01
Upper probs: 7.180e-01, Lower probs: 3.000e-05
No. of non-dominant refs: 73167, Survival refs: 73160, Failure refs: 7
Batch update: 48 refs added, 0 existing refs removed (0 new refs dominated)
Survival: 48 refs added, 0 removed (from 48 certificates)
---
Round: 1535, Unk. prob.: 2.797e-01
Upper probs: 7.203e-01, Lower probs: 4.000e-05
No. of non-dominant refs: 73215, Survival refs: 73208, Failure refs: 7
Batch update: 48 refs added, 0 existing refs removed (0 new refs dominated)
Survival: 48 refs added, 0 removed (from 48 certificates)
---
Round: 1536, Unk. prob.: 2.819e-01
Upper probs: 7.181e-01, Lower probs: 5.000e-05
No. of non-dominant refs: 73263, Survival refs: 73256, Failure refs: 7
Batch update: 48 refs added, 0 existing refs removed (0 new refs dominated)
Survival: 48 refs added, 0 removed (from 48 certificates)
---
Round: 1537, Unk. prob.: 2.792e-01
Upper probs: 7.208e-01, Lower probs: 3.000e-05
No. of non-dominant refs: 73311, Survival refs: 73304, Failure refs: 7
Batch update: 48 refs added, 0 existing refs removed (0 new refs dominated)
Survival: 48 refs added, 0 removed (from 48 certificates)
---
Round: 1538, Unk. prob.: 2.827e-01
Upper probs: 7.173e-01, Lower probs: 0.000e+00
No. of non-dominant refs: 73359, Survival refs: 73352, Failure refs: 7
Batch update: 48 refs added, 0 existing refs removed (0 new refs dominated)
Survival: 48 refs added, 0 removed (from 48 certificates)
---
Round: 1539, Unk. prob.: 2.802e-01
Upper probs: 7.198e-01, Lower probs: 4.000e-05
No. of non-dominant refs: 73407, Survival refs: 73400, Failure refs: 7
Batch update: 48 refs added, 0 existing refs removed (0 new refs dominated)
Survival: 48 refs added, 0 removed (from 48 certificates)
---
Round: 1540, Unk. prob.: 2.815e-01
Upper probs: 7.185e-01, Lower probs: 2.000e-05
No. of non-dominant refs: 73455, Survival refs: 73448, Failure refs: 7
Batch update: 48 refs added, 1 existing refs removed (0 new refs dominated)
Survival: 48 refs added, 1 removed (from 48 certificates)
---
Round: 1541, Unk. prob.: 2.823e-01
Upper probs: 7.177e-01, Lower probs: 2.000e-05
No. of non-dominant refs: 73502, Survival refs: 73495, Failure refs: 7
Batch update: 48 refs added, 0 existing refs removed (0 new refs dominated)
Survival: 48 refs added, 0 removed (from 48 certificates)
---
Round: 1542, Unk. prob.: 2.809e-01
Upper probs: 7.190e-01, Lower probs: 2.000e-05
No. of non-dominant refs: 73550, Survival refs: 73543, Failure refs: 7
Batch update: 48 refs added, 0 existing refs removed (0 new refs dominated)
Survival: 48 refs added, 0 removed (from 48 certificates)
---
Round: 1543, Unk. prob.: 2.800e-01
Upper probs: 7.199e-01, Lower probs: 5.000e-05
No. of non-dominant refs: 73598, Survival refs: 73591, Failure refs: 7
Batch update: 48 refs added, 0 existing refs removed (0 new refs dominated)
Survival: 48 refs added, 0 removed (from 48 certificates)
---
Round: 1544, Unk. prob.: 2.802e-01
Upper probs: 7.198e-01, Lower probs: 3.000e-05
No. of non-dominant refs: 73646, Survival refs: 73639, Failure refs: 7
Batch update: 48 refs added, 0 existing refs removed (0 new refs dominated)
Survival: 48 refs added, 0 removed (from 48 certificates)
---
Round: 1545, Unk. prob.: 2.791e-01
Upper probs: 7.209e-01, Lower probs: 4.000e-05
No. of non-dominant refs: 73694, Survival refs: 73687, Failure refs: 7
Batch update: 48 refs added, 0 existing refs removed (0 new refs dominated)
Survival: 48 refs added, 0 removed (from 48 certificates)
---
Round: 1546, Unk. prob.: 2.820e-01
Upper probs: 7.180e-01, Lower probs: 1.000e-05
No. of non-dominant refs: 73742, Survival refs: 73735, Failure refs: 7
Batch update: 48 refs added, 0 existing refs removed (0 new refs dominated)
Survival: 48 refs added, 0 removed (from 48 certificates)
---
Round: 1547, Unk. prob.: 2.821e-01
Upper probs: 7.179e-01, Lower probs: 4.000e-05
No. of non-dominant refs: 73790, Survival refs: 73783, Failure refs: 7
Batch update: 48 refs added, 0 existing refs removed (0 new refs dominated)
Survival: 48 refs added, 0 removed (from 48 certificates)
---
Round: 1548, Unk. prob.: 2.792e-01
Upper probs: 7.208e-01, Lower probs: 2.000e-05
No. of non-dominant refs: 73838, Survival refs: 73831, Failure refs: 7
Batch update: 48 refs added, 0 existing refs removed (0 new refs dominated)
Survival: 48 refs added, 0 removed (from 48 certificates)
---
Round: 1549, Unk. prob.: 2.829e-01
Upper probs: 7.171e-01, Lower probs: 0.000e+00
No. of non-dominant refs: 73886, Survival refs: 73879, Failure refs: 7
Batch update: 48 refs added, 0 existing refs removed (0 new refs dominated)
Survival: 48 refs added, 0 removed (from 48 certificates)
---
Round: 1550, Unk. prob.: 2.791e-01
Upper probs: 7.208e-01, Lower probs: 3.000e-05
No. of non-dominant refs: 73934, Survival refs: 73927, Failure refs: 7
Batch update: 48 refs added, 0 existing refs removed (0 new refs dominated)
Survival: 48 refs added, 0 removed (from 48 certificates)
---
Round: 1551, Unk. prob.: 2.799e-01
Upper probs: 7.200e-01, Lower probs: 3.000e-05
No. of non-dominant refs: 73982, Survival refs: 73975, Failure refs: 7
Batch update: 48 refs added, 0 existing refs removed (0 new refs dominated)
Survival: 48 refs added, 0 removed (from 48 certificates)
---
Round: 1552, Unk. prob.: 2.813e-01
Upper probs: 7.187e-01, Lower probs: 1.000e-05
No. of non-dominant refs: 74030, Survival refs: 74023, Failure refs: 7
Batch update: 48 refs added, 0 existing refs removed (0 new refs dominated)
Survival: 48 refs added, 0 removed (from 48 certificates)
---
Round: 1553, Unk. prob.: 2.818e-01
Upper probs: 7.181e-01, Lower probs: 1.000e-05
No. of non-dominant refs: 74078, Survival refs: 74071, Failure refs: 7
Batch update: 48 refs added, 0 existing refs removed (0 new refs dominated)
Survival: 48 refs added, 0 removed (from 48 certificates)
---
Round: 1554, Unk. prob.: 2.807e-01
Upper probs: 7.193e-01, Lower probs: 4.000e-05
No. of non-dominant refs: 74126, Survival refs: 74119, Failure refs: 7
Batch update: 48 refs added, 1 existing refs removed (0 new refs dominated)
Survival: 48 refs added, 1 removed (from 48 certificates)
---
Round: 1555, Unk. prob.: 2.796e-01
Upper probs: 7.204e-01, Lower probs: 3.000e-05
No. of non-dominant refs: 74173, Survival refs: 74166, Failure refs: 7
Batch update: 48 refs added, 0 existing refs removed (0 new refs dominated)
Survival: 48 refs added, 0 removed (from 48 certificates)
---
Round: 1556, Unk. prob.: 2.806e-01
Upper probs: 7.193e-01, Lower probs: 2.000e-05
No. of non-dominant refs: 74221, Survival refs: 74214, Failure refs: 7
Batch update: 48 refs added, 0 existing refs removed (0 new refs dominated)
Survival: 48 refs added, 0 removed (from 48 certificates)
---
Round: 1557, Unk. prob.: 2.789e-01
Upper probs: 7.210e-01, Lower probs: 6.000e-05
No. of non-dominant refs: 74269, Survival refs: 74262, Failure refs: 7
Batch update: 48 refs added, 1 existing refs removed (0 new refs dominated)
Survival: 48 refs added, 1 removed (from 48 certificates)
---
Round: 1558, Unk. prob.: 2.789e-01
Upper probs: 7.210e-01, Lower probs: 4.000e-05
No. of non-dominant refs: 74316, Survival refs: 74309, Failure refs: 7
Batch update: 48 refs added, 0 existing refs removed (0 new refs dominated)
Survival: 48 refs added, 0 removed (from 48 certificates)
---
Round: 1559, Unk. prob.: 2.800e-01
Upper probs: 7.199e-01, Lower probs: 9.000e-05
No. of non-dominant refs: 74364, Survival refs: 74357, Failure refs: 7
Batch update: 48 refs added, 0 existing refs removed (0 new refs dominated)
Survival: 48 refs added, 0 removed (from 48 certificates)
---
Round: 1560, Unk. prob.: 2.810e-01
Upper probs: 7.190e-01, Lower probs: 3.000e-05
No. of non-dominant refs: 74412, Survival refs: 74405, Failure refs: 7
Batch update: 48 refs added, 1 existing refs removed (0 new refs dominated)
Survival: 48 refs added, 1 removed (from 48 certificates)
---
Round: 1561, Unk. prob.: 2.797e-01
Upper probs: 7.202e-01, Lower probs: 2.000e-05
No. of non-dominant refs: 74459, Survival refs: 74452, Failure refs: 7
Batch update: 48 refs added, 0 existing refs removed (0 new refs dominated)
Survival: 48 refs added, 0 removed (from 48 certificates)
---
Round: 1562, Unk. prob.: 2.802e-01
Upper probs: 7.198e-01, Lower probs: 2.000e-05
No. of non-dominant refs: 74507, Survival refs: 74500, Failure refs: 7
Batch update: 48 refs added, 0 existing refs removed (0 new refs dominated)
Survival: 48 refs added, 0 removed (from 48 certificates)
---
Round: 1563, Unk. prob.: 2.787e-01
Upper probs: 7.213e-01, Lower probs: 2.000e-05
No. of non-dominant refs: 74555, Survival refs: 74548, Failure refs: 7
Batch update: 48 refs added, 0 existing refs removed (0 new refs dominated)
Survival: 48 refs added, 0 removed (from 48 certificates)
---
Round: 1564, Unk. prob.: 2.792e-01
Upper probs: 7.208e-01, Lower probs: 5.000e-05
No. of non-dominant refs: 74603, Survival refs: 74596, Failure refs: 7
Batch update: 48 refs added, 1 existing refs removed (0 new refs dominated)
Survival: 48 refs added, 1 removed (from 48 certificates)
---
Round: 1565, Unk. prob.: 2.774e-01
Upper probs: 7.225e-01, Lower probs: 2.000e-05
No. of non-dominant refs: 74650, Survival refs: 74643, Failure refs: 7
Batch update: 48 refs added, 1 existing refs removed (0 new refs dominated)
Survival: 48 refs added, 1 removed (from 48 certificates)
---
Round: 1566, Unk. prob.: 2.789e-01
Upper probs: 7.211e-01, Lower probs: 1.000e-05
No. of non-dominant refs: 74697, Survival refs: 74690, Failure refs: 7
Batch update: 48 refs added, 0 existing refs removed (0 new refs dominated)
Survival: 48 refs added, 0 removed (from 48 certificates)
---
Round: 1567, Unk. prob.: 2.804e-01
Upper probs: 7.196e-01, Lower probs: 2.000e-05
No. of non-dominant refs: 74745, Survival refs: 74738, Failure refs: 7
Batch update: 48 refs added, 1 existing refs removed (0 new refs dominated)
Survival: 48 refs added, 1 removed (from 48 certificates)
---
Round: 1568, Unk. prob.: 2.760e-01
Upper probs: 7.240e-01, Lower probs: 2.000e-05
No. of non-dominant refs: 74792, Survival refs: 74785, Failure refs: 7
Batch update: 48 refs added, 0 existing refs removed (0 new refs dominated)
Survival: 48 refs added, 0 removed (from 48 certificates)
---
Round: 1569, Unk. prob.: 2.814e-01
Upper probs: 7.186e-01, Lower probs: 2.000e-05
No. of non-dominant refs: 74840, Survival refs: 74833, Failure refs: 7
Batch update: 48 refs added, 1 existing refs removed (0 new refs dominated)
Survival: 48 refs added, 1 removed (from 48 certificates)
---
Round: 1570, Unk. prob.: 2.812e-01
Upper probs: 7.187e-01, Lower probs: 5.000e-05
No. of non-dominant refs: 74887, Survival refs: 74880, Failure refs: 7
Batch update: 48 refs added, 0 existing refs removed (0 new refs dominated)
Survival: 48 refs added, 0 removed (from 48 certificates)
---
Round: 1571, Unk. prob.: 2.802e-01
Upper probs: 7.198e-01, Lower probs: 3.000e-05
No. of non-dominant refs: 74935, Survival refs: 74928, Failure refs: 7
Batch update: 48 refs added, 0 existing refs removed (0 new refs dominated)
Survival: 48 refs added, 0 removed (from 48 certificates)
---
Round: 1572, Unk. prob.: 2.781e-01
Upper probs: 7.219e-01, Lower probs: 2.000e-05
No. of non-dominant refs: 74983, Survival refs: 74976, Failure refs: 7
Batch update: 48 refs added, 0 existing refs removed (0 new refs dominated)
Survival: 48 refs added, 0 removed (from 48 certificates)
---
Round: 1573, Unk. prob.: 2.794e-01
Upper probs: 7.206e-01, Lower probs: 3.000e-05
No. of non-dominant refs: 75031, Survival refs: 75024, Failure refs: 7
Batch update: 48 refs added, 2 existing refs removed (0 new refs dominated)
Survival: 48 refs added, 2 removed (from 48 certificates)
---
Round: 1574, Unk. prob.: 2.783e-01
Upper probs: 7.217e-01, Lower probs: 1.000e-05
No. of non-dominant refs: 75077, Survival refs: 75070, Failure refs: 7
Batch update: 48 refs added, 0 existing refs removed (0 new refs dominated)
Survival: 48 refs added, 0 removed (from 48 certificates)
---
Round: 1575, Unk. prob.: 2.787e-01
Upper probs: 7.213e-01, Lower probs: 4.000e-05
No. of non-dominant refs: 75125, Survival refs: 75118, Failure refs: 7
Batch update: 48 refs added, 0 existing refs removed (0 new refs dominated)
Survival: 48 refs added, 0 removed (from 48 certificates)
---
Round: 1576, Unk. prob.: 2.785e-01
Upper probs: 7.215e-01, Lower probs: 2.000e-05
No. of non-dominant refs: 75173, Survival refs: 75166, Failure refs: 7
Batch update: 48 refs added, 0 existing refs removed (0 new refs dominated)
Survival: 48 refs added, 0 removed (from 48 certificates)
---
Round: 1577, Unk. prob.: 2.798e-01
Upper probs: 7.201e-01, Lower probs: 3.000e-05
No. of non-dominant refs: 75221, Survival refs: 75214, Failure refs: 7
Batch update: 48 refs added, 0 existing refs removed (0 new refs dominated)
Survival: 48 refs added, 0 removed (from 48 certificates)
---
Round: 1578, Unk. prob.: 2.773e-01
Upper probs: 7.227e-01, Lower probs: 3.000e-05
No. of non-dominant refs: 75269, Survival refs: 75262, Failure refs: 7
Batch update: 48 refs added, 1 existing refs removed (0 new refs dominated)
Survival: 48 refs added, 1 removed (from 48 certificates)
---
Round: 1579, Unk. prob.: 2.776e-01
Upper probs: 7.224e-01, Lower probs: 7.000e-05
No. of non-dominant refs: 75316, Survival refs: 75309, Failure refs: 7
Batch update: 48 refs added, 0 existing refs removed (0 new refs dominated)
Survival: 48 refs added, 0 removed (from 48 certificates)
---
Round: 1580, Unk. prob.: 2.779e-01
Upper probs: 7.220e-01, Lower probs: 6.000e-05
No. of non-dominant refs: 75364, Survival refs: 75357, Failure refs: 7
Batch update: 48 refs added, 0 existing refs removed (0 new refs dominated)
Survival: 48 refs added, 0 removed (from 48 certificates)
---
Round: 1581, Unk. prob.: 2.806e-01
Upper probs: 7.194e-01, Lower probs: 2.000e-05
No. of non-dominant refs: 75412, Survival refs: 75405, Failure refs: 7
Batch update: 48 refs added, 0 existing refs removed (0 new refs dominated)
Survival: 48 refs added, 0 removed (from 48 certificates)
---
Round: 1582, Unk. prob.: 2.786e-01
Upper probs: 7.214e-01, Lower probs: 2.000e-05
No. of non-dominant refs: 75460, Survival refs: 75453, Failure refs: 7
Batch update: 48 refs added, 1 existing refs removed (0 new refs dominated)
Survival: 48 refs added, 1 removed (from 48 certificates)
---
Round: 1583, Unk. prob.: 2.809e-01
Upper probs: 7.190e-01, Lower probs: 2.000e-05
No. of non-dominant refs: 75507, Survival refs: 75500, Failure refs: 7
Batch update: 48 refs added, 0 existing refs removed (0 new refs dominated)
Survival: 48 refs added, 0 removed (from 48 certificates)
---
Round: 1584, Unk. prob.: 2.786e-01
Upper probs: 7.214e-01, Lower probs: 5.000e-05
No. of non-dominant refs: 75555, Survival refs: 75548, Failure refs: 7
Batch update: 48 refs added, 0 existing refs removed (0 new refs dominated)
Survival: 48 refs added, 0 removed (from 48 certificates)
---
Round: 1585, Unk. prob.: 2.775e-01
Upper probs: 7.225e-01, Lower probs: 6.000e-05
No. of non-dominant refs: 75603, Survival refs: 75596, Failure refs: 7
Batch update: 48 refs added, 0 existing refs removed (0 new refs dominated)
Survival: 48 refs added, 0 removed (from 48 certificates)
---
Round: 1586, Unk. prob.: 2.793e-01
Upper probs: 7.206e-01, Lower probs: 5.000e-05
No. of non-dominant refs: 75651, Survival refs: 75644, Failure refs: 7
Batch update: 48 refs added, 1 existing refs removed (0 new refs dominated)
Survival: 48 refs added, 1 removed (from 48 certificates)
---
Round: 1587, Unk. prob.: 2.782e-01
Upper probs: 7.217e-01, Lower probs: 3.000e-05
No. of non-dominant refs: 75698, Survival refs: 75691, Failure refs: 7
Batch update: 48 refs added, 0 existing refs removed (0 new refs dominated)
Survival: 48 refs added, 0 removed (from 48 certificates)
---
Round: 1588, Unk. prob.: 2.772e-01
Upper probs: 7.227e-01, Lower probs: 5.000e-05
No. of non-dominant refs: 75746, Survival refs: 75739, Failure refs: 7
Batch update: 48 refs added, 0 existing refs removed (0 new refs dominated)
Survival: 48 refs added, 0 removed (from 48 certificates)
---
Round: 1589, Unk. prob.: 2.754e-01
Upper probs: 7.246e-01, Lower probs: 2.000e-05
No. of non-dominant refs: 75794, Survival refs: 75787, Failure refs: 7
Batch update: 48 refs added, 0 existing refs removed (0 new refs dominated)
Survival: 48 refs added, 0 removed (from 48 certificates)
---
Round: 1590, Unk. prob.: 2.774e-01
Upper probs: 7.226e-01, Lower probs: 0.000e+00
No. of non-dominant refs: 75842, Survival refs: 75835, Failure refs: 7
Batch update: 48 refs added, 0 existing refs removed (0 new refs dominated)
Survival: 48 refs added, 0 removed (from 48 certificates)
---
Round: 1591, Unk. prob.: 2.791e-01
Upper probs: 7.209e-01, Lower probs: 3.000e-05
No. of non-dominant refs: 75890, Survival refs: 75883, Failure refs: 7
Batch update: 48 refs added, 1 existing refs removed (0 new refs dominated)
Survival: 48 refs added, 1 removed (from 48 certificates)
---
Round: 1592, Unk. prob.: 2.783e-01
Upper probs: 7.217e-01, Lower probs: 6.000e-05
No. of non-dominant refs: 75937, Survival refs: 75930, Failure refs: 7
Batch update: 48 refs added, 1 existing refs removed (0 new refs dominated)
Survival: 48 refs added, 1 removed (from 48 certificates)
---
Round: 1593, Unk. prob.: 2.790e-01
Upper probs: 7.210e-01, Lower probs: 2.000e-05
No. of non-dominant refs: 75984, Survival refs: 75977, Failure refs: 7
Batch update: 48 refs added, 0 existing refs removed (0 new refs dominated)
Survival: 48 refs added, 0 removed (from 48 certificates)
---
Round: 1594, Unk. prob.: 2.799e-01
Upper probs: 7.201e-01, Lower probs: 0.000e+00
No. of non-dominant refs: 76032, Survival refs: 76025, Failure refs: 7
Batch update: 48 refs added, 0 existing refs removed (0 new refs dominated)
Survival: 48 refs added, 0 removed (from 48 certificates)
---
Round: 1595, Unk. prob.: 2.781e-01
Upper probs: 7.218e-01, Lower probs: 4.000e-05
No. of non-dominant refs: 76080, Survival refs: 76073, Failure refs: 7
Batch update: 48 refs added, 0 existing refs removed (0 new refs dominated)
Survival: 48 refs added, 0 removed (from 48 certificates)
---
Round: 1596, Unk. prob.: 2.789e-01
Upper probs: 7.211e-01, Lower probs: 0.000e+00
No. of non-dominant refs: 76128, Survival refs: 76121, Failure refs: 7
Batch update: 48 refs added, 0 existing refs removed (0 new refs dominated)
Survival: 48 refs added, 0 removed (from 48 certificates)
---
Round: 1597, Unk. prob.: 2.803e-01
Upper probs: 7.197e-01, Lower probs: 4.000e-05
No. of non-dominant refs: 76176, Survival refs: 76169, Failure refs: 7
Batch update: 48 refs added, 1 existing refs removed (0 new refs dominated)
Survival: 48 refs added, 1 removed (from 48 certificates)
---
Round: 1598, Unk. prob.: 2.762e-01
Upper probs: 7.238e-01, Lower probs: 3.000e-05
No. of non-dominant refs: 76223, Survival refs: 76216, Failure refs: 7
Batch update: 48 refs added, 0 existing refs removed (0 new refs dominated)
Survival: 48 refs added, 0 removed (from 48 certificates)
---
Round: 1599, Unk. prob.: 2.774e-01
Upper probs: 7.226e-01, Lower probs: 4.000e-05
No. of non-dominant refs: 76271, Survival refs: 76264, Failure refs: 7
Batch update: 48 refs added, 0 existing refs removed (0 new refs dominated)
Survival: 48 refs added, 0 removed (from 48 certificates)
---
Round: 1600, Unk. prob.: 2.776e-01
Upper probs: 7.224e-01, Lower probs: 2.000e-05
No. of non-dominant refs: 76319, Survival refs: 76312, Failure refs: 7
Batch update: 48 refs added, 0 existing refs removed (0 new refs dominated)
Survival: 48 refs added, 0 removed (from 48 certificates)
---
Round: 1601, Unk. prob.: 2.780e-01
Upper probs: 7.220e-01, Lower probs: 1.000e-05
No. of non-dominant refs: 76367, Survival refs: 76360, Failure refs: 7
Batch update: 48 refs added, 1 existing refs removed (0 new refs dominated)
Survival: 48 refs added, 1 removed (from 48 certificates)
---
Round: 1602, Unk. prob.: 2.808e-01
Upper probs: 7.191e-01, Lower probs: 2.000e-05
No. of non-dominant refs: 76414, Survival refs: 76407, Failure refs: 7
Batch update: 48 refs added, 0 existing refs removed (0 new refs dominated)
Survival: 48 refs added, 0 removed (from 48 certificates)
---
Round: 1603, Unk. prob.: 2.791e-01
Upper probs: 7.209e-01, Lower probs: 4.000e-05
No. of non-dominant refs: 76462, Survival refs: 76455, Failure refs: 7
Batch update: 48 refs added, 1 existing refs removed (0 new refs dominated)
Survival: 48 refs added, 1 removed (from 48 certificates)
---
Round: 1604, Unk. prob.: 2.772e-01
Upper probs: 7.227e-01, Lower probs: 6.000e-05
No. of non-dominant refs: 76509, Survival refs: 76502, Failure refs: 7
Batch update: 48 refs added, 0 existing refs removed (0 new refs dominated)
Survival: 48 refs added, 0 removed (from 48 certificates)
---
Round: 1605, Unk. prob.: 2.764e-01
Upper probs: 7.235e-01, Lower probs: 3.000e-05
No. of non-dominant refs: 76557, Survival refs: 76550, Failure refs: 7
Batch update: 48 refs added, 0 existing refs removed (0 new refs dominated)
Survival: 48 refs added, 0 removed (from 48 certificates)
---
Round: 1606, Unk. prob.: 2.772e-01
Upper probs: 7.228e-01, Lower probs: 1.000e-05
No. of non-dominant refs: 76605, Survival refs: 76598, Failure refs: 7
Batch update: 48 refs added, 0 existing refs removed (0 new refs dominated)
Survival: 48 refs added, 0 removed (from 48 certificates)
---
Round: 1607, Unk. prob.: 2.792e-01
Upper probs: 7.207e-01, Lower probs: 4.000e-05
No. of non-dominant refs: 76653, Survival refs: 76646, Failure refs: 7
Batch update: 48 refs added, 0 existing refs removed (0 new refs dominated)
Survival: 48 refs added, 0 removed (from 48 certificates)
---
Round: 1608, Unk. prob.: 2.775e-01
Upper probs: 7.225e-01, Lower probs: 0.000e+00
No. of non-dominant refs: 76701, Survival refs: 76694, Failure refs: 7
Batch update: 48 refs added, 0 existing refs removed (0 new refs dominated)
Survival: 48 refs added, 0 removed (from 48 certificates)
---
Round: 1609, Unk. prob.: 2.761e-01
Upper probs: 7.239e-01, Lower probs: 2.000e-05
No. of non-dominant refs: 76749, Survival refs: 76742, Failure refs: 7
Batch update: 48 refs added, 0 existing refs removed (0 new refs dominated)
Survival: 48 refs added, 0 removed (from 48 certificates)
---
Round: 1610, Unk. prob.: 2.767e-01
Upper probs: 7.232e-01, Lower probs: 5.000e-05
No. of non-dominant refs: 76797, Survival refs: 76790, Failure refs: 7
Batch update: 48 refs added, 0 existing refs removed (0 new refs dominated)
Survival: 48 refs added, 0 removed (from 48 certificates)
---
Round: 1611, Unk. prob.: 2.780e-01
Upper probs: 7.219e-01, Lower probs: 1.000e-05
No. of non-dominant refs: 76845, Survival refs: 76838, Failure refs: 7
Batch update: 48 refs added, 3 existing refs removed (0 new refs dominated)
Survival: 48 refs added, 3 removed (from 48 certificates)
---
Round: 1612, Unk. prob.: 2.757e-01
Upper probs: 7.243e-01, Lower probs: 2.000e-05
No. of non-dominant refs: 76890, Survival refs: 76883, Failure refs: 7
Batch update: 48 refs added, 1 existing refs removed (0 new refs dominated)
Survival: 48 refs added, 1 removed (from 48 certificates)
---
Round: 1613, Unk. prob.: 2.780e-01
Upper probs: 7.220e-01, Lower probs: 2.000e-05
No. of non-dominant refs: 76937, Survival refs: 76930, Failure refs: 7
Batch update: 48 refs added, 2 existing refs removed (0 new refs dominated)
Survival: 48 refs added, 2 removed (from 48 certificates)
---
Round: 1614, Unk. prob.: 2.780e-01
Upper probs: 7.220e-01, Lower probs: 0.000e+00
No. of non-dominant refs: 76983, Survival refs: 76976, Failure refs: 7
Batch update: 48 refs added, 0 existing refs removed (0 new refs dominated)
Survival: 48 refs added, 0 removed (from 48 certificates)
---
Round: 1615, Unk. prob.: 2.812e-01
Upper probs: 7.188e-01, Lower probs: 4.000e-05
No. of non-dominant refs: 77031, Survival refs: 77024, Failure refs: 7
Batch update: 48 refs added, 0 existing refs removed (0 new refs dominated)
Survival: 48 refs added, 0 removed (from 48 certificates)
---
Round: 1616, Unk. prob.: 2.777e-01
Upper probs: 7.222e-01, Lower probs: 6.000e-05
No. of non-dominant refs: 77079, Survival refs: 77072, Failure refs: 7
Batch update: 48 refs added, 0 existing refs removed (0 new refs dominated)
Survival: 48 refs added, 0 removed (from 48 certificates)
---
Round: 1617, Unk. prob.: 2.780e-01
Upper probs: 7.220e-01, Lower probs: 2.000e-05
No. of non-dominant refs: 77127, Survival refs: 77120, Failure refs: 7
Batch update: 48 refs added, 1 existing refs removed (0 new refs dominated)
Survival: 48 refs added, 1 removed (from 48 certificates)
---
Round: 1618, Unk. prob.: 2.783e-01
Upper probs: 7.217e-01, Lower probs: 1.000e-05
No. of non-dominant refs: 77174, Survival refs: 77167, Failure refs: 7
Batch update: 48 refs added, 0 existing refs removed (0 new refs dominated)
Survival: 48 refs added, 0 removed (from 48 certificates)
---
Round: 1619, Unk. prob.: 2.757e-01
Upper probs: 7.243e-01, Lower probs: 2.000e-05
No. of non-dominant refs: 77222, Survival refs: 77215, Failure refs: 7
Batch update: 48 refs added, 0 existing refs removed (0 new refs dominated)
Survival: 48 refs added, 0 removed (from 48 certificates)
---
Round: 1620, Unk. prob.: 2.778e-01
Upper probs: 7.222e-01, Lower probs: 2.000e-05
No. of non-dominant refs: 77270, Survival refs: 77263, Failure refs: 7
Batch update: 48 refs added, 0 existing refs removed (0 new refs dominated)
Survival: 48 refs added, 0 removed (from 48 certificates)
---
Round: 1621, Unk. prob.: 2.786e-01
Upper probs: 7.213e-01, Lower probs: 4.000e-05
No. of non-dominant refs: 77318, Survival refs: 77311, Failure refs: 7
Batch update: 48 refs added, 0 existing refs removed (0 new refs dominated)
Survival: 48 refs added, 0 removed (from 48 certificates)
---
Round: 1622, Unk. prob.: 2.802e-01
Upper probs: 7.198e-01, Lower probs: 4.000e-05
No. of non-dominant refs: 77366, Survival refs: 77359, Failure refs: 7
Batch update: 48 refs added, 0 existing refs removed (0 new refs dominated)
Survival: 48 refs added, 0 removed (from 48 certificates)
---
Round: 1623, Unk. prob.: 2.803e-01
Upper probs: 7.197e-01, Lower probs: 2.000e-05
No. of non-dominant refs: 77414, Survival refs: 77407, Failure refs: 7
Batch update: 48 refs added, 1 existing refs removed (0 new refs dominated)
Survival: 48 refs added, 1 removed (from 48 certificates)
---
Round: 1624, Unk. prob.: 2.792e-01
Upper probs: 7.208e-01, Lower probs: 5.000e-05
No. of non-dominant refs: 77461, Survival refs: 77454, Failure refs: 7
Batch update: 48 refs added, 0 existing refs removed (0 new refs dominated)
Survival: 48 refs added, 0 removed (from 48 certificates)
---
Round: 1625, Unk. prob.: 2.763e-01
Upper probs: 7.237e-01, Lower probs: 2.000e-05
No. of non-dominant refs: 77509, Survival refs: 77502, Failure refs: 7
Batch update: 48 refs added, 1 existing refs removed (0 new refs dominated)
Survival: 48 refs added, 1 removed (from 48 certificates)
---
Round: 1626, Unk. prob.: 2.763e-01
Upper probs: 7.237e-01, Lower probs: 3.000e-05
No. of non-dominant refs: 77556, Survival refs: 77549, Failure refs: 7
Batch update: 48 refs added, 1 existing refs removed (0 new refs dominated)
Survival: 48 refs added, 1 removed (from 48 certificates)
---
Round: 1627, Unk. prob.: 2.781e-01
Upper probs: 7.219e-01, Lower probs: 3.000e-05
No. of non-dominant refs: 77603, Survival refs: 77596, Failure refs: 7
Batch update: 48 refs added, 0 existing refs removed (0 new refs dominated)
Survival: 48 refs added, 0 removed (from 48 certificates)
---
Round: 1628, Unk. prob.: 2.756e-01
Upper probs: 7.244e-01, Lower probs: 2.000e-05
No. of non-dominant refs: 77651, Survival refs: 77644, Failure refs: 7
Batch update: 48 refs added, 1 existing refs removed (0 new refs dominated)
Survival: 48 refs added, 1 removed (from 48 certificates)
---
Round: 1629, Unk. prob.: 2.766e-01
Upper probs: 7.234e-01, Lower probs: 3.000e-05
No. of non-dominant refs: 77698, Survival refs: 77691, Failure refs: 7
Batch update: 48 refs added, 1 existing refs removed (0 new refs dominated)
Survival: 48 refs added, 1 removed (from 48 certificates)
---
Round: 1630, Unk. prob.: 2.753e-01
Upper probs: 7.247e-01, Lower probs: 3.000e-05
No. of non-dominant refs: 77745, Survival refs: 77738, Failure refs: 7
Batch update: 48 refs added, 0 existing refs removed (0 new refs dominated)
Survival: 48 refs added, 0 removed (from 48 certificates)
---
Round: 1631, Unk. prob.: 2.782e-01
Upper probs: 7.218e-01, Lower probs: 1.000e-05
No. of non-dominant refs: 77793, Survival refs: 77786, Failure refs: 7
Batch update: 48 refs added, 0 existing refs removed (0 new refs dominated)
Survival: 48 refs added, 0 removed (from 48 certificates)
---
Round: 1632, Unk. prob.: 2.746e-01
Upper probs: 7.254e-01, Lower probs: 7.000e-05
No. of non-dominant refs: 77841, Survival refs: 77834, Failure refs: 7
Batch update: 48 refs added, 0 existing refs removed (0 new refs dominated)
Survival: 48 refs added, 0 removed (from 48 certificates)
---
Round: 1633, Unk. prob.: 2.777e-01
Upper probs: 7.223e-01, Lower probs: 5.000e-05
No. of non-dominant refs: 77889, Survival refs: 77882, Failure refs: 7
Batch update: 48 refs added, 0 existing refs removed (0 new refs dominated)
Survival: 48 refs added, 0 removed (from 48 certificates)
---
Round: 1634, Unk. prob.: 2.786e-01
Upper probs: 7.214e-01, Lower probs: 1.000e-05
No. of non-dominant refs: 77937, Survival refs: 77930, Failure refs: 7
Batch update: 48 refs added, 1 existing refs removed (0 new refs dominated)
Survival: 48 refs added, 1 removed (from 48 certificates)
---
Round: 1635, Unk. prob.: 2.767e-01
Upper probs: 7.233e-01, Lower probs: 3.000e-05
No. of non-dominant refs: 77984, Survival refs: 77977, Failure refs: 7
Batch update: 48 refs added, 0 existing refs removed (0 new refs dominated)
Survival: 48 refs added, 0 removed (from 48 certificates)
---
Round: 1636, Unk. prob.: 2.795e-01
Upper probs: 7.205e-01, Lower probs: 3.000e-05
No. of non-dominant refs: 78032, Survival refs: 78025, Failure refs: 7
Batch update: 48 refs added, 0 existing refs removed (0 new refs dominated)
Survival: 48 refs added, 0 removed (from 48 certificates)
---
Round: 1637, Unk. prob.: 2.733e-01
Upper probs: 7.267e-01, Lower probs: 6.000e-05
No. of non-dominant refs: 78080, Survival refs: 78073, Failure refs: 7
Batch update: 48 refs added, 0 existing refs removed (0 new refs dominated)
Survival: 48 refs added, 0 removed (from 48 certificates)
---
Round: 1638, Unk. prob.: 2.748e-01
Upper probs: 7.252e-01, Lower probs: 2.000e-05
No. of non-dominant refs: 78128, Survival refs: 78121, Failure refs: 7
Batch update: 48 refs added, 0 existing refs removed (0 new refs dominated)
Survival: 48 refs added, 0 removed (from 48 certificates)
---
Round: 1639, Unk. prob.: 2.774e-01
Upper probs: 7.226e-01, Lower probs: 2.000e-05
No. of non-dominant refs: 78176, Survival refs: 78169, Failure refs: 7
Batch update: 48 refs added, 0 existing refs removed (0 new refs dominated)
Survival: 48 refs added, 0 removed (from 48 certificates)
---
Round: 1640, Unk. prob.: 2.773e-01
Upper probs: 7.227e-01, Lower probs: 2.000e-05
No. of non-dominant refs: 78224, Survival refs: 78217, Failure refs: 7
Batch update: 48 refs added, 0 existing refs removed (0 new refs dominated)
Survival: 48 refs added, 0 removed (from 48 certificates)
---
Round: 1641, Unk. prob.: 2.756e-01
Upper probs: 7.244e-01, Lower probs: 2.000e-05
No. of non-dominant refs: 78272, Survival refs: 78265, Failure refs: 7
Batch update: 48 refs added, 0 existing refs removed (0 new refs dominated)
Survival: 48 refs added, 0 removed (from 48 certificates)
---
Round: 1642, Unk. prob.: 2.781e-01
Upper probs: 7.218e-01, Lower probs: 2.000e-05
No. of non-dominant refs: 78320, Survival refs: 78313, Failure refs: 7
Batch update: 48 refs added, 0 existing refs removed (0 new refs dominated)
Survival: 48 refs added, 0 removed (from 48 certificates)
---
Round: 1643, Unk. prob.: 2.763e-01
Upper probs: 7.237e-01, Lower probs: 3.000e-05
No. of non-dominant refs: 78368, Survival refs: 78361, Failure refs: 7
Batch update: 48 refs added, 0 existing refs removed (0 new refs dominated)
Survival: 48 refs added, 0 removed (from 48 certificates)
---
Round: 1644, Unk. prob.: 2.755e-01
Upper probs: 7.245e-01, Lower probs: 2.000e-05
No. of non-dominant refs: 78416, Survival refs: 78409, Failure refs: 7
Batch update: 48 refs added, 0 existing refs removed (0 new refs dominated)
Survival: 48 refs added, 0 removed (from 48 certificates)
---
Round: 1645, Unk. prob.: 2.752e-01
Upper probs: 7.248e-01, Lower probs: 0.000e+00
No. of non-dominant refs: 78464, Survival refs: 78457, Failure refs: 7
Batch update: 48 refs added, 0 existing refs removed (0 new refs dominated)
Survival: 48 refs added, 0 removed (from 48 certificates)
---
Round: 1646, Unk. prob.: 2.768e-01
Upper probs: 7.232e-01, Lower probs: 5.000e-05
No. of non-dominant refs: 78512, Survival refs: 78505, Failure refs: 7
Batch update: 48 refs added, 0 existing refs removed (0 new refs dominated)
Survival: 48 refs added, 0 removed (from 48 certificates)
---
Round: 1647, Unk. prob.: 2.763e-01
Upper probs: 7.237e-01, Lower probs: 2.000e-05
No. of non-dominant refs: 78560, Survival refs: 78553, Failure refs: 7
Batch update: 48 refs added, 0 existing refs removed (0 new refs dominated)
Survival: 48 refs added, 0 removed (from 48 certificates)
---
Round: 1648, Unk. prob.: 2.739e-01
Upper probs: 7.260e-01, Lower probs: 7.000e-05
No. of non-dominant refs: 78608, Survival refs: 78601, Failure refs: 7
Batch update: 48 refs added, 0 existing refs removed (0 new refs dominated)
Survival: 48 refs added, 0 removed (from 48 certificates)
---
Round: 1649, Unk. prob.: 2.761e-01
Upper probs: 7.239e-01, Lower probs: 3.000e-05
No. of non-dominant refs: 78656, Survival refs: 78649, Failure refs: 7
Batch update: 48 refs added, 0 existing refs removed (0 new refs dominated)
Survival: 48 refs added, 0 removed (from 48 certificates)
---
Round: 1650, Unk. prob.: 2.794e-01
Upper probs: 7.205e-01, Lower probs: 5.000e-05
No. of non-dominant refs: 78704, Survival refs: 78697, Failure refs: 7
Batch update: 48 refs added, 1 existing refs removed (0 new refs dominated)
Survival: 48 refs added, 1 removed (from 48 certificates)
---
Round: 1651, Unk. prob.: 2.742e-01
Upper probs: 7.258e-01, Lower probs: 4.000e-05
No. of non-dominant refs: 78751, Survival refs: 78744, Failure refs: 7
Batch update: 48 refs added, 0 existing refs removed (0 new refs dominated)
Survival: 48 refs added, 0 removed (from 48 certificates)
---
Round: 1652, Unk. prob.: 2.755e-01
Upper probs: 7.245e-01, Lower probs: 3.000e-05
No. of non-dominant refs: 78799, Survival refs: 78792, Failure refs: 7
Batch update: 48 refs added, 0 existing refs removed (0 new refs dominated)
Survival: 48 refs added, 0 removed (from 48 certificates)
---
Round: 1653, Unk. prob.: 2.759e-01
Upper probs: 7.240e-01, Lower probs: 2.000e-05
No. of non-dominant refs: 78847, Survival refs: 78840, Failure refs: 7
Batch update: 48 refs added, 0 existing refs removed (0 new refs dominated)
Survival: 48 refs added, 0 removed (from 48 certificates)
---
Round: 1654, Unk. prob.: 2.775e-01
Upper probs: 7.225e-01, Lower probs: 3.000e-05
No. of non-dominant refs: 78895, Survival refs: 78888, Failure refs: 7
Batch update: 48 refs added, 0 existing refs removed (0 new refs dominated)
Survival: 48 refs added, 0 removed (from 48 certificates)
---
Round: 1655, Unk. prob.: 2.764e-01
Upper probs: 7.235e-01, Lower probs: 5.000e-05
No. of non-dominant refs: 78943, Survival refs: 78936, Failure refs: 7
Batch update: 48 refs added, 0 existing refs removed (0 new refs dominated)
Survival: 48 refs added, 0 removed (from 48 certificates)
---
Round: 1656, Unk. prob.: 2.738e-01
Upper probs: 7.262e-01, Lower probs: 3.000e-05
No. of non-dominant refs: 78991, Survival refs: 78984, Failure refs: 7
Batch update: 48 refs added, 0 existing refs removed (0 new refs dominated)
Survival: 48 refs added, 0 removed (from 48 certificates)
---
Round: 1657, Unk. prob.: 2.784e-01
Upper probs: 7.216e-01, Lower probs: 5.000e-05
No. of non-dominant refs: 79039, Survival refs: 79032, Failure refs: 7
Batch update: 48 refs added, 1 existing refs removed (0 new refs dominated)
Survival: 48 refs added, 1 removed (from 48 certificates)
---
Round: 1658, Unk. prob.: 2.771e-01
Upper probs: 7.229e-01, Lower probs: 2.000e-05
No. of non-dominant refs: 79086, Survival refs: 79079, Failure refs: 7
Batch update: 48 refs added, 0 existing refs removed (0 new refs dominated)
Survival: 48 refs added, 0 removed (from 48 certificates)
---
Round: 1659, Unk. prob.: 2.744e-01
Upper probs: 7.255e-01, Lower probs: 3.000e-05
No. of non-dominant refs: 79134, Survival refs: 79127, Failure refs: 7
Batch update: 48 refs added, 0 existing refs removed (0 new refs dominated)
Survival: 48 refs added, 0 removed (from 48 certificates)
---
Round: 1660, Unk. prob.: 2.777e-01
Upper probs: 7.223e-01, Lower probs: 6.000e-05
No. of non-dominant refs: 79182, Survival refs: 79175, Failure refs: 7
Batch update: 48 refs added, 0 existing refs removed (0 new refs dominated)
Survival: 48 refs added, 0 removed (from 48 certificates)
---
Round: 1661, Unk. prob.: 2.739e-01
Upper probs: 7.261e-01, Lower probs: 2.000e-05
No. of non-dominant refs: 79230, Survival refs: 79223, Failure refs: 7
Batch update: 48 refs added, 0 existing refs removed (0 new refs dominated)
Survival: 48 refs added, 0 removed (from 48 certificates)
---
Round: 1662, Unk. prob.: 2.767e-01
Upper probs: 7.232e-01, Lower probs: 3.000e-05
No. of non-dominant refs: 79278, Survival refs: 79271, Failure refs: 7
Batch update: 48 refs added, 0 existing refs removed (0 new refs dominated)
Survival: 48 refs added, 0 removed (from 48 certificates)
---
Round: 1663, Unk. prob.: 2.738e-01
Upper probs: 7.261e-01, Lower probs: 6.000e-05
No. of non-dominant refs: 79326, Survival refs: 79319, Failure refs: 7
Batch update: 48 refs added, 0 existing refs removed (0 new refs dominated)
Survival: 48 refs added, 0 removed (from 48 certificates)
---
Round: 1664, Unk. prob.: 2.759e-01
Upper probs: 7.241e-01, Lower probs: 0.000e+00
No. of non-dominant refs: 79374, Survival refs: 79367, Failure refs: 7
Batch update: 48 refs added, 1 existing refs removed (0 new refs dominated)
Survival: 48 refs added, 1 removed (from 48 certificates)
---
Round: 1665, Unk. prob.: 2.741e-01
Upper probs: 7.259e-01, Lower probs: 5.000e-05
No. of non-dominant refs: 79421, Survival refs: 79414, Failure refs: 7
Batch update: 48 refs added, 0 existing refs removed (0 new refs dominated)
Survival: 48 refs added, 0 removed (from 48 certificates)
---
Round: 1666, Unk. prob.: 2.758e-01
Upper probs: 7.241e-01, Lower probs: 2.000e-05
No. of non-dominant refs: 79469, Survival refs: 79462, Failure refs: 7
Batch update: 48 refs added, 0 existing refs removed (0 new refs dominated)
Survival: 48 refs added, 0 removed (from 48 certificates)
---
Round: 1667, Unk. prob.: 2.776e-01
Upper probs: 7.223e-01, Lower probs: 6.000e-05
No. of non-dominant refs: 79517, Survival refs: 79510, Failure refs: 7
Batch update: 48 refs added, 0 existing refs removed (0 new refs dominated)
Survival: 48 refs added, 0 removed (from 48 certificates)
---
Round: 1668, Unk. prob.: 2.745e-01
Upper probs: 7.254e-01, Lower probs: 4.000e-05
No. of non-dominant refs: 79565, Survival refs: 79558, Failure refs: 7
Batch update: 47 refs added, 1 existing refs removed (0 new refs dominated)
Survival: 47 refs added, 1 removed (from 47 certificates)
Failure cuts: 1 added (total 40)
---
Round: 1669, Unk. prob.: 2.748e-01
Upper probs: 7.252e-01, Lower probs: 2.000e-05
No. of non-dominant refs: 79611, Survival refs: 79604, Failure refs: 7
Batch update: 48 refs added, 1 existing refs removed (0 new refs dominated)
Survival: 48 refs added, 1 removed (from 48 certificates)
---
Round: 1670, Unk. prob.: 2.743e-01
Upper probs: 7.256e-01, Lower probs: 2.000e-05
No. of non-dominant refs: 79658, Survival refs: 79651, Failure refs: 7
Batch update: 48 refs added, 0 existing refs removed (0 new refs dominated)
Survival: 48 refs added, 0 removed (from 48 certificates)
---
Round: 1671, Unk. prob.: 2.762e-01
Upper probs: 7.237e-01, Lower probs: 3.000e-05
No. of non-dominant refs: 79706, Survival refs: 79699, Failure refs: 7
Batch update: 48 refs added, 0 existing refs removed (0 new refs dominated)
Survival: 48 refs added, 0 removed (from 48 certificates)
---
Round: 1672, Unk. prob.: 2.763e-01
Upper probs: 7.237e-01, Lower probs: 5.000e-05
No. of non-dominant refs: 79754, Survival refs: 79747, Failure refs: 7
Batch update: 48 refs added, 0 existing refs removed (0 new refs dominated)
Survival: 48 refs added, 0 removed (from 48 certificates)
---
Round: 1673, Unk. prob.: 2.748e-01
Upper probs: 7.252e-01, Lower probs: 2.000e-05
No. of non-dominant refs: 79802, Survival refs: 79795, Failure refs: 7
Batch update: 48 refs added, 0 existing refs removed (0 new refs dominated)
Survival: 48 refs added, 0 removed (from 48 certificates)
---
Round: 1674, Unk. prob.: 2.761e-01
Upper probs: 7.239e-01, Lower probs: 3.000e-05
No. of non-dominant refs: 79850, Survival refs: 79843, Failure refs: 7
Batch update: 48 refs added, 2 existing refs removed (0 new refs dominated)
Survival: 48 refs added, 2 removed (from 48 certificates)
---
Round: 1675, Unk. prob.: 2.767e-01
Upper probs: 7.233e-01, Lower probs: 5.000e-05
No. of non-dominant refs: 79896, Survival refs: 79889, Failure refs: 7
Batch update: 48 refs added, 1 existing refs removed (0 new refs dominated)
Survival: 48 refs added, 1 removed (from 48 certificates)
---
Round: 1676, Unk. prob.: 2.735e-01
Upper probs: 7.265e-01, Lower probs: 1.000e-05
No. of non-dominant refs: 79943, Survival refs: 79936, Failure refs: 7
Batch update: 48 refs added, 0 existing refs removed (0 new refs dominated)
Survival: 48 refs added, 0 removed (from 48 certificates)
---
Round: 1677, Unk. prob.: 2.770e-01
Upper probs: 7.230e-01, Lower probs: 1.000e-05
No. of non-dominant refs: 79991, Survival refs: 79984, Failure refs: 7
Batch update: 48 refs added, 0 existing refs removed (0 new refs dominated)
Survival: 48 refs added, 0 removed (from 48 certificates)
---
Round: 1678, Unk. prob.: 2.775e-01
Upper probs: 7.225e-01, Lower probs: 2.000e-05
No. of non-dominant refs: 80039, Survival refs: 80032, Failure refs: 7
Batch update: 48 refs added, 0 existing refs removed (0 new refs dominated)
Survival: 48 refs added, 0 removed (from 48 certificates)
---
Round: 1679, Unk. prob.: 2.759e-01
Upper probs: 7.241e-01, Lower probs: 2.000e-05
No. of non-dominant refs: 80087, Survival refs: 80080, Failure refs: 7
Batch update: 48 refs added, 0 existing refs removed (0 new refs dominated)
Survival: 48 refs added, 0 removed (from 48 certificates)
---
Round: 1680, Unk. prob.: 2.753e-01
Upper probs: 7.246e-01, Lower probs: 2.000e-05
No. of non-dominant refs: 80135, Survival refs: 80128, Failure refs: 7
Batch update: 48 refs added, 0 existing refs removed (0 new refs dominated)
Survival: 48 refs added, 0 removed (from 48 certificates)
---
Round: 1681, Unk. prob.: 2.758e-01
Upper probs: 7.241e-01, Lower probs: 3.000e-05
No. of non-dominant refs: 80183, Survival refs: 80176, Failure refs: 7
Batch update: 48 refs added, 0 existing refs removed (0 new refs dominated)
Survival: 48 refs added, 0 removed (from 48 certificates)
---
Round: 1682, Unk. prob.: 2.761e-01
Upper probs: 7.239e-01, Lower probs: 2.000e-05
No. of non-dominant refs: 80231, Survival refs: 80224, Failure refs: 7
Batch update: 48 refs added, 1 existing refs removed (0 new refs dominated)
Survival: 48 refs added, 1 removed (from 48 certificates)
---
Round: 1683, Unk. prob.: 2.768e-01
Upper probs: 7.232e-01, Lower probs: 5.000e-05
No. of non-dominant refs: 80278, Survival refs: 80271, Failure refs: 7
Batch update: 48 refs added, 0 existing refs removed (0 new refs dominated)
Survival: 48 refs added, 0 removed (from 48 certificates)
---
Round: 1684, Unk. prob.: 2.760e-01
Upper probs: 7.240e-01, Lower probs: 3.000e-05
No. of non-dominant refs: 80326, Survival refs: 80319, Failure refs: 7
Batch update: 48 refs added, 1 existing refs removed (0 new refs dominated)
Survival: 48 refs added, 1 removed (from 48 certificates)
---
Round: 1685, Unk. prob.: 2.744e-01
Upper probs: 7.256e-01, Lower probs: 0.000e+00
No. of non-dominant refs: 80373, Survival refs: 80366, Failure refs: 7
Batch update: 48 refs added, 0 existing refs removed (0 new refs dominated)
Survival: 48 refs added, 0 removed (from 48 certificates)
---
Round: 1686, Unk. prob.: 2.771e-01
Upper probs: 7.229e-01, Lower probs: 4.000e-05
No. of non-dominant refs: 80421, Survival refs: 80414, Failure refs: 7
Batch update: 48 refs added, 0 existing refs removed (0 new refs dominated)
Survival: 48 refs added, 0 removed (from 48 certificates)
---
Round: 1687, Unk. prob.: 2.765e-01
Upper probs: 7.234e-01, Lower probs: 3.000e-05
No. of non-dominant refs: 80469, Survival refs: 80462, Failure refs: 7
Batch update: 48 refs added, 0 existing refs removed (0 new refs dominated)
Survival: 48 refs added, 0 removed (from 48 certificates)
---
Round: 1688, Unk. prob.: 2.746e-01
Upper probs: 7.254e-01, Lower probs: 2.000e-05
No. of non-dominant refs: 80517, Survival refs: 80510, Failure refs: 7
Batch update: 48 refs added, 0 existing refs removed (0 new refs dominated)
Survival: 48 refs added, 0 removed (from 48 certificates)
---
Round: 1689, Unk. prob.: 2.753e-01
Upper probs: 7.246e-01, Lower probs: 5.000e-05
No. of non-dominant refs: 80565, Survival refs: 80558, Failure refs: 7
Batch update: 48 refs added, 0 existing refs removed (0 new refs dominated)
Survival: 48 refs added, 0 removed (from 48 certificates)
---
Round: 1690, Unk. prob.: 2.768e-01
Upper probs: 7.232e-01, Lower probs: 3.000e-05
No. of non-dominant refs: 80613, Survival refs: 80606, Failure refs: 7
Batch update: 48 refs added, 0 existing refs removed (0 new refs dominated)
Survival: 48 refs added, 0 removed (from 48 certificates)
---
Round: 1691, Unk. prob.: 2.738e-01
Upper probs: 7.262e-01, Lower probs: 3.000e-05
No. of non-dominant refs: 80661, Survival refs: 80654, Failure refs: 7
Batch update: 48 refs added, 0 existing refs removed (0 new refs dominated)
Survival: 48 refs added, 0 removed (from 48 certificates)
---
Round: 1692, Unk. prob.: 2.757e-01
Upper probs: 7.242e-01, Lower probs: 3.000e-05
No. of non-dominant refs: 80709, Survival refs: 80702, Failure refs: 7
Batch update: 48 refs added, 0 existing refs removed (0 new refs dominated)
Survival: 48 refs added, 0 removed (from 48 certificates)
---
Round: 1693, Unk. prob.: 2.746e-01
Upper probs: 7.254e-01, Lower probs: 3.000e-05
No. of non-dominant refs: 80757, Survival refs: 80750, Failure refs: 7
Batch update: 48 refs added, 0 existing refs removed (0 new refs dominated)
Survival: 48 refs added, 0 removed (from 48 certificates)
---
Round: 1694, Unk. prob.: 2.757e-01
Upper probs: 7.243e-01, Lower probs: 2.000e-05
No. of non-dominant refs: 80805, Survival refs: 80798, Failure refs: 7
Batch update: 48 refs added, 0 existing refs removed (0 new refs dominated)
Survival: 48 refs added, 0 removed (from 48 certificates)
---
Round: 1695, Unk. prob.: 2.751e-01
Upper probs: 7.249e-01, Lower probs: 1.000e-05
No. of non-dominant refs: 80853, Survival refs: 80846, Failure refs: 7
Batch update: 48 refs added, 0 existing refs removed (0 new refs dominated)
Survival: 48 refs added, 0 removed (from 48 certificates)
---
Round: 1696, Unk. prob.: 2.727e-01
Upper probs: 7.273e-01, Lower probs: 4.000e-05
No. of non-dominant refs: 80901, Survival refs: 80894, Failure refs: 7
Batch update: 48 refs added, 0 existing refs removed (0 new refs dominated)
Survival: 48 refs added, 0 removed (from 48 certificates)
---
Round: 1697, Unk. prob.: 2.750e-01
Upper probs: 7.249e-01, Lower probs: 3.000e-05
No. of non-dominant refs: 80949, Survival refs: 80942, Failure refs: 7
Batch update: 48 refs added, 0 existing refs removed (0 new refs dominated)
Survival: 48 refs added, 0 removed (from 48 certificates)
---
Round: 1698, Unk. prob.: 2.726e-01
Upper probs: 7.274e-01, Lower probs: 2.000e-05
No. of non-dominant refs: 80997, Survival refs: 80990, Failure refs: 7
Batch update: 48 refs added, 0 existing refs removed (0 new refs dominated)
Survival: 48 refs added, 0 removed (from 48 certificates)
---
Round: 1699, Unk. prob.: 2.745e-01
Upper probs: 7.255e-01, Lower probs: 1.000e-05
No. of non-dominant refs: 81045, Survival refs: 81038, Failure refs: 7
Batch update: 48 refs added, 0 existing refs removed (0 new refs dominated)
Survival: 48 refs added, 0 removed (from 48 certificates)
---
Round: 1700, Unk. prob.: 2.746e-01
Upper probs: 7.254e-01, Lower probs: 1.000e-05
No. of non-dominant refs: 81093, Survival refs: 81086, Failure refs: 7
Batch update: 48 refs added, 0 existing refs removed (0 new refs dominated)
Survival: 48 refs added, 0 removed (from 48 certificates)
---
Round: 1701, Unk. prob.: 2.738e-01
Upper probs: 7.262e-01, Lower probs: 1.000e-05
No. of non-dominant refs: 81141, Survival refs: 81134, Failure refs: 7
Batch update: 48 refs added, 1 existing refs removed (0 new refs dominated)
Survival: 48 refs added, 1 removed (from 48 certificates)
---
Round: 1702, Unk. prob.: 2.749e-01
Upper probs: 7.251e-01, Lower probs: 4.000e-05
No. of non-dominant refs: 81188, Survival refs: 81181, Failure refs: 7
Batch update: 48 refs added, 1 existing refs removed (0 new refs dominated)
Survival: 48 refs added, 1 removed (from 48 certificates)
---
Round: 1703, Unk. prob.: 2.755e-01
Upper probs: 7.245e-01, Lower probs: 2.000e-05
No. of non-dominant refs: 81235, Survival refs: 81228, Failure refs: 7
Batch update: 48 refs added, 0 existing refs removed (0 new refs dominated)
Survival: 48 refs added, 0 removed (from 48 certificates)
---
Round: 1704, Unk. prob.: 2.779e-01
Upper probs: 7.220e-01, Lower probs: 4.000e-05
No. of non-dominant refs: 81283, Survival refs: 81276, Failure refs: 7
Batch update: 48 refs added, 0 existing refs removed (0 new refs dominated)
Survival: 48 refs added, 0 removed (from 48 certificates)
---
Round: 1705, Unk. prob.: 2.718e-01
Upper probs: 7.281e-01, Lower probs: 5.000e-05
No. of non-dominant refs: 81331, Survival refs: 81324, Failure refs: 7
Batch update: 48 refs added, 0 existing refs removed (0 new refs dominated)
Survival: 48 refs added, 0 removed (from 48 certificates)
---
Round: 1706, Unk. prob.: 2.745e-01
Upper probs: 7.255e-01, Lower probs: 2.000e-05
No. of non-dominant refs: 81379, Survival refs: 81372, Failure refs: 7
Batch update: 48 refs added, 1 existing refs removed (0 new refs dominated)
Survival: 48 refs added, 1 removed (from 48 certificates)
---
Round: 1707, Unk. prob.: 2.727e-01
Upper probs: 7.273e-01, Lower probs: 3.000e-05
No. of non-dominant refs: 81426, Survival refs: 81419, Failure refs: 7
Batch update: 48 refs added, 0 existing refs removed (0 new refs dominated)
Survival: 48 refs added, 0 removed (from 48 certificates)
---
Round: 1708, Unk. prob.: 2.762e-01
Upper probs: 7.238e-01, Lower probs: 2.000e-05
No. of non-dominant refs: 81474, Survival refs: 81467, Failure refs: 7
Batch update: 48 refs added, 0 existing refs removed (0 new refs dominated)
Survival: 48 refs added, 0 removed (from 48 certificates)
---
Round: 1709, Unk. prob.: 2.737e-01
Upper probs: 7.263e-01, Lower probs: 5.000e-05
No. of non-dominant refs: 81522, Survival refs: 81515, Failure refs: 7
Batch update: 47 refs added, 0 existing refs removed (0 new refs dominated)
Survival: 47 refs added, 0 removed (from 47 certificates)
Failure cuts: 1 added (total 41)
---
Round: 1710, Unk. prob.: 2.729e-01
Upper probs: 7.271e-01, Lower probs: 3.000e-05
No. of non-dominant refs: 81569, Survival refs: 81562, Failure refs: 7
Batch update: 48 refs added, 1 existing refs removed (0 new refs dominated)
Survival: 48 refs added, 1 removed (from 48 certificates)
---
Round: 1711, Unk. prob.: 2.734e-01
Upper probs: 7.266e-01, Lower probs: 3.000e-05
No. of non-dominant refs: 81616, Survival refs: 81609, Failure refs: 7
Batch update: 48 refs added, 0 existing refs removed (0 new refs dominated)
Survival: 48 refs added, 0 removed (from 48 certificates)
---
Round: 1712, Unk. prob.: 2.759e-01
Upper probs: 7.240e-01, Lower probs: 5.000e-05
No. of non-dominant refs: 81664, Survival refs: 81657, Failure refs: 7
Batch update: 48 refs added, 0 existing refs removed (0 new refs dominated)
Survival: 48 refs added, 0 removed (from 48 certificates)
---
Round: 1713, Unk. prob.: 2.740e-01
Upper probs: 7.260e-01, Lower probs: 1.000e-05
No. of non-dominant refs: 81712, Survival refs: 81705, Failure refs: 7
Batch update: 48 refs added, 1 existing refs removed (0 new refs dominated)
Survival: 48 refs added, 1 removed (from 48 certificates)
---
Round: 1714, Unk. prob.: 2.764e-01
Upper probs: 7.236e-01, Lower probs: 2.000e-05
No. of non-dominant refs: 81759, Survival refs: 81752, Failure refs: 7
Batch update: 48 refs added, 1 existing refs removed (0 new refs dominated)
Survival: 48 refs added, 1 removed (from 48 certificates)
---
Round: 1715, Unk. prob.: 2.728e-01
Upper probs: 7.272e-01, Lower probs: 3.000e-05
No. of non-dominant refs: 81806, Survival refs: 81799, Failure refs: 7
Batch update: 48 refs added, 1 existing refs removed (0 new refs dominated)
Survival: 48 refs added, 1 removed (from 48 certificates)
---
Round: 1716, Unk. prob.: 2.749e-01
Upper probs: 7.250e-01, Lower probs: 4.000e-05
No. of non-dominant refs: 81853, Survival refs: 81846, Failure refs: 7
Batch update: 48 refs added, 0 existing refs removed (0 new refs dominated)
Survival: 48 refs added, 0 removed (from 48 certificates)
---
Round: 1717, Unk. prob.: 2.735e-01
Upper probs: 7.264e-01, Lower probs: 1.000e-04
No. of non-dominant refs: 81901, Survival refs: 81894, Failure refs: 7
Batch update: 48 refs added, 0 existing refs removed (0 new refs dominated)
Survival: 48 refs added, 0 removed (from 48 certificates)
---
Round: 1718, Unk. prob.: 2.735e-01
Upper probs: 7.265e-01, Lower probs: 3.000e-05
No. of non-dominant refs: 81949, Survival refs: 81942, Failure refs: 7
Batch update: 48 refs added, 0 existing refs removed (0 new refs dominated)
Survival: 48 refs added, 0 removed (from 48 certificates)
---
Round: 1719, Unk. prob.: 2.754e-01
Upper probs: 7.246e-01, Lower probs: 4.000e-05
No. of non-dominant refs: 81997, Survival refs: 81990, Failure refs: 7
Batch update: 48 refs added, 0 existing refs removed (0 new refs dominated)
Survival: 48 refs added, 0 removed (from 48 certificates)
---
Round: 1720, Unk. prob.: 2.756e-01
Upper probs: 7.243e-01, Lower probs: 3.000e-05
No. of non-dominant refs: 82045, Survival refs: 82038, Failure refs: 7
Batch update: 48 refs added, 0 existing refs removed (0 new refs dominated)
Survival: 48 refs added, 0 removed (from 48 certificates)
---
Round: 1721, Unk. prob.: 2.713e-01
Upper probs: 7.287e-01, Lower probs: 4.000e-05
No. of non-dominant refs: 82093, Survival refs: 82086, Failure refs: 7
Batch update: 48 refs added, 0 existing refs removed (0 new refs dominated)
Survival: 48 refs added, 0 removed (from 48 certificates)
---
Round: 1722, Unk. prob.: 2.735e-01
Upper probs: 7.265e-01, Lower probs: 4.000e-05
No. of non-dominant refs: 82141, Survival refs: 82134, Failure refs: 7
Batch update: 48 refs added, 0 existing refs removed (0 new refs dominated)
Survival: 48 refs added, 0 removed (from 48 certificates)
---
Round: 1723, Unk. prob.: 2.751e-01
Upper probs: 7.248e-01, Lower probs: 2.000e-05
No. of non-dominant refs: 82189, Survival refs: 82182, Failure refs: 7
Batch update: 48 refs added, 0 existing refs removed (0 new refs dominated)
Survival: 48 refs added, 0 removed (from 48 certificates)
---
Round: 1724, Unk. prob.: 2.747e-01
Upper probs: 7.253e-01, Lower probs: 1.000e-05
No. of non-dominant refs: 82237, Survival refs: 82230, Failure refs: 7
Batch update: 48 refs added, 0 existing refs removed (0 new refs dominated)
Survival: 48 refs added, 0 removed (from 48 certificates)
---
Round: 1725, Unk. prob.: 2.727e-01
Upper probs: 7.272e-01, Lower probs: 6.000e-05
No. of non-dominant refs: 82285, Survival refs: 82278, Failure refs: 7
Batch update: 48 refs added, 0 existing refs removed (0 new refs dominated)
Survival: 48 refs added, 0 removed (from 48 certificates)
---
Round: 1726, Unk. prob.: 2.719e-01
Upper probs: 7.281e-01, Lower probs: 5.000e-05
No. of non-dominant refs: 82333, Survival refs: 82326, Failure refs: 7
Batch update: 48 refs added, 0 existing refs removed (0 new refs dominated)
Survival: 48 refs added, 0 removed (from 48 certificates)
---
Round: 1727, Unk. prob.: 2.722e-01
Upper probs: 7.277e-01, Lower probs: 5.000e-05
No. of non-dominant refs: 82381, Survival refs: 82374, Failure refs: 7
Batch update: 48 refs added, 0 existing refs removed (0 new refs dominated)
Survival: 48 refs added, 0 removed (from 48 certificates)
---
Round: 1728, Unk. prob.: 2.754e-01
Upper probs: 7.246e-01, Lower probs: 3.000e-05
No. of non-dominant refs: 82429, Survival refs: 82422, Failure refs: 7
Batch update: 48 refs added, 2 existing refs removed (0 new refs dominated)
Survival: 48 refs added, 2 removed (from 48 certificates)
---
Round: 1729, Unk. prob.: 2.735e-01
Upper probs: 7.265e-01, Lower probs: 4.000e-05
No. of non-dominant refs: 82475, Survival refs: 82468, Failure refs: 7
Batch update: 48 refs added, 0 existing refs removed (0 new refs dominated)
Survival: 48 refs added, 0 removed (from 48 certificates)
---
Round: 1730, Unk. prob.: 2.729e-01
Upper probs: 7.271e-01, Lower probs: 3.000e-05
No. of non-dominant refs: 82523, Survival refs: 82516, Failure refs: 7
Batch update: 48 refs added, 0 existing refs removed (0 new refs dominated)
Survival: 48 refs added, 0 removed (from 48 certificates)
---
Round: 1731, Unk. prob.: 2.726e-01
Upper probs: 7.273e-01, Lower probs: 8.000e-05
No. of non-dominant refs: 82571, Survival refs: 82564, Failure refs: 7
Batch update: 48 refs added, 0 existing refs removed (0 new refs dominated)
Survival: 48 refs added, 0 removed (from 48 certificates)
---
Round: 1732, Unk. prob.: 2.748e-01
Upper probs: 7.252e-01, Lower probs: 3.000e-05
No. of non-dominant refs: 82619, Survival refs: 82612, Failure refs: 7
Batch update: 48 refs added, 0 existing refs removed (0 new refs dominated)
Survival: 48 refs added, 0 removed (from 48 certificates)
---
Round: 1733, Unk. prob.: 2.716e-01
Upper probs: 7.284e-01, Lower probs: 1.000e-05
No. of non-dominant refs: 82667, Survival refs: 82660, Failure refs: 7
Batch update: 48 refs added, 1 existing refs removed (0 new refs dominated)
Survival: 48 refs added, 1 removed (from 48 certificates)
---
Round: 1734, Unk. prob.: 2.739e-01
Upper probs: 7.261e-01, Lower probs: 2.000e-05
No. of non-dominant refs: 82714, Survival refs: 82707, Failure refs: 7
Batch update: 48 refs added, 0 existing refs removed (0 new refs dominated)
Survival: 48 refs added, 0 removed (from 48 certificates)
---
Round: 1735, Unk. prob.: 2.737e-01
Upper probs: 7.263e-01, Lower probs: 4.000e-05
No. of non-dominant refs: 82762, Survival refs: 82755, Failure refs: 7
Batch update: 48 refs added, 0 existing refs removed (0 new refs dominated)
Survival: 48 refs added, 0 removed (from 48 certificates)
---
Round: 1736, Unk. prob.: 2.730e-01
Upper probs: 7.270e-01, Lower probs: 2.000e-05
No. of non-dominant refs: 82810, Survival refs: 82803, Failure refs: 7
Batch update: 48 refs added, 0 existing refs removed (0 new refs dominated)
Survival: 48 refs added, 0 removed (from 48 certificates)
---
Round: 1737, Unk. prob.: 2.755e-01
Upper probs: 7.245e-01, Lower probs: 6.000e-05
No. of non-dominant refs: 82858, Survival refs: 82851, Failure refs: 7
Batch update: 48 refs added, 0 existing refs removed (0 new refs dominated)
Survival: 48 refs added, 0 removed (from 48 certificates)
---
Round: 1738, Unk. prob.: 2.738e-01
Upper probs: 7.262e-01, Lower probs: 2.000e-05
No. of non-dominant refs: 82906, Survival refs: 82899, Failure refs: 7
Batch update: 48 refs added, 0 existing refs removed (0 new refs dominated)
Survival: 48 refs added, 0 removed (from 48 certificates)
---
Round: 1739, Unk. prob.: 2.741e-01
Upper probs: 7.258e-01, Lower probs: 4.000e-05
No. of non-dominant refs: 82954, Survival refs: 82947, Failure refs: 7
Batch update: 48 refs added, 0 existing refs removed (0 new refs dominated)
Survival: 48 refs added, 0 removed (from 48 certificates)
---
Round: 1740, Unk. prob.: 2.741e-01
Upper probs: 7.259e-01, Lower probs: 1.000e-05
No. of non-dominant refs: 83002, Survival refs: 82995, Failure refs: 7
Batch update: 48 refs added, 1 existing refs removed (0 new refs dominated)
Survival: 48 refs added, 1 removed (from 48 certificates)
---
Round: 1741, Unk. prob.: 2.741e-01
Upper probs: 7.259e-01, Lower probs: 3.000e-05
No. of non-dominant refs: 83049, Survival refs: 83042, Failure refs: 7
Batch update: 48 refs added, 0 existing refs removed (0 new refs dominated)
Survival: 48 refs added, 0 removed (from 48 certificates)
---
Round: 1742, Unk. prob.: 2.742e-01
Upper probs: 7.257e-01, Lower probs: 3.000e-05
No. of non-dominant refs: 83097, Survival refs: 83090, Failure refs: 7
Batch update: 48 refs added, 1 existing refs removed (0 new refs dominated)
Survival: 48 refs added, 1 removed (from 48 certificates)
---
Round: 1743, Unk. prob.: 2.757e-01
Upper probs: 7.242e-01, Lower probs: 4.000e-05
No. of non-dominant refs: 83144, Survival refs: 83137, Failure refs: 7
Batch update: 48 refs added, 0 existing refs removed (0 new refs dominated)
Survival: 48 refs added, 0 removed (from 48 certificates)
---
Round: 1744, Unk. prob.: 2.732e-01
Upper probs: 7.268e-01, Lower probs: 1.000e-05
No. of non-dominant refs: 83192, Survival refs: 83185, Failure refs: 7
Batch update: 48 refs added, 0 existing refs removed (0 new refs dominated)
Survival: 48 refs added, 0 removed (from 48 certificates)
---
Round: 1745, Unk. prob.: 2.727e-01
Upper probs: 7.272e-01, Lower probs: 4.000e-05
No. of non-dominant refs: 83240, Survival refs: 83233, Failure refs: 7
Batch update: 48 refs added, 0 existing refs removed (0 new refs dominated)
Survival: 48 refs added, 0 removed (from 48 certificates)
---
Round: 1746, Unk. prob.: 2.716e-01
Upper probs: 7.283e-01, Lower probs: 4.000e-05
No. of non-dominant refs: 83288, Survival refs: 83281, Failure refs: 7
Batch update: 48 refs added, 0 existing refs removed (0 new refs dominated)
Survival: 48 refs added, 0 removed (from 48 certificates)
---
Round: 1747, Unk. prob.: 2.724e-01
Upper probs: 7.276e-01, Lower probs: 3.000e-05
No. of non-dominant refs: 83336, Survival refs: 83329, Failure refs: 7
Batch update: 48 refs added, 0 existing refs removed (0 new refs dominated)
Survival: 48 refs added, 0 removed (from 48 certificates)
---
Round: 1748, Unk. prob.: 2.734e-01
Upper probs: 7.266e-01, Lower probs: 3.000e-05
No. of non-dominant refs: 83384, Survival refs: 83377, Failure refs: 7
Batch update: 48 refs added, 0 existing refs removed (0 new refs dominated)
Survival: 48 refs added, 0 removed (from 48 certificates)
---
Round: 1749, Unk. prob.: 2.723e-01
Upper probs: 7.277e-01, Lower probs: 5.000e-05
No. of non-dominant refs: 83432, Survival refs: 83425, Failure refs: 7
Batch update: 48 refs added, 0 existing refs removed (0 new refs dominated)
Survival: 48 refs added, 0 removed (from 48 certificates)
---
Round: 1750, Unk. prob.: 2.728e-01
Upper probs: 7.271e-01, Lower probs: 7.000e-05
No. of non-dominant refs: 83480, Survival refs: 83473, Failure refs: 7
Batch update: 48 refs added, 0 existing refs removed (0 new refs dominated)
Survival: 48 refs added, 0 removed (from 48 certificates)
---
Round: 1751, Unk. prob.: 2.740e-01
Upper probs: 7.259e-01, Lower probs: 4.000e-05
No. of non-dominant refs: 83528, Survival refs: 83521, Failure refs: 7
Batch update: 48 refs added, 0 existing refs removed (0 new refs dominated)
Survival: 48 refs added, 0 removed (from 48 certificates)
---
Round: 1752, Unk. prob.: 2.727e-01
Upper probs: 7.272e-01, Lower probs: 2.000e-05
No. of non-dominant refs: 83576, Survival refs: 83569, Failure refs: 7
Batch update: 48 refs added, 0 existing refs removed (0 new refs dominated)
Survival: 48 refs added, 0 removed (from 48 certificates)
---
Round: 1753, Unk. prob.: 2.715e-01
Upper probs: 7.285e-01, Lower probs: 2.000e-05
No. of non-dominant refs: 83624, Survival refs: 83617, Failure refs: 7
Batch update: 48 refs added, 1 existing refs removed (0 new refs dominated)
Survival: 48 refs added, 1 removed (from 48 certificates)
---
Round: 1754, Unk. prob.: 2.730e-01
Upper probs: 7.270e-01, Lower probs: 0.000e+00
No. of non-dominant refs: 83671, Survival refs: 83664, Failure refs: 7
Batch update: 48 refs added, 0 existing refs removed (0 new refs dominated)
Survival: 48 refs added, 0 removed (from 48 certificates)
---
Round: 1755, Unk. prob.: 2.734e-01
Upper probs: 7.265e-01, Lower probs: 4.000e-05
No. of non-dominant refs: 83719, Survival refs: 83712, Failure refs: 7
Batch update: 48 refs added, 0 existing refs removed (0 new refs dominated)
Survival: 48 refs added, 0 removed (from 48 certificates)
---
Round: 1756, Unk. prob.: 2.723e-01
Upper probs: 7.277e-01, Lower probs: 3.000e-05
No. of non-dominant refs: 83767, Survival refs: 83760, Failure refs: 7
Batch update: 48 refs added, 0 existing refs removed (0 new refs dominated)
Survival: 48 refs added, 0 removed (from 48 certificates)
---
Round: 1757, Unk. prob.: 2.716e-01
Upper probs: 7.284e-01, Lower probs: 5.000e-05
No. of non-dominant refs: 83815, Survival refs: 83808, Failure refs: 7
Batch update: 48 refs added, 2 existing refs removed (0 new refs dominated)
Survival: 48 refs added, 2 removed (from 48 certificates)
---
Round: 1758, Unk. prob.: 2.743e-01
Upper probs: 7.256e-01, Lower probs: 7.000e-05
No. of non-dominant refs: 83861, Survival refs: 83854, Failure refs: 7
Batch update: 48 refs added, 0 existing refs removed (0 new refs dominated)
Survival: 48 refs added, 0 removed (from 48 certificates)
---
Round: 1759, Unk. prob.: 2.713e-01
Upper probs: 7.286e-01, Lower probs: 3.000e-05
No. of non-dominant refs: 83909, Survival refs: 83902, Failure refs: 7
Batch update: 48 refs added, 1 existing refs removed (0 new refs dominated)
Survival: 48 refs added, 1 removed (from 48 certificates)
---
Round: 1760, Unk. prob.: 2.748e-01
Upper probs: 7.252e-01, Lower probs: 2.000e-05
No. of non-dominant refs: 83956, Survival refs: 83949, Failure refs: 7
Batch update: 48 refs added, 0 existing refs removed (0 new refs dominated)
Survival: 48 refs added, 0 removed (from 48 certificates)
---
Round: 1761, Unk. prob.: 2.732e-01
Upper probs: 7.268e-01, Lower probs: 4.000e-05
No. of non-dominant refs: 84004, Survival refs: 83997, Failure refs: 7
Batch update: 48 refs added, 0 existing refs removed (0 new refs dominated)
Survival: 48 refs added, 0 removed (from 48 certificates)
---
Round: 1762, Unk. prob.: 2.747e-01
Upper probs: 7.253e-01, Lower probs: 1.000e-05
No. of non-dominant refs: 84052, Survival refs: 84045, Failure refs: 7
Batch update: 48 refs added, 1 existing refs removed (0 new refs dominated)
Survival: 48 refs added, 1 removed (from 48 certificates)
---
Round: 1763, Unk. prob.: 2.723e-01
Upper probs: 7.277e-01, Lower probs: 4.000e-05
No. of non-dominant refs: 84099, Survival refs: 84092, Failure refs: 7
Batch update: 48 refs added, 0 existing refs removed (0 new refs dominated)
Survival: 48 refs added, 0 removed (from 48 certificates)
---
Round: 1764, Unk. prob.: 2.720e-01
Upper probs: 7.280e-01, Lower probs: 2.000e-05
No. of non-dominant refs: 84147, Survival refs: 84140, Failure refs: 7
Batch update: 48 refs added, 1 existing refs removed (0 new refs dominated)
Survival: 48 refs added, 1 removed (from 48 certificates)
---
Round: 1765, Unk. prob.: 2.714e-01
Upper probs: 7.286e-01, Lower probs: 2.000e-05
No. of non-dominant refs: 84194, Survival refs: 84187, Failure refs: 7
Batch update: 48 refs added, 0 existing refs removed (0 new refs dominated)
Survival: 48 refs added, 0 removed (from 48 certificates)
---
Round: 1766, Unk. prob.: 2.730e-01
Upper probs: 7.269e-01, Lower probs: 6.000e-05
No. of non-dominant refs: 84242, Survival refs: 84235, Failure refs: 7
Batch update: 48 refs added, 0 existing refs removed (0 new refs dominated)
Survival: 48 refs added, 0 removed (from 48 certificates)
---
Round: 1767, Unk. prob.: 2.748e-01
Upper probs: 7.252e-01, Lower probs: 1.000e-05
No. of non-dominant refs: 84290, Survival refs: 84283, Failure refs: 7
Batch update: 48 refs added, 1 existing refs removed (0 new refs dominated)
Survival: 48 refs added, 1 removed (from 48 certificates)
---
Round: 1768, Unk. prob.: 2.748e-01
Upper probs: 7.252e-01, Lower probs: 1.000e-05
No. of non-dominant refs: 84337, Survival refs: 84330, Failure refs: 7
Batch update: 48 refs added, 1 existing refs removed (0 new refs dominated)
Survival: 48 refs added, 1 removed (from 48 certificates)
---
Round: 1769, Unk. prob.: 2.737e-01
Upper probs: 7.263e-01, Lower probs: 4.000e-05
No. of non-dominant refs: 84384, Survival refs: 84377, Failure refs: 7
Batch update: 48 refs added, 0 existing refs removed (0 new refs dominated)
Survival: 48 refs added, 0 removed (from 48 certificates)
---
Round: 1770, Unk. prob.: 2.735e-01
Upper probs: 7.265e-01, Lower probs: 4.000e-05
No. of non-dominant refs: 84432, Survival refs: 84425, Failure refs: 7
Batch update: 48 refs added, 0 existing refs removed (0 new refs dominated)
Survival: 48 refs added, 0 removed (from 48 certificates)
---
Round: 1771, Unk. prob.: 2.716e-01
Upper probs: 7.283e-01, Lower probs: 5.000e-05
No. of non-dominant refs: 84480, Survival refs: 84473, Failure refs: 7
Batch update: 48 refs added, 0 existing refs removed (0 new refs dominated)
Survival: 48 refs added, 0 removed (from 48 certificates)
---
Round: 1772, Unk. prob.: 2.731e-01
Upper probs: 7.269e-01, Lower probs: 6.000e-05
No. of non-dominant refs: 84528, Survival refs: 84521, Failure refs: 7
Batch update: 48 refs added, 0 existing refs removed (0 new refs dominated)
Survival: 48 refs added, 0 removed (from 48 certificates)
---
Round: 1773, Unk. prob.: 2.724e-01
Upper probs: 7.275e-01, Lower probs: 5.000e-05
No. of non-dominant refs: 84576, Survival refs: 84569, Failure refs: 7
Batch update: 48 refs added, 1 existing refs removed (0 new refs dominated)
Survival: 48 refs added, 1 removed (from 48 certificates)
---
Round: 1774, Unk. prob.: 2.731e-01
Upper probs: 7.269e-01, Lower probs: 2.000e-05
No. of non-dominant refs: 84623, Survival refs: 84616, Failure refs: 7
Batch update: 48 refs added, 0 existing refs removed (0 new refs dominated)
Survival: 48 refs added, 0 removed (from 48 certificates)
---
Round: 1775, Unk. prob.: 2.739e-01
Upper probs: 7.260e-01, Lower probs: 5.000e-05
No. of non-dominant refs: 84671, Survival refs: 84664, Failure refs: 7
Batch update: 48 refs added, 0 existing refs removed (0 new refs dominated)
Survival: 48 refs added, 0 removed (from 48 certificates)
---
Round: 1776, Unk. prob.: 2.714e-01
Upper probs: 7.286e-01, Lower probs: 1.000e-05
No. of non-dominant refs: 84719, Survival refs: 84712, Failure refs: 7
Batch update: 48 refs added, 0 existing refs removed (0 new refs dominated)
Survival: 48 refs added, 0 removed (from 48 certificates)
---
Round: 1777, Unk. prob.: 2.712e-01
Upper probs: 7.287e-01, Lower probs: 2.000e-05
No. of non-dominant refs: 84767, Survival refs: 84760, Failure refs: 7
Batch update: 48 refs added, 1 existing refs removed (0 new refs dominated)
Survival: 48 refs added, 1 removed (from 48 certificates)
---
Round: 1778, Unk. prob.: 2.720e-01
Upper probs: 7.279e-01, Lower probs: 3.000e-05
No. of non-dominant refs: 84814, Survival refs: 84807, Failure refs: 7
Batch update: 48 refs added, 0 existing refs removed (0 new refs dominated)
Survival: 48 refs added, 0 removed (from 48 certificates)
---
Round: 1779, Unk. prob.: 2.722e-01
Upper probs: 7.278e-01, Lower probs: 0.000e+00
No. of non-dominant refs: 84862, Survival refs: 84855, Failure refs: 7
Batch update: 48 refs added, 0 existing refs removed (0 new refs dominated)
Survival: 48 refs added, 0 removed (from 48 certificates)
---
Round: 1780, Unk. prob.: 2.701e-01
Upper probs: 7.299e-01, Lower probs: 2.000e-05
No. of non-dominant refs: 84910, Survival refs: 84903, Failure refs: 7
Batch update: 47 refs added, 0 existing refs removed (0 new refs dominated)
Survival: 47 refs added, 0 removed (from 47 certificates)
Batch update: 1 refs added, 0 existing refs removed (0 new refs dominated)
Failure: 1 refs added, 0 removed (from 1 candidates)
---
Round: 1781, Unk. prob.: 2.715e-01
Upper probs: 7.284e-01, Lower probs: 3.000e-05
No. of non-dominant refs: 84958, Survival refs: 84950, Failure refs: 8
Batch update: 48 refs added, 0 existing refs removed (0 new refs dominated)
Survival: 48 refs added, 0 removed (from 48 certificates)
---
Round: 1782, Unk. prob.: 2.693e-01
Upper probs: 7.307e-01, Lower probs: 1.000e-05
No. of non-dominant refs: 85006, Survival refs: 84998, Failure refs: 8
Batch update: 48 refs added, 1 existing refs removed (0 new refs dominated)
Survival: 48 refs added, 1 removed (from 48 certificates)
---
Round: 1783, Unk. prob.: 2.728e-01
Upper probs: 7.272e-01, Lower probs: 1.000e-05
No. of non-dominant refs: 85053, Survival refs: 85045, Failure refs: 8
Batch update: 48 refs added, 0 existing refs removed (0 new refs dominated)
Survival: 48 refs added, 0 removed (from 48 certificates)
---
Round: 1784, Unk. prob.: 2.716e-01
Upper probs: 7.284e-01, Lower probs: 2.000e-05
No. of non-dominant refs: 85101, Survival refs: 85093, Failure refs: 8
Batch update: 48 refs added, 1 existing refs removed (0 new refs dominated)
Survival: 48 refs added, 1 removed (from 48 certificates)
---
Round: 1785, Unk. prob.: 2.729e-01
Upper probs: 7.271e-01, Lower probs: 6.000e-05
No. of non-dominant refs: 85148, Survival refs: 85140, Failure refs: 8
Batch update: 48 refs added, 0 existing refs removed (0 new refs dominated)
Survival: 48 refs added, 0 removed (from 48 certificates)
---
Round: 1786, Unk. prob.: 2.740e-01
Upper probs: 7.259e-01, Lower probs: 5.000e-05
No. of non-dominant refs: 85196, Survival refs: 85188, Failure refs: 8
Batch update: 48 refs added, 1 existing refs removed (0 new refs dominated)
Survival: 48 refs added, 1 removed (from 48 certificates)
---
Round: 1787, Unk. prob.: 2.721e-01
Upper probs: 7.278e-01, Lower probs: 6.000e-05
No. of non-dominant refs: 85243, Survival refs: 85235, Failure refs: 8
Batch update: 48 refs added, 0 existing refs removed (0 new refs dominated)
Survival: 48 refs added, 0 removed (from 48 certificates)
---
Round: 1788, Unk. prob.: 2.715e-01
Upper probs: 7.284e-01, Lower probs: 8.000e-05
No. of non-dominant refs: 85291, Survival refs: 85283, Failure refs: 8
Batch update: 48 refs added, 0 existing refs removed (0 new refs dominated)
Survival: 48 refs added, 0 removed (from 48 certificates)
---
Round: 1789, Unk. prob.: 2.706e-01
Upper probs: 7.294e-01, Lower probs: 3.000e-05
No. of non-dominant refs: 85339, Survival refs: 85331, Failure refs: 8
Batch update: 48 refs added, 0 existing refs removed (0 new refs dominated)
Survival: 48 refs added, 0 removed (from 48 certificates)
---
Round: 1790, Unk. prob.: 2.721e-01
Upper probs: 7.279e-01, Lower probs: 5.000e-05
No. of non-dominant refs: 85387, Survival refs: 85379, Failure refs: 8
Batch update: 48 refs added, 0 existing refs removed (0 new refs dominated)
Survival: 48 refs added, 0 removed (from 48 certificates)
---
Round: 1791, Unk. prob.: 2.716e-01
Upper probs: 7.284e-01, Lower probs: 2.000e-05
No. of non-dominant refs: 85435, Survival refs: 85427, Failure refs: 8
Batch update: 48 refs added, 0 existing refs removed (0 new refs dominated)
Survival: 48 refs added, 0 removed (from 48 certificates)
---
Round: 1792, Unk. prob.: 2.699e-01
Upper probs: 7.300e-01, Lower probs: 5.000e-05
No. of non-dominant refs: 85483, Survival refs: 85475, Failure refs: 8
Batch update: 48 refs added, 0 existing refs removed (0 new refs dominated)
Survival: 48 refs added, 0 removed (from 48 certificates)
---
Round: 1793, Unk. prob.: 2.724e-01
Upper probs: 7.276e-01, Lower probs: 3.000e-05
No. of non-dominant refs: 85531, Survival refs: 85523, Failure refs: 8
Batch update: 48 refs added, 1 existing refs removed (0 new refs dominated)
Survival: 48 refs added, 1 removed (from 48 certificates)
---
Round: 1794, Unk. prob.: 2.732e-01
Upper probs: 7.268e-01, Lower probs: 2.000e-05
No. of non-dominant refs: 85578, Survival refs: 85570, Failure refs: 8
Batch update: 48 refs added, 0 existing refs removed (0 new refs dominated)
Survival: 48 refs added, 0 removed (from 48 certificates)
---
Round: 1795, Unk. prob.: 2.707e-01
Upper probs: 7.293e-01, Lower probs: 4.000e-05
No. of non-dominant refs: 85626, Survival refs: 85618, Failure refs: 8
Batch update: 48 refs added, 1 existing refs removed (0 new refs dominated)
Survival: 48 refs added, 1 removed (from 48 certificates)
---
Round: 1796, Unk. prob.: 2.690e-01
Upper probs: 7.310e-01, Lower probs: 2.000e-05
No. of non-dominant refs: 85673, Survival refs: 85665, Failure refs: 8
Batch update: 48 refs added, 0 existing refs removed (0 new refs dominated)
Survival: 48 refs added, 0 removed (from 48 certificates)
---
Round: 1797, Unk. prob.: 2.719e-01
Upper probs: 7.280e-01, Lower probs: 5.000e-05
No. of non-dominant refs: 85721, Survival refs: 85713, Failure refs: 8
Batch update: 48 refs added, 0 existing refs removed (0 new refs dominated)
Survival: 48 refs added, 0 removed (from 48 certificates)
---
Round: 1798, Unk. prob.: 2.692e-01
Upper probs: 7.308e-01, Lower probs: 3.000e-05
No. of non-dominant refs: 85769, Survival refs: 85761, Failure refs: 8
Batch update: 48 refs added, 0 existing refs removed (0 new refs dominated)
Survival: 48 refs added, 0 removed (from 48 certificates)
---
Round: 1799, Unk. prob.: 2.706e-01
Upper probs: 7.294e-01, Lower probs: 4.000e-05
No. of non-dominant refs: 85817, Survival refs: 85809, Failure refs: 8
Batch update: 48 refs added, 1 existing refs removed (0 new refs dominated)
Survival: 48 refs added, 1 removed (from 48 certificates)
---
Round: 1800, Unk. prob.: 2.706e-01
Upper probs: 7.294e-01, Lower probs: 4.000e-05
No. of non-dominant refs: 85864, Survival refs: 85856, Failure refs: 8
Batch update: 48 refs added, 1 existing refs removed (0 new refs dominated)
Survival: 48 refs added, 1 removed (from 48 certificates)
---
Round: 1801, Unk. prob.: 2.700e-01
Upper probs: 7.300e-01, Lower probs: 3.000e-05
No. of non-dominant refs: 85911, Survival refs: 85903, Failure refs: 8
Batch update: 48 refs added, 0 existing refs removed (0 new refs dominated)
Survival: 48 refs added, 0 removed (from 48 certificates)
---
Round: 1802, Unk. prob.: 2.710e-01
Upper probs: 7.290e-01, Lower probs: 1.000e-05
No. of non-dominant refs: 85959, Survival refs: 85951, Failure refs: 8
Batch update: 48 refs added, 0 existing refs removed (0 new refs dominated)
Survival: 48 refs added, 0 removed (from 48 certificates)
---
Round: 1803, Unk. prob.: 2.720e-01
Upper probs: 7.279e-01, Lower probs: 3.000e-05
No. of non-dominant refs: 86007, Survival refs: 85999, Failure refs: 8
Batch update: 48 refs added, 0 existing refs removed (0 new refs dominated)
Survival: 48 refs added, 0 removed (from 48 certificates)
---
Round: 1804, Unk. prob.: 2.720e-01
Upper probs: 7.279e-01, Lower probs: 5.000e-05
No. of non-dominant refs: 86055, Survival refs: 86047, Failure refs: 8
Batch update: 48 refs added, 0 existing refs removed (0 new refs dominated)
Survival: 48 refs added, 0 removed (from 48 certificates)
---
Round: 1805, Unk. prob.: 2.722e-01
Upper probs: 7.278e-01, Lower probs: 2.000e-05
No. of non-dominant refs: 86103, Survival refs: 86095, Failure refs: 8
Batch update: 48 refs added, 0 existing refs removed (0 new refs dominated)
Survival: 48 refs added, 0 removed (from 48 certificates)
---
Round: 1806, Unk. prob.: 2.708e-01
Upper probs: 7.292e-01, Lower probs: 1.000e-05
No. of non-dominant refs: 86151, Survival refs: 86143, Failure refs: 8
Batch update: 48 refs added, 1 existing refs removed (0 new refs dominated)
Survival: 48 refs added, 1 removed (from 48 certificates)
---
Round: 1807, Unk. prob.: 2.709e-01
Upper probs: 7.290e-01, Lower probs: 5.000e-05
No. of non-dominant refs: 86198, Survival refs: 86190, Failure refs: 8
Batch update: 48 refs added, 0 existing refs removed (0 new refs dominated)
Survival: 48 refs added, 0 removed (from 48 certificates)
---
Round: 1808, Unk. prob.: 2.714e-01
Upper probs: 7.286e-01, Lower probs: 2.000e-05
No. of non-dominant refs: 86246, Survival refs: 86238, Failure refs: 8
Batch update: 48 refs added, 0 existing refs removed (0 new refs dominated)
Survival: 48 refs added, 0 removed (from 48 certificates)
---
Round: 1809, Unk. prob.: 2.692e-01
Upper probs: 7.308e-01, Lower probs: 2.000e-05
No. of non-dominant refs: 86294, Survival refs: 86286, Failure refs: 8
Batch update: 48 refs added, 0 existing refs removed (0 new refs dominated)
Survival: 48 refs added, 0 removed (from 48 certificates)
---
Round: 1810, Unk. prob.: 2.695e-01
Upper probs: 7.305e-01, Lower probs: 1.000e-05
No. of non-dominant refs: 86342, Survival refs: 86334, Failure refs: 8
Batch update: 48 refs added, 0 existing refs removed (0 new refs dominated)
Survival: 48 refs added, 0 removed (from 48 certificates)
---
Round: 1811, Unk. prob.: 2.695e-01
Upper probs: 7.304e-01, Lower probs: 5.000e-05
No. of non-dominant refs: 86390, Survival refs: 86382, Failure refs: 8
Batch update: 48 refs added, 0 existing refs removed (0 new refs dominated)
Survival: 48 refs added, 0 removed (from 48 certificates)
---
Round: 1812, Unk. prob.: 2.727e-01
Upper probs: 7.273e-01, Lower probs: 2.000e-05
No. of non-dominant refs: 86438, Survival refs: 86430, Failure refs: 8
Batch update: 48 refs added, 1 existing refs removed (0 new refs dominated)
Survival: 48 refs added, 1 removed (from 48 certificates)
---
Round: 1813, Unk. prob.: 2.720e-01
Upper probs: 7.280e-01, Lower probs: 1.000e-05
No. of non-dominant refs: 86485, Survival refs: 86477, Failure refs: 8
Batch update: 48 refs added, 0 existing refs removed (0 new refs dominated)
Survival: 48 refs added, 0 removed (from 48 certificates)
---
Round: 1814, Unk. prob.: 2.727e-01
Upper probs: 7.273e-01, Lower probs: 1.000e-05
No. of non-dominant refs: 86533, Survival refs: 86525, Failure refs: 8
Batch update: 48 refs added, 0 existing refs removed (0 new refs dominated)
Survival: 48 refs added, 0 removed (from 48 certificates)
---
Round: 1815, Unk. prob.: 2.711e-01
Upper probs: 7.289e-01, Lower probs: 3.000e-05
No. of non-dominant refs: 86581, Survival refs: 86573, Failure refs: 8
Batch update: 48 refs added, 0 existing refs removed (0 new refs dominated)
Survival: 48 refs added, 0 removed (from 48 certificates)
---
Round: 1816, Unk. prob.: 2.711e-01
Upper probs: 7.289e-01, Lower probs: 1.000e-05
No. of non-dominant refs: 86629, Survival refs: 86621, Failure refs: 8
Batch update: 48 refs added, 0 existing refs removed (0 new refs dominated)
Survival: 48 refs added, 0 removed (from 48 certificates)
---
Round: 1817, Unk. prob.: 2.724e-01
Upper probs: 7.275e-01, Lower probs: 4.000e-05
No. of non-dominant refs: 86677, Survival refs: 86669, Failure refs: 8
Batch update: 48 refs added, 0 existing refs removed (0 new refs dominated)
Survival: 48 refs added, 0 removed (from 48 certificates)
---
Round: 1818, Unk. prob.: 2.683e-01
Upper probs: 7.316e-01, Lower probs: 4.000e-05
No. of non-dominant refs: 86725, Survival refs: 86717, Failure refs: 8
Batch update: 48 refs added, 0 existing refs removed (0 new refs dominated)
Survival: 48 refs added, 0 removed (from 48 certificates)
---
Round: 1819, Unk. prob.: 2.710e-01
Upper probs: 7.289e-01, Lower probs: 3.000e-05
No. of non-dominant refs: 86773, Survival refs: 86765, Failure refs: 8
Batch update: 48 refs added, 0 existing refs removed (0 new refs dominated)
Survival: 48 refs added, 0 removed (from 48 certificates)
---
Round: 1820, Unk. prob.: 2.693e-01
Upper probs: 7.307e-01, Lower probs: 1.000e-05
No. of non-dominant refs: 86821, Survival refs: 86813, Failure refs: 8
Batch update: 48 refs added, 0 existing refs removed (0 new refs dominated)
Survival: 48 refs added, 0 removed (from 48 certificates)
---
Round: 1821, Unk. prob.: 2.733e-01
Upper probs: 7.267e-01, Lower probs: 1.000e-05
No. of non-dominant refs: 86869, Survival refs: 86861, Failure refs: 8
Batch update: 48 refs added, 0 existing refs removed (0 new refs dominated)
Survival: 48 refs added, 0 removed (from 48 certificates)
---
Round: 1822, Unk. prob.: 2.696e-01
Upper probs: 7.304e-01, Lower probs: 4.000e-05
No. of non-dominant refs: 86917, Survival refs: 86909, Failure refs: 8
Batch update: 48 refs added, 0 existing refs removed (0 new refs dominated)
Survival: 48 refs added, 0 removed (from 48 certificates)
---
Round: 1823, Unk. prob.: 2.679e-01
Upper probs: 7.321e-01, Lower probs: 2.000e-05
No. of non-dominant refs: 86965, Survival refs: 86957, Failure refs: 8
Batch update: 48 refs added, 1 existing refs removed (0 new refs dominated)
Survival: 48 refs added, 1 removed (from 48 certificates)
---
Round: 1824, Unk. prob.: 2.717e-01
Upper probs: 7.283e-01, Lower probs: 4.000e-05
No. of non-dominant refs: 87012, Survival refs: 87004, Failure refs: 8
Batch update: 48 refs added, 1 existing refs removed (0 new refs dominated)
Survival: 48 refs added, 1 removed (from 48 certificates)
---
Round: 1825, Unk. prob.: 2.681e-01
Upper probs: 7.318e-01, Lower probs: 3.000e-05
No. of non-dominant refs: 87059, Survival refs: 87051, Failure refs: 8
Batch update: 48 refs added, 2 existing refs removed (0 new refs dominated)
Survival: 48 refs added, 2 removed (from 48 certificates)
---
Round: 1826, Unk. prob.: 2.710e-01
Upper probs: 7.289e-01, Lower probs: 7.000e-05
No. of non-dominant refs: 87105, Survival refs: 87097, Failure refs: 8
Batch update: 48 refs added, 0 existing refs removed (0 new refs dominated)
Survival: 48 refs added, 0 removed (from 48 certificates)
---
Round: 1827, Unk. prob.: 2.711e-01
Upper probs: 7.289e-01, Lower probs: 3.000e-05
No. of non-dominant refs: 87153, Survival refs: 87145, Failure refs: 8
Batch update: 48 refs added, 0 existing refs removed (0 new refs dominated)
Survival: 48 refs added, 0 removed (from 48 certificates)
---
Round: 1828, Unk. prob.: 2.709e-01
Upper probs: 7.291e-01, Lower probs: 3.000e-05
No. of non-dominant refs: 87201, Survival refs: 87193, Failure refs: 8
Batch update: 48 refs added, 1 existing refs removed (0 new refs dominated)
Survival: 48 refs added, 1 removed (from 48 certificates)
---
Round: 1829, Unk. prob.: 2.696e-01
Upper probs: 7.304e-01, Lower probs: 3.000e-05
No. of non-dominant refs: 87248, Survival refs: 87240, Failure refs: 8
Batch update: 48 refs added, 0 existing refs removed (0 new refs dominated)
Survival: 48 refs added, 0 removed (from 48 certificates)
---
Round: 1830, Unk. prob.: 2.704e-01
Upper probs: 7.295e-01, Lower probs: 4.000e-05
No. of non-dominant refs: 87296, Survival refs: 87288, Failure refs: 8
Batch update: 48 refs added, 1 existing refs removed (0 new refs dominated)
Survival: 48 refs added, 1 removed (from 48 certificates)
---
Round: 1831, Unk. prob.: 2.693e-01
Upper probs: 7.307e-01, Lower probs: 0.000e+00
No. of non-dominant refs: 87343, Survival refs: 87335, Failure refs: 8
Batch update: 48 refs added, 0 existing refs removed (0 new refs dominated)
Survival: 48 refs added, 0 removed (from 48 certificates)
---
Round: 1832, Unk. prob.: 2.695e-01
Upper probs: 7.304e-01, Lower probs: 4.000e-05
No. of non-dominant refs: 87391, Survival refs: 87383, Failure refs: 8
Batch update: 48 refs added, 1 existing refs removed (0 new refs dominated)
Survival: 48 refs added, 1 removed (from 48 certificates)
---
Round: 1833, Unk. prob.: 2.686e-01
Upper probs: 7.313e-01, Lower probs: 7.000e-05
No. of non-dominant refs: 87438, Survival refs: 87430, Failure refs: 8
Batch update: 48 refs added, 0 existing refs removed (0 new refs dominated)
Survival: 48 refs added, 0 removed (from 48 certificates)
---
Round: 1834, Unk. prob.: 2.711e-01
Upper probs: 7.289e-01, Lower probs: 4.000e-05
No. of non-dominant refs: 87486, Survival refs: 87478, Failure refs: 8
Batch update: 48 refs added, 0 existing refs removed (0 new refs dominated)
Survival: 48 refs added, 0 removed (from 48 certificates)
---
Round: 1835, Unk. prob.: 2.698e-01
Upper probs: 7.301e-01, Lower probs: 1.000e-05
No. of non-dominant refs: 87534, Survival refs: 87526, Failure refs: 8
Batch update: 48 refs added, 0 existing refs removed (0 new refs dominated)
Survival: 48 refs added, 0 removed (from 48 certificates)
---
Round: 1836, Unk. prob.: 2.716e-01
Upper probs: 7.284e-01, Lower probs: 4.000e-05
No. of non-dominant refs: 87582, Survival refs: 87574, Failure refs: 8
Batch update: 48 refs added, 0 existing refs removed (0 new refs dominated)
Survival: 48 refs added, 0 removed (from 48 certificates)
---
Round: 1837, Unk. prob.: 2.680e-01
Upper probs: 7.320e-01, Lower probs: 5.000e-05
No. of non-dominant refs: 87630, Survival refs: 87622, Failure refs: 8
Batch update: 48 refs added, 1 existing refs removed (0 new refs dominated)
Survival: 48 refs added, 1 removed (from 48 certificates)
---
Round: 1838, Unk. prob.: 2.687e-01
Upper probs: 7.313e-01, Lower probs: 2.000e-05
No. of non-dominant refs: 87677, Survival refs: 87669, Failure refs: 8
Batch update: 48 refs added, 1 existing refs removed (0 new refs dominated)
Survival: 48 refs added, 1 removed (from 48 certificates)
---
Round: 1839, Unk. prob.: 2.687e-01
Upper probs: 7.313e-01, Lower probs: 3.000e-05
No. of non-dominant refs: 87724, Survival refs: 87716, Failure refs: 8
Batch update: 48 refs added, 0 existing refs removed (0 new refs dominated)
Survival: 48 refs added, 0 removed (from 48 certificates)
---
Round: 1840, Unk. prob.: 2.685e-01
Upper probs: 7.314e-01, Lower probs: 4.000e-05
No. of non-dominant refs: 87772, Survival refs: 87764, Failure refs: 8
Batch update: 48 refs added, 0 existing refs removed (0 new refs dominated)
Survival: 48 refs added, 0 removed (from 48 certificates)
---
Round: 1841, Unk. prob.: 2.689e-01
Upper probs: 7.311e-01, Lower probs: 2.000e-05
No. of non-dominant refs: 87820, Survival refs: 87812, Failure refs: 8
Batch update: 48 refs added, 0 existing refs removed (0 new refs dominated)
Survival: 48 refs added, 0 removed (from 48 certificates)
---
Round: 1842, Unk. prob.: 2.703e-01
Upper probs: 7.297e-01, Lower probs: 5.000e-05
No. of non-dominant refs: 87868, Survival refs: 87860, Failure refs: 8
Batch update: 48 refs added, 0 existing refs removed (0 new refs dominated)
Survival: 48 refs added, 0 removed (from 48 certificates)
---
Round: 1843, Unk. prob.: 2.684e-01
Upper probs: 7.316e-01, Lower probs: 2.000e-05
No. of non-dominant refs: 87916, Survival refs: 87908, Failure refs: 8
Batch update: 48 refs added, 0 existing refs removed (0 new refs dominated)
Survival: 48 refs added, 0 removed (from 48 certificates)
---
Round: 1844, Unk. prob.: 2.682e-01
Upper probs: 7.318e-01, Lower probs: 0.000e+00
No. of non-dominant refs: 87964, Survival refs: 87956, Failure refs: 8
Batch update: 48 refs added, 0 existing refs removed (0 new refs dominated)
Survival: 48 refs added, 0 removed (from 48 certificates)
---
Round: 1845, Unk. prob.: 2.716e-01
Upper probs: 7.284e-01, Lower probs: 4.000e-05
No. of non-dominant refs: 88012, Survival refs: 88004, Failure refs: 8
Batch update: 48 refs added, 0 existing refs removed (0 new refs dominated)
Survival: 48 refs added, 0 removed (from 48 certificates)
---
Round: 1846, Unk. prob.: 2.693e-01
Upper probs: 7.306e-01, Lower probs: 6.000e-05
No. of non-dominant refs: 88060, Survival refs: 88052, Failure refs: 8
Batch update: 48 refs added, 0 existing refs removed (0 new refs dominated)
Survival: 48 refs added, 0 removed (from 48 certificates)
---
Round: 1847, Unk. prob.: 2.699e-01
Upper probs: 7.301e-01, Lower probs: 4.000e-05
No. of non-dominant refs: 88108, Survival refs: 88100, Failure refs: 8
Batch update: 48 refs added, 0 existing refs removed (0 new refs dominated)
Survival: 48 refs added, 0 removed (from 48 certificates)
---
Round: 1848, Unk. prob.: 2.699e-01
Upper probs: 7.301e-01, Lower probs: 4.000e-05
No. of non-dominant refs: 88156, Survival refs: 88148, Failure refs: 8
Batch update: 48 refs added, 0 existing refs removed (0 new refs dominated)
Survival: 48 refs added, 0 removed (from 48 certificates)
---
Round: 1849, Unk. prob.: 2.690e-01
Upper probs: 7.310e-01, Lower probs: 2.000e-05
No. of non-dominant refs: 88204, Survival refs: 88196, Failure refs: 8
Batch update: 48 refs added, 1 existing refs removed (0 new refs dominated)
Survival: 48 refs added, 1 removed (from 48 certificates)
---
Round: 1850, Unk. prob.: 2.670e-01
Upper probs: 7.330e-01, Lower probs: 2.000e-05
No. of non-dominant refs: 88251, Survival refs: 88243, Failure refs: 8
Batch update: 48 refs added, 1 existing refs removed (0 new refs dominated)
Survival: 48 refs added, 1 removed (from 48 certificates)
---
Round: 1851, Unk. prob.: 2.703e-01
Upper probs: 7.297e-01, Lower probs: 2.000e-05
No. of non-dominant refs: 88298, Survival refs: 88290, Failure refs: 8
Batch update: 48 refs added, 1 existing refs removed (0 new refs dominated)
Survival: 48 refs added, 1 removed (from 48 certificates)
---
Round: 1852, Unk. prob.: 2.689e-01
Upper probs: 7.310e-01, Lower probs: 6.000e-05
No. of non-dominant refs: 88345, Survival refs: 88337, Failure refs: 8
Batch update: 48 refs added, 0 existing refs removed (0 new refs dominated)
Survival: 48 refs added, 0 removed (from 48 certificates)
---
Round: 1853, Unk. prob.: 2.703e-01
Upper probs: 7.297e-01, Lower probs: 1.000e-05
No. of non-dominant refs: 88393, Survival refs: 88385, Failure refs: 8
Batch update: 48 refs added, 0 existing refs removed (0 new refs dominated)
Survival: 48 refs added, 0 removed (from 48 certificates)
---
Round: 1854, Unk. prob.: 2.690e-01
Upper probs: 7.309e-01, Lower probs: 5.000e-05
No. of non-dominant refs: 88441, Survival refs: 88433, Failure refs: 8
Batch update: 48 refs added, 0 existing refs removed (0 new refs dominated)
Survival: 48 refs added, 0 removed (from 48 certificates)
---
Round: 1855, Unk. prob.: 2.702e-01
Upper probs: 7.298e-01, Lower probs: 3.000e-05
No. of non-dominant refs: 88489, Survival refs: 88481, Failure refs: 8
Batch update: 48 refs added, 0 existing refs removed (0 new refs dominated)
Survival: 48 refs added, 0 removed (from 48 certificates)
---
Round: 1856, Unk. prob.: 2.712e-01
Upper probs: 7.288e-01, Lower probs: 1.000e-05
No. of non-dominant refs: 88537, Survival refs: 88529, Failure refs: 8
Batch update: 48 refs added, 0 existing refs removed (0 new refs dominated)
Survival: 48 refs added, 0 removed (from 48 certificates)
---
Round: 1857, Unk. prob.: 2.685e-01
Upper probs: 7.315e-01, Lower probs: 2.000e-05
No. of non-dominant refs: 88585, Survival refs: 88577, Failure refs: 8
Batch update: 48 refs added, 1 existing refs removed (0 new refs dominated)
Survival: 48 refs added, 1 removed (from 48 certificates)
---
Round: 1858, Unk. prob.: 2.693e-01
Upper probs: 7.306e-01, Lower probs: 3.000e-05
No. of non-dominant refs: 88632, Survival refs: 88624, Failure refs: 8
Batch update: 48 refs added, 2 existing refs removed (0 new refs dominated)
Survival: 48 refs added, 2 removed (from 48 certificates)
---
Round: 1859, Unk. prob.: 2.706e-01
Upper probs: 7.293e-01, Lower probs: 1.000e-04
No. of non-dominant refs: 88678, Survival refs: 88670, Failure refs: 8
Batch update: 48 refs added, 0 existing refs removed (0 new refs dominated)
Survival: 48 refs added, 0 removed (from 48 certificates)
---
Round: 1860, Unk. prob.: 2.696e-01
Upper probs: 7.303e-01, Lower probs: 6.000e-05
No. of non-dominant refs: 88726, Survival refs: 88718, Failure refs: 8
Batch update: 48 refs added, 2 existing refs removed (0 new refs dominated)
Survival: 48 refs added, 2 removed (from 48 certificates)
---
Round: 1861, Unk. prob.: 2.701e-01
Upper probs: 7.299e-01, Lower probs: 2.000e-05
No. of non-dominant refs: 88772, Survival refs: 88764, Failure refs: 8
Batch update: 48 refs added, 0 existing refs removed (0 new refs dominated)
Survival: 48 refs added, 0 removed (from 48 certificates)
---
Round: 1862, Unk. prob.: 2.694e-01
Upper probs: 7.305e-01, Lower probs: 3.000e-05
No. of non-dominant refs: 88820, Survival refs: 88812, Failure refs: 8
Batch update: 48 refs added, 0 existing refs removed (0 new refs dominated)
Survival: 48 refs added, 0 removed (from 48 certificates)
---
Round: 1863, Unk. prob.: 2.715e-01
Upper probs: 7.285e-01, Lower probs: 3.000e-05
No. of non-dominant refs: 88868, Survival refs: 88860, Failure refs: 8
Batch update: 48 refs added, 0 existing refs removed (0 new refs dominated)
Survival: 48 refs added, 0 removed (from 48 certificates)
---
Round: 1864, Unk. prob.: 2.670e-01
Upper probs: 7.330e-01, Lower probs: 2.000e-05
No. of non-dominant refs: 88916, Survival refs: 88908, Failure refs: 8
Batch update: 48 refs added, 0 existing refs removed (0 new refs dominated)
Survival: 48 refs added, 0 removed (from 48 certificates)
---
Round: 1865, Unk. prob.: 2.664e-01
Upper probs: 7.335e-01, Lower probs: 8.000e-05
No. of non-dominant refs: 88964, Survival refs: 88956, Failure refs: 8
Batch update: 48 refs added, 0 existing refs removed (0 new refs dominated)
Survival: 48 refs added, 0 removed (from 48 certificates)
---
Round: 1866, Unk. prob.: 2.704e-01
Upper probs: 7.296e-01, Lower probs: 5.000e-05
No. of non-dominant refs: 89012, Survival refs: 89004, Failure refs: 8
Batch update: 48 refs added, 0 existing refs removed (0 new refs dominated)
Survival: 48 refs added, 0 removed (from 48 certificates)
---
Round: 1867, Unk. prob.: 2.697e-01
Upper probs: 7.303e-01, Lower probs: 3.000e-05
No. of non-dominant refs: 89060, Survival refs: 89052, Failure refs: 8
Batch update: 48 refs added, 2 existing refs removed (0 new refs dominated)
Survival: 48 refs added, 2 removed (from 48 certificates)
---
Round: 1868, Unk. prob.: 2.678e-01
Upper probs: 7.321e-01, Lower probs: 2.000e-05
No. of non-dominant refs: 89106, Survival refs: 89098, Failure refs: 8
Batch update: 48 refs added, 0 existing refs removed (0 new refs dominated)
Survival: 48 refs added, 0 removed (from 48 certificates)
---
Round: 1869, Unk. prob.: 2.692e-01
Upper probs: 7.308e-01, Lower probs: 0.000e+00
No. of non-dominant refs: 89154, Survival refs: 89146, Failure refs: 8
Batch update: 48 refs added, 0 existing refs removed (0 new refs dominated)
Survival: 48 refs added, 0 removed (from 48 certificates)
---
Round: 1870, Unk. prob.: 2.686e-01
Upper probs: 7.314e-01, Lower probs: 2.000e-05
No. of non-dominant refs: 89202, Survival refs: 89194, Failure refs: 8
Batch update: 48 refs added, 0 existing refs removed (0 new refs dominated)
Survival: 48 refs added, 0 removed (from 48 certificates)
---
Round: 1871, Unk. prob.: 2.689e-01
Upper probs: 7.311e-01, Lower probs: 2.000e-05
No. of non-dominant refs: 89250, Survival refs: 89242, Failure refs: 8
Batch update: 48 refs added, 1 existing refs removed (0 new refs dominated)
Survival: 48 refs added, 1 removed (from 48 certificates)
---
Round: 1872, Unk. prob.: 2.683e-01
Upper probs: 7.317e-01, Lower probs: 2.000e-05
No. of non-dominant refs: 89297, Survival refs: 89289, Failure refs: 8
Batch update: 48 refs added, 0 existing refs removed (0 new refs dominated)
Survival: 48 refs added, 0 removed (from 48 certificates)
---
Round: 1873, Unk. prob.: 2.689e-01
Upper probs: 7.310e-01, Lower probs: 5.000e-05
No. of non-dominant refs: 89345, Survival refs: 89337, Failure refs: 8
Batch update: 48 refs added, 0 existing refs removed (0 new refs dominated)
Survival: 48 refs added, 0 removed (from 48 certificates)
---
Round: 1874, Unk. prob.: 2.700e-01
Upper probs: 7.299e-01, Lower probs: 3.000e-05
No. of non-dominant refs: 89393, Survival refs: 89385, Failure refs: 8
Batch update: 48 refs added, 1 existing refs removed (0 new refs dominated)
Survival: 48 refs added, 1 removed (from 48 certificates)
---
Round: 1875, Unk. prob.: 2.690e-01
Upper probs: 7.310e-01, Lower probs: 4.000e-05
No. of non-dominant refs: 89440, Survival refs: 89432, Failure refs: 8
Batch update: 48 refs added, 1 existing refs removed (0 new refs dominated)
Survival: 48 refs added, 1 removed (from 48 certificates)
---
Round: 1876, Unk. prob.: 2.691e-01
Upper probs: 7.309e-01, Lower probs: 4.000e-05
No. of non-dominant refs: 89487, Survival refs: 89479, Failure refs: 8
Batch update: 48 refs added, 1 existing refs removed (0 new refs dominated)
Survival: 48 refs added, 1 removed (from 48 certificates)
---
Round: 1877, Unk. prob.: 2.681e-01
Upper probs: 7.319e-01, Lower probs: 7.000e-05
No. of non-dominant refs: 89534, Survival refs: 89526, Failure refs: 8
Batch update: 48 refs added, 1 existing refs removed (0 new refs dominated)
Survival: 48 refs added, 1 removed (from 48 certificates)
---
Round: 1878, Unk. prob.: 2.685e-01
Upper probs: 7.315e-01, Lower probs: 5.000e-05
No. of non-dominant refs: 89581, Survival refs: 89573, Failure refs: 8
Batch update: 48 refs added, 0 existing refs removed (0 new refs dominated)
Survival: 48 refs added, 0 removed (from 48 certificates)
---
Round: 1879, Unk. prob.: 2.686e-01
Upper probs: 7.313e-01, Lower probs: 4.000e-05
No. of non-dominant refs: 89629, Survival refs: 89621, Failure refs: 8
Batch update: 48 refs added, 1 existing refs removed (0 new refs dominated)
Survival: 48 refs added, 1 removed (from 48 certificates)
---
Round: 1880, Unk. prob.: 2.692e-01
Upper probs: 7.307e-01, Lower probs: 5.000e-05
No. of non-dominant refs: 89676, Survival refs: 89668, Failure refs: 8
Batch update: 48 refs added, 1 existing refs removed (0 new refs dominated)
Survival: 48 refs added, 1 removed (from 48 certificates)
---
Round: 1881, Unk. prob.: 2.686e-01
Upper probs: 7.314e-01, Lower probs: 2.000e-05
No. of non-dominant refs: 89723, Survival refs: 89715, Failure refs: 8
Batch update: 47 refs added, 0 existing refs removed (0 new refs dominated)
Survival: 47 refs added, 0 removed (from 47 certificates)
Batch update: 1 refs added, 0 existing refs removed (0 new refs dominated)
Failure: 1 refs added, 0 removed (from 1 candidates)
---
Round: 1882, Unk. prob.: 2.712e-01
Upper probs: 7.288e-01, Lower probs: 1.000e-05
No. of non-dominant refs: 89771, Survival refs: 89762, Failure refs: 9
Batch update: 48 refs added, 1 existing refs removed (0 new refs dominated)
Survival: 48 refs added, 1 removed (from 48 certificates)
---
Round: 1883, Unk. prob.: 2.688e-01
Upper probs: 7.311e-01, Lower probs: 5.000e-05
No. of non-dominant refs: 89818, Survival refs: 89809, Failure refs: 9
Batch update: 48 refs added, 0 existing refs removed (0 new refs dominated)
Survival: 48 refs added, 0 removed (from 48 certificates)
---
Round: 1884, Unk. prob.: 2.691e-01
Upper probs: 7.309e-01, Lower probs: 2.000e-05
No. of non-dominant refs: 89866, Survival refs: 89857, Failure refs: 9
Batch update: 48 refs added, 0 existing refs removed (0 new refs dominated)
Survival: 48 refs added, 0 removed (from 48 certificates)
---
Round: 1885, Unk. prob.: 2.678e-01
Upper probs: 7.321e-01, Lower probs: 0.000e+00
No. of non-dominant refs: 89914, Survival refs: 89905, Failure refs: 9
Batch update: 48 refs added, 0 existing refs removed (0 new refs dominated)
Survival: 48 refs added, 0 removed (from 48 certificates)
---
Round: 1886, Unk. prob.: 2.676e-01
Upper probs: 7.324e-01, Lower probs: 1.000e-05
No. of non-dominant refs: 89962, Survival refs: 89953, Failure refs: 9
Batch update: 48 refs added, 1 existing refs removed (0 new refs dominated)
Survival: 48 refs added, 1 removed (from 48 certificates)
---
Round: 1887, Unk. prob.: 2.674e-01
Upper probs: 7.326e-01, Lower probs: 3.000e-05
No. of non-dominant refs: 90009, Survival refs: 90000, Failure refs: 9
Batch update: 48 refs added, 2 existing refs removed (0 new refs dominated)
Survival: 48 refs added, 2 removed (from 48 certificates)
---
Round: 1888, Unk. prob.: 2.686e-01
Upper probs: 7.314e-01, Lower probs: 4.000e-05
No. of non-dominant refs: 90055, Survival refs: 90046, Failure refs: 9
Batch update: 48 refs added, 0 existing refs removed (0 new refs dominated)
Survival: 48 refs added, 0 removed (from 48 certificates)
---
Round: 1889, Unk. prob.: 2.686e-01
Upper probs: 7.314e-01, Lower probs: 2.000e-05
No. of non-dominant refs: 90103, Survival refs: 90094, Failure refs: 9
Batch update: 48 refs added, 0 existing refs removed (0 new refs dominated)
Survival: 48 refs added, 0 removed (from 48 certificates)
---
Round: 1890, Unk. prob.: 2.679e-01
Upper probs: 7.321e-01, Lower probs: 5.000e-05
No. of non-dominant refs: 90151, Survival refs: 90142, Failure refs: 9
Batch update: 48 refs added, 0 existing refs removed (0 new refs dominated)
Survival: 48 refs added, 0 removed (from 48 certificates)
---
Round: 1891, Unk. prob.: 2.690e-01
Upper probs: 7.310e-01, Lower probs: 1.000e-05
No. of non-dominant refs: 90199, Survival refs: 90190, Failure refs: 9
Batch update: 48 refs added, 0 existing refs removed (0 new refs dominated)
Survival: 48 refs added, 0 removed (from 48 certificates)
---
Round: 1892, Unk. prob.: 2.652e-01
Upper probs: 7.347e-01, Lower probs: 2.000e-05
No. of non-dominant refs: 90247, Survival refs: 90238, Failure refs: 9
Batch update: 48 refs added, 0 existing refs removed (0 new refs dominated)
Survival: 48 refs added, 0 removed (from 48 certificates)
---
Round: 1893, Unk. prob.: 2.698e-01
Upper probs: 7.302e-01, Lower probs: 2.000e-05
No. of non-dominant refs: 90295, Survival refs: 90286, Failure refs: 9
Batch update: 48 refs added, 0 existing refs removed (0 new refs dominated)
Survival: 48 refs added, 0 removed (from 48 certificates)
---
Round: 1894, Unk. prob.: 2.694e-01
Upper probs: 7.306e-01, Lower probs: 1.000e-05
No. of non-dominant refs: 90343, Survival refs: 90334, Failure refs: 9
Batch update: 48 refs added, 1 existing refs removed (0 new refs dominated)
Survival: 48 refs added, 1 removed (from 48 certificates)
---
Round: 1895, Unk. prob.: 2.686e-01
Upper probs: 7.314e-01, Lower probs: 2.000e-05
No. of non-dominant refs: 90390, Survival refs: 90381, Failure refs: 9
Batch update: 48 refs added, 3 existing refs removed (0 new refs dominated)
Survival: 48 refs added, 3 removed (from 48 certificates)
---
Round: 1896, Unk. prob.: 2.681e-01
Upper probs: 7.319e-01, Lower probs: 6.000e-05
No. of non-dominant refs: 90435, Survival refs: 90426, Failure refs: 9
Batch update: 48 refs added, 0 existing refs removed (0 new refs dominated)
Survival: 48 refs added, 0 removed (from 48 certificates)
---
Round: 1897, Unk. prob.: 2.676e-01
Upper probs: 7.324e-01, Lower probs: 2.000e-05
No. of non-dominant refs: 90483, Survival refs: 90474, Failure refs: 9
Batch update: 48 refs added, 0 existing refs removed (0 new refs dominated)
Survival: 48 refs added, 0 removed (from 48 certificates)
---
Round: 1898, Unk. prob.: 2.705e-01
Upper probs: 7.295e-01, Lower probs: 3.000e-05
No. of non-dominant refs: 90531, Survival refs: 90522, Failure refs: 9
Batch update: 48 refs added, 0 existing refs removed (0 new refs dominated)
Survival: 48 refs added, 0 removed (from 48 certificates)
---
Round: 1899, Unk. prob.: 2.682e-01
Upper probs: 7.317e-01, Lower probs: 1.000e-05
No. of non-dominant refs: 90579, Survival refs: 90570, Failure refs: 9
Batch update: 48 refs added, 0 existing refs removed (0 new refs dominated)
Survival: 48 refs added, 0 removed (from 48 certificates)
---
Round: 1900, Unk. prob.: 2.695e-01
Upper probs: 7.304e-01, Lower probs: 2.000e-05
No. of non-dominant refs: 90627, Survival refs: 90618, Failure refs: 9
Batch update: 48 refs added, 0 existing refs removed (0 new refs dominated)
Survival: 48 refs added, 0 removed (from 48 certificates)
---
Round: 1901, Unk. prob.: 2.673e-01
Upper probs: 7.326e-01, Lower probs: 5.000e-05
No. of non-dominant refs: 90675, Survival refs: 90666, Failure refs: 9
Batch update: 48 refs added, 2 existing refs removed (0 new refs dominated)
Survival: 48 refs added, 2 removed (from 48 certificates)
---
Round: 1902, Unk. prob.: 2.687e-01
Upper probs: 7.313e-01, Lower probs: 2.000e-05
No. of non-dominant refs: 90721, Survival refs: 90712, Failure refs: 9
Batch update: 48 refs added, 1 existing refs removed (0 new refs dominated)
Survival: 48 refs added, 1 removed (from 48 certificates)
---
Round: 1903, Unk. prob.: 2.681e-01
Upper probs: 7.319e-01, Lower probs: 5.000e-05
No. of non-dominant refs: 90768, Survival refs: 90759, Failure refs: 9
Batch update: 48 refs added, 0 existing refs removed (0 new refs dominated)
Survival: 48 refs added, 0 removed (from 48 certificates)
---
Round: 1904, Unk. prob.: 2.696e-01
Upper probs: 7.304e-01, Lower probs: 3.000e-05
No. of non-dominant refs: 90816, Survival refs: 90807, Failure refs: 9
Batch update: 48 refs added, 0 existing refs removed (0 new refs dominated)
Survival: 48 refs added, 0 removed (from 48 certificates)
---
Round: 1905, Unk. prob.: 2.684e-01
Upper probs: 7.316e-01, Lower probs: 2.000e-05
No. of non-dominant refs: 90864, Survival refs: 90855, Failure refs: 9
Batch update: 48 refs added, 0 existing refs removed (0 new refs dominated)
Survival: 48 refs added, 0 removed (from 48 certificates)
---
Round: 1906, Unk. prob.: 2.694e-01
Upper probs: 7.306e-01, Lower probs: 2.000e-05
No. of non-dominant refs: 90912, Survival refs: 90903, Failure refs: 9
Batch update: 48 refs added, 0 existing refs removed (0 new refs dominated)
Survival: 48 refs added, 0 removed (from 48 certificates)
---
Round: 1907, Unk. prob.: 2.689e-01
Upper probs: 7.311e-01, Lower probs: 4.000e-05
No. of non-dominant refs: 90960, Survival refs: 90951, Failure refs: 9
Batch update: 48 refs added, 0 existing refs removed (0 new refs dominated)
Survival: 48 refs added, 0 removed (from 48 certificates)
---
Round: 1908, Unk. prob.: 2.702e-01
Upper probs: 7.298e-01, Lower probs: 5.000e-05
No. of non-dominant refs: 91008, Survival refs: 90999, Failure refs: 9
Batch update: 48 refs added, 1 existing refs removed (0 new refs dominated)
Survival: 48 refs added, 1 removed (from 48 certificates)
---
Round: 1909, Unk. prob.: 2.665e-01
Upper probs: 7.335e-01, Lower probs: 5.000e-05
No. of non-dominant refs: 91055, Survival refs: 91046, Failure refs: 9
Batch update: 48 refs added, 1 existing refs removed (0 new refs dominated)
Survival: 48 refs added, 1 removed (from 48 certificates)
---
Round: 1910, Unk. prob.: 2.688e-01
Upper probs: 7.312e-01, Lower probs: 1.000e-05
No. of non-dominant refs: 91102, Survival refs: 91093, Failure refs: 9
Batch update: 48 refs added, 0 existing refs removed (0 new refs dominated)
Survival: 48 refs added, 0 removed (from 48 certificates)
---
Round: 1911, Unk. prob.: 2.673e-01
Upper probs: 7.327e-01, Lower probs: 2.000e-05
No. of non-dominant refs: 91150, Survival refs: 91141, Failure refs: 9
Batch update: 48 refs added, 0 existing refs removed (0 new refs dominated)
Survival: 48 refs added, 0 removed (from 48 certificates)
---
Round: 1912, Unk. prob.: 2.686e-01
Upper probs: 7.314e-01, Lower probs: 6.000e-05
No. of non-dominant refs: 91198, Survival refs: 91189, Failure refs: 9
Batch update: 48 refs added, 1 existing refs removed (0 new refs dominated)
Survival: 48 refs added, 1 removed (from 48 certificates)
---
Round: 1913, Unk. prob.: 2.665e-01
Upper probs: 7.335e-01, Lower probs: 3.000e-05
No. of non-dominant refs: 91245, Survival refs: 91236, Failure refs: 9
Batch update: 48 refs added, 0 existing refs removed (0 new refs dominated)
Survival: 48 refs added, 0 removed (from 48 certificates)
---
Round: 1914, Unk. prob.: 2.706e-01
Upper probs: 7.294e-01, Lower probs: 2.000e-05
No. of non-dominant refs: 91293, Survival refs: 91284, Failure refs: 9
Batch update: 48 refs added, 0 existing refs removed (0 new refs dominated)
Survival: 48 refs added, 0 removed (from 48 certificates)
---
Round: 1915, Unk. prob.: 2.686e-01
Upper probs: 7.314e-01, Lower probs: 1.000e-05
No. of non-dominant refs: 91341, Survival refs: 91332, Failure refs: 9
Batch update: 48 refs added, 1 existing refs removed (0 new refs dominated)
Survival: 48 refs added, 1 removed (from 48 certificates)
---
Round: 1916, Unk. prob.: 2.671e-01
Upper probs: 7.329e-01, Lower probs: 1.000e-05
No. of non-dominant refs: 91388, Survival refs: 91379, Failure refs: 9
Batch update: 48 refs added, 0 existing refs removed (0 new refs dominated)
Survival: 48 refs added, 0 removed (from 48 certificates)
---
Round: 1917, Unk. prob.: 2.686e-01
Upper probs: 7.313e-01, Lower probs: 3.000e-05
No. of non-dominant refs: 91436, Survival refs: 91427, Failure refs: 9
Batch update: 48 refs added, 0 existing refs removed (0 new refs dominated)
Survival: 48 refs added, 0 removed (from 48 certificates)
---
Round: 1918, Unk. prob.: 2.645e-01
Upper probs: 7.355e-01, Lower probs: 2.000e-05
No. of non-dominant refs: 91484, Survival refs: 91475, Failure refs: 9
Batch update: 48 refs added, 1 existing refs removed (0 new refs dominated)
Survival: 48 refs added, 1 removed (from 48 certificates)
---
Round: 1919, Unk. prob.: 2.699e-01
Upper probs: 7.301e-01, Lower probs: 3.000e-05
No. of non-dominant refs: 91531, Survival refs: 91522, Failure refs: 9
Batch update: 48 refs added, 0 existing refs removed (0 new refs dominated)
Survival: 48 refs added, 0 removed (from 48 certificates)
---
Round: 1920, Unk. prob.: 2.668e-01
Upper probs: 7.332e-01, Lower probs: 4.000e-05
No. of non-dominant refs: 91579, Survival refs: 91570, Failure refs: 9
Batch update: 48 refs added, 0 existing refs removed (0 new refs dominated)
Survival: 48 refs added, 0 removed (from 48 certificates)
---
Round: 1921, Unk. prob.: 2.704e-01
Upper probs: 7.296e-01, Lower probs: 4.000e-05
No. of non-dominant refs: 91627, Survival refs: 91618, Failure refs: 9
Batch update: 47 refs added, 0 existing refs removed (0 new refs dominated)
Survival: 47 refs added, 0 removed (from 47 certificates)
Batch update: 1 refs added, 0 existing refs removed (0 new refs dominated)
Failure: 1 refs added, 0 removed (from 1 candidates)
---
Round: 1922, Unk. prob.: 2.665e-01
Upper probs: 7.335e-01, Lower probs: 4.000e-05
No. of non-dominant refs: 91675, Survival refs: 91665, Failure refs: 10
Batch update: 48 refs added, 0 existing refs removed (0 new refs dominated)
Survival: 48 refs added, 0 removed (from 48 certificates)
---
Round: 1923, Unk. prob.: 2.688e-01
Upper probs: 7.312e-01, Lower probs: 4.000e-05
No. of non-dominant refs: 91723, Survival refs: 91713, Failure refs: 10
Batch update: 48 refs added, 2 existing refs removed (0 new refs dominated)
Survival: 48 refs added, 2 removed (from 48 certificates)
---
Round: 1924, Unk. prob.: 2.681e-01
Upper probs: 7.319e-01, Lower probs: 3.000e-05
No. of non-dominant refs: 91769, Survival refs: 91759, Failure refs: 10
Batch update: 48 refs added, 1 existing refs removed (0 new refs dominated)
Survival: 48 refs added, 1 removed (from 48 certificates)
---
Round: 1925, Unk. prob.: 2.670e-01
Upper probs: 7.329e-01, Lower probs: 2.000e-05
No. of non-dominant refs: 91816, Survival refs: 91806, Failure refs: 10
Batch update: 48 refs added, 0 existing refs removed (0 new refs dominated)
Survival: 48 refs added, 0 removed (from 48 certificates)
---
Round: 1926, Unk. prob.: 2.668e-01
Upper probs: 7.332e-01, Lower probs: 1.000e-05
No. of non-dominant refs: 91864, Survival refs: 91854, Failure refs: 10
Batch update: 48 refs added, 0 existing refs removed (0 new refs dominated)
Survival: 48 refs added, 0 removed (from 48 certificates)
---
Round: 1927, Unk. prob.: 2.677e-01
Upper probs: 7.323e-01, Lower probs: 1.000e-05
No. of non-dominant refs: 91912, Survival refs: 91902, Failure refs: 10
Batch update: 48 refs added, 0 existing refs removed (0 new refs dominated)
Survival: 48 refs added, 0 removed (from 48 certificates)
---
Round: 1928, Unk. prob.: 2.672e-01
Upper probs: 7.327e-01, Lower probs: 3.000e-05
No. of non-dominant refs: 91960, Survival refs: 91950, Failure refs: 10
Batch update: 48 refs added, 0 existing refs removed (0 new refs dominated)
Survival: 48 refs added, 0 removed (from 48 certificates)
---
Round: 1929, Unk. prob.: 2.676e-01
Upper probs: 7.324e-01, Lower probs: 3.000e-05
No. of non-dominant refs: 92008, Survival refs: 91998, Failure refs: 10
Batch update: 48 refs added, 0 existing refs removed (0 new refs dominated)
Survival: 48 refs added, 0 removed (from 48 certificates)
---
Round: 1930, Unk. prob.: 2.678e-01
Upper probs: 7.321e-01, Lower probs: 4.000e-05
No. of non-dominant refs: 92056, Survival refs: 92046, Failure refs: 10
Batch update: 48 refs added, 0 existing refs removed (0 new refs dominated)
Survival: 48 refs added, 0 removed (from 48 certificates)
---
Round: 1931, Unk. prob.: 2.627e-01
Upper probs: 7.373e-01, Lower probs: 1.000e-05
No. of non-dominant refs: 92104, Survival refs: 92094, Failure refs: 10
Batch update: 48 refs added, 0 existing refs removed (0 new refs dominated)
Survival: 48 refs added, 0 removed (from 48 certificates)
---
Round: 1932, Unk. prob.: 2.676e-01
Upper probs: 7.324e-01, Lower probs: 3.000e-05
No. of non-dominant refs: 92152, Survival refs: 92142, Failure refs: 10
Batch update: 48 refs added, 2 existing refs removed (0 new refs dominated)
Survival: 48 refs added, 2 removed (from 48 certificates)
---
Round: 1933, Unk. prob.: 2.674e-01
Upper probs: 7.325e-01, Lower probs: 6.000e-05
No. of non-dominant refs: 92198, Survival refs: 92188, Failure refs: 10
Batch update: 48 refs added, 0 existing refs removed (0 new refs dominated)
Survival: 48 refs added, 0 removed (from 48 certificates)
---
Round: 1934, Unk. prob.: 2.668e-01
Upper probs: 7.332e-01, Lower probs: 7.000e-05
No. of non-dominant refs: 92246, Survival refs: 92236, Failure refs: 10
Batch update: 48 refs added, 0 existing refs removed (0 new refs dominated)
Survival: 48 refs added, 0 removed (from 48 certificates)
---
Round: 1935, Unk. prob.: 2.677e-01
Upper probs: 7.323e-01, Lower probs: 2.000e-05
No. of non-dominant refs: 92294, Survival refs: 92284, Failure refs: 10
Batch update: 48 refs added, 0 existing refs removed (0 new refs dominated)
Survival: 48 refs added, 0 removed (from 48 certificates)
---
Round: 1936, Unk. prob.: 2.676e-01
Upper probs: 7.324e-01, Lower probs: 2.000e-05
No. of non-dominant refs: 92342, Survival refs: 92332, Failure refs: 10
Batch update: 48 refs added, 0 existing refs removed (0 new refs dominated)
Survival: 48 refs added, 0 removed (from 48 certificates)
---
Round: 1937, Unk. prob.: 2.653e-01
Upper probs: 7.346e-01, Lower probs: 5.000e-05
No. of non-dominant refs: 92390, Survival refs: 92380, Failure refs: 10
Batch update: 48 refs added, 1 existing refs removed (0 new refs dominated)
Survival: 48 refs added, 1 removed (from 48 certificates)
---
Round: 1938, Unk. prob.: 2.651e-01
Upper probs: 7.349e-01, Lower probs: 2.000e-05
No. of non-dominant refs: 92437, Survival refs: 92427, Failure refs: 10
Batch update: 48 refs added, 0 existing refs removed (0 new refs dominated)
Survival: 48 refs added, 0 removed (from 48 certificates)
---
Round: 1939, Unk. prob.: 2.647e-01
Upper probs: 7.352e-01, Lower probs: 3.000e-05
No. of non-dominant refs: 92485, Survival refs: 92475, Failure refs: 10
Batch update: 48 refs added, 0 existing refs removed (0 new refs dominated)
Survival: 48 refs added, 0 removed (from 48 certificates)
---
Round: 1940, Unk. prob.: 2.682e-01
Upper probs: 7.318e-01, Lower probs: 2.000e-05
No. of non-dominant refs: 92533, Survival refs: 92523, Failure refs: 10
Batch update: 48 refs added, 0 existing refs removed (0 new refs dominated)
Survival: 48 refs added, 0 removed (from 48 certificates)
---
Round: 1941, Unk. prob.: 2.690e-01
Upper probs: 7.309e-01, Lower probs: 4.000e-05
No. of non-dominant refs: 92581, Survival refs: 92571, Failure refs: 10
Batch update: 48 refs added, 0 existing refs removed (0 new refs dominated)
Survival: 48 refs added, 0 removed (from 48 certificates)
---
Round: 1942, Unk. prob.: 2.697e-01
Upper probs: 7.303e-01, Lower probs: 2.000e-05
No. of non-dominant refs: 92629, Survival refs: 92619, Failure refs: 10
Batch update: 48 refs added, 0 existing refs removed (0 new refs dominated)
Survival: 48 refs added, 0 removed (from 48 certificates)
---
Round: 1943, Unk. prob.: 2.670e-01
Upper probs: 7.330e-01, Lower probs: 2.000e-05
No. of non-dominant refs: 92677, Survival refs: 92667, Failure refs: 10
Batch update: 48 refs added, 0 existing refs removed (0 new refs dominated)
Survival: 48 refs added, 0 removed (from 48 certificates)
---
Round: 1944, Unk. prob.: 2.645e-01
Upper probs: 7.355e-01, Lower probs: 3.000e-05
No. of non-dominant refs: 92725, Survival refs: 92715, Failure refs: 10
Batch update: 48 refs added, 0 existing refs removed (0 new refs dominated)
Survival: 48 refs added, 0 removed (from 48 certificates)
---
Round: 1945, Unk. prob.: 2.666e-01
Upper probs: 7.333e-01, Lower probs: 4.000e-05
No. of non-dominant refs: 92773, Survival refs: 92763, Failure refs: 10
Batch update: 48 refs added, 0 existing refs removed (0 new refs dominated)
Survival: 48 refs added, 0 removed (from 48 certificates)
---
Round: 1946, Unk. prob.: 2.665e-01
Upper probs: 7.335e-01, Lower probs: 5.000e-05
No. of non-dominant refs: 92821, Survival refs: 92811, Failure refs: 10
Batch update: 48 refs added, 1 existing refs removed (0 new refs dominated)
Survival: 48 refs added, 1 removed (from 48 certificates)
---
Round: 1947, Unk. prob.: 2.674e-01
Upper probs: 7.326e-01, Lower probs: 6.000e-05
No. of non-dominant refs: 92868, Survival refs: 92858, Failure refs: 10
Batch update: 48 refs added, 0 existing refs removed (0 new refs dominated)
Survival: 48 refs added, 0 removed (from 48 certificates)
---
Round: 1948, Unk. prob.: 2.691e-01
Upper probs: 7.309e-01, Lower probs: 4.000e-05
No. of non-dominant refs: 92916, Survival refs: 92906, Failure refs: 10
Batch update: 48 refs added, 0 existing refs removed (0 new refs dominated)
Survival: 48 refs added, 0 removed (from 48 certificates)
---
Round: 1949, Unk. prob.: 2.652e-01
Upper probs: 7.348e-01, Lower probs: 3.000e-05
No. of non-dominant refs: 92964, Survival refs: 92954, Failure refs: 10
Batch update: 48 refs added, 0 existing refs removed (0 new refs dominated)
Survival: 48 refs added, 0 removed (from 48 certificates)
---
Round: 1950, Unk. prob.: 2.642e-01
Upper probs: 7.358e-01, Lower probs: 3.000e-05
No. of non-dominant refs: 93012, Survival refs: 93002, Failure refs: 10
Batch update: 48 refs added, 1 existing refs removed (0 new refs dominated)
Survival: 48 refs added, 1 removed (from 48 certificates)
---
Round: 1951, Unk. prob.: 2.660e-01
Upper probs: 7.340e-01, Lower probs: 3.000e-05
No. of non-dominant refs: 93059, Survival refs: 93049, Failure refs: 10
Batch update: 48 refs added, 0 existing refs removed (0 new refs dominated)
Survival: 48 refs added, 0 removed (from 48 certificates)
---
Round: 1952, Unk. prob.: 2.657e-01
Upper probs: 7.342e-01, Lower probs: 3.000e-05
No. of non-dominant refs: 93107, Survival refs: 93097, Failure refs: 10
Batch update: 48 refs added, 0 existing refs removed (0 new refs dominated)
Survival: 48 refs added, 0 removed (from 48 certificates)
---
Round: 1953, Unk. prob.: 2.677e-01
Upper probs: 7.322e-01, Lower probs: 1.000e-05
No. of non-dominant refs: 93155, Survival refs: 93145, Failure refs: 10
Batch update: 48 refs added, 0 existing refs removed (0 new refs dominated)
Survival: 48 refs added, 0 removed (from 48 certificates)
---
Round: 1954, Unk. prob.: 2.676e-01
Upper probs: 7.324e-01, Lower probs: 6.000e-05
No. of non-dominant refs: 93203, Survival refs: 93193, Failure refs: 10
Batch update: 48 refs added, 1 existing refs removed (0 new refs dominated)
Survival: 48 refs added, 1 removed (from 48 certificates)
---
Round: 1955, Unk. prob.: 2.648e-01
Upper probs: 7.352e-01, Lower probs: 3.000e-05
No. of non-dominant refs: 93250, Survival refs: 93240, Failure refs: 10
Batch update: 48 refs added, 0 existing refs removed (0 new refs dominated)
Survival: 48 refs added, 0 removed (from 48 certificates)
---
Round: 1956, Unk. prob.: 2.645e-01
Upper probs: 7.355e-01, Lower probs: 2.000e-05
No. of non-dominant refs: 93298, Survival refs: 93288, Failure refs: 10
Batch update: 48 refs added, 1 existing refs removed (0 new refs dominated)
Survival: 48 refs added, 1 removed (from 48 certificates)
---
Round: 1957, Unk. prob.: 2.671e-01
Upper probs: 7.328e-01, Lower probs: 3.000e-05
No. of non-dominant refs: 93345, Survival refs: 93335, Failure refs: 10
Batch update: 48 refs added, 0 existing refs removed (0 new refs dominated)
Survival: 48 refs added, 0 removed (from 48 certificates)
---
Round: 1958, Unk. prob.: 2.653e-01
Upper probs: 7.347e-01, Lower probs: 0.000e+00
No. of non-dominant refs: 93393, Survival refs: 93383, Failure refs: 10
Batch update: 48 refs added, 0 existing refs removed (0 new refs dominated)
Survival: 48 refs added, 0 removed (from 48 certificates)
---
Round: 1959, Unk. prob.: 2.640e-01
Upper probs: 7.360e-01, Lower probs: 4.000e-05
No. of non-dominant refs: 93441, Survival refs: 93431, Failure refs: 10
Batch update: 48 refs added, 1 existing refs removed (0 new refs dominated)
Survival: 48 refs added, 1 removed (from 48 certificates)
---
Round: 1960, Unk. prob.: 2.659e-01
Upper probs: 7.341e-01, Lower probs: 3.000e-05
No. of non-dominant refs: 93488, Survival refs: 93478, Failure refs: 10
Batch update: 48 refs added, 1 existing refs removed (0 new refs dominated)
Survival: 48 refs added, 1 removed (from 48 certificates)
---
Round: 1961, Unk. prob.: 2.657e-01
Upper probs: 7.342e-01, Lower probs: 3.000e-05
No. of non-dominant refs: 93535, Survival refs: 93525, Failure refs: 10
Batch update: 48 refs added, 0 existing refs removed (0 new refs dominated)
Survival: 48 refs added, 0 removed (from 48 certificates)
---
Round: 1962, Unk. prob.: 2.661e-01
Upper probs: 7.339e-01, Lower probs: 1.000e-05
No. of non-dominant refs: 93583, Survival refs: 93573, Failure refs: 10
Batch update: 48 refs added, 0 existing refs removed (0 new refs dominated)
Survival: 48 refs added, 0 removed (from 48 certificates)
---
Round: 1963, Unk. prob.: 2.674e-01
Upper probs: 7.326e-01, Lower probs: 5.000e-05
No. of non-dominant refs: 93631, Survival refs: 93621, Failure refs: 10
Batch update: 48 refs added, 0 existing refs removed (0 new refs dominated)
Survival: 48 refs added, 0 removed (from 48 certificates)
---
Round: 1964, Unk. prob.: 2.674e-01
Upper probs: 7.326e-01, Lower probs: 2.000e-05
No. of non-dominant refs: 93679, Survival refs: 93669, Failure refs: 10
Batch update: 48 refs added, 1 existing refs removed (0 new refs dominated)
Survival: 48 refs added, 1 removed (from 48 certificates)
---
Round: 1965, Unk. prob.: 2.653e-01
Upper probs: 7.347e-01, Lower probs: 2.000e-05
No. of non-dominant refs: 93726, Survival refs: 93716, Failure refs: 10
Batch update: 48 refs added, 0 existing refs removed (0 new refs dominated)
Survival: 48 refs added, 0 removed (from 48 certificates)
---
Round: 1966, Unk. prob.: 2.661e-01
Upper probs: 7.339e-01, Lower probs: 0.000e+00
No. of non-dominant refs: 93774, Survival refs: 93764, Failure refs: 10
Batch update: 48 refs added, 0 existing refs removed (0 new refs dominated)
Survival: 48 refs added, 0 removed (from 48 certificates)
---
Round: 1967, Unk. prob.: 2.651e-01
Upper probs: 7.348e-01, Lower probs: 5.000e-05
No. of non-dominant refs: 93822, Survival refs: 93812, Failure refs: 10
Batch update: 48 refs added, 1 existing refs removed (0 new refs dominated)
Survival: 48 refs added, 1 removed (from 48 certificates)
---
Round: 1968, Unk. prob.: 2.658e-01
Upper probs: 7.341e-01, Lower probs: 6.000e-05
No. of non-dominant refs: 93869, Survival refs: 93859, Failure refs: 10
Batch update: 48 refs added, 2 existing refs removed (0 new refs dominated)
Survival: 48 refs added, 2 removed (from 48 certificates)
---
Round: 1969, Unk. prob.: 2.677e-01
Upper probs: 7.323e-01, Lower probs: 2.000e-05
No. of non-dominant refs: 93915, Survival refs: 93905, Failure refs: 10
Batch update: 48 refs added, 0 existing refs removed (0 new refs dominated)
Survival: 48 refs added, 0 removed (from 48 certificates)
---
Round: 1970, Unk. prob.: 2.647e-01
Upper probs: 7.353e-01, Lower probs: 5.000e-05
No. of non-dominant refs: 93963, Survival refs: 93953, Failure refs: 10
Batch update: 48 refs added, 0 existing refs removed (0 new refs dominated)
Survival: 48 refs added, 0 removed (from 48 certificates)
---
Round: 1971, Unk. prob.: 2.635e-01
Upper probs: 7.365e-01, Lower probs: 3.000e-05
No. of non-dominant refs: 94011, Survival refs: 94001, Failure refs: 10
Batch update: 48 refs added, 0 existing refs removed (0 new refs dominated)
Survival: 48 refs added, 0 removed (from 48 certificates)
---
Round: 1972, Unk. prob.: 2.671e-01
Upper probs: 7.328e-01, Lower probs: 2.000e-05
No. of non-dominant refs: 94059, Survival refs: 94049, Failure refs: 10
Batch update: 48 refs added, 1 existing refs removed (0 new refs dominated)
Survival: 48 refs added, 1 removed (from 48 certificates)
---
Round: 1973, Unk. prob.: 2.657e-01
Upper probs: 7.342e-01, Lower probs: 1.000e-05
No. of non-dominant refs: 94106, Survival refs: 94096, Failure refs: 10
Batch update: 48 refs added, 0 existing refs removed (0 new refs dominated)
Survival: 48 refs added, 0 removed (from 48 certificates)
---
Round: 1974, Unk. prob.: 2.678e-01
Upper probs: 7.322e-01, Lower probs: 3.000e-05
No. of non-dominant refs: 94154, Survival refs: 94144, Failure refs: 10
Batch update: 48 refs added, 0 existing refs removed (0 new refs dominated)
Survival: 48 refs added, 0 removed (from 48 certificates)
---
Round: 1975, Unk. prob.: 2.669e-01
Upper probs: 7.331e-01, Lower probs: 1.000e-05
No. of non-dominant refs: 94202, Survival refs: 94192, Failure refs: 10
Batch update: 48 refs added, 1 existing refs removed (0 new refs dominated)
Survival: 48 refs added, 1 removed (from 48 certificates)
---
Round: 1976, Unk. prob.: 2.646e-01
Upper probs: 7.354e-01, Lower probs: 1.000e-05
No. of non-dominant refs: 94249, Survival refs: 94239, Failure refs: 10
Batch update: 48 refs added, 1 existing refs removed (0 new refs dominated)
Survival: 48 refs added, 1 removed (from 48 certificates)
---
Round: 1977, Unk. prob.: 2.665e-01
Upper probs: 7.335e-01, Lower probs: 1.000e-05
No. of non-dominant refs: 94296, Survival refs: 94286, Failure refs: 10
Batch update: 48 refs added, 0 existing refs removed (0 new refs dominated)
Survival: 48 refs added, 0 removed (from 48 certificates)
---
Round: 1978, Unk. prob.: 2.645e-01
Upper probs: 7.354e-01, Lower probs: 4.000e-05
No. of non-dominant refs: 94344, Survival refs: 94334, Failure refs: 10
Batch update: 48 refs added, 0 existing refs removed (0 new refs dominated)
Survival: 48 refs added, 0 removed (from 48 certificates)
---
Round: 1979, Unk. prob.: 2.644e-01
Upper probs: 7.356e-01, Lower probs: 0.000e+00
No. of non-dominant refs: 94392, Survival refs: 94382, Failure refs: 10
Batch update: 48 refs added, 1 existing refs removed (0 new refs dominated)
Survival: 48 refs added, 1 removed (from 48 certificates)
---
Round: 1980, Unk. prob.: 2.656e-01
Upper probs: 7.344e-01, Lower probs: 4.000e-05
No. of non-dominant refs: 94439, Survival refs: 94429, Failure refs: 10
Batch update: 48 refs added, 0 existing refs removed (0 new refs dominated)
Survival: 48 refs added, 0 removed (from 48 certificates)
---
Round: 1981, Unk. prob.: 2.661e-01
Upper probs: 7.338e-01, Lower probs: 2.000e-05
No. of non-dominant refs: 94487, Survival refs: 94477, Failure refs: 10
Batch update: 48 refs added, 0 existing refs removed (0 new refs dominated)
Survival: 48 refs added, 0 removed (from 48 certificates)
---
Round: 1982, Unk. prob.: 2.658e-01
Upper probs: 7.341e-01, Lower probs: 3.000e-05
No. of non-dominant refs: 94535, Survival refs: 94525, Failure refs: 10
Batch update: 48 refs added, 0 existing refs removed (0 new refs dominated)
Survival: 48 refs added, 0 removed (from 48 certificates)
---
Round: 1983, Unk. prob.: 2.661e-01
Upper probs: 7.339e-01, Lower probs: 4.000e-05
No. of non-dominant refs: 94583, Survival refs: 94573, Failure refs: 10
Batch update: 48 refs added, 0 existing refs removed (0 new refs dominated)
Survival: 48 refs added, 0 removed (from 48 certificates)
---
Round: 1984, Unk. prob.: 2.675e-01
Upper probs: 7.325e-01, Lower probs: 7.000e-05
No. of non-dominant refs: 94631, Survival refs: 94621, Failure refs: 10
Batch update: 48 refs added, 0 existing refs removed (0 new refs dominated)
Survival: 48 refs added, 0 removed (from 48 certificates)
---
Round: 1985, Unk. prob.: 2.673e-01
Upper probs: 7.326e-01, Lower probs: 1.000e-05
No. of non-dominant refs: 94679, Survival refs: 94669, Failure refs: 10
Batch update: 48 refs added, 0 existing refs removed (0 new refs dominated)
Survival: 48 refs added, 0 removed (from 48 certificates)
---
Round: 1986, Unk. prob.: 2.661e-01
Upper probs: 7.339e-01, Lower probs: 4.000e-05
No. of non-dominant refs: 94727, Survival refs: 94717, Failure refs: 10
Batch update: 48 refs added, 1 existing refs removed (0 new refs dominated)
Survival: 48 refs added, 1 removed (from 48 certificates)
---
Round: 1987, Unk. prob.: 2.641e-01
Upper probs: 7.359e-01, Lower probs: 2.000e-05
No. of non-dominant refs: 94774, Survival refs: 94764, Failure refs: 10
Batch update: 48 refs added, 1 existing refs removed (0 new refs dominated)
Survival: 48 refs added, 1 removed (from 48 certificates)
---
Round: 1988, Unk. prob.: 2.633e-01
Upper probs: 7.367e-01, Lower probs: 3.000e-05
No. of non-dominant refs: 94821, Survival refs: 94811, Failure refs: 10
Batch update: 48 refs added, 0 existing refs removed (0 new refs dominated)
Survival: 48 refs added, 0 removed (from 48 certificates)
---
Round: 1989, Unk. prob.: 2.650e-01
Upper probs: 7.350e-01, Lower probs: 3.000e-05
No. of non-dominant refs: 94869, Survival refs: 94859, Failure refs: 10
Batch update: 48 refs added, 0 existing refs removed (0 new refs dominated)
Survival: 48 refs added, 0 removed (from 48 certificates)
---
Round: 1990, Unk. prob.: 2.679e-01
Upper probs: 7.321e-01, Lower probs: 3.000e-05
No. of non-dominant refs: 94917, Survival refs: 94907, Failure refs: 10
Batch update: 48 refs added, 0 existing refs removed (0 new refs dominated)
Survival: 48 refs added, 0 removed (from 48 certificates)
---
Round: 1991, Unk. prob.: 2.667e-01
Upper probs: 7.333e-01, Lower probs: 2.000e-05
No. of non-dominant refs: 94965, Survival refs: 94955, Failure refs: 10
Batch update: 48 refs added, 0 existing refs removed (0 new refs dominated)
Survival: 48 refs added, 0 removed (from 48 certificates)
---
Round: 1992, Unk. prob.: 2.648e-01
Upper probs: 7.351e-01, Lower probs: 4.000e-05
No. of non-dominant refs: 95013, Survival refs: 95003, Failure refs: 10
Batch update: 47 refs added, 0 existing refs removed (0 new refs dominated)
Survival: 47 refs added, 0 removed (from 47 certificates)
Batch update: 1 refs added, 0 existing refs removed (0 new refs dominated)
Failure: 1 refs added, 0 removed (from 1 candidates)
---
Round: 1993, Unk. prob.: 2.656e-01
Upper probs: 7.344e-01, Lower probs: 7.000e-05
No. of non-dominant refs: 95061, Survival refs: 95050, Failure refs: 11
Batch update: 48 refs added, 1 existing refs removed (0 new refs dominated)
Survival: 48 refs added, 1 removed (from 48 certificates)
---
Round: 1994, Unk. prob.: 2.635e-01
Upper probs: 7.365e-01, Lower probs: 4.000e-05
No. of non-dominant refs: 95108, Survival refs: 95097, Failure refs: 11
Batch update: 48 refs added, 0 existing refs removed (0 new refs dominated)
Survival: 48 refs added, 0 removed (from 48 certificates)
---
Round: 1995, Unk. prob.: 2.646e-01
Upper probs: 7.354e-01, Lower probs: 5.000e-05
No. of non-dominant refs: 95156, Survival refs: 95145, Failure refs: 11
Batch update: 48 refs added, 0 existing refs removed (0 new refs dominated)
Survival: 48 refs added, 0 removed (from 48 certificates)
---
Round: 1996, Unk. prob.: 2.638e-01
Upper probs: 7.361e-01, Lower probs: 6.000e-05
No. of non-dominant refs: 95204, Survival refs: 95193, Failure refs: 11
Batch update: 48 refs added, 0 existing refs removed (0 new refs dominated)
Survival: 48 refs added, 0 removed (from 48 certificates)
---
Round: 1997, Unk. prob.: 2.667e-01
Upper probs: 7.333e-01, Lower probs: 2.000e-05
No. of non-dominant refs: 95252, Survival refs: 95241, Failure refs: 11
Batch update: 48 refs added, 0 existing refs removed (0 new refs dominated)
Survival: 48 refs added, 0 removed (from 48 certificates)
---
Round: 1998, Unk. prob.: 2.670e-01
Upper probs: 7.329e-01, Lower probs: 8.000e-05
No. of non-dominant refs: 95300, Survival refs: 95289, Failure refs: 11
Batch update: 48 refs added, 0 existing refs removed (0 new refs dominated)
Survival: 48 refs added, 0 removed (from 48 certificates)
---
Round: 1999, Unk. prob.: 2.651e-01
Upper probs: 7.348e-01, Lower probs: 3.000e-05
No. of non-dominant refs: 95348, Survival refs: 95337, Failure refs: 11
Batch update: 48 refs added, 0 existing refs removed (0 new refs dominated)
Survival: 48 refs added, 0 removed (from 48 certificates)
---
Round: 2000, Unk. prob.: 2.645e-01
Upper probs: 7.355e-01, Lower probs: 6.000e-05
No. of non-dominant refs: 95396, Survival refs: 95385, Failure refs: 11
Batch update: 48 refs added, 0 existing refs removed (0 new refs dominated)
Survival: 48 refs added, 0 removed (from 48 certificates)
---
Probs: 'upper':  7.349e-01, 'lower':  3.010e-05, 'unkn':  2.651e-01
---
Round: 2001, Unk. prob.: 2.651e-01
Upper probs: 7.349e-01, Lower probs: 3.010e-05
No. of non-dominant refs: 95444, Survival refs: 95433, Failure refs: 11
Batch update: 48 refs added, 0 existing refs removed (0 new refs dominated)
Survival: 48 refs added, 0 removed (from 48 certificates)
---
Round: 2002, Unk. prob.: 2.651e-01
Upper probs: 7.348e-01, Lower probs: 5.000e-05
No. of non-dominant refs: 95492, Survival refs: 95481, Failure refs: 11
Batch update: 48 refs added, 0 existing refs removed (0 new refs dominated)
Survival: 48 refs added, 0 removed (from 48 certificates)
---
Round: 2003, Unk. prob.: 2.634e-01
Upper probs: 7.365e-01, Lower probs: 7.000e-05
No. of non-dominant refs: 95540, Survival refs: 95529, Failure refs: 11
Batch update: 48 refs added, 1 existing refs removed (0 new refs dominated)
Survival: 48 refs added, 1 removed (from 48 certificates)
---
Round: 2004, Unk. prob.: 2.655e-01
Upper probs: 7.345e-01, Lower probs: 1.000e-05
No. of non-dominant refs: 95587, Survival refs: 95576, Failure refs: 11
Batch update: 48 refs added, 0 existing refs removed (0 new refs dominated)
Survival: 48 refs added, 0 removed (from 48 certificates)
---
Round: 2005, Unk. prob.: 2.642e-01
Upper probs: 7.358e-01, Lower probs: 1.000e-05
No. of non-dominant refs: 95635, Survival refs: 95624, Failure refs: 11
Batch update: 48 refs added, 1 existing refs removed (0 new refs dominated)
Survival: 48 refs added, 1 removed (from 48 certificates)
---
Round: 2006, Unk. prob.: 2.643e-01
Upper probs: 7.356e-01, Lower probs: 4.000e-05
No. of non-dominant refs: 95682, Survival refs: 95671, Failure refs: 11
Batch update: 48 refs added, 0 existing refs removed (0 new refs dominated)
Survival: 48 refs added, 0 removed (from 48 certificates)
---
Round: 2007, Unk. prob.: 2.663e-01
Upper probs: 7.337e-01, Lower probs: 2.000e-05
No. of non-dominant refs: 95730, Survival refs: 95719, Failure refs: 11
Batch update: 48 refs added, 1 existing refs removed (0 new refs dominated)
Survival: 48 refs added, 1 removed (from 48 certificates)
---
Round: 2008, Unk. prob.: 2.671e-01
Upper probs: 7.329e-01, Lower probs: 1.000e-05
No. of non-dominant refs: 95777, Survival refs: 95766, Failure refs: 11
Batch update: 48 refs added, 0 existing refs removed (0 new refs dominated)
Survival: 48 refs added, 0 removed (from 48 certificates)
---
Round: 2009, Unk. prob.: 2.657e-01
Upper probs: 7.343e-01, Lower probs: 1.000e-05
No. of non-dominant refs: 95825, Survival refs: 95814, Failure refs: 11
Batch update: 48 refs added, 0 existing refs removed (0 new refs dominated)
Survival: 48 refs added, 0 removed (from 48 certificates)
---
Round: 2010, Unk. prob.: 2.648e-01
Upper probs: 7.352e-01, Lower probs: 2.000e-05
No. of non-dominant refs: 95873, Survival refs: 95862, Failure refs: 11
Batch update: 48 refs added, 1 existing refs removed (0 new refs dominated)
Survival: 48 refs added, 1 removed (from 48 certificates)
---
Round: 2011, Unk. prob.: 2.634e-01
Upper probs: 7.365e-01, Lower probs: 4.000e-05
No. of non-dominant refs: 95920, Survival refs: 95909, Failure refs: 11
Batch update: 48 refs added, 0 existing refs removed (0 new refs dominated)
Survival: 48 refs added, 0 removed (from 48 certificates)
---
Round: 2012, Unk. prob.: 2.651e-01
Upper probs: 7.349e-01, Lower probs: 2.000e-05
No. of non-dominant refs: 95968, Survival refs: 95957, Failure refs: 11
Batch update: 48 refs added, 0 existing refs removed (0 new refs dominated)
Survival: 48 refs added, 0 removed (from 48 certificates)
---
Round: 2013, Unk. prob.: 2.653e-01
Upper probs: 7.347e-01, Lower probs: 2.000e-05
No. of non-dominant refs: 96016, Survival refs: 96005, Failure refs: 11
Batch update: 48 refs added, 1 existing refs removed (0 new refs dominated)
Survival: 48 refs added, 1 removed (from 48 certificates)
---
Round: 2014, Unk. prob.: 2.670e-01
Upper probs: 7.329e-01, Lower probs: 3.000e-05
No. of non-dominant refs: 96063, Survival refs: 96052, Failure refs: 11
Batch update: 48 refs added, 0 existing refs removed (0 new refs dominated)
Survival: 48 refs added, 0 removed (from 48 certificates)
---
Round: 2015, Unk. prob.: 2.654e-01
Upper probs: 7.346e-01, Lower probs: 2.000e-05
No. of non-dominant refs: 96111, Survival refs: 96100, Failure refs: 11
Batch update: 48 refs added, 0 existing refs removed (0 new refs dominated)
Survival: 48 refs added, 0 removed (from 48 certificates)
---
Round: 2016, Unk. prob.: 2.630e-01
Upper probs: 7.370e-01, Lower probs: 3.000e-05
No. of non-dominant refs: 96159, Survival refs: 96148, Failure refs: 11
Batch update: 48 refs added, 0 existing refs removed (0 new refs dominated)
Survival: 48 refs added, 0 removed (from 48 certificates)
---
Round: 2017, Unk. prob.: 2.647e-01
Upper probs: 7.353e-01, Lower probs: 3.000e-05
No. of non-dominant refs: 96207, Survival refs: 96196, Failure refs: 11
Batch update: 48 refs added, 0 existing refs removed (0 new refs dominated)
Survival: 48 refs added, 0 removed (from 48 certificates)
---
Round: 2018, Unk. prob.: 2.651e-01
Upper probs: 7.349e-01, Lower probs: 2.000e-05
No. of non-dominant refs: 96255, Survival refs: 96244, Failure refs: 11
Batch update: 48 refs added, 2 existing refs removed (0 new refs dominated)
Survival: 48 refs added, 2 removed (from 48 certificates)
---
Round: 2019, Unk. prob.: 2.651e-01
Upper probs: 7.349e-01, Lower probs: 4.000e-05
No. of non-dominant refs: 96301, Survival refs: 96290, Failure refs: 11
Batch update: 48 refs added, 0 existing refs removed (0 new refs dominated)
Survival: 48 refs added, 0 removed (from 48 certificates)
---
Round: 2020, Unk. prob.: 2.643e-01
Upper probs: 7.356e-01, Lower probs: 3.000e-05
No. of non-dominant refs: 96349, Survival refs: 96338, Failure refs: 11
Batch update: 48 refs added, 1 existing refs removed (0 new refs dominated)
Survival: 48 refs added, 1 removed (from 48 certificates)
---
Round: 2021, Unk. prob.: 2.647e-01
Upper probs: 7.353e-01, Lower probs: 4.000e-05
No. of non-dominant refs: 96396, Survival refs: 96385, Failure refs: 11
Batch update: 48 refs added, 1 existing refs removed (0 new refs dominated)
Survival: 48 refs added, 1 removed (from 48 certificates)
---
Round: 2022, Unk. prob.: 2.673e-01
Upper probs: 7.327e-01, Lower probs: 1.000e-05
No. of non-dominant refs: 96443, Survival refs: 96432, Failure refs: 11
Batch update: 48 refs added, 1 existing refs removed (0 new refs dominated)
Survival: 48 refs added, 1 removed (from 48 certificates)
---
Round: 2023, Unk. prob.: 2.640e-01
Upper probs: 7.359e-01, Lower probs: 3.000e-05
No. of non-dominant refs: 96490, Survival refs: 96479, Failure refs: 11
Batch update: 48 refs added, 0 existing refs removed (0 new refs dominated)
Survival: 48 refs added, 0 removed (from 48 certificates)
---
Round: 2024, Unk. prob.: 2.667e-01
Upper probs: 7.333e-01, Lower probs: 0.000e+00
No. of non-dominant refs: 96538, Survival refs: 96527, Failure refs: 11
Batch update: 48 refs added, 0 existing refs removed (0 new refs dominated)
Survival: 48 refs added, 0 removed (from 48 certificates)
---
Round: 2025, Unk. prob.: 2.666e-01
Upper probs: 7.334e-01, Lower probs: 3.000e-05
No. of non-dominant refs: 96586, Survival refs: 96575, Failure refs: 11
Batch update: 48 refs added, 0 existing refs removed (0 new refs dominated)
Survival: 48 refs added, 0 removed (from 48 certificates)
---
Round: 2026, Unk. prob.: 2.651e-01
Upper probs: 7.349e-01, Lower probs: 2.000e-05
No. of non-dominant refs: 96634, Survival refs: 96623, Failure refs: 11
Batch update: 48 refs added, 0 existing refs removed (0 new refs dominated)
Survival: 48 refs added, 0 removed (from 48 certificates)
---
Round: 2027, Unk. prob.: 2.648e-01
Upper probs: 7.351e-01, Lower probs: 7.000e-05
No. of non-dominant refs: 96682, Survival refs: 96671, Failure refs: 11
Batch update: 48 refs added, 0 existing refs removed (0 new refs dominated)
Survival: 48 refs added, 0 removed (from 48 certificates)
---
Round: 2028, Unk. prob.: 2.638e-01
Upper probs: 7.362e-01, Lower probs: 3.000e-05
No. of non-dominant refs: 96730, Survival refs: 96719, Failure refs: 11
Batch update: 48 refs added, 1 existing refs removed (0 new refs dominated)
Survival: 48 refs added, 1 removed (from 48 certificates)
---
Round: 2029, Unk. prob.: 2.620e-01
Upper probs: 7.380e-01, Lower probs: 3.000e-05
No. of non-dominant refs: 96777, Survival refs: 96766, Failure refs: 11
Batch update: 48 refs added, 0 existing refs removed (0 new refs dominated)
Survival: 48 refs added, 0 removed (from 48 certificates)
---
Round: 2030, Unk. prob.: 2.669e-01
Upper probs: 7.330e-01, Lower probs: 4.000e-05
No. of non-dominant refs: 96825, Survival refs: 96814, Failure refs: 11
Batch update: 48 refs added, 0 existing refs removed (0 new refs dominated)
Survival: 48 refs added, 0 removed (from 48 certificates)
---
Round: 2031, Unk. prob.: 2.652e-01
Upper probs: 7.348e-01, Lower probs: 1.000e-05
No. of non-dominant refs: 96873, Survival refs: 96862, Failure refs: 11
Batch update: 48 refs added, 0 existing refs removed (0 new refs dominated)
Survival: 48 refs added, 0 removed (from 48 certificates)
---
Round: 2032, Unk. prob.: 2.634e-01
Upper probs: 7.365e-01, Lower probs: 6.000e-05
No. of non-dominant refs: 96921, Survival refs: 96910, Failure refs: 11
Batch update: 48 refs added, 0 existing refs removed (0 new refs dominated)
Survival: 48 refs added, 0 removed (from 48 certificates)
---
Round: 2033, Unk. prob.: 2.647e-01
Upper probs: 7.353e-01, Lower probs: 5.000e-05
No. of non-dominant refs: 96969, Survival refs: 96958, Failure refs: 11
Batch update: 48 refs added, 1 existing refs removed (0 new refs dominated)
Survival: 48 refs added, 1 removed (from 48 certificates)
---
Round: 2034, Unk. prob.: 2.661e-01
Upper probs: 7.339e-01, Lower probs: 1.000e-05
No. of non-dominant refs: 97016, Survival refs: 97005, Failure refs: 11
Batch update: 48 refs added, 0 existing refs removed (0 new refs dominated)
Survival: 48 refs added, 0 removed (from 48 certificates)
---
Round: 2035, Unk. prob.: 2.649e-01
Upper probs: 7.351e-01, Lower probs: 2.000e-05
No. of non-dominant refs: 97064, Survival refs: 97053, Failure refs: 11
Batch update: 48 refs added, 0 existing refs removed (0 new refs dominated)
Survival: 48 refs added, 0 removed (from 48 certificates)
---
Round: 2036, Unk. prob.: 2.641e-01
Upper probs: 7.359e-01, Lower probs: 6.000e-05
No. of non-dominant refs: 97112, Survival refs: 97101, Failure refs: 11
Batch update: 48 refs added, 0 existing refs removed (0 new refs dominated)
Survival: 48 refs added, 0 removed (from 48 certificates)
---
Round: 2037, Unk. prob.: 2.647e-01
Upper probs: 7.353e-01, Lower probs: 1.000e-05
No. of non-dominant refs: 97160, Survival refs: 97149, Failure refs: 11
Batch update: 48 refs added, 0 existing refs removed (0 new refs dominated)
Survival: 48 refs added, 0 removed (from 48 certificates)
---
Round: 2038, Unk. prob.: 2.634e-01
Upper probs: 7.365e-01, Lower probs: 5.000e-05
No. of non-dominant refs: 97208, Survival refs: 97197, Failure refs: 11
Batch update: 48 refs added, 1 existing refs removed (0 new refs dominated)
Survival: 48 refs added, 1 removed (from 48 certificates)
---
Round: 2039, Unk. prob.: 2.636e-01
Upper probs: 7.363e-01, Lower probs: 2.000e-05
No. of non-dominant refs: 97255, Survival refs: 97244, Failure refs: 11
Batch update: 48 refs added, 0 existing refs removed (0 new refs dominated)
Survival: 48 refs added, 0 removed (from 48 certificates)
---
Round: 2040, Unk. prob.: 2.635e-01
Upper probs: 7.364e-01, Lower probs: 5.000e-05
No. of non-dominant refs: 97303, Survival refs: 97292, Failure refs: 11
Batch update: 48 refs added, 0 existing refs removed (0 new refs dominated)
Survival: 48 refs added, 0 removed (from 48 certificates)
---
Round: 2041, Unk. prob.: 2.669e-01
Upper probs: 7.331e-01, Lower probs: 1.000e-05
No. of non-dominant refs: 97351, Survival refs: 97340, Failure refs: 11
Batch update: 48 refs added, 0 existing refs removed (0 new refs dominated)
Survival: 48 refs added, 0 removed (from 48 certificates)
---
Round: 2042, Unk. prob.: 2.644e-01
Upper probs: 7.356e-01, Lower probs: 4.000e-05
No. of non-dominant refs: 97399, Survival refs: 97388, Failure refs: 11
Batch update: 48 refs added, 0 existing refs removed (0 new refs dominated)
Survival: 48 refs added, 0 removed (from 48 certificates)
---
Round: 2043, Unk. prob.: 2.617e-01
Upper probs: 7.383e-01, Lower probs: 5.000e-05
No. of non-dominant refs: 97447, Survival refs: 97436, Failure refs: 11
Batch update: 48 refs added, 0 existing refs removed (0 new refs dominated)
Survival: 48 refs added, 0 removed (from 48 certificates)
---
Round: 2044, Unk. prob.: 2.642e-01
Upper probs: 7.358e-01, Lower probs: 4.000e-05
No. of non-dominant refs: 97495, Survival refs: 97484, Failure refs: 11
Batch update: 48 refs added, 0 existing refs removed (0 new refs dominated)
Survival: 48 refs added, 0 removed (from 48 certificates)
---
Round: 2045, Unk. prob.: 2.630e-01
Upper probs: 7.369e-01, Lower probs: 4.000e-05
No. of non-dominant refs: 97543, Survival refs: 97532, Failure refs: 11
Batch update: 48 refs added, 0 existing refs removed (0 new refs dominated)
Survival: 48 refs added, 0 removed (from 48 certificates)
---
Round: 2046, Unk. prob.: 2.656e-01
Upper probs: 7.344e-01, Lower probs: 1.000e-05
No. of non-dominant refs: 97591, Survival refs: 97580, Failure refs: 11
Batch update: 48 refs added, 1 existing refs removed (0 new refs dominated)
Survival: 48 refs added, 1 removed (from 48 certificates)
---
Round: 2047, Unk. prob.: 2.619e-01
Upper probs: 7.381e-01, Lower probs: 4.000e-05
No. of non-dominant refs: 97638, Survival refs: 97627, Failure refs: 11
Batch update: 48 refs added, 0 existing refs removed (0 new refs dominated)
Survival: 48 refs added, 0 removed (from 48 certificates)
---
Round: 2048, Unk. prob.: 2.631e-01
Upper probs: 7.369e-01, Lower probs: 2.000e-05
No. of non-dominant refs: 97686, Survival refs: 97675, Failure refs: 11
Batch update: 48 refs added, 0 existing refs removed (0 new refs dominated)
Survival: 48 refs added, 0 removed (from 48 certificates)
---
Round: 2049, Unk. prob.: 2.590e-01
Upper probs: 7.410e-01, Lower probs: 4.000e-05
No. of non-dominant refs: 97734, Survival refs: 97723, Failure refs: 11
Batch update: 48 refs added, 0 existing refs removed (0 new refs dominated)
Survival: 48 refs added, 0 removed (from 48 certificates)
---
Round: 2050, Unk. prob.: 2.628e-01
Upper probs: 7.371e-01, Lower probs: 3.000e-05
No. of non-dominant refs: 97782, Survival refs: 97771, Failure refs: 11
Batch update: 48 refs added, 0 existing refs removed (0 new refs dominated)
Survival: 48 refs added, 0 removed (from 48 certificates)
---
Round: 2051, Unk. prob.: 2.637e-01
Upper probs: 7.363e-01, Lower probs: 3.000e-05
No. of non-dominant refs: 97830, Survival refs: 97819, Failure refs: 11
Batch update: 48 refs added, 0 existing refs removed (0 new refs dominated)
Survival: 48 refs added, 0 removed (from 48 certificates)
---
Round: 2052, Unk. prob.: 2.641e-01
Upper probs: 7.358e-01, Lower probs: 5.000e-05
No. of non-dominant refs: 97878, Survival refs: 97867, Failure refs: 11
Batch update: 48 refs added, 0 existing refs removed (0 new refs dominated)
Survival: 48 refs added, 0 removed (from 48 certificates)
---
Round: 2053, Unk. prob.: 2.639e-01
Upper probs: 7.361e-01, Lower probs: 2.000e-05
No. of non-dominant refs: 97926, Survival refs: 97915, Failure refs: 11
Batch update: 48 refs added, 0 existing refs removed (0 new refs dominated)
Survival: 48 refs added, 0 removed (from 48 certificates)
---
Round: 2054, Unk. prob.: 2.631e-01
Upper probs: 7.368e-01, Lower probs: 4.000e-05
No. of non-dominant refs: 97974, Survival refs: 97963, Failure refs: 11
Batch update: 48 refs added, 0 existing refs removed (0 new refs dominated)
Survival: 48 refs added, 0 removed (from 48 certificates)
---
Round: 2055, Unk. prob.: 2.617e-01
Upper probs: 7.383e-01, Lower probs: 0.000e+00
No. of non-dominant refs: 98022, Survival refs: 98011, Failure refs: 11
Batch update: 48 refs added, 0 existing refs removed (0 new refs dominated)
Survival: 48 refs added, 0 removed (from 48 certificates)
---
Round: 2056, Unk. prob.: 2.641e-01
Upper probs: 7.358e-01, Lower probs: 8.000e-05
No. of non-dominant refs: 98070, Survival refs: 98059, Failure refs: 11
Batch update: 48 refs added, 0 existing refs removed (0 new refs dominated)
Survival: 48 refs added, 0 removed (from 48 certificates)
---
Round: 2057, Unk. prob.: 2.646e-01
Upper probs: 7.354e-01, Lower probs: 3.000e-05
No. of non-dominant refs: 98118, Survival refs: 98107, Failure refs: 11
Batch update: 48 refs added, 0 existing refs removed (0 new refs dominated)
Survival: 48 refs added, 0 removed (from 48 certificates)
---
Round: 2058, Unk. prob.: 2.606e-01
Upper probs: 7.394e-01, Lower probs: 2.000e-05
No. of non-dominant refs: 98166, Survival refs: 98155, Failure refs: 11
Batch update: 48 refs added, 0 existing refs removed (0 new refs dominated)
Survival: 48 refs added, 0 removed (from 48 certificates)
---
Round: 2059, Unk. prob.: 2.661e-01
Upper probs: 7.339e-01, Lower probs: 1.000e-05
No. of non-dominant refs: 98214, Survival refs: 98203, Failure refs: 11
Batch update: 48 refs added, 0 existing refs removed (0 new refs dominated)
Survival: 48 refs added, 0 removed (from 48 certificates)
---
Round: 2060, Unk. prob.: 2.644e-01
Upper probs: 7.356e-01, Lower probs: 4.000e-05
No. of non-dominant refs: 98262, Survival refs: 98251, Failure refs: 11
Batch update: 48 refs added, 1 existing refs removed (0 new refs dominated)
Survival: 48 refs added, 1 removed (from 48 certificates)
---
Round: 2061, Unk. prob.: 2.637e-01
Upper probs: 7.363e-01, Lower probs: 3.000e-05
No. of non-dominant refs: 98309, Survival refs: 98298, Failure refs: 11
Batch update: 48 refs added, 0 existing refs removed (0 new refs dominated)
Survival: 48 refs added, 0 removed (from 48 certificates)
---
Round: 2062, Unk. prob.: 2.666e-01
Upper probs: 7.333e-01, Lower probs: 2.000e-05
No. of non-dominant refs: 98357, Survival refs: 98346, Failure refs: 11
Batch update: 48 refs added, 0 existing refs removed (0 new refs dominated)
Survival: 48 refs added, 0 removed (from 48 certificates)
---
Round: 2063, Unk. prob.: 2.629e-01
Upper probs: 7.371e-01, Lower probs: 0.000e+00
No. of non-dominant refs: 98405, Survival refs: 98394, Failure refs: 11
Batch update: 48 refs added, 0 existing refs removed (0 new refs dominated)
Survival: 48 refs added, 0 removed (from 48 certificates)
---
Round: 2064, Unk. prob.: 2.628e-01
Upper probs: 7.372e-01, Lower probs: 2.000e-05
No. of non-dominant refs: 98453, Survival refs: 98442, Failure refs: 11
Batch update: 48 refs added, 0 existing refs removed (0 new refs dominated)
Survival: 48 refs added, 0 removed (from 48 certificates)
---
Round: 2065, Unk. prob.: 2.653e-01
Upper probs: 7.347e-01, Lower probs: 5.000e-05
No. of non-dominant refs: 98501, Survival refs: 98490, Failure refs: 11
Batch update: 48 refs added, 0 existing refs removed (0 new refs dominated)
Survival: 48 refs added, 0 removed (from 48 certificates)
---
Round: 2066, Unk. prob.: 2.619e-01
Upper probs: 7.380e-01, Lower probs: 6.000e-05
No. of non-dominant refs: 98549, Survival refs: 98538, Failure refs: 11
Batch update: 48 refs added, 0 existing refs removed (0 new refs dominated)
Survival: 48 refs added, 0 removed (from 48 certificates)
---
Round: 2067, Unk. prob.: 2.614e-01
Upper probs: 7.386e-01, Lower probs: 0.000e+00
No. of non-dominant refs: 98597, Survival refs: 98586, Failure refs: 11
Batch update: 48 refs added, 1 existing refs removed (0 new refs dominated)
Survival: 48 refs added, 1 removed (from 48 certificates)
---
Round: 2068, Unk. prob.: 2.628e-01
Upper probs: 7.371e-01, Lower probs: 3.000e-05
No. of non-dominant refs: 98644, Survival refs: 98633, Failure refs: 11
Batch update: 48 refs added, 0 existing refs removed (0 new refs dominated)
Survival: 48 refs added, 0 removed (from 48 certificates)
---
Round: 2069, Unk. prob.: 2.630e-01
Upper probs: 7.370e-01, Lower probs: 2.000e-05
No. of non-dominant refs: 98692, Survival refs: 98681, Failure refs: 11
Batch update: 48 refs added, 0 existing refs removed (0 new refs dominated)
Survival: 48 refs added, 0 removed (from 48 certificates)
---
Round: 2070, Unk. prob.: 2.625e-01
Upper probs: 7.375e-01, Lower probs: 2.000e-05
No. of non-dominant refs: 98740, Survival refs: 98729, Failure refs: 11
Batch update: 48 refs added, 1 existing refs removed (0 new refs dominated)
Survival: 48 refs added, 1 removed (from 48 certificates)
---
Round: 2071, Unk. prob.: 2.638e-01
Upper probs: 7.362e-01, Lower probs: 2.000e-05
No. of non-dominant refs: 98787, Survival refs: 98776, Failure refs: 11
Batch update: 48 refs added, 0 existing refs removed (0 new refs dominated)
Survival: 48 refs added, 0 removed (from 48 certificates)
---
Round: 2072, Unk. prob.: 2.616e-01
Upper probs: 7.384e-01, Lower probs: 3.000e-05
No. of non-dominant refs: 98835, Survival refs: 98824, Failure refs: 11
Batch update: 48 refs added, 1 existing refs removed (0 new refs dominated)
Survival: 48 refs added, 1 removed (from 48 certificates)
---
Round: 2073, Unk. prob.: 2.626e-01
Upper probs: 7.374e-01, Lower probs: 3.000e-05
No. of non-dominant refs: 98882, Survival refs: 98871, Failure refs: 11
Batch update: 48 refs added, 0 existing refs removed (0 new refs dominated)
Survival: 48 refs added, 0 removed (from 48 certificates)
---
Round: 2074, Unk. prob.: 2.631e-01
Upper probs: 7.369e-01, Lower probs: 5.000e-05
No. of non-dominant refs: 98930, Survival refs: 98919, Failure refs: 11
Batch update: 48 refs added, 0 existing refs removed (0 new refs dominated)
Survival: 48 refs added, 0 removed (from 48 certificates)
---
Round: 2075, Unk. prob.: 2.629e-01
Upper probs: 7.371e-01, Lower probs: 2.000e-05
No. of non-dominant refs: 98978, Survival refs: 98967, Failure refs: 11
Batch update: 48 refs added, 0 existing refs removed (0 new refs dominated)
Survival: 48 refs added, 0 removed (from 48 certificates)
---
Round: 2076, Unk. prob.: 2.633e-01
Upper probs: 7.367e-01, Lower probs: 2.000e-05
No. of non-dominant refs: 99026, Survival refs: 99015, Failure refs: 11
Batch update: 48 refs added, 0 existing refs removed (0 new refs dominated)
Survival: 48 refs added, 0 removed (from 48 certificates)
---
Round: 2077, Unk. prob.: 2.630e-01
Upper probs: 7.370e-01, Lower probs: 3.000e-05
No. of non-dominant refs: 99074, Survival refs: 99063, Failure refs: 11
Batch update: 48 refs added, 1 existing refs removed (0 new refs dominated)
Survival: 48 refs added, 1 removed (from 48 certificates)
---
Round: 2078, Unk. prob.: 2.641e-01
Upper probs: 7.359e-01, Lower probs: 4.000e-05
No. of non-dominant refs: 99121, Survival refs: 99110, Failure refs: 11
Batch update: 48 refs added, 1 existing refs removed (0 new refs dominated)
Survival: 48 refs added, 1 removed (from 48 certificates)
---
Round: 2079, Unk. prob.: 2.639e-01
Upper probs: 7.361e-01, Lower probs: 2.000e-05
No. of non-dominant refs: 99168, Survival refs: 99157, Failure refs: 11
Batch update: 47 refs added, 0 existing refs removed (0 new refs dominated)
Survival: 47 refs added, 0 removed (from 47 certificates)
Failure cuts: 1 added (total 42)
---
Round: 2080, Unk. prob.: 2.630e-01
Upper probs: 7.369e-01, Lower probs: 2.000e-05
No. of non-dominant refs: 99215, Survival refs: 99204, Failure refs: 11
Batch update: 48 refs added, 1 existing refs removed (0 new refs dominated)
Survival: 48 refs added, 1 removed (from 48 certificates)
---
Round: 2081, Unk. prob.: 2.640e-01
Upper probs: 7.360e-01, Lower probs: 6.000e-05
No. of non-dominant refs: 99262, Survival refs: 99251, Failure refs: 11
Batch update: 48 refs added, 0 existing refs removed (0 new refs dominated)
Survival: 48 refs added, 0 removed (from 48 certificates)
---
Round: 2082, Unk. prob.: 2.613e-01
Upper probs: 7.387e-01, Lower probs: 6.000e-05
No. of non-dominant refs: 99310, Survival refs: 99299, Failure refs: 11
Batch update: 48 refs added, 2 existing refs removed (0 new refs dominated)
Survival: 48 refs added, 2 removed (from 48 certificates)
---
Round: 2083, Unk. prob.: 2.641e-01
Upper probs: 7.359e-01, Lower probs: 2.000e-05
No. of non-dominant refs: 99356, Survival refs: 99345, Failure refs: 11
Batch update: 48 refs added, 0 existing refs removed (0 new refs dominated)
Survival: 48 refs added, 0 removed (from 48 certificates)
---
Round: 2084, Unk. prob.: 2.634e-01
Upper probs: 7.366e-01, Lower probs: 5.000e-05
No. of non-dominant refs: 99404, Survival refs: 99393, Failure refs: 11
Batch update: 48 refs added, 0 existing refs removed (0 new refs dominated)
Survival: 48 refs added, 0 removed (from 48 certificates)
---
Round: 2085, Unk. prob.: 2.627e-01
Upper probs: 7.373e-01, Lower probs: 3.000e-05
No. of non-dominant refs: 99452, Survival refs: 99441, Failure refs: 11
Batch update: 48 refs added, 0 existing refs removed (0 new refs dominated)
Survival: 48 refs added, 0 removed (from 48 certificates)
---
Round: 2086, Unk. prob.: 2.623e-01
Upper probs: 7.377e-01, Lower probs: 1.000e-05
No. of non-dominant refs: 99500, Survival refs: 99489, Failure refs: 11
Batch update: 48 refs added, 0 existing refs removed (0 new refs dominated)
Survival: 48 refs added, 0 removed (from 48 certificates)
---
Round: 2087, Unk. prob.: 2.639e-01
Upper probs: 7.361e-01, Lower probs: 1.000e-05
No. of non-dominant refs: 99548, Survival refs: 99537, Failure refs: 11
Batch update: 48 refs added, 0 existing refs removed (0 new refs dominated)
Survival: 48 refs added, 0 removed (from 48 certificates)
---
Round: 2088, Unk. prob.: 2.638e-01
Upper probs: 7.362e-01, Lower probs: 4.000e-05
No. of non-dominant refs: 99596, Survival refs: 99585, Failure refs: 11
Batch update: 48 refs added, 0 existing refs removed (0 new refs dominated)
Survival: 48 refs added, 0 removed (from 48 certificates)
---
Round: 2089, Unk. prob.: 2.639e-01
Upper probs: 7.360e-01, Lower probs: 4.000e-05
No. of non-dominant refs: 99644, Survival refs: 99633, Failure refs: 11
Batch update: 48 refs added, 0 existing refs removed (0 new refs dominated)
Survival: 48 refs added, 0 removed (from 48 certificates)
---
Round: 2090, Unk. prob.: 2.627e-01
Upper probs: 7.373e-01, Lower probs: 4.000e-05
No. of non-dominant refs: 99692, Survival refs: 99681, Failure refs: 11
Batch update: 48 refs added, 0 existing refs removed (0 new refs dominated)
Survival: 48 refs added, 0 removed (from 48 certificates)
---
Round: 2091, Unk. prob.: 2.626e-01
Upper probs: 7.374e-01, Lower probs: 3.000e-05
No. of non-dominant refs: 99740, Survival refs: 99729, Failure refs: 11
Batch update: 48 refs added, 0 existing refs removed (0 new refs dominated)
Survival: 48 refs added, 0 removed (from 48 certificates)
---
Round: 2092, Unk. prob.: 2.622e-01
Upper probs: 7.378e-01, Lower probs: 3.000e-05
No. of non-dominant refs: 99788, Survival refs: 99777, Failure refs: 11
Batch update: 48 refs added, 0 existing refs removed (0 new refs dominated)
Survival: 48 refs added, 0 removed (from 48 certificates)
---
Round: 2093, Unk. prob.: 2.646e-01
Upper probs: 7.353e-01, Lower probs: 4.000e-05
No. of non-dominant refs: 99836, Survival refs: 99825, Failure refs: 11
Batch update: 48 refs added, 0 existing refs removed (0 new refs dominated)
Survival: 48 refs added, 0 removed (from 48 certificates)
---
Round: 2094, Unk. prob.: 2.611e-01
Upper probs: 7.389e-01, Lower probs: 4.000e-05
No. of non-dominant refs: 99884, Survival refs: 99873, Failure refs: 11
Batch update: 48 refs added, 0 existing refs removed (0 new refs dominated)
Survival: 48 refs added, 0 removed (from 48 certificates)
---
Round: 2095, Unk. prob.: 2.601e-01
Upper probs: 7.399e-01, Lower probs: 4.000e-05
No. of non-dominant refs: 99932, Survival refs: 99921, Failure refs: 11
Batch update: 48 refs added, 0 existing refs removed (0 new refs dominated)
Survival: 48 refs added, 0 removed (from 48 certificates)
---
Round: 2096, Unk. prob.: 2.644e-01
Upper probs: 7.356e-01, Lower probs: 2.000e-05
No. of non-dominant refs: 99980, Survival refs: 99969, Failure refs: 11
Batch update: 48 refs added, 0 existing refs removed (0 new refs dominated)
Survival: 48 refs added, 0 removed (from 48 certificates)
Reached max_refs (100000): 100017 upper + 11 lower. Terminating.
---
[Final results] Probs: 'upper':  7.375e-01, 'lower':  3.170e-05, 'unkn':  2.624e-01

================================================================
RESULTS
================================================================
  Runtime:            23584.4s   (100017 survival rules, 11 failure rules)
  P(blackout):        3.170e-05   (bounds: [3.170e-05, 2.625e-01], gap 2.6e-01)
  P(survival):        0.7375
  Reference (paper):  p_f ~ 1.0e-04

  11 minimal cut-sets (failure modes).
  Single points of failure: none
  Smallest failure modes:
    - {vbus45≤0, vbus59≤0, vbus74≤1, vbus80≤0, br116≤0}
    - {vbus31≤0, vbus54≤0, vbus89≤0, vbus90≤0, vbus116≤0}
    - {vbus59≤0, vbus78≤0, vbus85≤1, vbus89≤0, vbus92≤1}
    - {vbus42≤0, vbus59≤0, vbus85≤1, vbus89≤0, vbus90≤2}
    - {vbus27≤0, vbus59≤0, vbus89≤0, vbus92≤2, vbus96≤0}
    - {vbus42≤0, vbus76≤1, vbus77≤1, vbus80≤0, vbus89≤0, vbus90≤1}
    - {vbus46≤0, vbus74≤1, vbus77≤1, vbus80≤0, vbus85≤0, vbus116≤0, br145≤0}
    - {vbus40≤0, vbus55≤0, vbus74≤1, vbus80≤0, vbus85≤2, vbus89≤0, vbus92≤2, vbus104≤0}

  Most critical components:
    vbus89   in  8 cut-sets (min size 5)
    vbus80   in  6 cut-sets (min size 5)
    vbus59   in  5 cut-sets (min size 5)
    vbus74   in  5 cut-sets (min size 5)
    vbus90   in  5 cut-sets (min size 5)
    vbus92   in  5 cut-sets (min size 5)
    vbus116  in  4 cut-sets (min size 5)
    vbus85   in  4 cut-sets (min size 5)

  Saved: cert_full/reliability.json
         cert_full/critical_components.csv
         refs_up_1.json / refs_low_0.json (rule sets)
