Graph has 60 nodes and 263 edges
Hub node is n14 with degree 15
Destination node is n10 at distance 6 from hub
Parallel mode: 96 CPU workers for sfun + minimization
Multi-GPU mode: sampling across ['cuda:0', 'cuda:1']
---
Round: 1, Unk. prob.: 1.000e+00
Upper probs: 0.000e+00, Lower probs: 0.000e+00
No. of non-dominant rules: 0, Survival rules: 0, Failure rules: 0
Batch update: 84 rules added, 0 existing rules removed (0 new rules dominated)
Survival: 84 rules added, 0 removed (from 84 candidates)
Batch update: 2 rules added, 0 existing rules removed (10 new rules dominated)
Failure: 2 rules added, 0 removed (from 12 candidates)
Updated sys_vals: [1, 2]
---
Round: 2, Unk. prob.: 1.000e+00
Upper probs: 0.000e+00, Lower probs: 0.000e+00
No. of non-dominant rules: 86, Survival rules: 84, Failure rules: 2
Batch update: 94 rules added, 0 existing rules removed (0 new rules dominated)
Survival: 94 rules added, 0 removed (from 94 candidates)
Batch update: 1 rules added, 0 existing rules removed (1 new rules dominated)
Failure: 1 rules added, 0 removed (from 2 candidates)
Updated sys_vals: [1, 2]
---
Round: 3, Unk. prob.: 2.597e-01
Upper probs: 6.428e-01, Lower probs: 9.753e-02
No. of non-dominant rules: 181, Survival rules: 178, Failure rules: 3
Batch update: 93 rules added, 0 existing rules removed (0 new rules dominated)
Survival: 93 rules added, 0 removed (from 93 candidates)
Batch update: 3 rules added, 0 existing rules removed (0 new rules dominated)
Failure: 3 rules added, 0 removed (from 3 candidates)
Updated sys_vals: [1, 2]
---
Round: 4, Unk. prob.: 1.438e-01
Upper probs: 7.581e-01, Lower probs: 9.812e-02
No. of non-dominant rules: 277, Survival rules: 271, Failure rules: 6
Batch update: 93 rules added, 0 existing rules removed (0 new rules dominated)
Survival: 93 rules added, 0 removed (from 93 candidates)
Batch update: 2 rules added, 0 existing rules removed (1 new rules dominated)
Failure: 2 rules added, 0 removed (from 3 candidates)
Updated sys_vals: [1, 2]
---
Round: 5, Unk. prob.: 9.432e-02
Upper probs: 8.022e-01, Lower probs: 1.035e-01
No. of non-dominant rules: 372, Survival rules: 364, Failure rules: 8
Batch update: 94 rules added, 0 existing rules removed (0 new rules dominated)
Survival: 94 rules added, 0 removed (from 94 candidates)
Batch update: 2 rules added, 0 existing rules removed (0 new rules dominated)
Failure: 2 rules added, 0 removed (from 2 candidates)
Updated sys_vals: [1, 2]
---
Round: 6, Unk. prob.: 6.797e-02
Upper probs: 8.268e-01, Lower probs: 1.052e-01
No. of non-dominant rules: 468, Survival rules: 458, Failure rules: 10
Batch update: 96 rules added, 0 existing rules removed (0 new rules dominated)
Survival: 96 rules added, 0 removed (from 96 candidates)
Updated sys_vals: [1, 2]
---
Round: 7, Unk. prob.: 5.360e-02
Upper probs: 8.439e-01, Lower probs: 1.025e-01
No. of non-dominant rules: 564, Survival rules: 554, Failure rules: 10
Batch update: 96 rules added, 0 existing rules removed (0 new rules dominated)
Survival: 96 rules added, 0 removed (from 96 candidates)
Updated sys_vals: [1, 2]
---
Round: 8, Unk. prob.: 4.240e-02
Upper probs: 8.527e-01, Lower probs: 1.049e-01
No. of non-dominant rules: 660, Survival rules: 650, Failure rules: 10
Batch update: 92 rules added, 0 existing rules removed (0 new rules dominated)
Survival: 92 rules added, 0 removed (from 92 candidates)
Batch update: 4 rules added, 0 existing rules removed (0 new rules dominated)
Failure: 4 rules added, 0 removed (from 4 candidates)
Updated sys_vals: [1, 2]
---
Round: 9, Unk. prob.: 3.603e-02
Upper probs: 8.593e-01, Lower probs: 1.047e-01
No. of non-dominant rules: 756, Survival rules: 742, Failure rules: 14
Batch update: 94 rules added, 0 existing rules removed (0 new rules dominated)
Survival: 94 rules added, 0 removed (from 94 candidates)
Batch update: 2 rules added, 0 existing rules removed (0 new rules dominated)
Failure: 2 rules added, 0 removed (from 2 candidates)
Updated sys_vals: [1, 2]
---
Round: 10, Unk. prob.: 2.935e-02
Upper probs: 8.649e-01, Lower probs: 1.057e-01
No. of non-dominant rules: 852, Survival rules: 836, Failure rules: 16
Batch update: 93 rules added, 0 existing rules removed (0 new rules dominated)
Survival: 93 rules added, 0 removed (from 93 candidates)
Batch update: 3 rules added, 0 existing rules removed (0 new rules dominated)
Failure: 3 rules added, 0 removed (from 3 candidates)
Updated sys_vals: [1, 2]
---
Round: 11, Unk. prob.: 2.573e-02
Upper probs: 8.678e-01, Lower probs: 1.064e-01
No. of non-dominant rules: 948, Survival rules: 929, Failure rules: 19
Batch update: 95 rules added, 0 existing rules removed (0 new rules dominated)
Survival: 95 rules added, 0 removed (from 95 candidates)
Batch update: 1 rules added, 0 existing rules removed (0 new rules dominated)
Failure: 1 rules added, 0 removed (from 1 candidates)
Updated sys_vals: [1, 2]
---
Round: 12, Unk. prob.: 2.224e-02
Upper probs: 8.709e-01, Lower probs: 1.069e-01
No. of non-dominant rules: 1044, Survival rules: 1024, Failure rules: 20
Batch update: 96 rules added, 0 existing rules removed (0 new rules dominated)
Survival: 96 rules added, 0 removed (from 96 candidates)
Updated sys_vals: [1, 2]
---
Round: 13, Unk. prob.: 1.883e-02
Upper probs: 8.758e-01, Lower probs: 1.054e-01
No. of non-dominant rules: 1140, Survival rules: 1120, Failure rules: 20
Batch update: 96 rules added, 0 existing rules removed (0 new rules dominated)
Survival: 96 rules added, 0 removed (from 96 candidates)
Updated sys_vals: [1, 2]
---
Round: 14, Unk. prob.: 1.743e-02
Upper probs: 8.775e-01, Lower probs: 1.051e-01
No. of non-dominant rules: 1236, Survival rules: 1216, Failure rules: 20
Batch update: 96 rules added, 0 existing rules removed (0 new rules dominated)
Survival: 96 rules added, 0 removed (from 96 candidates)
Updated sys_vals: [1, 2]
---
Round: 15, Unk. prob.: 1.559e-02
Upper probs: 8.784e-01, Lower probs: 1.060e-01
No. of non-dominant rules: 1332, Survival rules: 1312, Failure rules: 20
Batch update: 95 rules added, 0 existing rules removed (0 new rules dominated)
Survival: 95 rules added, 0 removed (from 95 candidates)
Batch update: 1 rules added, 0 existing rules removed (0 new rules dominated)
Failure: 1 rules added, 0 removed (from 1 candidates)
Updated sys_vals: [1, 2]
---
Round: 16, Unk. prob.: 1.412e-02
Upper probs: 8.811e-01, Lower probs: 1.047e-01
No. of non-dominant rules: 1428, Survival rules: 1407, Failure rules: 21
Batch update: 96 rules added, 0 existing rules removed (0 new rules dominated)
Survival: 96 rules added, 0 removed (from 96 candidates)
Updated sys_vals: [1, 2]
---
Round: 17, Unk. prob.: 1.277e-02
Upper probs: 8.817e-01, Lower probs: 1.055e-01
No. of non-dominant rules: 1524, Survival rules: 1503, Failure rules: 21
Batch update: 96 rules added, 0 existing rules removed (0 new rules dominated)
Survival: 96 rules added, 0 removed (from 96 candidates)
Updated sys_vals: [1, 2]
---
Round: 18, Unk. prob.: 1.167e-02
Upper probs: 8.832e-01, Lower probs: 1.051e-01
No. of non-dominant rules: 1620, Survival rules: 1599, Failure rules: 21
Batch update: 94 rules added, 0 existing rules removed (0 new rules dominated)
Survival: 94 rules added, 0 removed (from 94 candidates)
Batch update: 2 rules added, 0 existing rules removed (0 new rules dominated)
Failure: 2 rules added, 0 removed (from 2 candidates)
Updated sys_vals: [1, 2]
---
Round: 19, Unk. prob.: 1.021e-02
Upper probs: 8.844e-01, Lower probs: 1.054e-01
No. of non-dominant rules: 1716, Survival rules: 1693, Failure rules: 23
Batch update: 94 rules added, 0 existing rules removed (0 new rules dominated)
Survival: 94 rules added, 0 removed (from 94 candidates)
Batch update: 2 rules added, 0 existing rules removed (0 new rules dominated)
Failure: 2 rules added, 0 removed (from 2 candidates)
Updated sys_vals: [1, 2]
---
Round: 20, Unk. prob.: 9.590e-03
Upper probs: 8.829e-01, Lower probs: 1.075e-01
No. of non-dominant rules: 1812, Survival rules: 1787, Failure rules: 25
Batch update: 96 rules added, 0 existing rules removed (0 new rules dominated)
Survival: 96 rules added, 0 removed (from 96 candidates)
Updated sys_vals: [1, 2]
---
Round: 21, Unk. prob.: 9.040e-03
Upper probs: 8.857e-01, Lower probs: 1.053e-01
No. of non-dominant rules: 1908, Survival rules: 1883, Failure rules: 25
Batch update: 95 rules added, 0 existing rules removed (0 new rules dominated)
Survival: 95 rules added, 0 removed (from 95 candidates)
Batch update: 1 rules added, 0 existing rules removed (0 new rules dominated)
Failure: 1 rules added, 0 removed (from 1 candidates)
Updated sys_vals: [1, 2]
---
Round: 22, Unk. prob.: 8.620e-03
Upper probs: 8.860e-01, Lower probs: 1.054e-01
No. of non-dominant rules: 2004, Survival rules: 1978, Failure rules: 26
Batch update: 94 rules added, 0 existing rules removed (0 new rules dominated)
Survival: 94 rules added, 0 removed (from 94 candidates)
Batch update: 2 rules added, 0 existing rules removed (0 new rules dominated)
Failure: 2 rules added, 0 removed (from 2 candidates)
Updated sys_vals: [1, 2]
---
Round: 23, Unk. prob.: 8.340e-03
Upper probs: 8.858e-01, Lower probs: 1.059e-01
No. of non-dominant rules: 2100, Survival rules: 2072, Failure rules: 28
Batch update: 93 rules added, 0 existing rules removed (0 new rules dominated)
Survival: 93 rules added, 0 removed (from 93 candidates)
Batch update: 3 rules added, 0 existing rules removed (0 new rules dominated)
Failure: 3 rules added, 0 removed (from 3 candidates)
Updated sys_vals: [1, 2]
---
Round: 24, Unk. prob.: 7.180e-03
Upper probs: 8.870e-01, Lower probs: 1.058e-01
No. of non-dominant rules: 2196, Survival rules: 2165, Failure rules: 31
Batch update: 95 rules added, 0 existing rules removed (0 new rules dominated)
Survival: 95 rules added, 0 removed (from 95 candidates)
Batch update: 1 rules added, 0 existing rules removed (0 new rules dominated)
Failure: 1 rules added, 0 removed (from 1 candidates)
Updated sys_vals: [1, 2]
---
Round: 25, Unk. prob.: 7.130e-03
Upper probs: 8.877e-01, Lower probs: 1.051e-01
No. of non-dominant rules: 2292, Survival rules: 2260, Failure rules: 32
Batch update: 93 rules added, 0 existing rules removed (0 new rules dominated)
Survival: 93 rules added, 0 removed (from 93 candidates)
Batch update: 3 rules added, 0 existing rules removed (0 new rules dominated)
Failure: 3 rules added, 0 removed (from 3 candidates)
Updated sys_vals: [1, 2]
---
Round: 26, Unk. prob.: 6.050e-03
Upper probs: 8.876e-01, Lower probs: 1.064e-01
No. of non-dominant rules: 2388, Survival rules: 2353, Failure rules: 35
Batch update: 96 rules added, 0 existing rules removed (0 new rules dominated)
Survival: 96 rules added, 0 removed (from 96 candidates)
Updated sys_vals: [1, 2]
---
Round: 27, Unk. prob.: 5.780e-03
Upper probs: 8.891e-01, Lower probs: 1.051e-01
No. of non-dominant rules: 2484, Survival rules: 2449, Failure rules: 35
Batch update: 96 rules added, 0 existing rules removed (0 new rules dominated)
Survival: 96 rules added, 0 removed (from 96 candidates)
Updated sys_vals: [1, 2]
---
Round: 28, Unk. prob.: 5.410e-03
Upper probs: 8.875e-01, Lower probs: 1.071e-01
No. of non-dominant rules: 2580, Survival rules: 2545, Failure rules: 35
Batch update: 95 rules added, 0 existing rules removed (0 new rules dominated)
Survival: 95 rules added, 0 removed (from 95 candidates)
Batch update: 1 rules added, 0 existing rules removed (0 new rules dominated)
Failure: 1 rules added, 0 removed (from 1 candidates)
Updated sys_vals: [1, 2]
---
Round: 29, Unk. prob.: 5.640e-03
Upper probs: 8.893e-01, Lower probs: 1.051e-01
No. of non-dominant rules: 2676, Survival rules: 2640, Failure rules: 36
Batch update: 96 rules added, 0 existing rules removed (0 new rules dominated)
Survival: 96 rules added, 0 removed (from 96 candidates)
Updated sys_vals: [1, 2]
---
Round: 30, Unk. prob.: 5.060e-03
Upper probs: 8.889e-01, Lower probs: 1.060e-01
No. of non-dominant rules: 2772, Survival rules: 2736, Failure rules: 36
Batch update: 94 rules added, 0 existing rules removed (0 new rules dominated)
Survival: 94 rules added, 0 removed (from 94 candidates)
Batch update: 2 rules added, 0 existing rules removed (0 new rules dominated)
Failure: 2 rules added, 0 removed (from 2 candidates)
Updated sys_vals: [1, 2]
---
Round: 31, Unk. prob.: 4.550e-03
Upper probs: 8.897e-01, Lower probs: 1.058e-01
No. of non-dominant rules: 2868, Survival rules: 2830, Failure rules: 38
Batch update: 96 rules added, 0 existing rules removed (0 new rules dominated)
Survival: 96 rules added, 0 removed (from 96 candidates)
Updated sys_vals: [1, 2]
---
Round: 32, Unk. prob.: 4.350e-03
Upper probs: 8.919e-01, Lower probs: 1.038e-01
No. of non-dominant rules: 2964, Survival rules: 2926, Failure rules: 38
Batch update: 96 rules added, 0 existing rules removed (0 new rules dominated)
Survival: 96 rules added, 0 removed (from 96 candidates)
Updated sys_vals: [1, 2]
---
Round: 33, Unk. prob.: 4.350e-03
Upper probs: 8.904e-01, Lower probs: 1.052e-01
No. of non-dominant rules: 3060, Survival rules: 3022, Failure rules: 38
Batch update: 95 rules added, 0 existing rules removed (0 new rules dominated)
Survival: 95 rules added, 0 removed (from 95 candidates)
Batch update: 1 rules added, 0 existing rules removed (0 new rules dominated)
Failure: 1 rules added, 0 removed (from 1 candidates)
Updated sys_vals: [1, 2]
---
Round: 34, Unk. prob.: 3.870e-03
Upper probs: 8.898e-01, Lower probs: 1.063e-01
No. of non-dominant rules: 3156, Survival rules: 3117, Failure rules: 39
Batch update: 96 rules added, 0 existing rules removed (0 new rules dominated)
Survival: 96 rules added, 0 removed (from 96 candidates)
Updated sys_vals: [1, 2]
---
Round: 35, Unk. prob.: 3.940e-03
Upper probs: 8.893e-01, Lower probs: 1.068e-01
No. of non-dominant rules: 3252, Survival rules: 3213, Failure rules: 39
Batch update: 94 rules added, 0 existing rules removed (0 new rules dominated)
Survival: 94 rules added, 0 removed (from 94 candidates)
Batch update: 2 rules added, 0 existing rules removed (0 new rules dominated)
Failure: 2 rules added, 0 removed (from 2 candidates)
Updated sys_vals: [1, 2]
---
Round: 36, Unk. prob.: 3.440e-03
Upper probs: 8.898e-01, Lower probs: 1.067e-01
No. of non-dominant rules: 3348, Survival rules: 3307, Failure rules: 41
Batch update: 95 rules added, 0 existing rules removed (0 new rules dominated)
Survival: 95 rules added, 0 removed (from 95 candidates)
Batch update: 1 rules added, 0 existing rules removed (0 new rules dominated)
Failure: 1 rules added, 0 removed (from 1 candidates)
Updated sys_vals: [1, 2]
---
Round: 37, Unk. prob.: 3.820e-03
Upper probs: 8.908e-01, Lower probs: 1.054e-01
No. of non-dominant rules: 3444, Survival rules: 3402, Failure rules: 42
Batch update: 96 rules added, 0 existing rules removed (0 new rules dominated)
Survival: 96 rules added, 0 removed (from 96 candidates)
Updated sys_vals: [1, 2]
---
Round: 38, Unk. prob.: 3.460e-03
Upper probs: 8.904e-01, Lower probs: 1.061e-01
No. of non-dominant rules: 3540, Survival rules: 3498, Failure rules: 42
Batch update: 94 rules added, 0 existing rules removed (0 new rules dominated)
Survival: 94 rules added, 0 removed (from 94 candidates)
Batch update: 2 rules added, 0 existing rules removed (0 new rules dominated)
Failure: 2 rules added, 0 removed (from 2 candidates)
Updated sys_vals: [1, 2]
---
Round: 39, Unk. prob.: 3.030e-03
Upper probs: 8.918e-01, Lower probs: 1.051e-01
No. of non-dominant rules: 3636, Survival rules: 3592, Failure rules: 44
Batch update: 94 rules added, 0 existing rules removed (0 new rules dominated)
Survival: 94 rules added, 0 removed (from 94 candidates)
Batch update: 2 rules added, 0 existing rules removed (0 new rules dominated)
Failure: 2 rules added, 0 removed (from 2 candidates)
Updated sys_vals: [1, 2]
---
Round: 40, Unk. prob.: 2.840e-03
Upper probs: 8.907e-01, Lower probs: 1.065e-01
No. of non-dominant rules: 3732, Survival rules: 3686, Failure rules: 46
Batch update: 96 rules added, 0 existing rules removed (0 new rules dominated)
Survival: 96 rules added, 0 removed (from 96 candidates)
Updated sys_vals: [1, 2]
---
Round: 41, Unk. prob.: 2.890e-03
Upper probs: 8.911e-01, Lower probs: 1.060e-01
No. of non-dominant rules: 3828, Survival rules: 3782, Failure rules: 46
Batch update: 96 rules added, 0 existing rules removed (0 new rules dominated)
Survival: 96 rules added, 0 removed (from 96 candidates)
Updated sys_vals: [1, 2]
---
Round: 42, Unk. prob.: 2.850e-03
Upper probs: 8.895e-01, Lower probs: 1.076e-01
No. of non-dominant rules: 3924, Survival rules: 3878, Failure rules: 46
Batch update: 96 rules added, 0 existing rules removed (0 new rules dominated)
Survival: 96 rules added, 0 removed (from 96 candidates)
Updated sys_vals: [1, 2]
---
Round: 43, Unk. prob.: 2.640e-03
Upper probs: 8.917e-01, Lower probs: 1.057e-01
No. of non-dominant rules: 4020, Survival rules: 3974, Failure rules: 46
Batch update: 95 rules added, 0 existing rules removed (0 new rules dominated)
Survival: 95 rules added, 0 removed (from 95 candidates)
Batch update: 1 rules added, 0 existing rules removed (0 new rules dominated)
Failure: 1 rules added, 0 removed (from 1 candidates)
Updated sys_vals: [1, 2]
---
Round: 44, Unk. prob.: 2.480e-03
Upper probs: 8.923e-01, Lower probs: 1.052e-01
No. of non-dominant rules: 4116, Survival rules: 4069, Failure rules: 47
Batch update: 95 rules added, 0 existing rules removed (0 new rules dominated)
Survival: 95 rules added, 0 removed (from 95 candidates)
Batch update: 1 rules added, 0 existing rules removed (0 new rules dominated)
Failure: 1 rules added, 0 removed (from 1 candidates)
Updated sys_vals: [1, 2]
---
Round: 45, Unk. prob.: 2.390e-03
Upper probs: 8.906e-01, Lower probs: 1.070e-01
No. of non-dominant rules: 4212, Survival rules: 4164, Failure rules: 48
Batch update: 96 rules added, 0 existing rules removed (0 new rules dominated)
Survival: 96 rules added, 0 removed (from 96 candidates)
Updated sys_vals: [1, 2]
---
Round: 46, Unk. prob.: 2.370e-03
Upper probs: 8.920e-01, Lower probs: 1.056e-01
No. of non-dominant rules: 4308, Survival rules: 4260, Failure rules: 48
Batch update: 95 rules added, 0 existing rules removed (0 new rules dominated)
Survival: 95 rules added, 0 removed (from 95 candidates)
Batch update: 1 rules added, 0 existing rules removed (0 new rules dominated)
Failure: 1 rules added, 0 removed (from 1 candidates)
Updated sys_vals: [1, 2]
---
Round: 47, Unk. prob.: 2.160e-03
Upper probs: 8.918e-01, Lower probs: 1.061e-01
No. of non-dominant rules: 4404, Survival rules: 4355, Failure rules: 49
Batch update: 96 rules added, 0 existing rules removed (0 new rules dominated)
Survival: 96 rules added, 0 removed (from 96 candidates)
Updated sys_vals: [1, 2]
---
Round: 48, Unk. prob.: 2.220e-03
Upper probs: 8.931e-01, Lower probs: 1.047e-01
No. of non-dominant rules: 4500, Survival rules: 4451, Failure rules: 49
Batch update: 95 rules added, 0 existing rules removed (0 new rules dominated)
Survival: 95 rules added, 0 removed (from 95 candidates)
Batch update: 1 rules added, 0 existing rules removed (0 new rules dominated)
Failure: 1 rules added, 0 removed (from 1 candidates)
Updated sys_vals: [1, 2]
---
Round: 49, Unk. prob.: 2.210e-03
Upper probs: 8.926e-01, Lower probs: 1.052e-01
No. of non-dominant rules: 4596, Survival rules: 4546, Failure rules: 50
Batch update: 96 rules added, 0 existing rules removed (0 new rules dominated)
Survival: 96 rules added, 0 removed (from 96 candidates)
Updated sys_vals: [1, 2]
---
Round: 50, Unk. prob.: 2.240e-03
Upper probs: 8.925e-01, Lower probs: 1.053e-01
No. of non-dominant rules: 4692, Survival rules: 4642, Failure rules: 50
Batch update: 95 rules added, 0 existing rules removed (0 new rules dominated)
Survival: 95 rules added, 0 removed (from 95 candidates)
Batch update: 1 rules added, 0 existing rules removed (0 new rules dominated)
Failure: 1 rules added, 0 removed (from 1 candidates)
Updated sys_vals: [1, 2]
---
Round: 51, Unk. prob.: 2.190e-03
Upper probs: 8.911e-01, Lower probs: 1.067e-01
No. of non-dominant rules: 4788, Survival rules: 4737, Failure rules: 51
Batch update: 96 rules added, 0 existing rules removed (0 new rules dominated)
Survival: 96 rules added, 0 removed (from 96 candidates)
Updated sys_vals: [1, 2]
---
Round: 52, Unk. prob.: 1.840e-03
Upper probs: 8.915e-01, Lower probs: 1.067e-01
No. of non-dominant rules: 4884, Survival rules: 4833, Failure rules: 51
Batch update: 96 rules added, 0 existing rules removed (0 new rules dominated)
Survival: 96 rules added, 0 removed (from 96 candidates)
Updated sys_vals: [1, 2]
---
Round: 53, Unk. prob.: 1.950e-03
Upper probs: 8.931e-01, Lower probs: 1.049e-01
No. of non-dominant rules: 4980, Survival rules: 4929, Failure rules: 51
Batch update: 95 rules added, 0 existing rules removed (0 new rules dominated)
Survival: 95 rules added, 0 removed (from 95 candidates)
Batch update: 1 rules added, 0 existing rules removed (0 new rules dominated)
Failure: 1 rules added, 0 removed (from 1 candidates)
Updated sys_vals: [1, 2]
---
Round: 54, Unk. prob.: 2.090e-03
Upper probs: 8.927e-01, Lower probs: 1.052e-01
No. of non-dominant rules: 5076, Survival rules: 5024, Failure rules: 52
Batch update: 95 rules added, 0 existing rules removed (0 new rules dominated)
Survival: 95 rules added, 0 removed (from 95 candidates)
Batch update: 1 rules added, 0 existing rules removed (0 new rules dominated)
Failure: 1 rules added, 0 removed (from 1 candidates)
Updated sys_vals: [1, 2]
---
Round: 55, Unk. prob.: 1.550e-03
Upper probs: 8.931e-01, Lower probs: 1.053e-01
No. of non-dominant rules: 5172, Survival rules: 5119, Failure rules: 53
Batch update: 95 rules added, 0 existing rules removed (0 new rules dominated)
Survival: 95 rules added, 0 removed (from 95 candidates)
Batch update: 1 rules added, 0 existing rules removed (0 new rules dominated)
Failure: 1 rules added, 0 removed (from 1 candidates)
Updated sys_vals: [1, 2]
---
Round: 56, Unk. prob.: 1.550e-03
Upper probs: 8.910e-01, Lower probs: 1.075e-01
No. of non-dominant rules: 5268, Survival rules: 5214, Failure rules: 54
Batch update: 96 rules added, 0 existing rules removed (0 new rules dominated)
Survival: 96 rules added, 0 removed (from 96 candidates)
Updated sys_vals: [1, 2]
---
Round: 57, Unk. prob.: 1.750e-03
Upper probs: 8.935e-01, Lower probs: 1.048e-01
No. of non-dominant rules: 5364, Survival rules: 5310, Failure rules: 54
Batch update: 95 rules added, 0 existing rules removed (0 new rules dominated)
Survival: 95 rules added, 0 removed (from 95 candidates)
Batch update: 1 rules added, 0 existing rules removed (0 new rules dominated)
Failure: 1 rules added, 0 removed (from 1 candidates)
Updated sys_vals: [1, 2]
---
Round: 58, Unk. prob.: 1.740e-03
Upper probs: 8.915e-01, Lower probs: 1.067e-01
No. of non-dominant rules: 5460, Survival rules: 5405, Failure rules: 55
Batch update: 96 rules added, 0 existing rules removed (0 new rules dominated)
Survival: 96 rules added, 0 removed (from 96 candidates)
Updated sys_vals: [1, 2]
---
Round: 59, Unk. prob.: 1.470e-03
Upper probs: 8.924e-01, Lower probs: 1.061e-01
No. of non-dominant rules: 5556, Survival rules: 5501, Failure rules: 55
Batch update: 95 rules added, 0 existing rules removed (0 new rules dominated)
Survival: 95 rules added, 0 removed (from 95 candidates)
Batch update: 1 rules added, 0 existing rules removed (0 new rules dominated)
Failure: 1 rules added, 0 removed (from 1 candidates)
Updated sys_vals: [1, 2]
---
Round: 60, Unk. prob.: 1.580e-03
Upper probs: 8.927e-01, Lower probs: 1.058e-01
No. of non-dominant rules: 5652, Survival rules: 5596, Failure rules: 56
Batch update: 96 rules added, 0 existing rules removed (0 new rules dominated)
Survival: 96 rules added, 0 removed (from 96 candidates)
Updated sys_vals: [1, 2]
---
Round: 61, Unk. prob.: 1.550e-03
Upper probs: 8.922e-01, Lower probs: 1.063e-01
No. of non-dominant rules: 5748, Survival rules: 5692, Failure rules: 56
Batch update: 95 rules added, 0 existing rules removed (0 new rules dominated)
Survival: 95 rules added, 0 removed (from 95 candidates)
Batch update: 1 rules added, 0 existing rules removed (0 new rules dominated)
Failure: 1 rules added, 0 removed (from 1 candidates)
Updated sys_vals: [1, 2]
---
Round: 62, Unk. prob.: 1.320e-03
Upper probs: 8.926e-01, Lower probs: 1.061e-01
No. of non-dominant rules: 5844, Survival rules: 5787, Failure rules: 57
Batch update: 96 rules added, 0 existing rules removed (0 new rules dominated)
Survival: 96 rules added, 0 removed (from 96 candidates)
Updated sys_vals: [1, 2]
---
Round: 63, Unk. prob.: 1.380e-03
Upper probs: 8.927e-01, Lower probs: 1.060e-01
No. of non-dominant rules: 5940, Survival rules: 5883, Failure rules: 57
Batch update: 96 rules added, 0 existing rules removed (0 new rules dominated)
Survival: 96 rules added, 0 removed (from 96 candidates)
Updated sys_vals: [1, 2]
---
Round: 64, Unk. prob.: 1.360e-03
Upper probs: 8.933e-01, Lower probs: 1.053e-01
No. of non-dominant rules: 6036, Survival rules: 5979, Failure rules: 57
Batch update: 96 rules added, 0 existing rules removed (0 new rules dominated)
Survival: 96 rules added, 0 removed (from 96 candidates)
Updated sys_vals: [1, 2]
---
Round: 65, Unk. prob.: 1.320e-03
Upper probs: 8.920e-01, Lower probs: 1.066e-01
No. of non-dominant rules: 6132, Survival rules: 6075, Failure rules: 57
Batch update: 96 rules added, 0 existing rules removed (0 new rules dominated)
Survival: 96 rules added, 0 removed (from 96 candidates)
Updated sys_vals: [1, 2]
---
Round: 66, Unk. prob.: 1.420e-03
Upper probs: 8.944e-01, Lower probs: 1.042e-01
No. of non-dominant rules: 6228, Survival rules: 6171, Failure rules: 57
Batch update: 96 rules added, 0 existing rules removed (0 new rules dominated)
Survival: 96 rules added, 0 removed (from 96 candidates)
Updated sys_vals: [1, 2]
---
Round: 67, Unk. prob.: 1.300e-03
Upper probs: 8.928e-01, Lower probs: 1.059e-01
No. of non-dominant rules: 6324, Survival rules: 6267, Failure rules: 57
Batch update: 96 rules added, 0 existing rules removed (0 new rules dominated)
Survival: 96 rules added, 0 removed (from 96 candidates)
Updated sys_vals: [1, 2]
---
Round: 68, Unk. prob.: 1.240e-03
Upper probs: 8.931e-01, Lower probs: 1.057e-01
No. of non-dominant rules: 6420, Survival rules: 6363, Failure rules: 57
Batch update: 96 rules added, 0 existing rules removed (0 new rules dominated)
Survival: 96 rules added, 0 removed (from 96 candidates)
Updated sys_vals: [1, 2]
---
Round: 69, Unk. prob.: 1.350e-03
Upper probs: 8.917e-01, Lower probs: 1.070e-01
No. of non-dominant rules: 6516, Survival rules: 6459, Failure rules: 57
Batch update: 95 rules added, 0 existing rules removed (0 new rules dominated)
Survival: 95 rules added, 0 removed (from 95 candidates)
Batch update: 1 rules added, 0 existing rules removed (0 new rules dominated)
Failure: 1 rules added, 0 removed (from 1 candidates)
Updated sys_vals: [1, 2]
---
Round: 70, Unk. prob.: 1.060e-03
Upper probs: 8.918e-01, Lower probs: 1.071e-01
No. of non-dominant rules: 6612, Survival rules: 6554, Failure rules: 58
Batch update: 96 rules added, 0 existing rules removed (0 new rules dominated)
Survival: 96 rules added, 0 removed (from 96 candidates)
Updated sys_vals: [1, 2]
---
Round: 71, Unk. prob.: 1.100e-03
Upper probs: 8.940e-01, Lower probs: 1.050e-01
No. of non-dominant rules: 6708, Survival rules: 6650, Failure rules: 58
Batch update: 96 rules added, 0 existing rules removed (0 new rules dominated)
Survival: 96 rules added, 0 removed (from 96 candidates)
Updated sys_vals: [1, 2]
---
Round: 72, Unk. prob.: 1.280e-03
Upper probs: 8.939e-01, Lower probs: 1.048e-01
No. of non-dominant rules: 6804, Survival rules: 6746, Failure rules: 58
Batch update: 87 rules added, 0 existing rules removed (0 new rules dominated)
Survival: 87 rules added, 0 removed (from 87 candidates)
Updated sys_vals: [1, 2]
---
Round: 73, Unk. prob.: 8.700e-04
Upper probs: 8.955e-01, Lower probs: 1.037e-01
No. of non-dominant rules: 6891, Survival rules: 6833, Failure rules: 58
Batch update: 95 rules added, 0 existing rules removed (0 new rules dominated)
Survival: 95 rules added, 0 removed (from 95 candidates)
Batch update: 1 rules added, 0 existing rules removed (0 new rules dominated)
Failure: 1 rules added, 0 removed (from 1 candidates)
Updated sys_vals: [1, 2]
---
Round: 74, Unk. prob.: 1.080e-03
Upper probs: 8.922e-01, Lower probs: 1.067e-01
No. of non-dominant rules: 6987, Survival rules: 6928, Failure rules: 59
Batch update: 95 rules added, 0 existing rules removed (0 new rules dominated)
Survival: 95 rules added, 0 removed (from 95 candidates)
Batch update: 1 rules added, 0 existing rules removed (0 new rules dominated)
Failure: 1 rules added, 0 removed (from 1 candidates)
Updated sys_vals: [1, 2]
---
Round: 75, Unk. prob.: 1.000e-03
Upper probs: 8.930e-01, Lower probs: 1.060e-01
No. of non-dominant rules: 7083, Survival rules: 7023, Failure rules: 60
Batch update: 85 rules added, 0 existing rules removed (0 new rules dominated)
Survival: 85 rules added, 0 removed (from 85 candidates)
Updated sys_vals: [1, 2]
---
Round: 76, Unk. prob.: 8.500e-04
Upper probs: 8.908e-01, Lower probs: 1.084e-01
No. of non-dominant rules: 7168, Survival rules: 7108, Failure rules: 60
Batch update: 96 rules added, 0 existing rules removed (0 new rules dominated)
Survival: 96 rules added, 0 removed (from 96 candidates)
Updated sys_vals: [1, 2]
---
Round: 77, Unk. prob.: 1.150e-03
Upper probs: 8.942e-01, Lower probs: 1.046e-01
No. of non-dominant rules: 7264, Survival rules: 7204, Failure rules: 60
Batch update: 96 rules added, 0 existing rules removed (0 new rules dominated)
Survival: 96 rules added, 0 removed (from 96 candidates)
Updated sys_vals: [1, 2]
---
Round: 78, Unk. prob.: 1.110e-03
Upper probs: 8.917e-01, Lower probs: 1.072e-01
No. of non-dominant rules: 7360, Survival rules: 7300, Failure rules: 60
Batch update: 95 rules added, 0 existing rules removed (0 new rules dominated)
Survival: 95 rules added, 0 removed (from 95 candidates)
Updated sys_vals: [1, 2]
---
Round: 79, Unk. prob.: 9.500e-04
Upper probs: 8.929e-01, Lower probs: 1.061e-01
No. of non-dominant rules: 7455, Survival rules: 7395, Failure rules: 60
Batch update: 96 rules added, 0 existing rules removed (0 new rules dominated)
Survival: 96 rules added, 0 removed (from 96 candidates)
Updated sys_vals: [1, 2]
---
Round: 80, Unk. prob.: 9.600e-04
Upper probs: 8.946e-01, Lower probs: 1.045e-01
No. of non-dominant rules: 7551, Survival rules: 7491, Failure rules: 60
Batch update: 96 rules added, 0 existing rules removed (0 new rules dominated)
Survival: 96 rules added, 0 removed (from 96 candidates)
Updated sys_vals: [1, 2]
---
Round: 81, Unk. prob.: 1.020e-03
Upper probs: 8.933e-01, Lower probs: 1.056e-01
No. of non-dominant rules: 7647, Survival rules: 7587, Failure rules: 60
Batch update: 86 rules added, 0 existing rules removed (0 new rules dominated)
Survival: 86 rules added, 0 removed (from 86 candidates)
Updated sys_vals: [1, 2]
---
Round: 82, Unk. prob.: 8.600e-04
Upper probs: 8.936e-01, Lower probs: 1.056e-01
No. of non-dominant rules: 7733, Survival rules: 7673, Failure rules: 60
Batch update: 78 rules added, 0 existing rules removed (0 new rules dominated)
Survival: 78 rules added, 0 removed (from 78 candidates)
Updated sys_vals: [1, 2]
---
Round: 83, Unk. prob.: 7.800e-04
Upper probs: 8.933e-01, Lower probs: 1.059e-01
No. of non-dominant rules: 7811, Survival rules: 7751, Failure rules: 60
Batch update: 92 rules added, 0 existing rules removed (0 new rules dominated)
Survival: 92 rules added, 0 removed (from 92 candidates)
Updated sys_vals: [1, 2]
---
Round: 84, Unk. prob.: 9.200e-04
Upper probs: 8.936e-01, Lower probs: 1.055e-01
No. of non-dominant rules: 7903, Survival rules: 7843, Failure rules: 60
Batch update: 90 rules added, 0 existing rules removed (0 new rules dominated)
Survival: 90 rules added, 0 removed (from 90 candidates)
Updated sys_vals: [1, 2]
---
Round: 85, Unk. prob.: 9.000e-04
Upper probs: 8.956e-01, Lower probs: 1.035e-01
No. of non-dominant rules: 7993, Survival rules: 7933, Failure rules: 60
Batch update: 84 rules added, 0 existing rules removed (0 new rules dominated)
Survival: 84 rules added, 0 removed (from 84 candidates)
Updated sys_vals: [1, 2]
---
Round: 86, Unk. prob.: 8.400e-04
Upper probs: 8.932e-01, Lower probs: 1.060e-01
No. of non-dominant rules: 8077, Survival rules: 8017, Failure rules: 60
Batch update: 81 rules added, 0 existing rules removed (0 new rules dominated)
Survival: 81 rules added, 0 removed (from 81 candidates)
Batch update: 1 rules added, 0 existing rules removed (0 new rules dominated)
Failure: 1 rules added, 0 removed (from 1 candidates)
Updated sys_vals: [1, 2]
---
Round: 87, Unk. prob.: 8.200e-04
Upper probs: 8.920e-01, Lower probs: 1.071e-01
No. of non-dominant rules: 8159, Survival rules: 8098, Failure rules: 61
Batch update: 80 rules added, 0 existing rules removed (0 new rules dominated)
Survival: 80 rules added, 0 removed (from 80 candidates)
Updated sys_vals: [1, 2]
---
Round: 88, Unk. prob.: 8.000e-04
Upper probs: 8.932e-01, Lower probs: 1.060e-01
No. of non-dominant rules: 8239, Survival rules: 8178, Failure rules: 61
Batch update: 67 rules added, 0 existing rules removed (0 new rules dominated)
Survival: 67 rules added, 0 removed (from 67 candidates)
Batch update: 1 rules added, 0 existing rules removed (0 new rules dominated)
Failure: 1 rules added, 0 removed (from 1 candidates)
Updated sys_vals: [1, 2]
---
Round: 89, Unk. prob.: 6.800e-04
Upper probs: 8.936e-01, Lower probs: 1.057e-01
No. of non-dominant rules: 8307, Survival rules: 8245, Failure rules: 62
Batch update: 76 rules added, 0 existing rules removed (0 new rules dominated)
Survival: 76 rules added, 0 removed (from 76 candidates)
Updated sys_vals: [1, 2]
---
Round: 90, Unk. prob.: 7.600e-04
Upper probs: 8.935e-01, Lower probs: 1.058e-01
No. of non-dominant rules: 8383, Survival rules: 8321, Failure rules: 62
Batch update: 67 rules added, 0 existing rules removed (0 new rules dominated)
Survival: 67 rules added, 0 removed (from 67 candidates)
Updated sys_vals: [1, 2]
---
Round: 91, Unk. prob.: 6.700e-04
Upper probs: 8.943e-01, Lower probs: 1.051e-01
No. of non-dominant rules: 8450, Survival rules: 8388, Failure rules: 62
Batch update: 70 rules added, 0 existing rules removed (0 new rules dominated)
Survival: 70 rules added, 0 removed (from 70 candidates)
Updated sys_vals: [1, 2]
---
Round: 92, Unk. prob.: 7.000e-04
Upper probs: 8.934e-01, Lower probs: 1.059e-01
No. of non-dominant rules: 8520, Survival rules: 8458, Failure rules: 62
Batch update: 71 rules added, 0 existing rules removed (0 new rules dominated)
Survival: 71 rules added, 0 removed (from 71 candidates)
Updated sys_vals: [1, 2]
---
Round: 93, Unk. prob.: 7.100e-04
Upper probs: 8.947e-01, Lower probs: 1.046e-01
No. of non-dominant rules: 8591, Survival rules: 8529, Failure rules: 62
Batch update: 75 rules added, 0 existing rules removed (0 new rules dominated)
Survival: 75 rules added, 0 removed (from 75 candidates)
Batch update: 1 rules added, 0 existing rules removed (0 new rules dominated)
Failure: 1 rules added, 0 removed (from 1 candidates)
Updated sys_vals: [1, 2]
---
Round: 94, Unk. prob.: 7.600e-04
Upper probs: 8.941e-01, Lower probs: 1.051e-01
No. of non-dominant rules: 8667, Survival rules: 8604, Failure rules: 63
Batch update: 64 rules added, 0 existing rules removed (0 new rules dominated)
Survival: 64 rules added, 0 removed (from 64 candidates)
Updated sys_vals: [1, 2]
---
Round: 95, Unk. prob.: 6.400e-04
Upper probs: 8.950e-01, Lower probs: 1.043e-01
No. of non-dominant rules: 8731, Survival rules: 8668, Failure rules: 63
Batch update: 74 rules added, 0 existing rules removed (0 new rules dominated)
Survival: 74 rules added, 0 removed (from 74 candidates)
Updated sys_vals: [1, 2]
---
Round: 96, Unk. prob.: 7.400e-04
Upper probs: 8.933e-01, Lower probs: 1.059e-01
No. of non-dominant rules: 8805, Survival rules: 8742, Failure rules: 63
Batch update: 67 rules added, 0 existing rules removed (0 new rules dominated)
Survival: 67 rules added, 0 removed (from 67 candidates)
Updated sys_vals: [1, 2]
---
Round: 97, Unk. prob.: 6.700e-04
Upper probs: 8.930e-01, Lower probs: 1.063e-01
No. of non-dominant rules: 8872, Survival rules: 8809, Failure rules: 63
Batch update: 69 rules added, 0 existing rules removed (0 new rules dominated)
Survival: 69 rules added, 0 removed (from 69 candidates)
Updated sys_vals: [1, 2]
---
Round: 98, Unk. prob.: 6.900e-04
Upper probs: 8.947e-01, Lower probs: 1.046e-01
No. of non-dominant rules: 8941, Survival rules: 8878, Failure rules: 63
Batch update: 74 rules added, 0 existing rules removed (0 new rules dominated)
Survival: 74 rules added, 0 removed (from 74 candidates)
Updated sys_vals: [1, 2]
---
Round: 99, Unk. prob.: 7.400e-04
Upper probs: 8.952e-01, Lower probs: 1.040e-01
No. of non-dominant rules: 9015, Survival rules: 8952, Failure rules: 63
Batch update: 66 rules added, 0 existing rules removed (0 new rules dominated)
Survival: 66 rules added, 0 removed (from 66 candidates)
Updated sys_vals: [1, 2]
---
Round: 100, Unk. prob.: 6.600e-04
Upper probs: 8.933e-01, Lower probs: 1.060e-01
No. of non-dominant rules: 9081, Survival rules: 9018, Failure rules: 63
Batch update: 77 rules added, 0 existing rules removed (0 new rules dominated)
Survival: 77 rules added, 0 removed (from 77 candidates)
Batch update: 1 rules added, 0 existing rules removed (0 new rules dominated)
Failure: 1 rules added, 0 removed (from 1 candidates)
Updated sys_vals: [1, 2]
---
Round: 101, Unk. prob.: 7.800e-04
Upper probs: 8.941e-01, Lower probs: 1.051e-01
No. of non-dominant rules: 9159, Survival rules: 9095, Failure rules: 64
Batch update: 67 rules added, 0 existing rules removed (0 new rules dominated)
Survival: 67 rules added, 0 removed (from 67 candidates)
Batch update: 2 rules added, 0 existing rules removed (0 new rules dominated)
Failure: 2 rules added, 0 removed (from 2 candidates)
Updated sys_vals: [1, 2]
---
Round: 102, Unk. prob.: 6.900e-04
Upper probs: 8.947e-01, Lower probs: 1.046e-01
No. of non-dominant rules: 9228, Survival rules: 9162, Failure rules: 66
Batch update: 62 rules added, 0 existing rules removed (0 new rules dominated)
Survival: 62 rules added, 0 removed (from 62 candidates)
Updated sys_vals: [1, 2]
---
Round: 103, Unk. prob.: 6.200e-04
Upper probs: 8.936e-01, Lower probs: 1.058e-01
No. of non-dominant rules: 9290, Survival rules: 9224, Failure rules: 66
Batch update: 58 rules added, 0 existing rules removed (0 new rules dominated)
Survival: 58 rules added, 0 removed (from 58 candidates)
Updated sys_vals: [1, 2]
---
Round: 104, Unk. prob.: 5.800e-04
Upper probs: 8.937e-01, Lower probs: 1.057e-01
No. of non-dominant rules: 9348, Survival rules: 9282, Failure rules: 66
Batch update: 66 rules added, 0 existing rules removed (0 new rules dominated)
Survival: 66 rules added, 0 removed (from 66 candidates)
Updated sys_vals: [1, 2]
---
Round: 105, Unk. prob.: 6.600e-04
Upper probs: 8.943e-01, Lower probs: 1.050e-01
No. of non-dominant rules: 9414, Survival rules: 9348, Failure rules: 66
Batch update: 61 rules added, 0 existing rules removed (0 new rules dominated)
Survival: 61 rules added, 0 removed (from 61 candidates)
Updated sys_vals: [1, 2]
---
Round: 106, Unk. prob.: 6.100e-04
Upper probs: 8.948e-01, Lower probs: 1.046e-01
No. of non-dominant rules: 9475, Survival rules: 9409, Failure rules: 66
Batch update: 55 rules added, 0 existing rules removed (0 new rules dominated)
Survival: 55 rules added, 0 removed (from 55 candidates)
Updated sys_vals: [1, 2]
---
Round: 107, Unk. prob.: 5.500e-04
Upper probs: 8.934e-01, Lower probs: 1.060e-01
No. of non-dominant rules: 9530, Survival rules: 9464, Failure rules: 66
Batch update: 67 rules added, 0 existing rules removed (0 new rules dominated)
Survival: 67 rules added, 0 removed (from 67 candidates)
Batch update: 2 rules added, 0 existing rules removed (1 new rules dominated)
Failure: 2 rules added, 0 removed (from 3 candidates)
Updated sys_vals: [1, 2]
---
Round: 108, Unk. prob.: 7.000e-04
Upper probs: 8.933e-01, Lower probs: 1.060e-01
No. of non-dominant rules: 9599, Survival rules: 9531, Failure rules: 68
Batch update: 63 rules added, 0 existing rules removed (0 new rules dominated)
Survival: 63 rules added, 0 removed (from 63 candidates)
Updated sys_vals: [1, 2]
---
Round: 109, Unk. prob.: 6.300e-04
Upper probs: 8.951e-01, Lower probs: 1.042e-01
No. of non-dominant rules: 9662, Survival rules: 9594, Failure rules: 68
Batch update: 62 rules added, 0 existing rules removed (0 new rules dominated)
Survival: 62 rules added, 0 removed (from 62 candidates)
Updated sys_vals: [1, 2]
---
Round: 110, Unk. prob.: 6.200e-04
Upper probs: 8.939e-01, Lower probs: 1.055e-01
No. of non-dominant rules: 9724, Survival rules: 9656, Failure rules: 68
Batch update: 51 rules added, 0 existing rules removed (0 new rules dominated)
Survival: 51 rules added, 0 removed (from 51 candidates)
Batch update: 1 rules added, 0 existing rules removed (0 new rules dominated)
Failure: 1 rules added, 0 removed (from 1 candidates)
Updated sys_vals: [1, 2]
---
Round: 111, Unk. prob.: 5.200e-04
Upper probs: 8.927e-01, Lower probs: 1.068e-01
No. of non-dominant rules: 9776, Survival rules: 9707, Failure rules: 69
Batch update: 45 rules added, 0 existing rules removed (0 new rules dominated)
Survival: 45 rules added, 0 removed (from 45 candidates)
Updated sys_vals: [1, 2]
---
Round: 112, Unk. prob.: 4.500e-04
Upper probs: 8.952e-01, Lower probs: 1.043e-01
No. of non-dominant rules: 9821, Survival rules: 9752, Failure rules: 69
Batch update: 53 rules added, 0 existing rules removed (0 new rules dominated)
Survival: 53 rules added, 0 removed (from 53 candidates)
Updated sys_vals: [1, 2]
---
Round: 113, Unk. prob.: 5.300e-04
Upper probs: 8.934e-01, Lower probs: 1.061e-01
No. of non-dominant rules: 9874, Survival rules: 9805, Failure rules: 69
Batch update: 60 rules added, 0 existing rules removed (0 new rules dominated)
Survival: 60 rules added, 0 removed (from 60 candidates)
Updated sys_vals: [1, 2]
---
Round: 114, Unk. prob.: 6.000e-04
Upper probs: 8.939e-01, Lower probs: 1.056e-01
No. of non-dominant rules: 9934, Survival rules: 9865, Failure rules: 69
Batch update: 57 rules added, 0 existing rules removed (0 new rules dominated)
Survival: 57 rules added, 0 removed (from 57 candidates)
Updated sys_vals: [1, 2]
---
Round: 115, Unk. prob.: 5.700e-04
Upper probs: 8.928e-01, Lower probs: 1.066e-01
No. of non-dominant rules: 9991, Survival rules: 9922, Failure rules: 69
Batch update: 68 rules added, 0 existing rules removed (0 new rules dominated)
Survival: 68 rules added, 0 removed (from 68 candidates)
Updated sys_vals: [1, 2]
---
Round: 116, Unk. prob.: 6.800e-04
Upper probs: 8.948e-01, Lower probs: 1.045e-01
No. of non-dominant rules: 10059, Survival rules: 9990, Failure rules: 69
Batch update: 56 rules added, 0 existing rules removed (0 new rules dominated)
Survival: 56 rules added, 0 removed (from 56 candidates)
Updated sys_vals: [1, 2]
---
Round: 117, Unk. prob.: 5.600e-04
Upper probs: 8.923e-01, Lower probs: 1.071e-01
No. of non-dominant rules: 10115, Survival rules: 10046, Failure rules: 69
Batch update: 49 rules added, 0 existing rules removed (0 new rules dominated)
Survival: 49 rules added, 0 removed (from 49 candidates)
Updated sys_vals: [1, 2]
---
Round: 118, Unk. prob.: 4.900e-04
Upper probs: 8.933e-01, Lower probs: 1.062e-01
No. of non-dominant rules: 10164, Survival rules: 10095, Failure rules: 69
Batch update: 51 rules added, 0 existing rules removed (0 new rules dominated)
Survival: 51 rules added, 0 removed (from 51 candidates)
Batch update: 1 rules added, 0 existing rules removed (0 new rules dominated)
Failure: 1 rules added, 0 removed (from 1 candidates)
Updated sys_vals: [1, 2]
---
Round: 119, Unk. prob.: 5.200e-04
Upper probs: 8.925e-01, Lower probs: 1.070e-01
No. of non-dominant rules: 10216, Survival rules: 10146, Failure rules: 70
Batch update: 49 rules added, 0 existing rules removed (0 new rules dominated)
Survival: 49 rules added, 0 removed (from 49 candidates)
Updated sys_vals: [1, 2]
---
Round: 120, Unk. prob.: 4.900e-04
Upper probs: 8.956e-01, Lower probs: 1.039e-01
No. of non-dominant rules: 10265, Survival rules: 10195, Failure rules: 70
Batch update: 45 rules added, 0 existing rules removed (0 new rules dominated)
Survival: 45 rules added, 0 removed (from 45 candidates)
Updated sys_vals: [1, 2]
---
Round: 121, Unk. prob.: 4.500e-04
Upper probs: 8.939e-01, Lower probs: 1.057e-01
No. of non-dominant rules: 10310, Survival rules: 10240, Failure rules: 70
Batch update: 45 rules added, 0 existing rules removed (0 new rules dominated)
Survival: 45 rules added, 0 removed (from 45 candidates)
Batch update: 1 rules added, 0 existing rules removed (0 new rules dominated)
Failure: 1 rules added, 0 removed (from 1 candidates)
Updated sys_vals: [1, 2]
---
Round: 122, Unk. prob.: 4.600e-04
Upper probs: 8.942e-01, Lower probs: 1.053e-01
No. of non-dominant rules: 10356, Survival rules: 10285, Failure rules: 71
Batch update: 40 rules added, 0 existing rules removed (0 new rules dominated)
Survival: 40 rules added, 0 removed (from 40 candidates)
Batch update: 1 rules added, 0 existing rules removed (0 new rules dominated)
Failure: 1 rules added, 0 removed (from 1 candidates)
Updated sys_vals: [1, 2]
---
Round: 123, Unk. prob.: 4.100e-04
Upper probs: 8.940e-01, Lower probs: 1.056e-01
No. of non-dominant rules: 10397, Survival rules: 10325, Failure rules: 72
Batch update: 48 rules added, 0 existing rules removed (0 new rules dominated)
Survival: 48 rules added, 0 removed (from 48 candidates)
Updated sys_vals: [1, 2]
---
Round: 124, Unk. prob.: 4.800e-04
Upper probs: 8.935e-01, Lower probs: 1.060e-01
No. of non-dominant rules: 10445, Survival rules: 10373, Failure rules: 72
Batch update: 54 rules added, 0 existing rules removed (0 new rules dominated)
Survival: 54 rules added, 0 removed (from 54 candidates)
Batch update: 1 rules added, 0 existing rules removed (0 new rules dominated)
Failure: 1 rules added, 0 removed (from 1 candidates)
Updated sys_vals: [1, 2]
---
Round: 125, Unk. prob.: 5.500e-04
Upper probs: 8.938e-01, Lower probs: 1.056e-01
No. of non-dominant rules: 10500, Survival rules: 10427, Failure rules: 73
Batch update: 46 rules added, 0 existing rules removed (0 new rules dominated)
Survival: 46 rules added, 0 removed (from 46 candidates)
Updated sys_vals: [1, 2]
---
Round: 126, Unk. prob.: 4.600e-04
Upper probs: 8.935e-01, Lower probs: 1.060e-01
No. of non-dominant rules: 10546, Survival rules: 10473, Failure rules: 73
Batch update: 52 rules added, 0 existing rules removed (0 new rules dominated)
Survival: 52 rules added, 0 removed (from 52 candidates)
Batch update: 2 rules added, 0 existing rules removed (0 new rules dominated)
Failure: 2 rules added, 0 removed (from 2 candidates)
Updated sys_vals: [1, 2]
---
Round: 127, Unk. prob.: 5.400e-04
Upper probs: 8.938e-01, Lower probs: 1.056e-01
No. of non-dominant rules: 10600, Survival rules: 10525, Failure rules: 75
Batch update: 70 rules added, 0 existing rules removed (0 new rules dominated)
Survival: 70 rules added, 0 removed (from 70 candidates)
Updated sys_vals: [1, 2]
---
Round: 128, Unk. prob.: 7.000e-04
Upper probs: 8.934e-01, Lower probs: 1.059e-01
No. of non-dominant rules: 10670, Survival rules: 10595, Failure rules: 75
Batch update: 42 rules added, 0 existing rules removed (0 new rules dominated)
Survival: 42 rules added, 0 removed (from 42 candidates)
Updated sys_vals: [1, 2]
---
Round: 129, Unk. prob.: 4.200e-04
Upper probs: 8.952e-01, Lower probs: 1.044e-01
No. of non-dominant rules: 10712, Survival rules: 10637, Failure rules: 75
Batch update: 47 rules added, 0 existing rules removed (0 new rules dominated)
Survival: 47 rules added, 0 removed (from 47 candidates)
Batch update: 1 rules added, 0 existing rules removed (0 new rules dominated)
Failure: 1 rules added, 0 removed (from 1 candidates)
Updated sys_vals: [1, 2]
---
Round: 130, Unk. prob.: 4.800e-04
Upper probs: 8.946e-01, Lower probs: 1.049e-01
No. of non-dominant rules: 10760, Survival rules: 10684, Failure rules: 76
Batch update: 54 rules added, 0 existing rules removed (0 new rules dominated)
Survival: 54 rules added, 0 removed (from 54 candidates)
Batch update: 1 rules added, 0 existing rules removed (0 new rules dominated)
Failure: 1 rules added, 0 removed (from 1 candidates)
Updated sys_vals: [1, 2]
---
Round: 131, Unk. prob.: 5.500e-04
Upper probs: 8.929e-01, Lower probs: 1.066e-01
No. of non-dominant rules: 10815, Survival rules: 10738, Failure rules: 77
Batch update: 64 rules added, 0 existing rules removed (0 new rules dominated)
Survival: 64 rules added, 0 removed (from 64 candidates)
Updated sys_vals: [1, 2]
---
Round: 132, Unk. prob.: 6.400e-04
Upper probs: 8.940e-01, Lower probs: 1.053e-01
No. of non-dominant rules: 10879, Survival rules: 10802, Failure rules: 77
Batch update: 54 rules added, 0 existing rules removed (0 new rules dominated)
Survival: 54 rules added, 0 removed (from 54 candidates)
Updated sys_vals: [1, 2]
---
Round: 133, Unk. prob.: 5.400e-04
Upper probs: 8.940e-01, Lower probs: 1.055e-01
No. of non-dominant rules: 10933, Survival rules: 10856, Failure rules: 77
Batch update: 45 rules added, 0 existing rules removed (0 new rules dominated)
Survival: 45 rules added, 0 removed (from 45 candidates)
Batch update: 1 rules added, 0 existing rules removed (0 new rules dominated)
Failure: 1 rules added, 0 removed (from 1 candidates)
Updated sys_vals: [1, 2]
---
Round: 134, Unk. prob.: 4.600e-04
Upper probs: 8.936e-01, Lower probs: 1.059e-01
No. of non-dominant rules: 10979, Survival rules: 10901, Failure rules: 78
Batch update: 51 rules added, 0 existing rules removed (0 new rules dominated)
Survival: 51 rules added, 0 removed (from 51 candidates)
Updated sys_vals: [1, 2]
---
Round: 135, Unk. prob.: 5.100e-04
Upper probs: 8.934e-01, Lower probs: 1.061e-01
No. of non-dominant rules: 11030, Survival rules: 10952, Failure rules: 78
Batch update: 43 rules added, 0 existing rules removed (0 new rules dominated)
Survival: 43 rules added, 0 removed (from 43 candidates)
Updated sys_vals: [1, 2]
---
Round: 136, Unk. prob.: 4.300e-04
Upper probs: 8.931e-01, Lower probs: 1.065e-01
No. of non-dominant rules: 11073, Survival rules: 10995, Failure rules: 78
Batch update: 43 rules added, 0 existing rules removed (0 new rules dominated)
Survival: 43 rules added, 0 removed (from 43 candidates)
Updated sys_vals: [1, 2]
---
Round: 137, Unk. prob.: 4.300e-04
Upper probs: 8.935e-01, Lower probs: 1.061e-01
No. of non-dominant rules: 11116, Survival rules: 11038, Failure rules: 78
Batch update: 48 rules added, 0 existing rules removed (0 new rules dominated)
Survival: 48 rules added, 0 removed (from 48 candidates)
Updated sys_vals: [1, 2]
---
Round: 138, Unk. prob.: 4.800e-04
Upper probs: 8.934e-01, Lower probs: 1.061e-01
No. of non-dominant rules: 11164, Survival rules: 11086, Failure rules: 78
Batch update: 44 rules added, 0 existing rules removed (0 new rules dominated)
Survival: 44 rules added, 0 removed (from 44 candidates)
Updated sys_vals: [1, 2]
---
Round: 139, Unk. prob.: 4.400e-04
Upper probs: 8.937e-01, Lower probs: 1.059e-01
No. of non-dominant rules: 11208, Survival rules: 11130, Failure rules: 78
Batch update: 32 rules added, 0 existing rules removed (0 new rules dominated)
Survival: 32 rules added, 0 removed (from 32 candidates)
Updated sys_vals: [1, 2]
---
Round: 140, Unk. prob.: 3.200e-04
Upper probs: 8.937e-01, Lower probs: 1.060e-01
No. of non-dominant rules: 11240, Survival rules: 11162, Failure rules: 78
Batch update: 42 rules added, 0 existing rules removed (0 new rules dominated)
Survival: 42 rules added, 0 removed (from 42 candidates)
Updated sys_vals: [1, 2]
---
Round: 141, Unk. prob.: 4.200e-04
Upper probs: 8.937e-01, Lower probs: 1.059e-01
No. of non-dominant rules: 11282, Survival rules: 11204, Failure rules: 78
Batch update: 47 rules added, 0 existing rules removed (0 new rules dominated)
Survival: 47 rules added, 0 removed (from 47 candidates)
Updated sys_vals: [1, 2]
---
Round: 142, Unk. prob.: 4.700e-04
Upper probs: 8.937e-01, Lower probs: 1.058e-01
No. of non-dominant rules: 11329, Survival rules: 11251, Failure rules: 78
Batch update: 52 rules added, 0 existing rules removed (0 new rules dominated)
Survival: 52 rules added, 0 removed (from 52 candidates)
Batch update: 1 rules added, 0 existing rules removed (0 new rules dominated)
Failure: 1 rules added, 0 removed (from 1 candidates)
Updated sys_vals: [1, 2]
---
Round: 143, Unk. prob.: 5.300e-04
Upper probs: 8.940e-01, Lower probs: 1.055e-01
No. of non-dominant rules: 11382, Survival rules: 11303, Failure rules: 79
Batch update: 46 rules added, 0 existing rules removed (0 new rules dominated)
Survival: 46 rules added, 0 removed (from 46 candidates)
Batch update: 1 rules added, 0 existing rules removed (0 new rules dominated)
Failure: 1 rules added, 0 removed (from 1 candidates)
Updated sys_vals: [1, 2]
---
Round: 144, Unk. prob.: 4.700e-04
Upper probs: 8.934e-01, Lower probs: 1.061e-01
No. of non-dominant rules: 11429, Survival rules: 11349, Failure rules: 80
Batch update: 42 rules added, 0 existing rules removed (0 new rules dominated)
Survival: 42 rules added, 0 removed (from 42 candidates)
Updated sys_vals: [1, 2]
---
Round: 145, Unk. prob.: 4.200e-04
Upper probs: 8.944e-01, Lower probs: 1.052e-01
No. of non-dominant rules: 11471, Survival rules: 11391, Failure rules: 80
Batch update: 30 rules added, 0 existing rules removed (0 new rules dominated)
Survival: 30 rules added, 0 removed (from 30 candidates)
Updated sys_vals: [1, 2]
---
Round: 146, Unk. prob.: 3.000e-04
Upper probs: 8.953e-01, Lower probs: 1.044e-01
No. of non-dominant rules: 11501, Survival rules: 11421, Failure rules: 80
Batch update: 38 rules added, 0 existing rules removed (0 new rules dominated)
Survival: 38 rules added, 0 removed (from 38 candidates)
Updated sys_vals: [1, 2]
---
Round: 147, Unk. prob.: 3.800e-04
Upper probs: 8.933e-01, Lower probs: 1.064e-01
No. of non-dominant rules: 11539, Survival rules: 11459, Failure rules: 80
Batch update: 44 rules added, 0 existing rules removed (0 new rules dominated)
Survival: 44 rules added, 0 removed (from 44 candidates)
Updated sys_vals: [1, 2]
---
Round: 148, Unk. prob.: 4.400e-04
Upper probs: 8.929e-01, Lower probs: 1.067e-01
No. of non-dominant rules: 11583, Survival rules: 11503, Failure rules: 80
Batch update: 34 rules added, 0 existing rules removed (0 new rules dominated)
Survival: 34 rules added, 0 removed (from 34 candidates)
Updated sys_vals: [1, 2]
---
Round: 149, Unk. prob.: 3.400e-04
Upper probs: 8.926e-01, Lower probs: 1.071e-01
No. of non-dominant rules: 11617, Survival rules: 11537, Failure rules: 80
Batch update: 37 rules added, 0 existing rules removed (0 new rules dominated)
Survival: 37 rules added, 0 removed (from 37 candidates)
Updated sys_vals: [1, 2]
---
Round: 150, Unk. prob.: 3.700e-04
Upper probs: 8.953e-01, Lower probs: 1.043e-01
No. of non-dominant rules: 11654, Survival rules: 11574, Failure rules: 80
Batch update: 42 rules added, 0 existing rules removed (0 new rules dominated)
Survival: 42 rules added, 0 removed (from 42 candidates)
Updated sys_vals: [1, 2]
---
Round: 151, Unk. prob.: 4.200e-04
Upper probs: 8.931e-01, Lower probs: 1.064e-01
No. of non-dominant rules: 11696, Survival rules: 11616, Failure rules: 80
Batch update: 39 rules added, 0 existing rules removed (0 new rules dominated)
Survival: 39 rules added, 0 removed (from 39 candidates)
Updated sys_vals: [1, 2]
---
Round: 152, Unk. prob.: 3.900e-04
Upper probs: 8.952e-01, Lower probs: 1.044e-01
No. of non-dominant rules: 11735, Survival rules: 11655, Failure rules: 80
Batch update: 48 rules added, 0 existing rules removed (0 new rules dominated)
Survival: 48 rules added, 0 removed (from 48 candidates)
Updated sys_vals: [1, 2]
---
Round: 153, Unk. prob.: 4.800e-04
Upper probs: 8.931e-01, Lower probs: 1.064e-01
No. of non-dominant rules: 11783, Survival rules: 11703, Failure rules: 80
Batch update: 54 rules added, 0 existing rules removed (0 new rules dominated)
Survival: 54 rules added, 0 removed (from 54 candidates)
Updated sys_vals: [1, 2]
---
Round: 154, Unk. prob.: 5.400e-04
Upper probs: 8.941e-01, Lower probs: 1.053e-01
No. of non-dominant rules: 11837, Survival rules: 11757, Failure rules: 80
Batch update: 32 rules added, 0 existing rules removed (0 new rules dominated)
Survival: 32 rules added, 0 removed (from 32 candidates)
Updated sys_vals: [1, 2]
---
Round: 155, Unk. prob.: 3.200e-04
Upper probs: 8.949e-01, Lower probs: 1.048e-01
No. of non-dominant rules: 11869, Survival rules: 11789, Failure rules: 80
Batch update: 40 rules added, 0 existing rules removed (0 new rules dominated)
Survival: 40 rules added, 0 removed (from 40 candidates)
Updated sys_vals: [1, 2]
---
Round: 156, Unk. prob.: 4.000e-04
Upper probs: 8.927e-01, Lower probs: 1.069e-01
No. of non-dominant rules: 11909, Survival rules: 11829, Failure rules: 80
Batch update: 39 rules added, 0 existing rules removed (0 new rules dominated)
Survival: 39 rules added, 0 removed (from 39 candidates)
Updated sys_vals: [1, 2]
---
Round: 157, Unk. prob.: 3.900e-04
Upper probs: 8.942e-01, Lower probs: 1.054e-01
No. of non-dominant rules: 11948, Survival rules: 11868, Failure rules: 80
Batch update: 35 rules added, 0 existing rules removed (0 new rules dominated)
Survival: 35 rules added, 0 removed (from 35 candidates)
Updated sys_vals: [1, 2]
---
Round: 158, Unk. prob.: 3.500e-04
Upper probs: 8.943e-01, Lower probs: 1.054e-01
No. of non-dominant rules: 11983, Survival rules: 11903, Failure rules: 80
Batch update: 49 rules added, 0 existing rules removed (0 new rules dominated)
Survival: 49 rules added, 0 removed (from 49 candidates)
Updated sys_vals: [1, 2]
---
Round: 159, Unk. prob.: 4.900e-04
Upper probs: 8.938e-01, Lower probs: 1.058e-01
No. of non-dominant rules: 12032, Survival rules: 11952, Failure rules: 80
Batch update: 38 rules added, 0 existing rules removed (0 new rules dominated)
Survival: 38 rules added, 0 removed (from 38 candidates)
Updated sys_vals: [1, 2]
---
Round: 160, Unk. prob.: 3.800e-04
Upper probs: 8.944e-01, Lower probs: 1.052e-01
No. of non-dominant rules: 12070, Survival rules: 11990, Failure rules: 80
Batch update: 57 rules added, 0 existing rules removed (0 new rules dominated)
Survival: 57 rules added, 0 removed (from 57 candidates)
Updated sys_vals: [1, 2]
---
Round: 161, Unk. prob.: 5.700e-04
Upper probs: 8.915e-01, Lower probs: 1.079e-01
No. of non-dominant rules: 12127, Survival rules: 12047, Failure rules: 80
Batch update: 42 rules added, 0 existing rules removed (0 new rules dominated)
Survival: 42 rules added, 0 removed (from 42 candidates)
Updated sys_vals: [1, 2]
---
Round: 162, Unk. prob.: 4.200e-04
Upper probs: 8.949e-01, Lower probs: 1.047e-01
No. of non-dominant rules: 12169, Survival rules: 12089, Failure rules: 80
Batch update: 29 rules added, 0 existing rules removed (0 new rules dominated)
Survival: 29 rules added, 0 removed (from 29 candidates)
Updated sys_vals: [1, 2]
---
Round: 163, Unk. prob.: 2.900e-04
Upper probs: 8.929e-01, Lower probs: 1.068e-01
No. of non-dominant rules: 12198, Survival rules: 12118, Failure rules: 80
Batch update: 39 rules added, 0 existing rules removed (0 new rules dominated)
Survival: 39 rules added, 0 removed (from 39 candidates)
Updated sys_vals: [1, 2]
---
Round: 164, Unk. prob.: 3.900e-04
Upper probs: 8.935e-01, Lower probs: 1.061e-01
No. of non-dominant rules: 12237, Survival rules: 12157, Failure rules: 80
Batch update: 49 rules added, 0 existing rules removed (0 new rules dominated)
Survival: 49 rules added, 0 removed (from 49 candidates)
Updated sys_vals: [1, 2]
---
Round: 165, Unk. prob.: 4.900e-04
Upper probs: 8.938e-01, Lower probs: 1.057e-01
No. of non-dominant rules: 12286, Survival rules: 12206, Failure rules: 80
Batch update: 36 rules added, 0 existing rules removed (0 new rules dominated)
Survival: 36 rules added, 0 removed (from 36 candidates)
Updated sys_vals: [1, 2]
---
Round: 166, Unk. prob.: 3.600e-04
Upper probs: 8.937e-01, Lower probs: 1.059e-01
No. of non-dominant rules: 12322, Survival rules: 12242, Failure rules: 80
Batch update: 37 rules added, 0 existing rules removed (0 new rules dominated)
Survival: 37 rules added, 0 removed (from 37 candidates)
Updated sys_vals: [1, 2]
---
Round: 167, Unk. prob.: 3.700e-04
Upper probs: 8.949e-01, Lower probs: 1.048e-01
No. of non-dominant rules: 12359, Survival rules: 12279, Failure rules: 80
Batch update: 38 rules added, 0 existing rules removed (0 new rules dominated)
Survival: 38 rules added, 0 removed (from 38 candidates)
Batch update: 1 rules added, 0 existing rules removed (0 new rules dominated)
Failure: 1 rules added, 0 removed (from 1 candidates)
Updated sys_vals: [1, 2]
---
Round: 168, Unk. prob.: 3.900e-04
Upper probs: 8.931e-01, Lower probs: 1.065e-01
No. of non-dominant rules: 12398, Survival rules: 12317, Failure rules: 81
Batch update: 35 rules added, 0 existing rules removed (0 new rules dominated)
Survival: 35 rules added, 0 removed (from 35 candidates)
Updated sys_vals: [1, 2]
---
Round: 169, Unk. prob.: 3.500e-04
Upper probs: 8.941e-01, Lower probs: 1.056e-01
No. of non-dominant rules: 12433, Survival rules: 12352, Failure rules: 81
Batch update: 26 rules added, 0 existing rules removed (0 new rules dominated)
Survival: 26 rules added, 0 removed (from 26 candidates)
Updated sys_vals: [1, 2]
---
Round: 170, Unk. prob.: 2.600e-04
Upper probs: 8.939e-01, Lower probs: 1.059e-01
No. of non-dominant rules: 12459, Survival rules: 12378, Failure rules: 81
Batch update: 42 rules added, 0 existing rules removed (0 new rules dominated)
Survival: 42 rules added, 0 removed (from 42 candidates)
Updated sys_vals: [1, 2]
---
Round: 171, Unk. prob.: 4.200e-04
Upper probs: 8.934e-01, Lower probs: 1.062e-01
No. of non-dominant rules: 12501, Survival rules: 12420, Failure rules: 81
Batch update: 41 rules added, 0 existing rules removed (0 new rules dominated)
Survival: 41 rules added, 0 removed (from 41 candidates)
Updated sys_vals: [1, 2]
---
Round: 172, Unk. prob.: 4.100e-04
Upper probs: 8.954e-01, Lower probs: 1.042e-01
No. of non-dominant rules: 12542, Survival rules: 12461, Failure rules: 81
Batch update: 26 rules added, 0 existing rules removed (0 new rules dominated)
Survival: 26 rules added, 0 removed (from 26 candidates)
Updated sys_vals: [1, 2]
---
Round: 173, Unk. prob.: 2.600e-04
Upper probs: 8.940e-01, Lower probs: 1.058e-01
No. of non-dominant rules: 12568, Survival rules: 12487, Failure rules: 81
Batch update: 24 rules added, 0 existing rules removed (0 new rules dominated)
Survival: 24 rules added, 0 removed (from 24 candidates)
Updated sys_vals: [1, 2]
---
Round: 174, Unk. prob.: 2.400e-04
Upper probs: 8.933e-01, Lower probs: 1.065e-01
No. of non-dominant rules: 12592, Survival rules: 12511, Failure rules: 81
Batch update: 39 rules added, 0 existing rules removed (0 new rules dominated)
Survival: 39 rules added, 0 removed (from 39 candidates)
Batch update: 1 rules added, 0 existing rules removed (0 new rules dominated)
Failure: 1 rules added, 0 removed (from 1 candidates)
Updated sys_vals: [1, 2]
---
Round: 175, Unk. prob.: 4.000e-04
Upper probs: 8.943e-01, Lower probs: 1.053e-01
No. of non-dominant rules: 12632, Survival rules: 12550, Failure rules: 82
Batch update: 40 rules added, 0 existing rules removed (0 new rules dominated)
Survival: 40 rules added, 0 removed (from 40 candidates)
Updated sys_vals: [1, 2]
---
Round: 176, Unk. prob.: 4.000e-04
Upper probs: 8.935e-01, Lower probs: 1.061e-01
No. of non-dominant rules: 12672, Survival rules: 12590, Failure rules: 82
Batch update: 20 rules added, 0 existing rules removed (0 new rules dominated)
Survival: 20 rules added, 0 removed (from 20 candidates)
Updated sys_vals: [1, 2]
---
Round: 177, Unk. prob.: 2.000e-04
Upper probs: 8.938e-01, Lower probs: 1.060e-01
No. of non-dominant rules: 12692, Survival rules: 12610, Failure rules: 82
Batch update: 37 rules added, 0 existing rules removed (0 new rules dominated)
Survival: 37 rules added, 0 removed (from 37 candidates)
Updated sys_vals: [1, 2]
---
Round: 178, Unk. prob.: 3.700e-04
Upper probs: 8.947e-01, Lower probs: 1.049e-01
No. of non-dominant rules: 12729, Survival rules: 12647, Failure rules: 82
Batch update: 28 rules added, 0 existing rules removed (0 new rules dominated)
Survival: 28 rules added, 0 removed (from 28 candidates)
Updated sys_vals: [1, 2]
---
Round: 179, Unk. prob.: 2.800e-04
Upper probs: 8.948e-01, Lower probs: 1.049e-01
No. of non-dominant rules: 12757, Survival rules: 12675, Failure rules: 82
Batch update: 43 rules added, 0 existing rules removed (0 new rules dominated)
Survival: 43 rules added, 0 removed (from 43 candidates)
Updated sys_vals: [1, 2]
---
Round: 180, Unk. prob.: 4.300e-04
Upper probs: 8.916e-01, Lower probs: 1.080e-01
No. of non-dominant rules: 12800, Survival rules: 12718, Failure rules: 82
Batch update: 36 rules added, 0 existing rules removed (0 new rules dominated)
Survival: 36 rules added, 0 removed (from 36 candidates)
Updated sys_vals: [1, 2]
---
Round: 181, Unk. prob.: 3.600e-04
Upper probs: 8.928e-01, Lower probs: 1.069e-01
No. of non-dominant rules: 12836, Survival rules: 12754, Failure rules: 82
Batch update: 27 rules added, 0 existing rules removed (0 new rules dominated)
Survival: 27 rules added, 0 removed (from 27 candidates)
Updated sys_vals: [1, 2]
---
Round: 182, Unk. prob.: 2.700e-04
Upper probs: 8.932e-01, Lower probs: 1.065e-01
No. of non-dominant rules: 12863, Survival rules: 12781, Failure rules: 82
Batch update: 30 rules added, 0 existing rules removed (0 new rules dominated)
Survival: 30 rules added, 0 removed (from 30 candidates)
Updated sys_vals: [1, 2]
---
Round: 183, Unk. prob.: 3.000e-04
Upper probs: 8.940e-01, Lower probs: 1.057e-01
No. of non-dominant rules: 12893, Survival rules: 12811, Failure rules: 82
Batch update: 39 rules added, 0 existing rules removed (0 new rules dominated)
Survival: 39 rules added, 0 removed (from 39 candidates)
Updated sys_vals: [1, 2]
---
Round: 184, Unk. prob.: 3.900e-04
Upper probs: 8.960e-01, Lower probs: 1.036e-01
No. of non-dominant rules: 12932, Survival rules: 12850, Failure rules: 82
Batch update: 47 rules added, 0 existing rules removed (0 new rules dominated)
Survival: 47 rules added, 0 removed (from 47 candidates)
Updated sys_vals: [1, 2]
---
Round: 185, Unk. prob.: 4.700e-04
Upper probs: 8.934e-01, Lower probs: 1.061e-01
No. of non-dominant rules: 12979, Survival rules: 12897, Failure rules: 82
Batch update: 38 rules added, 0 existing rules removed (0 new rules dominated)
Survival: 38 rules added, 0 removed (from 38 candidates)
Updated sys_vals: [1, 2]
---
Round: 186, Unk. prob.: 3.800e-04
Upper probs: 8.947e-01, Lower probs: 1.049e-01
No. of non-dominant rules: 13017, Survival rules: 12935, Failure rules: 82
Batch update: 43 rules added, 0 existing rules removed (0 new rules dominated)
Survival: 43 rules added, 0 removed (from 43 candidates)
Updated sys_vals: [1, 2]
---
Round: 187, Unk. prob.: 4.300e-04
Upper probs: 8.939e-01, Lower probs: 1.057e-01
No. of non-dominant rules: 13060, Survival rules: 12978, Failure rules: 82
Batch update: 30 rules added, 0 existing rules removed (0 new rules dominated)
Survival: 30 rules added, 0 removed (from 30 candidates)
Updated sys_vals: [1, 2]
---
Round: 188, Unk. prob.: 3.000e-04
Upper probs: 8.944e-01, Lower probs: 1.053e-01
No. of non-dominant rules: 13090, Survival rules: 13008, Failure rules: 82
Batch update: 22 rules added, 0 existing rules removed (0 new rules dominated)
Survival: 22 rules added, 0 removed (from 22 candidates)
Updated sys_vals: [1, 2]
---
Round: 189, Unk. prob.: 2.200e-04
Upper probs: 8.935e-01, Lower probs: 1.063e-01
No. of non-dominant rules: 13112, Survival rules: 13030, Failure rules: 82
Batch update: 30 rules added, 0 existing rules removed (0 new rules dominated)
Survival: 30 rules added, 0 removed (from 30 candidates)
Updated sys_vals: [1, 2]
---
Round: 190, Unk. prob.: 3.000e-04
Upper probs: 8.935e-01, Lower probs: 1.062e-01
No. of non-dominant rules: 13142, Survival rules: 13060, Failure rules: 82
Batch update: 29 rules added, 0 existing rules removed (0 new rules dominated)
Survival: 29 rules added, 0 removed (from 29 candidates)
Updated sys_vals: [1, 2]
---
Round: 191, Unk. prob.: 2.900e-04
Upper probs: 8.946e-01, Lower probs: 1.051e-01
No. of non-dominant rules: 13171, Survival rules: 13089, Failure rules: 82
Batch update: 38 rules added, 0 existing rules removed (0 new rules dominated)
Survival: 38 rules added, 0 removed (from 38 candidates)
Updated sys_vals: [1, 2]
---
Round: 192, Unk. prob.: 3.800e-04
Upper probs: 8.941e-01, Lower probs: 1.055e-01
No. of non-dominant rules: 13209, Survival rules: 13127, Failure rules: 82
Batch update: 45 rules added, 0 existing rules removed (0 new rules dominated)
Survival: 45 rules added, 0 removed (from 45 candidates)
Updated sys_vals: [1, 2]
---
Round: 193, Unk. prob.: 4.500e-04
Upper probs: 8.912e-01, Lower probs: 1.083e-01
No. of non-dominant rules: 13254, Survival rules: 13172, Failure rules: 82
Batch update: 40 rules added, 0 existing rules removed (0 new rules dominated)
Survival: 40 rules added, 0 removed (from 40 candidates)
Updated sys_vals: [1, 2]
---
Round: 194, Unk. prob.: 4.000e-04
Upper probs: 8.937e-01, Lower probs: 1.059e-01
No. of non-dominant rules: 13294, Survival rules: 13212, Failure rules: 82
Batch update: 35 rules added, 0 existing rules removed (0 new rules dominated)
Survival: 35 rules added, 0 removed (from 35 candidates)
Batch update: 1 rules added, 0 existing rules removed (0 new rules dominated)
Failure: 1 rules added, 0 removed (from 1 candidates)
Updated sys_vals: [1, 2]
---
Round: 195, Unk. prob.: 3.600e-04
Upper probs: 8.937e-01, Lower probs: 1.059e-01
No. of non-dominant rules: 13330, Survival rules: 13247, Failure rules: 83
Batch update: 35 rules added, 0 existing rules removed (0 new rules dominated)
Survival: 35 rules added, 0 removed (from 35 candidates)
Updated sys_vals: [1, 2]
---
Round: 196, Unk. prob.: 3.500e-04
Upper probs: 8.940e-01, Lower probs: 1.057e-01
No. of non-dominant rules: 13365, Survival rules: 13282, Failure rules: 83
Batch update: 31 rules added, 0 existing rules removed (0 new rules dominated)
Survival: 31 rules added, 0 removed (from 31 candidates)
Updated sys_vals: [1, 2]
---
Round: 197, Unk. prob.: 3.100e-04
Upper probs: 8.940e-01, Lower probs: 1.057e-01
No. of non-dominant rules: 13396, Survival rules: 13313, Failure rules: 83
Batch update: 33 rules added, 0 existing rules removed (0 new rules dominated)
Survival: 33 rules added, 0 removed (from 33 candidates)
Updated sys_vals: [1, 2]
---
Round: 198, Unk. prob.: 3.300e-04
Upper probs: 8.932e-01, Lower probs: 1.065e-01
No. of non-dominant rules: 13429, Survival rules: 13346, Failure rules: 83
Batch update: 26 rules added, 0 existing rules removed (0 new rules dominated)
Survival: 26 rules added, 0 removed (from 26 candidates)
Updated sys_vals: [1, 2]
---
Round: 199, Unk. prob.: 2.600e-04
Upper probs: 8.915e-01, Lower probs: 1.083e-01
No. of non-dominant rules: 13455, Survival rules: 13372, Failure rules: 83
Batch update: 35 rules added, 0 existing rules removed (0 new rules dominated)
Survival: 35 rules added, 0 removed (from 35 candidates)
Updated sys_vals: [1, 2]
---
Round: 200, Unk. prob.: 3.500e-04
Upper probs: 8.931e-01, Lower probs: 1.065e-01
No. of non-dominant rules: 13490, Survival rules: 13407, Failure rules: 83
Batch update: 37 rules added, 0 existing rules removed (0 new rules dominated)
Survival: 37 rules added, 0 removed (from 37 candidates)
Updated sys_vals: [1, 2]
---
Round: 201, Unk. prob.: 3.700e-04
Upper probs: 8.944e-01, Lower probs: 1.052e-01
No. of non-dominant rules: 13527, Survival rules: 13444, Failure rules: 83
Batch update: 31 rules added, 0 existing rules removed (0 new rules dominated)
Survival: 31 rules added, 0 removed (from 31 candidates)
Batch update: 1 rules added, 0 existing rules removed (0 new rules dominated)
Failure: 1 rules added, 0 removed (from 1 candidates)
Updated sys_vals: [1, 2]
---
Round: 202, Unk. prob.: 3.200e-04
Upper probs: 8.937e-01, Lower probs: 1.060e-01
No. of non-dominant rules: 13559, Survival rules: 13475, Failure rules: 84
Batch update: 26 rules added, 0 existing rules removed (0 new rules dominated)
Survival: 26 rules added, 0 removed (from 26 candidates)
Updated sys_vals: [1, 2]
---
Round: 203, Unk. prob.: 2.600e-04
Upper probs: 8.942e-01, Lower probs: 1.055e-01
No. of non-dominant rules: 13585, Survival rules: 13501, Failure rules: 84
Batch update: 39 rules added, 0 existing rules removed (0 new rules dominated)
Survival: 39 rules added, 0 removed (from 39 candidates)
Updated sys_vals: [1, 2]
---
Round: 204, Unk. prob.: 3.900e-04
Upper probs: 8.943e-01, Lower probs: 1.053e-01
No. of non-dominant rules: 13624, Survival rules: 13540, Failure rules: 84
Batch update: 34 rules added, 0 existing rules removed (0 new rules dominated)
Survival: 34 rules added, 0 removed (from 34 candidates)
Updated sys_vals: [1, 2]
---
Round: 205, Unk. prob.: 3.400e-04
Upper probs: 8.960e-01, Lower probs: 1.036e-01
No. of non-dominant rules: 13658, Survival rules: 13574, Failure rules: 84
Batch update: 27 rules added, 0 existing rules removed (0 new rules dominated)
Survival: 27 rules added, 0 removed (from 27 candidates)
Updated sys_vals: [1, 2]
---
Round: 206, Unk. prob.: 2.700e-04
Upper probs: 8.934e-01, Lower probs: 1.063e-01
No. of non-dominant rules: 13685, Survival rules: 13601, Failure rules: 84
Batch update: 31 rules added, 0 existing rules removed (0 new rules dominated)
Survival: 31 rules added, 0 removed (from 31 candidates)
Updated sys_vals: [1, 2]
---
Round: 207, Unk. prob.: 3.100e-04
Upper probs: 8.924e-01, Lower probs: 1.073e-01
No. of non-dominant rules: 13716, Survival rules: 13632, Failure rules: 84
Batch update: 33 rules added, 0 existing rules removed (0 new rules dominated)
Survival: 33 rules added, 0 removed (from 33 candidates)
Updated sys_vals: [1, 2]
---
Round: 208, Unk. prob.: 3.300e-04
Upper probs: 8.939e-01, Lower probs: 1.057e-01
No. of non-dominant rules: 13749, Survival rules: 13665, Failure rules: 84
Batch update: 31 rules added, 0 existing rules removed (0 new rules dominated)
Survival: 31 rules added, 0 removed (from 31 candidates)
Updated sys_vals: [1, 2]
---
Round: 209, Unk. prob.: 3.100e-04
Upper probs: 8.953e-01, Lower probs: 1.044e-01
No. of non-dominant rules: 13780, Survival rules: 13696, Failure rules: 84
Batch update: 27 rules added, 0 existing rules removed (0 new rules dominated)
Survival: 27 rules added, 0 removed (from 27 candidates)
Updated sys_vals: [1, 2]
---
Round: 210, Unk. prob.: 2.700e-04
Upper probs: 8.945e-01, Lower probs: 1.053e-01
No. of non-dominant rules: 13807, Survival rules: 13723, Failure rules: 84
Batch update: 24 rules added, 0 existing rules removed (0 new rules dominated)
Survival: 24 rules added, 0 removed (from 24 candidates)
Updated sys_vals: [1, 2]
---
Round: 211, Unk. prob.: 2.400e-04
Upper probs: 8.948e-01, Lower probs: 1.050e-01
No. of non-dominant rules: 13831, Survival rules: 13747, Failure rules: 84
Batch update: 47 rules added, 0 existing rules removed (0 new rules dominated)
Survival: 47 rules added, 0 removed (from 47 candidates)
Updated sys_vals: [1, 2]
---
Round: 212, Unk. prob.: 4.700e-04
Upper probs: 8.931e-01, Lower probs: 1.064e-01
No. of non-dominant rules: 13878, Survival rules: 13794, Failure rules: 84
Batch update: 38 rules added, 0 existing rules removed (0 new rules dominated)
Survival: 38 rules added, 0 removed (from 38 candidates)
Updated sys_vals: [1, 2]
---
Round: 213, Unk. prob.: 3.800e-04
Upper probs: 8.932e-01, Lower probs: 1.065e-01
No. of non-dominant rules: 13916, Survival rules: 13832, Failure rules: 84
Batch update: 29 rules added, 0 existing rules removed (0 new rules dominated)
Survival: 29 rules added, 0 removed (from 29 candidates)
Updated sys_vals: [1, 2]
---
Round: 214, Unk. prob.: 2.900e-04
Upper probs: 8.938e-01, Lower probs: 1.060e-01
No. of non-dominant rules: 13945, Survival rules: 13861, Failure rules: 84
Batch update: 28 rules added, 0 existing rules removed (0 new rules dominated)
Survival: 28 rules added, 0 removed (from 28 candidates)
Updated sys_vals: [1, 2]
---
Round: 215, Unk. prob.: 2.800e-04
Upper probs: 8.945e-01, Lower probs: 1.052e-01
No. of non-dominant rules: 13973, Survival rules: 13889, Failure rules: 84
Batch update: 29 rules added, 0 existing rules removed (0 new rules dominated)
Survival: 29 rules added, 0 removed (from 29 candidates)
Updated sys_vals: [1, 2]
---
Round: 216, Unk. prob.: 2.900e-04
Upper probs: 8.930e-01, Lower probs: 1.068e-01
No. of non-dominant rules: 14002, Survival rules: 13918, Failure rules: 84
Batch update: 26 rules added, 0 existing rules removed (0 new rules dominated)
Survival: 26 rules added, 0 removed (from 26 candidates)
Updated sys_vals: [1, 2]
---
Round: 217, Unk. prob.: 2.600e-04
Upper probs: 8.933e-01, Lower probs: 1.065e-01
No. of non-dominant rules: 14028, Survival rules: 13944, Failure rules: 84
Batch update: 31 rules added, 0 existing rules removed (0 new rules dominated)
Survival: 31 rules added, 0 removed (from 31 candidates)
Updated sys_vals: [1, 2]
---
Round: 218, Unk. prob.: 3.100e-04
Upper probs: 8.925e-01, Lower probs: 1.071e-01
No. of non-dominant rules: 14059, Survival rules: 13975, Failure rules: 84
Batch update: 37 rules added, 0 existing rules removed (0 new rules dominated)
Survival: 37 rules added, 0 removed (from 37 candidates)
Updated sys_vals: [1, 2]
---
Round: 219, Unk. prob.: 3.700e-04
Upper probs: 8.949e-01, Lower probs: 1.047e-01
No. of non-dominant rules: 14096, Survival rules: 14012, Failure rules: 84
Batch update: 30 rules added, 0 existing rules removed (0 new rules dominated)
Survival: 30 rules added, 0 removed (from 30 candidates)
Updated sys_vals: [1, 2]
---
Round: 220, Unk. prob.: 3.000e-04
Upper probs: 8.933e-01, Lower probs: 1.064e-01
No. of non-dominant rules: 14126, Survival rules: 14042, Failure rules: 84
Batch update: 33 rules added, 0 existing rules removed (0 new rules dominated)
Survival: 33 rules added, 0 removed (from 33 candidates)
Updated sys_vals: [1, 2]
---
Round: 221, Unk. prob.: 3.300e-04
Upper probs: 8.916e-01, Lower probs: 1.081e-01
No. of non-dominant rules: 14159, Survival rules: 14075, Failure rules: 84
Batch update: 30 rules added, 0 existing rules removed (0 new rules dominated)
Survival: 30 rules added, 0 removed (from 30 candidates)
Updated sys_vals: [1, 2]
---
Round: 222, Unk. prob.: 3.000e-04
Upper probs: 8.928e-01, Lower probs: 1.069e-01
No. of non-dominant rules: 14189, Survival rules: 14105, Failure rules: 84
Batch update: 29 rules added, 0 existing rules removed (0 new rules dominated)
Survival: 29 rules added, 0 removed (from 29 candidates)
Updated sys_vals: [1, 2]
---
Round: 223, Unk. prob.: 2.900e-04
Upper probs: 8.923e-01, Lower probs: 1.074e-01
No. of non-dominant rules: 14218, Survival rules: 14134, Failure rules: 84
Batch update: 24 rules added, 0 existing rules removed (0 new rules dominated)
Survival: 24 rules added, 0 removed (from 24 candidates)
Updated sys_vals: [1, 2]
---
Round: 224, Unk. prob.: 2.400e-04
Upper probs: 8.946e-01, Lower probs: 1.052e-01
No. of non-dominant rules: 14242, Survival rules: 14158, Failure rules: 84
Batch update: 33 rules added, 0 existing rules removed (0 new rules dominated)
Survival: 33 rules added, 0 removed (from 33 candidates)
Updated sys_vals: [1, 2]
---
Round: 225, Unk. prob.: 3.300e-04
Upper probs: 8.941e-01, Lower probs: 1.055e-01
No. of non-dominant rules: 14275, Survival rules: 14191, Failure rules: 84
Batch update: 28 rules added, 0 existing rules removed (0 new rules dominated)
Survival: 28 rules added, 0 removed (from 28 candidates)
Updated sys_vals: [1, 2]
---
Round: 226, Unk. prob.: 2.800e-04
Upper probs: 8.939e-01, Lower probs: 1.058e-01
No. of non-dominant rules: 14303, Survival rules: 14219, Failure rules: 84
Batch update: 29 rules added, 0 existing rules removed (0 new rules dominated)
Survival: 29 rules added, 0 removed (from 29 candidates)
Updated sys_vals: [1, 2]
---
Round: 227, Unk. prob.: 2.900e-04
Upper probs: 8.935e-01, Lower probs: 1.062e-01
No. of non-dominant rules: 14332, Survival rules: 14248, Failure rules: 84
Batch update: 28 rules added, 0 existing rules removed (0 new rules dominated)
Survival: 28 rules added, 0 removed (from 28 candidates)
Updated sys_vals: [1, 2]
---
Round: 228, Unk. prob.: 2.800e-04
Upper probs: 8.924e-01, Lower probs: 1.073e-01
No. of non-dominant rules: 14360, Survival rules: 14276, Failure rules: 84
Batch update: 25 rules added, 0 existing rules removed (0 new rules dominated)
Survival: 25 rules added, 0 removed (from 25 candidates)
Updated sys_vals: [1, 2]
---
Round: 229, Unk. prob.: 2.500e-04
Upper probs: 8.956e-01, Lower probs: 1.042e-01
No. of non-dominant rules: 14385, Survival rules: 14301, Failure rules: 84
Batch update: 27 rules added, 0 existing rules removed (0 new rules dominated)
Survival: 27 rules added, 0 removed (from 27 candidates)
Updated sys_vals: [1, 2]
---
Round: 230, Unk. prob.: 2.700e-04
Upper probs: 8.926e-01, Lower probs: 1.072e-01
No. of non-dominant rules: 14412, Survival rules: 14328, Failure rules: 84
Batch update: 37 rules added, 0 existing rules removed (0 new rules dominated)
Survival: 37 rules added, 0 removed (from 37 candidates)
Updated sys_vals: [1, 2]
---
Round: 231, Unk. prob.: 3.700e-04
Upper probs: 8.932e-01, Lower probs: 1.065e-01
No. of non-dominant rules: 14449, Survival rules: 14365, Failure rules: 84
Batch update: 26 rules added, 0 existing rules removed (0 new rules dominated)
Survival: 26 rules added, 0 removed (from 26 candidates)
Updated sys_vals: [1, 2]
---
Round: 232, Unk. prob.: 2.600e-04
Upper probs: 8.927e-01, Lower probs: 1.071e-01
No. of non-dominant rules: 14475, Survival rules: 14391, Failure rules: 84
Batch update: 34 rules added, 0 existing rules removed (0 new rules dominated)
Survival: 34 rules added, 0 removed (from 34 candidates)
Batch update: 1 rules added, 0 existing rules removed (0 new rules dominated)
Failure: 1 rules added, 0 removed (from 1 candidates)
Updated sys_vals: [1, 2]
---
Round: 233, Unk. prob.: 3.500e-04
Upper probs: 8.923e-01, Lower probs: 1.074e-01
No. of non-dominant rules: 14510, Survival rules: 14425, Failure rules: 85
Batch update: 23 rules added, 0 existing rules removed (0 new rules dominated)
Survival: 23 rules added, 0 removed (from 23 candidates)
Updated sys_vals: [1, 2]
---
Round: 234, Unk. prob.: 2.300e-04
Upper probs: 8.964e-01, Lower probs: 1.034e-01
No. of non-dominant rules: 14533, Survival rules: 14448, Failure rules: 85
Batch update: 27 rules added, 0 existing rules removed (0 new rules dominated)
Survival: 27 rules added, 0 removed (from 27 candidates)
Batch update: 1 rules added, 0 existing rules removed (0 new rules dominated)
Failure: 1 rules added, 0 removed (from 1 candidates)
Updated sys_vals: [1, 2]
---
Round: 235, Unk. prob.: 2.800e-04
Upper probs: 8.938e-01, Lower probs: 1.059e-01
No. of non-dominant rules: 14561, Survival rules: 14475, Failure rules: 86
Batch update: 29 rules added, 0 existing rules removed (0 new rules dominated)
Survival: 29 rules added, 0 removed (from 29 candidates)
Updated sys_vals: [1, 2]
---
Round: 236, Unk. prob.: 2.900e-04
Upper probs: 8.926e-01, Lower probs: 1.071e-01
No. of non-dominant rules: 14590, Survival rules: 14504, Failure rules: 86
Batch update: 24 rules added, 0 existing rules removed (0 new rules dominated)
Survival: 24 rules added, 0 removed (from 24 candidates)
Updated sys_vals: [1, 2]
---
Round: 237, Unk. prob.: 2.400e-04
Upper probs: 8.945e-01, Lower probs: 1.052e-01
No. of non-dominant rules: 14614, Survival rules: 14528, Failure rules: 86
Batch update: 37 rules added, 0 existing rules removed (0 new rules dominated)
Survival: 37 rules added, 0 removed (from 37 candidates)
Updated sys_vals: [1, 2]
---
Round: 238, Unk. prob.: 3.700e-04
Upper probs: 8.936e-01, Lower probs: 1.061e-01
No. of non-dominant rules: 14651, Survival rules: 14565, Failure rules: 86
Batch update: 25 rules added, 0 existing rules removed (0 new rules dominated)
Survival: 25 rules added, 0 removed (from 25 candidates)
Updated sys_vals: [1, 2]
---
Round: 239, Unk. prob.: 2.500e-04
Upper probs: 8.929e-01, Lower probs: 1.069e-01
No. of non-dominant rules: 14676, Survival rules: 14590, Failure rules: 86
Batch update: 31 rules added, 0 existing rules removed (0 new rules dominated)
Survival: 31 rules added, 0 removed (from 31 candidates)
Updated sys_vals: [1, 2]
---
Round: 240, Unk. prob.: 3.100e-04
Upper probs: 8.953e-01, Lower probs: 1.044e-01
No. of non-dominant rules: 14707, Survival rules: 14621, Failure rules: 86
Batch update: 31 rules added, 0 existing rules removed (0 new rules dominated)
Survival: 31 rules added, 0 removed (from 31 candidates)
Updated sys_vals: [1, 2]
---
Round: 241, Unk. prob.: 3.100e-04
Upper probs: 8.938e-01, Lower probs: 1.059e-01
No. of non-dominant rules: 14738, Survival rules: 14652, Failure rules: 86
Batch update: 25 rules added, 0 existing rules removed (0 new rules dominated)
Survival: 25 rules added, 0 removed (from 25 candidates)
Updated sys_vals: [1, 2]
---
Round: 242, Unk. prob.: 2.500e-04
Upper probs: 8.942e-01, Lower probs: 1.055e-01
No. of non-dominant rules: 14763, Survival rules: 14677, Failure rules: 86
Batch update: 31 rules added, 0 existing rules removed (0 new rules dominated)
Survival: 31 rules added, 0 removed (from 31 candidates)
Updated sys_vals: [1, 2]
---
Round: 243, Unk. prob.: 3.100e-04
Upper probs: 8.940e-01, Lower probs: 1.057e-01
No. of non-dominant rules: 14794, Survival rules: 14708, Failure rules: 86
Batch update: 25 rules added, 0 existing rules removed (0 new rules dominated)
Survival: 25 rules added, 0 removed (from 25 candidates)
Batch update: 1 rules added, 0 existing rules removed (0 new rules dominated)
Failure: 1 rules added, 0 removed (from 1 candidates)
Updated sys_vals: [1, 2]
---
Round: 244, Unk. prob.: 2.600e-04
Upper probs: 8.941e-01, Lower probs: 1.056e-01
No. of non-dominant rules: 14820, Survival rules: 14733, Failure rules: 87
Batch update: 30 rules added, 0 existing rules removed (0 new rules dominated)
Survival: 30 rules added, 0 removed (from 30 candidates)
Updated sys_vals: [1, 2]
---
Round: 245, Unk. prob.: 3.000e-04
Upper probs: 8.946e-01, Lower probs: 1.051e-01
No. of non-dominant rules: 14850, Survival rules: 14763, Failure rules: 87
Batch update: 27 rules added, 0 existing rules removed (0 new rules dominated)
Survival: 27 rules added, 0 removed (from 27 candidates)
Updated sys_vals: [1, 2]
---
Round: 246, Unk. prob.: 2.700e-04
Upper probs: 8.935e-01, Lower probs: 1.062e-01
No. of non-dominant rules: 14877, Survival rules: 14790, Failure rules: 87
Batch update: 28 rules added, 0 existing rules removed (0 new rules dominated)
Survival: 28 rules added, 0 removed (from 28 candidates)
Updated sys_vals: [1, 2]
---
Round: 247, Unk. prob.: 2.800e-04
Upper probs: 8.950e-01, Lower probs: 1.047e-01
No. of non-dominant rules: 14905, Survival rules: 14818, Failure rules: 87
Batch update: 28 rules added, 0 existing rules removed (0 new rules dominated)
Survival: 28 rules added, 0 removed (from 28 candidates)
Batch update: 1 rules added, 0 existing rules removed (0 new rules dominated)
Failure: 1 rules added, 0 removed (from 1 candidates)
Updated sys_vals: [1, 2]
---
Round: 248, Unk. prob.: 2.900e-04
Upper probs: 8.925e-01, Lower probs: 1.072e-01
No. of non-dominant rules: 14934, Survival rules: 14846, Failure rules: 88
Batch update: 25 rules added, 0 existing rules removed (0 new rules dominated)
Survival: 25 rules added, 0 removed (from 25 candidates)
Updated sys_vals: [1, 2]
---
Round: 249, Unk. prob.: 2.500e-04
Upper probs: 8.933e-01, Lower probs: 1.064e-01
No. of non-dominant rules: 14959, Survival rules: 14871, Failure rules: 88
Batch update: 27 rules added, 0 existing rules removed (0 new rules dominated)
Survival: 27 rules added, 0 removed (from 27 candidates)
Updated sys_vals: [1, 2]
---
Round: 250, Unk. prob.: 2.700e-04
Upper probs: 8.925e-01, Lower probs: 1.073e-01
No. of non-dominant rules: 14986, Survival rules: 14898, Failure rules: 88
Batch update: 28 rules added, 0 existing rules removed (0 new rules dominated)
Survival: 28 rules added, 0 removed (from 28 candidates)
Updated sys_vals: [1, 2]
---
Round: 251, Unk. prob.: 2.800e-04
Upper probs: 8.938e-01, Lower probs: 1.059e-01
No. of non-dominant rules: 15014, Survival rules: 14926, Failure rules: 88
Batch update: 27 rules added, 0 existing rules removed (0 new rules dominated)
Survival: 27 rules added, 0 removed (from 27 candidates)
Updated sys_vals: [1, 2]
---
Round: 252, Unk. prob.: 2.700e-04
Upper probs: 8.938e-01, Lower probs: 1.059e-01
No. of non-dominant rules: 15041, Survival rules: 14953, Failure rules: 88
Batch update: 26 rules added, 0 existing rules removed (0 new rules dominated)
Survival: 26 rules added, 0 removed (from 26 candidates)
Updated sys_vals: [1, 2]
---
Round: 253, Unk. prob.: 2.600e-04
Upper probs: 8.927e-01, Lower probs: 1.070e-01
No. of non-dominant rules: 15067, Survival rules: 14979, Failure rules: 88
Batch update: 36 rules added, 0 existing rules removed (0 new rules dominated)
Survival: 36 rules added, 0 removed (from 36 candidates)
Updated sys_vals: [1, 2]
---
Round: 254, Unk. prob.: 3.600e-04
Upper probs: 8.924e-01, Lower probs: 1.072e-01
No. of non-dominant rules: 15103, Survival rules: 15015, Failure rules: 88
Batch update: 35 rules added, 0 existing rules removed (0 new rules dominated)
Survival: 35 rules added, 0 removed (from 35 candidates)
Updated sys_vals: [1, 2]
---
Round: 255, Unk. prob.: 3.500e-04
Upper probs: 8.934e-01, Lower probs: 1.062e-01
No. of non-dominant rules: 15138, Survival rules: 15050, Failure rules: 88
Batch update: 26 rules added, 0 existing rules removed (0 new rules dominated)
Survival: 26 rules added, 0 removed (from 26 candidates)
Updated sys_vals: [1, 2]
---
Round: 256, Unk. prob.: 2.600e-04
Upper probs: 8.931e-01, Lower probs: 1.066e-01
No. of non-dominant rules: 15164, Survival rules: 15076, Failure rules: 88
Batch update: 21 rules added, 0 existing rules removed (0 new rules dominated)
Survival: 21 rules added, 0 removed (from 21 candidates)
Batch update: 1 rules added, 0 existing rules removed (0 new rules dominated)
Failure: 1 rules added, 0 removed (from 1 candidates)
Updated sys_vals: [1, 2]
---
Round: 257, Unk. prob.: 2.200e-04
Upper probs: 8.938e-01, Lower probs: 1.060e-01
No. of non-dominant rules: 15186, Survival rules: 15097, Failure rules: 89
Batch update: 37 rules added, 0 existing rules removed (0 new rules dominated)
Survival: 37 rules added, 0 removed (from 37 candidates)
Updated sys_vals: [1, 2]
---
Round: 258, Unk. prob.: 3.700e-04
Upper probs: 8.941e-01, Lower probs: 1.056e-01
No. of non-dominant rules: 15223, Survival rules: 15134, Failure rules: 89
Batch update: 18 rules added, 0 existing rules removed (0 new rules dominated)
Survival: 18 rules added, 0 removed (from 18 candidates)
Updated sys_vals: [1, 2]
---
Round: 259, Unk. prob.: 1.800e-04
Upper probs: 8.947e-01, Lower probs: 1.051e-01
No. of non-dominant rules: 15241, Survival rules: 15152, Failure rules: 89
Batch update: 20 rules added, 0 existing rules removed (0 new rules dominated)
Survival: 20 rules added, 0 removed (from 20 candidates)
Updated sys_vals: [1, 2]
---
Round: 260, Unk. prob.: 2.000e-04
Upper probs: 8.930e-01, Lower probs: 1.068e-01
No. of non-dominant rules: 15261, Survival rules: 15172, Failure rules: 89
Batch update: 27 rules added, 0 existing rules removed (0 new rules dominated)
Survival: 27 rules added, 0 removed (from 27 candidates)
Updated sys_vals: [1, 2]
---
Round: 261, Unk. prob.: 2.700e-04
Upper probs: 8.936e-01, Lower probs: 1.061e-01
No. of non-dominant rules: 15288, Survival rules: 15199, Failure rules: 89
Batch update: 22 rules added, 0 existing rules removed (0 new rules dominated)
Survival: 22 rules added, 0 removed (from 22 candidates)
Updated sys_vals: [1, 2]
---
Round: 262, Unk. prob.: 2.200e-04
Upper probs: 8.951e-01, Lower probs: 1.047e-01
No. of non-dominant rules: 15310, Survival rules: 15221, Failure rules: 89
Batch update: 19 rules added, 0 existing rules removed (0 new rules dominated)
Survival: 19 rules added, 0 removed (from 19 candidates)
Updated sys_vals: [1, 2]
---
Round: 263, Unk. prob.: 1.900e-04
Upper probs: 8.942e-01, Lower probs: 1.056e-01
No. of non-dominant rules: 15329, Survival rules: 15240, Failure rules: 89
Batch update: 28 rules added, 0 existing rules removed (0 new rules dominated)
Survival: 28 rules added, 0 removed (from 28 candidates)
Updated sys_vals: [1, 2]
---
Round: 264, Unk. prob.: 2.800e-04
Upper probs: 8.957e-01, Lower probs: 1.040e-01
No. of non-dominant rules: 15357, Survival rules: 15268, Failure rules: 89
Batch update: 23 rules added, 0 existing rules removed (0 new rules dominated)
Survival: 23 rules added, 0 removed (from 23 candidates)
Updated sys_vals: [1, 2]
---
Round: 265, Unk. prob.: 2.300e-04
Upper probs: 8.933e-01, Lower probs: 1.065e-01
No. of non-dominant rules: 15380, Survival rules: 15291, Failure rules: 89
Batch update: 26 rules added, 0 existing rules removed (0 new rules dominated)
Survival: 26 rules added, 0 removed (from 26 candidates)
Updated sys_vals: [1, 2]
---
Round: 266, Unk. prob.: 2.600e-04
Upper probs: 8.948e-01, Lower probs: 1.050e-01
No. of non-dominant rules: 15406, Survival rules: 15317, Failure rules: 89
Batch update: 23 rules added, 0 existing rules removed (0 new rules dominated)
Survival: 23 rules added, 0 removed (from 23 candidates)
Updated sys_vals: [1, 2]
---
Round: 267, Unk. prob.: 2.300e-04
Upper probs: 8.952e-01, Lower probs: 1.046e-01
No. of non-dominant rules: 15429, Survival rules: 15340, Failure rules: 89
Batch update: 29 rules added, 0 existing rules removed (0 new rules dominated)
Survival: 29 rules added, 0 removed (from 29 candidates)
Batch update: 1 rules added, 0 existing rules removed (0 new rules dominated)
Failure: 1 rules added, 0 removed (from 1 candidates)
Updated sys_vals: [1, 2]
---
Round: 268, Unk. prob.: 3.000e-04
Upper probs: 8.924e-01, Lower probs: 1.073e-01
No. of non-dominant rules: 15459, Survival rules: 15369, Failure rules: 90
Batch update: 26 rules added, 0 existing rules removed (0 new rules dominated)
Survival: 26 rules added, 0 removed (from 26 candidates)
Updated sys_vals: [1, 2]
---
Round: 269, Unk. prob.: 2.600e-04
Upper probs: 8.945e-01, Lower probs: 1.053e-01
No. of non-dominant rules: 15485, Survival rules: 15395, Failure rules: 90
Batch update: 27 rules added, 0 existing rules removed (0 new rules dominated)
Survival: 27 rules added, 0 removed (from 27 candidates)
Updated sys_vals: [1, 2]
---
Round: 270, Unk. prob.: 2.700e-04
Upper probs: 8.954e-01, Lower probs: 1.044e-01
No. of non-dominant rules: 15512, Survival rules: 15422, Failure rules: 90
Batch update: 30 rules added, 0 existing rules removed (0 new rules dominated)
Survival: 30 rules added, 0 removed (from 30 candidates)
Updated sys_vals: [1, 2]
---
Round: 271, Unk. prob.: 3.000e-04
Upper probs: 8.930e-01, Lower probs: 1.067e-01
No. of non-dominant rules: 15542, Survival rules: 15452, Failure rules: 90
Batch update: 22 rules added, 0 existing rules removed (0 new rules dominated)
Survival: 22 rules added, 0 removed (from 22 candidates)
Updated sys_vals: [1, 2]
---
Round: 272, Unk. prob.: 2.200e-04
Upper probs: 8.943e-01, Lower probs: 1.055e-01
No. of non-dominant rules: 15564, Survival rules: 15474, Failure rules: 90
Batch update: 29 rules added, 0 existing rules removed (0 new rules dominated)
Survival: 29 rules added, 0 removed (from 29 candidates)
Updated sys_vals: [1, 2]
---
Round: 273, Unk. prob.: 2.900e-04
Upper probs: 8.940e-01, Lower probs: 1.058e-01
No. of non-dominant rules: 15593, Survival rules: 15503, Failure rules: 90
Batch update: 29 rules added, 0 existing rules removed (0 new rules dominated)
Survival: 29 rules added, 0 removed (from 29 candidates)
Updated sys_vals: [1, 2]
---
Round: 274, Unk. prob.: 2.900e-04
Upper probs: 8.936e-01, Lower probs: 1.061e-01
No. of non-dominant rules: 15622, Survival rules: 15532, Failure rules: 90
Batch update: 26 rules added, 0 existing rules removed (0 new rules dominated)
Survival: 26 rules added, 0 removed (from 26 candidates)
Batch update: 1 rules added, 0 existing rules removed (0 new rules dominated)
Failure: 1 rules added, 0 removed (from 1 candidates)
Updated sys_vals: [1, 2]
---
Round: 275, Unk. prob.: 2.700e-04
Upper probs: 8.933e-01, Lower probs: 1.064e-01
No. of non-dominant rules: 15649, Survival rules: 15558, Failure rules: 91
Batch update: 35 rules added, 0 existing rules removed (0 new rules dominated)
Survival: 35 rules added, 0 removed (from 35 candidates)
Updated sys_vals: [1, 2]
---
Round: 276, Unk. prob.: 3.500e-04
Upper probs: 8.950e-01, Lower probs: 1.046e-01
No. of non-dominant rules: 15684, Survival rules: 15593, Failure rules: 91
Batch update: 22 rules added, 0 existing rules removed (0 new rules dominated)
Survival: 22 rules added, 0 removed (from 22 candidates)
Batch update: 1 rules added, 0 existing rules removed (0 new rules dominated)
Failure: 1 rules added, 0 removed (from 1 candidates)
Updated sys_vals: [1, 2]
---
Round: 277, Unk. prob.: 2.300e-04
Upper probs: 8.937e-01, Lower probs: 1.061e-01
No. of non-dominant rules: 15707, Survival rules: 15615, Failure rules: 92
Batch update: 25 rules added, 0 existing rules removed (0 new rules dominated)
Survival: 25 rules added, 0 removed (from 25 candidates)
Updated sys_vals: [1, 2]
---
Round: 278, Unk. prob.: 2.500e-04
Upper probs: 8.929e-01, Lower probs: 1.068e-01
No. of non-dominant rules: 15732, Survival rules: 15640, Failure rules: 92
Batch update: 28 rules added, 0 existing rules removed (0 new rules dominated)
Survival: 28 rules added, 0 removed (from 28 candidates)
Updated sys_vals: [1, 2]
---
Round: 279, Unk. prob.: 2.800e-04
Upper probs: 8.941e-01, Lower probs: 1.056e-01
No. of non-dominant rules: 15760, Survival rules: 15668, Failure rules: 92
Batch update: 30 rules added, 0 existing rules removed (0 new rules dominated)
Survival: 30 rules added, 0 removed (from 30 candidates)
Updated sys_vals: [1, 2]
---
Round: 280, Unk. prob.: 3.000e-04
Upper probs: 8.937e-01, Lower probs: 1.061e-01
No. of non-dominant rules: 15790, Survival rules: 15698, Failure rules: 92
Batch update: 21 rules added, 0 existing rules removed (0 new rules dominated)
Survival: 21 rules added, 0 removed (from 21 candidates)
Updated sys_vals: [1, 2]
---
Round: 281, Unk. prob.: 2.100e-04
Upper probs: 8.937e-01, Lower probs: 1.061e-01
No. of non-dominant rules: 15811, Survival rules: 15719, Failure rules: 92
Batch update: 18 rules added, 0 existing rules removed (0 new rules dominated)
Survival: 18 rules added, 0 removed (from 18 candidates)
Updated sys_vals: [1, 2]
---
Round: 282, Unk. prob.: 1.800e-04
Upper probs: 8.938e-01, Lower probs: 1.060e-01
No. of non-dominant rules: 15829, Survival rules: 15737, Failure rules: 92
Batch update: 25 rules added, 0 existing rules removed (0 new rules dominated)
Survival: 25 rules added, 0 removed (from 25 candidates)
Updated sys_vals: [1, 2]
---
Round: 283, Unk. prob.: 2.500e-04
Upper probs: 8.941e-01, Lower probs: 1.056e-01
No. of non-dominant rules: 15854, Survival rules: 15762, Failure rules: 92
Batch update: 17 rules added, 0 existing rules removed (0 new rules dominated)
Survival: 17 rules added, 0 removed (from 17 candidates)
Updated sys_vals: [1, 2]
---
Round: 284, Unk. prob.: 1.700e-04
Upper probs: 8.943e-01, Lower probs: 1.055e-01
No. of non-dominant rules: 15871, Survival rules: 15779, Failure rules: 92
Batch update: 20 rules added, 0 existing rules removed (0 new rules dominated)
Survival: 20 rules added, 0 removed (from 20 candidates)
Updated sys_vals: [1, 2]
---
Round: 285, Unk. prob.: 2.000e-04
Upper probs: 8.933e-01, Lower probs: 1.065e-01
No. of non-dominant rules: 15891, Survival rules: 15799, Failure rules: 92
Batch update: 19 rules added, 0 existing rules removed (0 new rules dominated)
Survival: 19 rules added, 0 removed (from 19 candidates)
Updated sys_vals: [1, 2]
---
Round: 286, Unk. prob.: 1.900e-04
Upper probs: 8.935e-01, Lower probs: 1.063e-01
No. of non-dominant rules: 15910, Survival rules: 15818, Failure rules: 92
Batch update: 22 rules added, 0 existing rules removed (0 new rules dominated)
Survival: 22 rules added, 0 removed (from 22 candidates)
Updated sys_vals: [1, 2]
---
Round: 287, Unk. prob.: 2.200e-04
Upper probs: 8.938e-01, Lower probs: 1.060e-01
No. of non-dominant rules: 15932, Survival rules: 15840, Failure rules: 92
Batch update: 21 rules added, 0 existing rules removed (0 new rules dominated)
Survival: 21 rules added, 0 removed (from 21 candidates)
Updated sys_vals: [1, 2]
---
Round: 288, Unk. prob.: 2.100e-04
Upper probs: 8.917e-01, Lower probs: 1.081e-01
No. of non-dominant rules: 15953, Survival rules: 15861, Failure rules: 92
Batch update: 22 rules added, 0 existing rules removed (0 new rules dominated)
Survival: 22 rules added, 0 removed (from 22 candidates)
Updated sys_vals: [1, 2]
---
Round: 289, Unk. prob.: 2.200e-04
Upper probs: 8.945e-01, Lower probs: 1.053e-01
No. of non-dominant rules: 15975, Survival rules: 15883, Failure rules: 92
Batch update: 18 rules added, 0 existing rules removed (0 new rules dominated)
Survival: 18 rules added, 0 removed (from 18 candidates)
Updated sys_vals: [1, 2]
---
Round: 290, Unk. prob.: 1.800e-04
Upper probs: 8.946e-01, Lower probs: 1.052e-01
No. of non-dominant rules: 15993, Survival rules: 15901, Failure rules: 92
Batch update: 23 rules added, 0 existing rules removed (0 new rules dominated)
Survival: 23 rules added, 0 removed (from 23 candidates)
Updated sys_vals: [1, 2]
---
Round: 291, Unk. prob.: 2.300e-04
Upper probs: 8.934e-01, Lower probs: 1.064e-01
No. of non-dominant rules: 16016, Survival rules: 15924, Failure rules: 92
Batch update: 23 rules added, 0 existing rules removed (0 new rules dominated)
Survival: 23 rules added, 0 removed (from 23 candidates)
Updated sys_vals: [1, 2]
---
Round: 292, Unk. prob.: 2.300e-04
Upper probs: 8.938e-01, Lower probs: 1.059e-01
No. of non-dominant rules: 16039, Survival rules: 15947, Failure rules: 92
Batch update: 21 rules added, 0 existing rules removed (0 new rules dominated)
Survival: 21 rules added, 0 removed (from 21 candidates)
Updated sys_vals: [1, 2]
---
Round: 293, Unk. prob.: 2.100e-04
Upper probs: 8.934e-01, Lower probs: 1.064e-01
No. of non-dominant rules: 16060, Survival rules: 15968, Failure rules: 92
Batch update: 28 rules added, 0 existing rules removed (0 new rules dominated)
Survival: 28 rules added, 0 removed (from 28 candidates)
Updated sys_vals: [1, 2]
---
Round: 294, Unk. prob.: 2.800e-04
Upper probs: 8.933e-01, Lower probs: 1.064e-01
No. of non-dominant rules: 16088, Survival rules: 15996, Failure rules: 92
Batch update: 16 rules added, 0 existing rules removed (0 new rules dominated)
Survival: 16 rules added, 0 removed (from 16 candidates)
Updated sys_vals: [1, 2]
---
Round: 295, Unk. prob.: 1.600e-04
Upper probs: 8.950e-01, Lower probs: 1.048e-01
No. of non-dominant rules: 16104, Survival rules: 16012, Failure rules: 92
Batch update: 18 rules added, 0 existing rules removed (0 new rules dominated)
Survival: 18 rules added, 0 removed (from 18 candidates)
Updated sys_vals: [1, 2]
---
Round: 296, Unk. prob.: 1.800e-04
Upper probs: 8.925e-01, Lower probs: 1.073e-01
No. of non-dominant rules: 16122, Survival rules: 16030, Failure rules: 92
Batch update: 22 rules added, 0 existing rules removed (0 new rules dominated)
Survival: 22 rules added, 0 removed (from 22 candidates)
Updated sys_vals: [1, 2]
---
Round: 297, Unk. prob.: 2.200e-04
Upper probs: 8.936e-01, Lower probs: 1.061e-01
No. of non-dominant rules: 16144, Survival rules: 16052, Failure rules: 92
Batch update: 25 rules added, 0 existing rules removed (0 new rules dominated)
Survival: 25 rules added, 0 removed (from 25 candidates)
Updated sys_vals: [1, 2]
---
Round: 298, Unk. prob.: 2.500e-04
Upper probs: 8.931e-01, Lower probs: 1.067e-01
No. of non-dominant rules: 16169, Survival rules: 16077, Failure rules: 92
Batch update: 26 rules added, 0 existing rules removed (0 new rules dominated)
Survival: 26 rules added, 0 removed (from 26 candidates)
Updated sys_vals: [1, 2]
---
Round: 299, Unk. prob.: 2.600e-04
Upper probs: 8.945e-01, Lower probs: 1.053e-01
No. of non-dominant rules: 16195, Survival rules: 16103, Failure rules: 92
Batch update: 23 rules added, 0 existing rules removed (0 new rules dominated)
Survival: 23 rules added, 0 removed (from 23 candidates)
Updated sys_vals: [1, 2]
---
Round: 300, Unk. prob.: 2.300e-04
Upper probs: 8.949e-01, Lower probs: 1.049e-01
No. of non-dominant rules: 16218, Survival rules: 16126, Failure rules: 92
Batch update: 26 rules added, 0 existing rules removed (0 new rules dominated)
Survival: 26 rules added, 0 removed (from 26 candidates)
Updated sys_vals: [1, 2]
---
Round: 301, Unk. prob.: 2.600e-04
Upper probs: 8.943e-01, Lower probs: 1.054e-01
No. of non-dominant rules: 16244, Survival rules: 16152, Failure rules: 92
Batch update: 22 rules added, 0 existing rules removed (0 new rules dominated)
Survival: 22 rules added, 0 removed (from 22 candidates)
Updated sys_vals: [1, 2]
---
Round: 302, Unk. prob.: 2.200e-04
Upper probs: 8.948e-01, Lower probs: 1.050e-01
No. of non-dominant rules: 16266, Survival rules: 16174, Failure rules: 92
Batch update: 14 rules added, 0 existing rules removed (0 new rules dominated)
Survival: 14 rules added, 0 removed (from 14 candidates)
Updated sys_vals: [1, 2]
---
Round: 303, Unk. prob.: 1.400e-04
Upper probs: 8.932e-01, Lower probs: 1.066e-01
No. of non-dominant rules: 16280, Survival rules: 16188, Failure rules: 92
Batch update: 21 rules added, 0 existing rules removed (0 new rules dominated)
Survival: 21 rules added, 0 removed (from 21 candidates)
Updated sys_vals: [1, 2]
---
Round: 304, Unk. prob.: 2.100e-04
Upper probs: 8.931e-01, Lower probs: 1.067e-01
No. of non-dominant rules: 16301, Survival rules: 16209, Failure rules: 92
Batch update: 15 rules added, 0 existing rules removed (0 new rules dominated)
Survival: 15 rules added, 0 removed (from 15 candidates)
Batch update: 1 rules added, 0 existing rules removed (0 new rules dominated)
Failure: 1 rules added, 0 removed (from 1 candidates)
Updated sys_vals: [1, 2]
---
Round: 305, Unk. prob.: 1.600e-04
Upper probs: 8.944e-01, Lower probs: 1.054e-01
No. of non-dominant rules: 16317, Survival rules: 16224, Failure rules: 93
Batch update: 22 rules added, 0 existing rules removed (0 new rules dominated)
Survival: 22 rules added, 0 removed (from 22 candidates)
Updated sys_vals: [1, 2]
---
Round: 306, Unk. prob.: 2.200e-04
Upper probs: 8.971e-01, Lower probs: 1.027e-01
No. of non-dominant rules: 16339, Survival rules: 16246, Failure rules: 93
Batch update: 21 rules added, 0 existing rules removed (0 new rules dominated)
Survival: 21 rules added, 0 removed (from 21 candidates)
Updated sys_vals: [1, 2]
---
Round: 307, Unk. prob.: 2.100e-04
Upper probs: 8.951e-01, Lower probs: 1.047e-01
No. of non-dominant rules: 16360, Survival rules: 16267, Failure rules: 93
Batch update: 22 rules added, 0 existing rules removed (0 new rules dominated)
Survival: 22 rules added, 0 removed (from 22 candidates)
Updated sys_vals: [1, 2]
---
Round: 308, Unk. prob.: 2.200e-04
Upper probs: 8.928e-01, Lower probs: 1.070e-01
No. of non-dominant rules: 16382, Survival rules: 16289, Failure rules: 93
Batch update: 27 rules added, 0 existing rules removed (0 new rules dominated)
Survival: 27 rules added, 0 removed (from 27 candidates)
Updated sys_vals: [1, 2]
---
Round: 309, Unk. prob.: 2.700e-04
Upper probs: 8.932e-01, Lower probs: 1.065e-01
No. of non-dominant rules: 16409, Survival rules: 16316, Failure rules: 93
Batch update: 22 rules added, 0 existing rules removed (0 new rules dominated)
Survival: 22 rules added, 0 removed (from 22 candidates)
Updated sys_vals: [1, 2]
---
Round: 310, Unk. prob.: 2.200e-04
Upper probs: 8.956e-01, Lower probs: 1.042e-01
No. of non-dominant rules: 16431, Survival rules: 16338, Failure rules: 93
Batch update: 17 rules added, 0 existing rules removed (0 new rules dominated)
Survival: 17 rules added, 0 removed (from 17 candidates)
Updated sys_vals: [1, 2]
---
Round: 311, Unk. prob.: 1.700e-04
Upper probs: 8.951e-01, Lower probs: 1.047e-01
No. of non-dominant rules: 16448, Survival rules: 16355, Failure rules: 93
Batch update: 16 rules added, 0 existing rules removed (0 new rules dominated)
Survival: 16 rules added, 0 removed (from 16 candidates)
Updated sys_vals: [1, 2]
---
Round: 312, Unk. prob.: 1.600e-04
Upper probs: 8.950e-01, Lower probs: 1.048e-01
No. of non-dominant rules: 16464, Survival rules: 16371, Failure rules: 93
Batch update: 25 rules added, 0 existing rules removed (0 new rules dominated)
Survival: 25 rules added, 0 removed (from 25 candidates)
Updated sys_vals: [1, 2]
---
Round: 313, Unk. prob.: 2.500e-04
Upper probs: 8.939e-01, Lower probs: 1.058e-01
No. of non-dominant rules: 16489, Survival rules: 16396, Failure rules: 93
Batch update: 20 rules added, 0 existing rules removed (0 new rules dominated)
Survival: 20 rules added, 0 removed (from 20 candidates)
Updated sys_vals: [1, 2]
---
Round: 314, Unk. prob.: 2.000e-04
Upper probs: 8.932e-01, Lower probs: 1.066e-01
No. of non-dominant rules: 16509, Survival rules: 16416, Failure rules: 93
Batch update: 23 rules added, 0 existing rules removed (0 new rules dominated)
Survival: 23 rules added, 0 removed (from 23 candidates)
Updated sys_vals: [1, 2]
---
Round: 315, Unk. prob.: 2.300e-04
Upper probs: 8.936e-01, Lower probs: 1.061e-01
No. of non-dominant rules: 16532, Survival rules: 16439, Failure rules: 93
Batch update: 20 rules added, 0 existing rules removed (0 new rules dominated)
Survival: 20 rules added, 0 removed (from 20 candidates)
Batch update: 1 rules added, 0 existing rules removed (0 new rules dominated)
Failure: 1 rules added, 0 removed (from 1 candidates)
Updated sys_vals: [1, 2]
---
Round: 316, Unk. prob.: 2.100e-04
Upper probs: 8.935e-01, Lower probs: 1.063e-01
No. of non-dominant rules: 16553, Survival rules: 16459, Failure rules: 94
Batch update: 31 rules added, 0 existing rules removed (0 new rules dominated)
Survival: 31 rules added, 0 removed (from 31 candidates)
Updated sys_vals: [1, 2]
---
Round: 317, Unk. prob.: 3.100e-04
Upper probs: 8.939e-01, Lower probs: 1.058e-01
No. of non-dominant rules: 16584, Survival rules: 16490, Failure rules: 94
Batch update: 28 rules added, 0 existing rules removed (0 new rules dominated)
Survival: 28 rules added, 0 removed (from 28 candidates)
Updated sys_vals: [1, 2]
---
Round: 318, Unk. prob.: 2.800e-04
Upper probs: 8.951e-01, Lower probs: 1.046e-01
No. of non-dominant rules: 16612, Survival rules: 16518, Failure rules: 94
Batch update: 24 rules added, 0 existing rules removed (0 new rules dominated)
Survival: 24 rules added, 0 removed (from 24 candidates)
Batch update: 2 rules added, 0 existing rules removed (0 new rules dominated)
Failure: 2 rules added, 0 removed (from 2 candidates)
Updated sys_vals: [1, 2]
---
Round: 319, Unk. prob.: 2.600e-04
Upper probs: 8.924e-01, Lower probs: 1.073e-01
No. of non-dominant rules: 16638, Survival rules: 16542, Failure rules: 96
Batch update: 22 rules added, 0 existing rules removed (0 new rules dominated)
Survival: 22 rules added, 0 removed (from 22 candidates)
Updated sys_vals: [1, 2]
---
Round: 320, Unk. prob.: 2.200e-04
Upper probs: 8.943e-01, Lower probs: 1.055e-01
No. of non-dominant rules: 16660, Survival rules: 16564, Failure rules: 96
Batch update: 17 rules added, 0 existing rules removed (0 new rules dominated)
Survival: 17 rules added, 0 removed (from 17 candidates)
Batch update: 1 rules added, 0 existing rules removed (0 new rules dominated)
Failure: 1 rules added, 0 removed (from 1 candidates)
Updated sys_vals: [1, 2]
---
Round: 321, Unk. prob.: 1.800e-04
Upper probs: 8.968e-01, Lower probs: 1.030e-01
No. of non-dominant rules: 16678, Survival rules: 16581, Failure rules: 97
Batch update: 19 rules added, 0 existing rules removed (0 new rules dominated)
Survival: 19 rules added, 0 removed (from 19 candidates)
Updated sys_vals: [1, 2]
---
Round: 322, Unk. prob.: 1.900e-04
Upper probs: 8.941e-01, Lower probs: 1.057e-01
No. of non-dominant rules: 16697, Survival rules: 16600, Failure rules: 97
Batch update: 17 rules added, 0 existing rules removed (0 new rules dominated)
Survival: 17 rules added, 0 removed (from 17 candidates)
Updated sys_vals: [1, 2]
---
Round: 323, Unk. prob.: 1.700e-04
Upper probs: 8.964e-01, Lower probs: 1.034e-01
No. of non-dominant rules: 16714, Survival rules: 16617, Failure rules: 97
Batch update: 17 rules added, 0 existing rules removed (0 new rules dominated)
Survival: 17 rules added, 0 removed (from 17 candidates)
Updated sys_vals: [1, 2]
---
Round: 324, Unk. prob.: 1.700e-04
Upper probs: 8.947e-01, Lower probs: 1.051e-01
No. of non-dominant rules: 16731, Survival rules: 16634, Failure rules: 97
Batch update: 18 rules added, 0 existing rules removed (0 new rules dominated)
Survival: 18 rules added, 0 removed (from 18 candidates)
Updated sys_vals: [1, 2]
---
Round: 325, Unk. prob.: 1.800e-04
Upper probs: 8.938e-01, Lower probs: 1.060e-01
No. of non-dominant rules: 16749, Survival rules: 16652, Failure rules: 97
Batch update: 19 rules added, 0 existing rules removed (0 new rules dominated)
Survival: 19 rules added, 0 removed (from 19 candidates)
Updated sys_vals: [1, 2]
---
Round: 326, Unk. prob.: 1.900e-04
Upper probs: 8.942e-01, Lower probs: 1.057e-01
No. of non-dominant rules: 16768, Survival rules: 16671, Failure rules: 97
Batch update: 19 rules added, 0 existing rules removed (0 new rules dominated)
Survival: 19 rules added, 0 removed (from 19 candidates)
Updated sys_vals: [1, 2]
---
Round: 327, Unk. prob.: 1.900e-04
Upper probs: 8.935e-01, Lower probs: 1.063e-01
No. of non-dominant rules: 16787, Survival rules: 16690, Failure rules: 97
Batch update: 26 rules added, 0 existing rules removed (0 new rules dominated)
Survival: 26 rules added, 0 removed (from 26 candidates)
Updated sys_vals: [1, 2]
---
Round: 328, Unk. prob.: 2.600e-04
Upper probs: 8.953e-01, Lower probs: 1.044e-01
No. of non-dominant rules: 16813, Survival rules: 16716, Failure rules: 97
Batch update: 27 rules added, 0 existing rules removed (0 new rules dominated)
Survival: 27 rules added, 0 removed (from 27 candidates)
Updated sys_vals: [1, 2]
---
Round: 329, Unk. prob.: 2.700e-04
Upper probs: 8.941e-01, Lower probs: 1.056e-01
No. of non-dominant rules: 16840, Survival rules: 16743, Failure rules: 97
Batch update: 23 rules added, 0 existing rules removed (0 new rules dominated)
Survival: 23 rules added, 0 removed (from 23 candidates)
Updated sys_vals: [1, 2]
---
Round: 330, Unk. prob.: 2.300e-04
Upper probs: 8.948e-01, Lower probs: 1.050e-01
No. of non-dominant rules: 16863, Survival rules: 16766, Failure rules: 97
Batch update: 20 rules added, 0 existing rules removed (0 new rules dominated)
Survival: 20 rules added, 0 removed (from 20 candidates)
Updated sys_vals: [1, 2]
---
Round: 331, Unk. prob.: 2.000e-04
Upper probs: 8.929e-01, Lower probs: 1.069e-01
No. of non-dominant rules: 16883, Survival rules: 16786, Failure rules: 97
Batch update: 21 rules added, 0 existing rules removed (0 new rules dominated)
Survival: 21 rules added, 0 removed (from 21 candidates)
Updated sys_vals: [1, 2]
---
Round: 332, Unk. prob.: 2.100e-04
Upper probs: 8.942e-01, Lower probs: 1.055e-01
No. of non-dominant rules: 16904, Survival rules: 16807, Failure rules: 97
Batch update: 19 rules added, 0 existing rules removed (0 new rules dominated)
Survival: 19 rules added, 0 removed (from 19 candidates)
Updated sys_vals: [1, 2]
---
Round: 333, Unk. prob.: 1.900e-04
Upper probs: 8.943e-01, Lower probs: 1.055e-01
No. of non-dominant rules: 16923, Survival rules: 16826, Failure rules: 97
Batch update: 25 rules added, 0 existing rules removed (0 new rules dominated)
Survival: 25 rules added, 0 removed (from 25 candidates)
Updated sys_vals: [1, 2]
---
Round: 334, Unk. prob.: 2.500e-04
Upper probs: 8.947e-01, Lower probs: 1.050e-01
No. of non-dominant rules: 16948, Survival rules: 16851, Failure rules: 97
Batch update: 12 rules added, 0 existing rules removed (0 new rules dominated)
Survival: 12 rules added, 0 removed (from 12 candidates)
Updated sys_vals: [1, 2]
---
Round: 335, Unk. prob.: 1.200e-04
Upper probs: 8.954e-01, Lower probs: 1.045e-01
No. of non-dominant rules: 16960, Survival rules: 16863, Failure rules: 97
Batch update: 14 rules added, 0 existing rules removed (0 new rules dominated)
Survival: 14 rules added, 0 removed (from 14 candidates)
Updated sys_vals: [1, 2]
---
Round: 336, Unk. prob.: 1.400e-04
Upper probs: 8.940e-01, Lower probs: 1.058e-01
No. of non-dominant rules: 16974, Survival rules: 16877, Failure rules: 97
Batch update: 20 rules added, 0 existing rules removed (0 new rules dominated)
Survival: 20 rules added, 0 removed (from 20 candidates)
Updated sys_vals: [1, 2]
---
Round: 337, Unk. prob.: 2.000e-04
Upper probs: 8.955e-01, Lower probs: 1.043e-01
No. of non-dominant rules: 16994, Survival rules: 16897, Failure rules: 97
Batch update: 16 rules added, 0 existing rules removed (0 new rules dominated)
Survival: 16 rules added, 0 removed (from 16 candidates)
Updated sys_vals: [1, 2]
---
Round: 338, Unk. prob.: 1.600e-04
Upper probs: 8.935e-01, Lower probs: 1.064e-01
No. of non-dominant rules: 17010, Survival rules: 16913, Failure rules: 97
Batch update: 15 rules added, 0 existing rules removed (0 new rules dominated)
Survival: 15 rules added, 0 removed (from 15 candidates)
Updated sys_vals: [1, 2]
---
Round: 339, Unk. prob.: 1.500e-04
Upper probs: 8.951e-01, Lower probs: 1.047e-01
No. of non-dominant rules: 17025, Survival rules: 16928, Failure rules: 97
Batch update: 20 rules added, 0 existing rules removed (0 new rules dominated)
Survival: 20 rules added, 0 removed (from 20 candidates)
Batch update: 1 rules added, 0 existing rules removed (0 new rules dominated)
Failure: 1 rules added, 0 removed (from 1 candidates)
Updated sys_vals: [1, 2]
---
Round: 340, Unk. prob.: 2.100e-04
Upper probs: 8.945e-01, Lower probs: 1.053e-01
No. of non-dominant rules: 17046, Survival rules: 16948, Failure rules: 98
Batch update: 25 rules added, 0 existing rules removed (0 new rules dominated)
Survival: 25 rules added, 0 removed (from 25 candidates)
Updated sys_vals: [1, 2]
---
Round: 341, Unk. prob.: 2.500e-04
Upper probs: 8.915e-01, Lower probs: 1.083e-01
No. of non-dominant rules: 17071, Survival rules: 16973, Failure rules: 98
Batch update: 28 rules added, 0 existing rules removed (0 new rules dominated)
Survival: 28 rules added, 0 removed (from 28 candidates)
Updated sys_vals: [1, 2]
---
Round: 342, Unk. prob.: 2.800e-04
Upper probs: 8.941e-01, Lower probs: 1.057e-01
No. of non-dominant rules: 17099, Survival rules: 17001, Failure rules: 98
Batch update: 21 rules added, 0 existing rules removed (0 new rules dominated)
Survival: 21 rules added, 0 removed (from 21 candidates)
Updated sys_vals: [1, 2]
---
Round: 343, Unk. prob.: 2.100e-04
Upper probs: 8.927e-01, Lower probs: 1.071e-01
No. of non-dominant rules: 17120, Survival rules: 17022, Failure rules: 98
Batch update: 17 rules added, 0 existing rules removed (0 new rules dominated)
Survival: 17 rules added, 0 removed (from 17 candidates)
Updated sys_vals: [1, 2]
---
Round: 344, Unk. prob.: 1.700e-04
Upper probs: 8.939e-01, Lower probs: 1.059e-01
No. of non-dominant rules: 17137, Survival rules: 17039, Failure rules: 98
Batch update: 18 rules added, 0 existing rules removed (0 new rules dominated)
Survival: 18 rules added, 0 removed (from 18 candidates)
Updated sys_vals: [1, 2]
---
Round: 345, Unk. prob.: 1.800e-04
Upper probs: 8.939e-01, Lower probs: 1.060e-01
No. of non-dominant rules: 17155, Survival rules: 17057, Failure rules: 98
Batch update: 15 rules added, 0 existing rules removed (0 new rules dominated)
Survival: 15 rules added, 0 removed (from 15 candidates)
Batch update: 1 rules added, 0 existing rules removed (0 new rules dominated)
Failure: 1 rules added, 0 removed (from 1 candidates)
Updated sys_vals: [1, 2]
---
Round: 346, Unk. prob.: 1.600e-04
Upper probs: 8.925e-01, Lower probs: 1.074e-01
No. of non-dominant rules: 17171, Survival rules: 17072, Failure rules: 99
Batch update: 19 rules added, 0 existing rules removed (0 new rules dominated)
Survival: 19 rules added, 0 removed (from 19 candidates)
Updated sys_vals: [1, 2]
---
Round: 347, Unk. prob.: 1.900e-04
Upper probs: 8.938e-01, Lower probs: 1.060e-01
No. of non-dominant rules: 17190, Survival rules: 17091, Failure rules: 99
Batch update: 17 rules added, 0 existing rules removed (0 new rules dominated)
Survival: 17 rules added, 0 removed (from 17 candidates)
Updated sys_vals: [1, 2]
---
Round: 348, Unk. prob.: 1.700e-04
Upper probs: 8.945e-01, Lower probs: 1.053e-01
No. of non-dominant rules: 17207, Survival rules: 17108, Failure rules: 99
Batch update: 22 rules added, 0 existing rules removed (0 new rules dominated)
Survival: 22 rules added, 0 removed (from 22 candidates)
Updated sys_vals: [1, 2]
---
Round: 349, Unk. prob.: 2.200e-04
Upper probs: 8.935e-01, Lower probs: 1.063e-01
No. of non-dominant rules: 17229, Survival rules: 17130, Failure rules: 99
Batch update: 15 rules added, 0 existing rules removed (0 new rules dominated)
Survival: 15 rules added, 0 removed (from 15 candidates)
Batch update: 1 rules added, 0 existing rules removed (0 new rules dominated)
Failure: 1 rules added, 0 removed (from 1 candidates)
Updated sys_vals: [1, 2]
---
Round: 350, Unk. prob.: 1.600e-04
Upper probs: 8.920e-01, Lower probs: 1.078e-01
No. of non-dominant rules: 17245, Survival rules: 17145, Failure rules: 100
Batch update: 18 rules added, 0 existing rules removed (0 new rules dominated)
Survival: 18 rules added, 0 removed (from 18 candidates)
Updated sys_vals: [1, 2]
---
Round: 351, Unk. prob.: 1.800e-04
Upper probs: 8.938e-01, Lower probs: 1.060e-01
No. of non-dominant rules: 17263, Survival rules: 17163, Failure rules: 100
Batch update: 17 rules added, 0 existing rules removed (0 new rules dominated)
Survival: 17 rules added, 0 removed (from 17 candidates)
Updated sys_vals: [1, 2]
---
Round: 352, Unk. prob.: 1.700e-04
Upper probs: 8.932e-01, Lower probs: 1.066e-01
No. of non-dominant rules: 17280, Survival rules: 17180, Failure rules: 100
Batch update: 21 rules added, 0 existing rules removed (0 new rules dominated)
Survival: 21 rules added, 0 removed (from 21 candidates)
Updated sys_vals: [1, 2]
---
Round: 353, Unk. prob.: 2.100e-04
Upper probs: 8.943e-01, Lower probs: 1.055e-01
No. of non-dominant rules: 17301, Survival rules: 17201, Failure rules: 100
Batch update: 25 rules added, 0 existing rules removed (0 new rules dominated)
Survival: 25 rules added, 0 removed (from 25 candidates)
Updated sys_vals: [1, 2]
---
Round: 354, Unk. prob.: 2.500e-04
Upper probs: 8.937e-01, Lower probs: 1.061e-01
No. of non-dominant rules: 17326, Survival rules: 17226, Failure rules: 100
Batch update: 26 rules added, 0 existing rules removed (0 new rules dominated)
Survival: 26 rules added, 0 removed (from 26 candidates)
Updated sys_vals: [1, 2]
---
Round: 355, Unk. prob.: 2.600e-04
Upper probs: 8.937e-01, Lower probs: 1.061e-01
No. of non-dominant rules: 17352, Survival rules: 17252, Failure rules: 100
Batch update: 24 rules added, 0 existing rules removed (0 new rules dominated)
Survival: 24 rules added, 0 removed (from 24 candidates)
Batch update: 1 rules added, 0 existing rules removed (0 new rules dominated)
Failure: 1 rules added, 0 removed (from 1 candidates)
Updated sys_vals: [1, 2]
---
Round: 356, Unk. prob.: 2.500e-04
Upper probs: 8.907e-01, Lower probs: 1.090e-01
No. of non-dominant rules: 17377, Survival rules: 17276, Failure rules: 101
Batch update: 26 rules added, 0 existing rules removed (0 new rules dominated)
Survival: 26 rules added, 0 removed (from 26 candidates)
Updated sys_vals: [1, 2]
---
Round: 357, Unk. prob.: 2.600e-04
Upper probs: 8.952e-01, Lower probs: 1.046e-01
No. of non-dominant rules: 17403, Survival rules: 17302, Failure rules: 101
Batch update: 21 rules added, 0 existing rules removed (0 new rules dominated)
Survival: 21 rules added, 0 removed (from 21 candidates)
Updated sys_vals: [1, 2]
---
Round: 358, Unk. prob.: 2.100e-04
Upper probs: 8.952e-01, Lower probs: 1.046e-01
No. of non-dominant rules: 17424, Survival rules: 17323, Failure rules: 101
Batch update: 20 rules added, 0 existing rules removed (0 new rules dominated)
Survival: 20 rules added, 0 removed (from 20 candidates)
Updated sys_vals: [1, 2]
---
Round: 359, Unk. prob.: 2.000e-04
Upper probs: 8.945e-01, Lower probs: 1.053e-01
No. of non-dominant rules: 17444, Survival rules: 17343, Failure rules: 101
Batch update: 16 rules added, 0 existing rules removed (0 new rules dominated)
Survival: 16 rules added, 0 removed (from 16 candidates)
Batch update: 1 rules added, 0 existing rules removed (0 new rules dominated)
Failure: 1 rules added, 0 removed (from 1 candidates)
Updated sys_vals: [1, 2]
---
Round: 360, Unk. prob.: 1.700e-04
Upper probs: 8.930e-01, Lower probs: 1.068e-01
No. of non-dominant rules: 17461, Survival rules: 17359, Failure rules: 102
Batch update: 20 rules added, 0 existing rules removed (0 new rules dominated)
Survival: 20 rules added, 0 removed (from 20 candidates)
Updated sys_vals: [1, 2]
---
Round: 361, Unk. prob.: 2.000e-04
Upper probs: 8.937e-01, Lower probs: 1.061e-01
No. of non-dominant rules: 17481, Survival rules: 17379, Failure rules: 102
Batch update: 26 rules added, 0 existing rules removed (0 new rules dominated)
Survival: 26 rules added, 0 removed (from 26 candidates)
Updated sys_vals: [1, 2]
---
Round: 362, Unk. prob.: 2.600e-04
Upper probs: 8.937e-01, Lower probs: 1.060e-01
No. of non-dominant rules: 17507, Survival rules: 17405, Failure rules: 102
Batch update: 28 rules added, 0 existing rules removed (0 new rules dominated)
Survival: 28 rules added, 0 removed (from 28 candidates)
Batch update: 2 rules added, 0 existing rules removed (0 new rules dominated)
Failure: 2 rules added, 0 removed (from 2 candidates)
Updated sys_vals: [1, 2]
---
Round: 363, Unk. prob.: 3.000e-04
Upper probs: 8.957e-01, Lower probs: 1.040e-01
No. of non-dominant rules: 17537, Survival rules: 17433, Failure rules: 104
Batch update: 20 rules added, 0 existing rules removed (0 new rules dominated)
Survival: 20 rules added, 0 removed (from 20 candidates)
Batch update: 1 rules added, 0 existing rules removed (0 new rules dominated)
Failure: 1 rules added, 0 removed (from 1 candidates)
Updated sys_vals: [1, 2]
---
Round: 364, Unk. prob.: 2.100e-04
Upper probs: 8.951e-01, Lower probs: 1.047e-01
No. of non-dominant rules: 17558, Survival rules: 17453, Failure rules: 105
Batch update: 19 rules added, 0 existing rules removed (0 new rules dominated)
Survival: 19 rules added, 0 removed (from 19 candidates)
Updated sys_vals: [1, 2]
---
Round: 365, Unk. prob.: 1.900e-04
Upper probs: 8.954e-01, Lower probs: 1.044e-01
No. of non-dominant rules: 17577, Survival rules: 17472, Failure rules: 105
Batch update: 19 rules added, 0 existing rules removed (0 new rules dominated)
Survival: 19 rules added, 0 removed (from 19 candidates)
Updated sys_vals: [1, 2]
---
Round: 366, Unk. prob.: 1.900e-04
Upper probs: 8.930e-01, Lower probs: 1.068e-01
No. of non-dominant rules: 17596, Survival rules: 17491, Failure rules: 105
Batch update: 21 rules added, 0 existing rules removed (0 new rules dominated)
Survival: 21 rules added, 0 removed (from 21 candidates)
Updated sys_vals: [1, 2]
---
Round: 367, Unk. prob.: 2.100e-04
Upper probs: 8.927e-01, Lower probs: 1.071e-01
No. of non-dominant rules: 17617, Survival rules: 17512, Failure rules: 105
Batch update: 23 rules added, 0 existing rules removed (0 new rules dominated)
Survival: 23 rules added, 0 removed (from 23 candidates)
Updated sys_vals: [1, 2]
---
Round: 368, Unk. prob.: 2.300e-04
Upper probs: 8.949e-01, Lower probs: 1.049e-01
No. of non-dominant rules: 17640, Survival rules: 17535, Failure rules: 105
Batch update: 26 rules added, 0 existing rules removed (0 new rules dominated)
Survival: 26 rules added, 0 removed (from 26 candidates)
Updated sys_vals: [1, 2]
---
Round: 369, Unk. prob.: 2.600e-04
Upper probs: 8.937e-01, Lower probs: 1.060e-01
No. of non-dominant rules: 17666, Survival rules: 17561, Failure rules: 105
Batch update: 18 rules added, 0 existing rules removed (0 new rules dominated)
Survival: 18 rules added, 0 removed (from 18 candidates)
Updated sys_vals: [1, 2]
---
Round: 370, Unk. prob.: 1.800e-04
Upper probs: 8.936e-01, Lower probs: 1.062e-01
No. of non-dominant rules: 17684, Survival rules: 17579, Failure rules: 105
Batch update: 14 rules added, 0 existing rules removed (0 new rules dominated)
Survival: 14 rules added, 0 removed (from 14 candidates)
Updated sys_vals: [1, 2]
---
Round: 371, Unk. prob.: 1.400e-04
Upper probs: 8.937e-01, Lower probs: 1.062e-01
No. of non-dominant rules: 17698, Survival rules: 17593, Failure rules: 105
Batch update: 15 rules added, 0 existing rules removed (0 new rules dominated)
Survival: 15 rules added, 0 removed (from 15 candidates)
Updated sys_vals: [1, 2]
---
Round: 372, Unk. prob.: 1.500e-04
Upper probs: 8.922e-01, Lower probs: 1.077e-01
No. of non-dominant rules: 17713, Survival rules: 17608, Failure rules: 105
Batch update: 21 rules added, 0 existing rules removed (0 new rules dominated)
Survival: 21 rules added, 0 removed (from 21 candidates)
Updated sys_vals: [1, 2]
---
Round: 373, Unk. prob.: 2.100e-04
Upper probs: 8.942e-01, Lower probs: 1.056e-01
No. of non-dominant rules: 17734, Survival rules: 17629, Failure rules: 105
Batch update: 24 rules added, 0 existing rules removed (0 new rules dominated)
Survival: 24 rules added, 0 removed (from 24 candidates)
Updated sys_vals: [1, 2]
---
Round: 374, Unk. prob.: 2.400e-04
Upper probs: 8.951e-01, Lower probs: 1.047e-01
No. of non-dominant rules: 17758, Survival rules: 17653, Failure rules: 105
Batch update: 17 rules added, 0 existing rules removed (0 new rules dominated)
Survival: 17 rules added, 0 removed (from 17 candidates)
Updated sys_vals: [1, 2]
---
Round: 375, Unk. prob.: 1.700e-04
Upper probs: 8.934e-01, Lower probs: 1.065e-01
No. of non-dominant rules: 17775, Survival rules: 17670, Failure rules: 105
Batch update: 21 rules added, 0 existing rules removed (0 new rules dominated)
Survival: 21 rules added, 0 removed (from 21 candidates)
Updated sys_vals: [1, 2]
---
Round: 376, Unk. prob.: 2.100e-04
Upper probs: 8.935e-01, Lower probs: 1.062e-01
No. of non-dominant rules: 17796, Survival rules: 17691, Failure rules: 105
Batch update: 18 rules added, 0 existing rules removed (0 new rules dominated)
Survival: 18 rules added, 0 removed (from 18 candidates)
Updated sys_vals: [1, 2]
---
Round: 377, Unk. prob.: 1.800e-04
Upper probs: 8.938e-01, Lower probs: 1.060e-01
No. of non-dominant rules: 17814, Survival rules: 17709, Failure rules: 105
Batch update: 14 rules added, 0 existing rules removed (0 new rules dominated)
Survival: 14 rules added, 0 removed (from 14 candidates)
Updated sys_vals: [1, 2]
---
Round: 378, Unk. prob.: 1.400e-04
Upper probs: 8.934e-01, Lower probs: 1.064e-01
No. of non-dominant rules: 17828, Survival rules: 17723, Failure rules: 105
Batch update: 16 rules added, 0 existing rules removed (0 new rules dominated)
Survival: 16 rules added, 0 removed (from 16 candidates)
Updated sys_vals: [1, 2]
---
Round: 379, Unk. prob.: 1.600e-04
Upper probs: 8.940e-01, Lower probs: 1.059e-01
No. of non-dominant rules: 17844, Survival rules: 17739, Failure rules: 105
Batch update: 18 rules added, 0 existing rules removed (0 new rules dominated)
Survival: 18 rules added, 0 removed (from 18 candidates)
Updated sys_vals: [1, 2]
---
Round: 380, Unk. prob.: 1.800e-04
Upper probs: 8.939e-01, Lower probs: 1.059e-01
No. of non-dominant rules: 17862, Survival rules: 17757, Failure rules: 105
Batch update: 26 rules added, 0 existing rules removed (0 new rules dominated)
Survival: 26 rules added, 0 removed (from 26 candidates)
Updated sys_vals: [1, 2]
---
Round: 381, Unk. prob.: 2.600e-04
Upper probs: 8.938e-01, Lower probs: 1.059e-01
No. of non-dominant rules: 17888, Survival rules: 17783, Failure rules: 105
Batch update: 20 rules added, 0 existing rules removed (0 new rules dominated)
Survival: 20 rules added, 0 removed (from 20 candidates)
Updated sys_vals: [1, 2]
---
Round: 382, Unk. prob.: 2.000e-04
Upper probs: 8.941e-01, Lower probs: 1.057e-01
No. of non-dominant rules: 17908, Survival rules: 17803, Failure rules: 105
Batch update: 15 rules added, 0 existing rules removed (0 new rules dominated)
Survival: 15 rules added, 0 removed (from 15 candidates)
Updated sys_vals: [1, 2]
---
Round: 383, Unk. prob.: 1.500e-04
Upper probs: 8.970e-01, Lower probs: 1.029e-01
No. of non-dominant rules: 17923, Survival rules: 17818, Failure rules: 105
Batch update: 18 rules added, 0 existing rules removed (0 new rules dominated)
Survival: 18 rules added, 0 removed (from 18 candidates)
Batch update: 1 rules added, 0 existing rules removed (0 new rules dominated)
Failure: 1 rules added, 0 removed (from 1 candidates)
Updated sys_vals: [1, 2]
---
Round: 384, Unk. prob.: 1.900e-04
Upper probs: 8.945e-01, Lower probs: 1.053e-01
No. of non-dominant rules: 17942, Survival rules: 17836, Failure rules: 106
Batch update: 19 rules added, 0 existing rules removed (0 new rules dominated)
Survival: 19 rules added, 0 removed (from 19 candidates)
Updated sys_vals: [1, 2]
---
Round: 385, Unk. prob.: 1.900e-04
Upper probs: 8.943e-01, Lower probs: 1.055e-01
No. of non-dominant rules: 17961, Survival rules: 17855, Failure rules: 106
Batch update: 30 rules added, 0 existing rules removed (0 new rules dominated)
Survival: 30 rules added, 0 removed (from 30 candidates)
Updated sys_vals: [1, 2]
---
Round: 386, Unk. prob.: 3.000e-04
Upper probs: 8.927e-01, Lower probs: 1.070e-01
No. of non-dominant rules: 17991, Survival rules: 17885, Failure rules: 106
Batch update: 20 rules added, 0 existing rules removed (0 new rules dominated)
Survival: 20 rules added, 0 removed (from 20 candidates)
Updated sys_vals: [1, 2]
---
Round: 387, Unk. prob.: 2.000e-04
Upper probs: 8.940e-01, Lower probs: 1.058e-01
No. of non-dominant rules: 18011, Survival rules: 17905, Failure rules: 106
Batch update: 12 rules added, 0 existing rules removed (0 new rules dominated)
Survival: 12 rules added, 0 removed (from 12 candidates)
Batch update: 1 rules added, 0 existing rules removed (0 new rules dominated)
Failure: 1 rules added, 0 removed (from 1 candidates)
Updated sys_vals: [1, 2]
---
Round: 388, Unk. prob.: 1.300e-04
Upper probs: 8.942e-01, Lower probs: 1.057e-01
No. of non-dominant rules: 18024, Survival rules: 17917, Failure rules: 107
Batch update: 19 rules added, 0 existing rules removed (0 new rules dominated)
Survival: 19 rules added, 0 removed (from 19 candidates)
Updated sys_vals: [1, 2]
---
Round: 389, Unk. prob.: 1.900e-04
Upper probs: 8.943e-01, Lower probs: 1.055e-01
No. of non-dominant rules: 18043, Survival rules: 17936, Failure rules: 107
Batch update: 15 rules added, 0 existing rules removed (0 new rules dominated)
Survival: 15 rules added, 0 removed (from 15 candidates)
Batch update: 1 rules added, 0 existing rules removed (0 new rules dominated)
Failure: 1 rules added, 0 removed (from 1 candidates)
Updated sys_vals: [1, 2]
---
Round: 390, Unk. prob.: 1.600e-04
Upper probs: 8.955e-01, Lower probs: 1.043e-01
No. of non-dominant rules: 18059, Survival rules: 17951, Failure rules: 108
Batch update: 21 rules added, 0 existing rules removed (0 new rules dominated)
Survival: 21 rules added, 0 removed (from 21 candidates)
Batch update: 1 rules added, 0 existing rules removed (0 new rules dominated)
Failure: 1 rules added, 0 removed (from 1 candidates)
Updated sys_vals: [1, 2]
---
Round: 391, Unk. prob.: 2.200e-04
Upper probs: 8.938e-01, Lower probs: 1.060e-01
No. of non-dominant rules: 18081, Survival rules: 17972, Failure rules: 109
Batch update: 10 rules added, 0 existing rules removed (0 new rules dominated)
Survival: 10 rules added, 0 removed (from 10 candidates)
Updated sys_vals: [1, 2]
---
Round: 392, Unk. prob.: 1.000e-04
Upper probs: 8.935e-01, Lower probs: 1.064e-01
No. of non-dominant rules: 18091, Survival rules: 17982, Failure rules: 109
Batch update: 18 rules added, 0 existing rules removed (0 new rules dominated)
Survival: 18 rules added, 0 removed (from 18 candidates)
Updated sys_vals: [1, 2]
---
Round: 393, Unk. prob.: 1.800e-04
Upper probs: 8.937e-01, Lower probs: 1.061e-01
No. of non-dominant rules: 18109, Survival rules: 18000, Failure rules: 109
Batch update: 19 rules added, 0 existing rules removed (0 new rules dominated)
Survival: 19 rules added, 0 removed (from 19 candidates)
Updated sys_vals: [1, 2]
---
Round: 394, Unk. prob.: 1.900e-04
Upper probs: 8.949e-01, Lower probs: 1.049e-01
No. of non-dominant rules: 18128, Survival rules: 18019, Failure rules: 109
Batch update: 13 rules added, 0 existing rules removed (0 new rules dominated)
Survival: 13 rules added, 0 removed (from 13 candidates)
Updated sys_vals: [1, 2]
---
Round: 395, Unk. prob.: 1.300e-04
Upper probs: 8.937e-01, Lower probs: 1.062e-01
No. of non-dominant rules: 18141, Survival rules: 18032, Failure rules: 109
Batch update: 19 rules added, 0 existing rules removed (0 new rules dominated)
Survival: 19 rules added, 0 removed (from 19 candidates)
Updated sys_vals: [1, 2]
---
Round: 396, Unk. prob.: 1.900e-04
Upper probs: 8.949e-01, Lower probs: 1.049e-01
No. of non-dominant rules: 18160, Survival rules: 18051, Failure rules: 109
Batch update: 13 rules added, 0 existing rules removed (0 new rules dominated)
Survival: 13 rules added, 0 removed (from 13 candidates)
Updated sys_vals: [1, 2]
---
Round: 397, Unk. prob.: 1.300e-04
Upper probs: 8.931e-01, Lower probs: 1.067e-01
No. of non-dominant rules: 18173, Survival rules: 18064, Failure rules: 109
Batch update: 19 rules added, 0 existing rules removed (0 new rules dominated)
Survival: 19 rules added, 0 removed (from 19 candidates)
Updated sys_vals: [1, 2]
---
Round: 398, Unk. prob.: 1.900e-04
Upper probs: 8.938e-01, Lower probs: 1.061e-01
No. of non-dominant rules: 18192, Survival rules: 18083, Failure rules: 109
Batch update: 15 rules added, 0 existing rules removed (0 new rules dominated)
Survival: 15 rules added, 0 removed (from 15 candidates)
Updated sys_vals: [1, 2]
---
Round: 399, Unk. prob.: 1.500e-04
Upper probs: 8.935e-01, Lower probs: 1.064e-01
No. of non-dominant rules: 18207, Survival rules: 18098, Failure rules: 109
Batch update: 21 rules added, 0 existing rules removed (0 new rules dominated)
Survival: 21 rules added, 0 removed (from 21 candidates)
Updated sys_vals: [1, 2]
---
Round: 400, Unk. prob.: 2.100e-04
Upper probs: 8.940e-01, Lower probs: 1.058e-01
No. of non-dominant rules: 18228, Survival rules: 18119, Failure rules: 109
Batch update: 25 rules added, 0 existing rules removed (0 new rules dominated)
Survival: 25 rules added, 0 removed (from 25 candidates)
Updated sys_vals: [1, 2]
---
Round: 401, Unk. prob.: 2.500e-04
Upper probs: 8.949e-01, Lower probs: 1.049e-01
No. of non-dominant rules: 18253, Survival rules: 18144, Failure rules: 109
Batch update: 19 rules added, 0 existing rules removed (0 new rules dominated)
Survival: 19 rules added, 0 removed (from 19 candidates)
Updated sys_vals: [1, 2]
---
Round: 402, Unk. prob.: 1.900e-04
Upper probs: 8.931e-01, Lower probs: 1.067e-01
No. of non-dominant rules: 18272, Survival rules: 18163, Failure rules: 109
Batch update: 26 rules added, 0 existing rules removed (0 new rules dominated)
Survival: 26 rules added, 0 removed (from 26 candidates)
Updated sys_vals: [1, 2]
---
Round: 403, Unk. prob.: 2.600e-04
Upper probs: 8.925e-01, Lower probs: 1.073e-01
No. of non-dominant rules: 18298, Survival rules: 18189, Failure rules: 109
Batch update: 19 rules added, 0 existing rules removed (0 new rules dominated)
Survival: 19 rules added, 0 removed (from 19 candidates)
Updated sys_vals: [1, 2]
---
Round: 404, Unk. prob.: 1.900e-04
Upper probs: 8.940e-01, Lower probs: 1.058e-01
No. of non-dominant rules: 18317, Survival rules: 18208, Failure rules: 109
Batch update: 16 rules added, 0 existing rules removed (0 new rules dominated)
Survival: 16 rules added, 0 removed (from 16 candidates)
Updated sys_vals: [1, 2]
---
Round: 405, Unk. prob.: 1.600e-04
Upper probs: 8.945e-01, Lower probs: 1.053e-01
No. of non-dominant rules: 18333, Survival rules: 18224, Failure rules: 109
Batch update: 18 rules added, 0 existing rules removed (0 new rules dominated)
Survival: 18 rules added, 0 removed (from 18 candidates)
Updated sys_vals: [1, 2]
---
Round: 406, Unk. prob.: 1.800e-04
Upper probs: 8.930e-01, Lower probs: 1.068e-01
No. of non-dominant rules: 18351, Survival rules: 18242, Failure rules: 109
Batch update: 15 rules added, 0 existing rules removed (0 new rules dominated)
Survival: 15 rules added, 0 removed (from 15 candidates)
Updated sys_vals: [1, 2]
---
Round: 407, Unk. prob.: 1.500e-04
Upper probs: 8.931e-01, Lower probs: 1.068e-01
No. of non-dominant rules: 18366, Survival rules: 18257, Failure rules: 109
Batch update: 15 rules added, 0 existing rules removed (0 new rules dominated)
Survival: 15 rules added, 0 removed (from 15 candidates)
Updated sys_vals: [1, 2]
---
Round: 408, Unk. prob.: 1.500e-04
Upper probs: 8.939e-01, Lower probs: 1.059e-01
No. of non-dominant rules: 18381, Survival rules: 18272, Failure rules: 109
Batch update: 18 rules added, 0 existing rules removed (0 new rules dominated)
Survival: 18 rules added, 0 removed (from 18 candidates)
Updated sys_vals: [1, 2]
---
Round: 409, Unk. prob.: 1.800e-04
Upper probs: 8.951e-01, Lower probs: 1.047e-01
No. of non-dominant rules: 18399, Survival rules: 18290, Failure rules: 109
Batch update: 24 rules added, 0 existing rules removed (0 new rules dominated)
Survival: 24 rules added, 0 removed (from 24 candidates)
Updated sys_vals: [1, 2]
---
Round: 410, Unk. prob.: 2.400e-04
Upper probs: 8.951e-01, Lower probs: 1.047e-01
No. of non-dominant rules: 18423, Survival rules: 18314, Failure rules: 109
Batch update: 15 rules added, 0 existing rules removed (0 new rules dominated)
Survival: 15 rules added, 0 removed (from 15 candidates)
Updated sys_vals: [1, 2]
---
Round: 411, Unk. prob.: 1.500e-04
Upper probs: 8.948e-01, Lower probs: 1.051e-01
No. of non-dominant rules: 18438, Survival rules: 18329, Failure rules: 109
Batch update: 8 rules added, 0 existing rules removed (0 new rules dominated)
Survival: 8 rules added, 0 removed (from 8 candidates)
Batch update: 1 rules added, 0 existing rules removed (0 new rules dominated)
Failure: 1 rules added, 0 removed (from 1 candidates)
Updated sys_vals: [1, 2]
---
Round: 412, Unk. prob.: 9.000e-05
Upper probs: 8.920e-01, Lower probs: 1.079e-01
No. of non-dominant rules: 18447, Survival rules: 18337, Failure rules: 110
Batch update: 20 rules added, 0 existing rules removed (0 new rules dominated)
Survival: 20 rules added, 0 removed (from 20 candidates)
Updated sys_vals: [1, 2]
---
Round: 413, Unk. prob.: 2.000e-04
Upper probs: 8.937e-01, Lower probs: 1.061e-01
No. of non-dominant rules: 18467, Survival rules: 18357, Failure rules: 110
Batch update: 16 rules added, 0 existing rules removed (0 new rules dominated)
Survival: 16 rules added, 0 removed (from 16 candidates)
Updated sys_vals: [1, 2]
---
Round: 414, Unk. prob.: 1.600e-04
Upper probs: 8.948e-01, Lower probs: 1.051e-01
No. of non-dominant rules: 18483, Survival rules: 18373, Failure rules: 110
Batch update: 19 rules added, 0 existing rules removed (0 new rules dominated)
Survival: 19 rules added, 0 removed (from 19 candidates)
Updated sys_vals: [1, 2]
---
Round: 415, Unk. prob.: 1.900e-04
Upper probs: 8.935e-01, Lower probs: 1.063e-01
No. of non-dominant rules: 18502, Survival rules: 18392, Failure rules: 110
Batch update: 15 rules added, 0 existing rules removed (0 new rules dominated)
Survival: 15 rules added, 0 removed (from 15 candidates)
Updated sys_vals: [1, 2]
---
Round: 416, Unk. prob.: 1.500e-04
Upper probs: 8.950e-01, Lower probs: 1.049e-01
No. of non-dominant rules: 18517, Survival rules: 18407, Failure rules: 110
Batch update: 20 rules added, 0 existing rules removed (0 new rules dominated)
Survival: 20 rules added, 0 removed (from 20 candidates)
Updated sys_vals: [1, 2]
---
Round: 417, Unk. prob.: 2.000e-04
Upper probs: 8.946e-01, Lower probs: 1.052e-01
No. of non-dominant rules: 18537, Survival rules: 18427, Failure rules: 110
Batch update: 26 rules added, 0 existing rules removed (0 new rules dominated)
Survival: 26 rules added, 0 removed (from 26 candidates)
Updated sys_vals: [1, 2]
---
Round: 418, Unk. prob.: 2.600e-04
Upper probs: 8.943e-01, Lower probs: 1.054e-01
No. of non-dominant rules: 18563, Survival rules: 18453, Failure rules: 110
Batch update: 21 rules added, 0 existing rules removed (0 new rules dominated)
Survival: 21 rules added, 0 removed (from 21 candidates)
Updated sys_vals: [1, 2]
---
Round: 419, Unk. prob.: 2.100e-04
Upper probs: 8.932e-01, Lower probs: 1.066e-01
No. of non-dominant rules: 18584, Survival rules: 18474, Failure rules: 110
Batch update: 20 rules added, 0 existing rules removed (0 new rules dominated)
Survival: 20 rules added, 0 removed (from 20 candidates)
Updated sys_vals: [1, 2]
---
Round: 420, Unk. prob.: 2.000e-04
Upper probs: 8.936e-01, Lower probs: 1.062e-01
No. of non-dominant rules: 18604, Survival rules: 18494, Failure rules: 110
Batch update: 17 rules added, 0 existing rules removed (0 new rules dominated)
Survival: 17 rules added, 0 removed (from 17 candidates)
Updated sys_vals: [1, 2]
---
Round: 421, Unk. prob.: 1.700e-04
Upper probs: 8.938e-01, Lower probs: 1.060e-01
No. of non-dominant rules: 18621, Survival rules: 18511, Failure rules: 110
Batch update: 15 rules added, 0 existing rules removed (0 new rules dominated)
Survival: 15 rules added, 0 removed (from 15 candidates)
Updated sys_vals: [1, 2]
---
Round: 422, Unk. prob.: 1.500e-04
Upper probs: 8.953e-01, Lower probs: 1.045e-01
No. of non-dominant rules: 18636, Survival rules: 18526, Failure rules: 110
Batch update: 19 rules added, 0 existing rules removed (0 new rules dominated)
Survival: 19 rules added, 0 removed (from 19 candidates)
Updated sys_vals: [1, 2]
---
Round: 423, Unk. prob.: 1.900e-04
Upper probs: 8.961e-01, Lower probs: 1.037e-01
No. of non-dominant rules: 18655, Survival rules: 18545, Failure rules: 110
Batch update: 15 rules added, 0 existing rules removed (0 new rules dominated)
Survival: 15 rules added, 0 removed (from 15 candidates)
Updated sys_vals: [1, 2]
---
Round: 424, Unk. prob.: 1.500e-04
Upper probs: 8.931e-01, Lower probs: 1.068e-01
No. of non-dominant rules: 18670, Survival rules: 18560, Failure rules: 110
Batch update: 17 rules added, 0 existing rules removed (0 new rules dominated)
Survival: 17 rules added, 0 removed (from 17 candidates)
Updated sys_vals: [1, 2]
---
Round: 425, Unk. prob.: 1.700e-04
Upper probs: 8.945e-01, Lower probs: 1.053e-01
No. of non-dominant rules: 18687, Survival rules: 18577, Failure rules: 110
Batch update: 22 rules added, 0 existing rules removed (0 new rules dominated)
Survival: 22 rules added, 0 removed (from 22 candidates)
Updated sys_vals: [1, 2]
---
Round: 426, Unk. prob.: 2.200e-04
Upper probs: 8.943e-01, Lower probs: 1.055e-01
No. of non-dominant rules: 18709, Survival rules: 18599, Failure rules: 110
Batch update: 14 rules added, 0 existing rules removed (0 new rules dominated)
Survival: 14 rules added, 0 removed (from 14 candidates)
Updated sys_vals: [1, 2]
---
Round: 427, Unk. prob.: 1.400e-04
Upper probs: 8.942e-01, Lower probs: 1.057e-01
No. of non-dominant rules: 18723, Survival rules: 18613, Failure rules: 110
Batch update: 11 rules added, 0 existing rules removed (0 new rules dominated)
Survival: 11 rules added, 0 removed (from 11 candidates)
Updated sys_vals: [1, 2]
---
Round: 428, Unk. prob.: 1.100e-04
Upper probs: 8.950e-01, Lower probs: 1.049e-01
No. of non-dominant rules: 18734, Survival rules: 18624, Failure rules: 110
Batch update: 19 rules added, 0 existing rules removed (0 new rules dominated)
Survival: 19 rules added, 0 removed (from 19 candidates)
Updated sys_vals: [1, 2]
---
Round: 429, Unk. prob.: 1.900e-04
Upper probs: 8.932e-01, Lower probs: 1.066e-01
No. of non-dominant rules: 18753, Survival rules: 18643, Failure rules: 110
Batch update: 16 rules added, 0 existing rules removed (0 new rules dominated)
Survival: 16 rules added, 0 removed (from 16 candidates)
Updated sys_vals: [1, 2]
---
Round: 430, Unk. prob.: 1.600e-04
Upper probs: 8.933e-01, Lower probs: 1.065e-01
No. of non-dominant rules: 18769, Survival rules: 18659, Failure rules: 110
Batch update: 19 rules added, 0 existing rules removed (0 new rules dominated)
Survival: 19 rules added, 0 removed (from 19 candidates)
Updated sys_vals: [1, 2]
---
Round: 431, Unk. prob.: 1.900e-04
Upper probs: 8.935e-01, Lower probs: 1.063e-01
No. of non-dominant rules: 18788, Survival rules: 18678, Failure rules: 110
Batch update: 21 rules added, 0 existing rules removed (0 new rules dominated)
Survival: 21 rules added, 0 removed (from 21 candidates)
Updated sys_vals: [1, 2]
---
Round: 432, Unk. prob.: 2.100e-04
Upper probs: 8.934e-01, Lower probs: 1.063e-01
No. of non-dominant rules: 18809, Survival rules: 18699, Failure rules: 110
Batch update: 22 rules added, 0 existing rules removed (0 new rules dominated)
Survival: 22 rules added, 0 removed (from 22 candidates)
Updated sys_vals: [1, 2]
---
Round: 433, Unk. prob.: 2.200e-04
Upper probs: 8.942e-01, Lower probs: 1.056e-01
No. of non-dominant rules: 18831, Survival rules: 18721, Failure rules: 110
Batch update: 24 rules added, 0 existing rules removed (0 new rules dominated)
Survival: 24 rules added, 0 removed (from 24 candidates)
Updated sys_vals: [1, 2]
---
Round: 434, Unk. prob.: 2.400e-04
Upper probs: 8.936e-01, Lower probs: 1.061e-01
No. of non-dominant rules: 18855, Survival rules: 18745, Failure rules: 110
Batch update: 17 rules added, 0 existing rules removed (0 new rules dominated)
Survival: 17 rules added, 0 removed (from 17 candidates)
Updated sys_vals: [1, 2]
---
Round: 435, Unk. prob.: 1.700e-04
Upper probs: 8.952e-01, Lower probs: 1.047e-01
No. of non-dominant rules: 18872, Survival rules: 18762, Failure rules: 110
Batch update: 15 rules added, 0 existing rules removed (0 new rules dominated)
Survival: 15 rules added, 0 removed (from 15 candidates)
Updated sys_vals: [1, 2]
---
Round: 436, Unk. prob.: 1.500e-04
Upper probs: 8.932e-01, Lower probs: 1.066e-01
No. of non-dominant rules: 18887, Survival rules: 18777, Failure rules: 110
Batch update: 16 rules added, 0 existing rules removed (0 new rules dominated)
Survival: 16 rules added, 0 removed (from 16 candidates)
Updated sys_vals: [1, 2]
---
Round: 437, Unk. prob.: 1.600e-04
Upper probs: 8.947e-01, Lower probs: 1.052e-01
No. of non-dominant rules: 18903, Survival rules: 18793, Failure rules: 110
Batch update: 16 rules added, 0 existing rules removed (0 new rules dominated)
Survival: 16 rules added, 0 removed (from 16 candidates)
Updated sys_vals: [1, 2]
---
Round: 438, Unk. prob.: 1.600e-04
Upper probs: 8.947e-01, Lower probs: 1.051e-01
No. of non-dominant rules: 18919, Survival rules: 18809, Failure rules: 110
Batch update: 21 rules added, 0 existing rules removed (0 new rules dominated)
Survival: 21 rules added, 0 removed (from 21 candidates)
Updated sys_vals: [1, 2]
---
Round: 439, Unk. prob.: 2.100e-04
Upper probs: 8.929e-01, Lower probs: 1.069e-01
No. of non-dominant rules: 18940, Survival rules: 18830, Failure rules: 110
Batch update: 22 rules added, 0 existing rules removed (0 new rules dominated)
Survival: 22 rules added, 0 removed (from 22 candidates)
Updated sys_vals: [1, 2]
---
Round: 440, Unk. prob.: 2.200e-04
Upper probs: 8.930e-01, Lower probs: 1.068e-01
No. of non-dominant rules: 18962, Survival rules: 18852, Failure rules: 110
Batch update: 12 rules added, 0 existing rules removed (0 new rules dominated)
Survival: 12 rules added, 0 removed (from 12 candidates)
Updated sys_vals: [1, 2]
---
Round: 441, Unk. prob.: 1.200e-04
Upper probs: 8.938e-01, Lower probs: 1.061e-01
No. of non-dominant rules: 18974, Survival rules: 18864, Failure rules: 110
Batch update: 24 rules added, 0 existing rules removed (0 new rules dominated)
Survival: 24 rules added, 0 removed (from 24 candidates)
Updated sys_vals: [1, 2]
---
Round: 442, Unk. prob.: 2.400e-04
Upper probs: 8.930e-01, Lower probs: 1.067e-01
No. of non-dominant rules: 18998, Survival rules: 18888, Failure rules: 110
Batch update: 12 rules added, 0 existing rules removed (0 new rules dominated)
Survival: 12 rules added, 0 removed (from 12 candidates)
Updated sys_vals: [1, 2]
---
Round: 443, Unk. prob.: 1.200e-04
Upper probs: 8.926e-01, Lower probs: 1.072e-01
No. of non-dominant rules: 19010, Survival rules: 18900, Failure rules: 110
Batch update: 17 rules added, 0 existing rules removed (0 new rules dominated)
Survival: 17 rules added, 0 removed (from 17 candidates)
Updated sys_vals: [1, 2]
---
Round: 444, Unk. prob.: 1.700e-04
Upper probs: 8.930e-01, Lower probs: 1.069e-01
No. of non-dominant rules: 19027, Survival rules: 18917, Failure rules: 110
Batch update: 24 rules added, 0 existing rules removed (0 new rules dominated)
Survival: 24 rules added, 0 removed (from 24 candidates)
Updated sys_vals: [1, 2]
---
Round: 445, Unk. prob.: 2.400e-04
Upper probs: 8.938e-01, Lower probs: 1.060e-01
No. of non-dominant rules: 19051, Survival rules: 18941, Failure rules: 110
Batch update: 8 rules added, 0 existing rules removed (0 new rules dominated)
Survival: 8 rules added, 0 removed (from 8 candidates)
Updated sys_vals: [1, 2]
---
Round: 446, Unk. prob.: 8.000e-05
Upper probs: 8.949e-01, Lower probs: 1.050e-01
No. of non-dominant rules: 19059, Survival rules: 18949, Failure rules: 110
Batch update: 20 rules added, 0 existing rules removed (0 new rules dominated)
Survival: 20 rules added, 0 removed (from 20 candidates)
Batch update: 1 rules added, 0 existing rules removed (0 new rules dominated)
Failure: 1 rules added, 0 removed (from 1 candidates)
Updated sys_vals: [1, 2]
---
Round: 447, Unk. prob.: 2.100e-04
Upper probs: 8.947e-01, Lower probs: 1.051e-01
No. of non-dominant rules: 19080, Survival rules: 18969, Failure rules: 111
Batch update: 27 rules added, 0 existing rules removed (0 new rules dominated)
Survival: 27 rules added, 0 removed (from 27 candidates)
Updated sys_vals: [1, 2]
---
Round: 448, Unk. prob.: 2.700e-04
Upper probs: 8.923e-01, Lower probs: 1.075e-01
No. of non-dominant rules: 19107, Survival rules: 18996, Failure rules: 111
Batch update: 8 rules added, 0 existing rules removed (0 new rules dominated)
Survival: 8 rules added, 0 removed (from 8 candidates)
Updated sys_vals: [1, 2]
---
Round: 449, Unk. prob.: 8.000e-05
Upper probs: 8.942e-01, Lower probs: 1.057e-01
No. of non-dominant rules: 19115, Survival rules: 19004, Failure rules: 111
Batch update: 12 rules added, 0 existing rules removed (0 new rules dominated)
Survival: 12 rules added, 0 removed (from 12 candidates)
Updated sys_vals: [1, 2]
---
Round: 450, Unk. prob.: 1.200e-04
Upper probs: 8.944e-01, Lower probs: 1.054e-01
No. of non-dominant rules: 19127, Survival rules: 19016, Failure rules: 111
Batch update: 15 rules added, 0 existing rules removed (0 new rules dominated)
Survival: 15 rules added, 0 removed (from 15 candidates)
Updated sys_vals: [1, 2]
---
Round: 451, Unk. prob.: 1.500e-04
Upper probs: 8.949e-01, Lower probs: 1.050e-01
No. of non-dominant rules: 19142, Survival rules: 19031, Failure rules: 111
Batch update: 15 rules added, 0 existing rules removed (0 new rules dominated)
Survival: 15 rules added, 0 removed (from 15 candidates)
Updated sys_vals: [1, 2]
---
Round: 452, Unk. prob.: 1.500e-04
Upper probs: 8.949e-01, Lower probs: 1.050e-01
No. of non-dominant rules: 19157, Survival rules: 19046, Failure rules: 111
Batch update: 13 rules added, 0 existing rules removed (0 new rules dominated)
Survival: 13 rules added, 0 removed (from 13 candidates)
Updated sys_vals: [1, 2]
---
Round: 453, Unk. prob.: 1.300e-04
Upper probs: 8.951e-01, Lower probs: 1.048e-01
No. of non-dominant rules: 19170, Survival rules: 19059, Failure rules: 111
Batch update: 10 rules added, 0 existing rules removed (0 new rules dominated)
Survival: 10 rules added, 0 removed (from 10 candidates)
Updated sys_vals: [1, 2]
---
Round: 454, Unk. prob.: 1.000e-04
Upper probs: 8.940e-01, Lower probs: 1.059e-01
No. of non-dominant rules: 19180, Survival rules: 19069, Failure rules: 111
Batch update: 21 rules added, 0 existing rules removed (0 new rules dominated)
Survival: 21 rules added, 0 removed (from 21 candidates)
Updated sys_vals: [1, 2]
---
Round: 455, Unk. prob.: 2.100e-04
Upper probs: 8.939e-01, Lower probs: 1.059e-01
No. of non-dominant rules: 19201, Survival rules: 19090, Failure rules: 111
Batch update: 16 rules added, 0 existing rules removed (0 new rules dominated)
Survival: 16 rules added, 0 removed (from 16 candidates)
Updated sys_vals: [1, 2]
---
Round: 456, Unk. prob.: 1.600e-04
Upper probs: 8.946e-01, Lower probs: 1.052e-01
No. of non-dominant rules: 19217, Survival rules: 19106, Failure rules: 111
Batch update: 17 rules added, 0 existing rules removed (0 new rules dominated)
Survival: 17 rules added, 0 removed (from 17 candidates)
Updated sys_vals: [1, 2]
---
Round: 457, Unk. prob.: 1.700e-04
Upper probs: 8.950e-01, Lower probs: 1.048e-01
No. of non-dominant rules: 19234, Survival rules: 19123, Failure rules: 111
Batch update: 15 rules added, 0 existing rules removed (0 new rules dominated)
Survival: 15 rules added, 0 removed (from 15 candidates)
Updated sys_vals: [1, 2]
---
Round: 458, Unk. prob.: 1.500e-04
Upper probs: 8.927e-01, Lower probs: 1.071e-01
No. of non-dominant rules: 19249, Survival rules: 19138, Failure rules: 111
Batch update: 18 rules added, 0 existing rules removed (0 new rules dominated)
Survival: 18 rules added, 0 removed (from 18 candidates)
Updated sys_vals: [1, 2]
---
Round: 459, Unk. prob.: 1.800e-04
Upper probs: 8.943e-01, Lower probs: 1.055e-01
No. of non-dominant rules: 19267, Survival rules: 19156, Failure rules: 111
Batch update: 15 rules added, 0 existing rules removed (0 new rules dominated)
Survival: 15 rules added, 0 removed (from 15 candidates)
Updated sys_vals: [1, 2]
---
Round: 460, Unk. prob.: 1.500e-04
Upper probs: 8.942e-01, Lower probs: 1.057e-01
No. of non-dominant rules: 19282, Survival rules: 19171, Failure rules: 111
Batch update: 15 rules added, 0 existing rules removed (0 new rules dominated)
Survival: 15 rules added, 0 removed (from 15 candidates)
Updated sys_vals: [1, 2]
---
Round: 461, Unk. prob.: 1.500e-04
Upper probs: 8.923e-01, Lower probs: 1.075e-01
No. of non-dominant rules: 19297, Survival rules: 19186, Failure rules: 111
Batch update: 19 rules added, 0 existing rules removed (0 new rules dominated)
Survival: 19 rules added, 0 removed (from 19 candidates)
Updated sys_vals: [1, 2]
---
Round: 462, Unk. prob.: 1.900e-04
Upper probs: 8.954e-01, Lower probs: 1.044e-01
No. of non-dominant rules: 19316, Survival rules: 19205, Failure rules: 111
Batch update: 22 rules added, 0 existing rules removed (0 new rules dominated)
Survival: 22 rules added, 0 removed (from 22 candidates)
Updated sys_vals: [1, 2]
---
Round: 463, Unk. prob.: 2.200e-04
Upper probs: 8.918e-01, Lower probs: 1.080e-01
No. of non-dominant rules: 19338, Survival rules: 19227, Failure rules: 111
Batch update: 16 rules added, 0 existing rules removed (0 new rules dominated)
Survival: 16 rules added, 0 removed (from 16 candidates)
Updated sys_vals: [1, 2]
---
Round: 464, Unk. prob.: 1.600e-04
Upper probs: 8.958e-01, Lower probs: 1.041e-01
No. of non-dominant rules: 19354, Survival rules: 19243, Failure rules: 111
Batch update: 18 rules added, 0 existing rules removed (0 new rules dominated)
Survival: 18 rules added, 0 removed (from 18 candidates)
Updated sys_vals: [1, 2]
---
Round: 465, Unk. prob.: 1.800e-04
Upper probs: 8.951e-01, Lower probs: 1.048e-01
No. of non-dominant rules: 19372, Survival rules: 19261, Failure rules: 111
Batch update: 16 rules added, 0 existing rules removed (0 new rules dominated)
Survival: 16 rules added, 0 removed (from 16 candidates)
Updated sys_vals: [1, 2]
---
Round: 466, Unk. prob.: 1.600e-04
Upper probs: 8.944e-01, Lower probs: 1.054e-01
No. of non-dominant rules: 19388, Survival rules: 19277, Failure rules: 111
Batch update: 23 rules added, 0 existing rules removed (0 new rules dominated)
Survival: 23 rules added, 0 removed (from 23 candidates)
Updated sys_vals: [1, 2]
---
Round: 467, Unk. prob.: 2.300e-04
Upper probs: 8.945e-01, Lower probs: 1.052e-01
No. of non-dominant rules: 19411, Survival rules: 19300, Failure rules: 111
Batch update: 22 rules added, 0 existing rules removed (0 new rules dominated)
Survival: 22 rules added, 0 removed (from 22 candidates)
Updated sys_vals: [1, 2]
---
Round: 468, Unk. prob.: 2.200e-04
Upper probs: 8.937e-01, Lower probs: 1.060e-01
No. of non-dominant rules: 19433, Survival rules: 19322, Failure rules: 111
Batch update: 20 rules added, 0 existing rules removed (0 new rules dominated)
Survival: 20 rules added, 0 removed (from 20 candidates)
Updated sys_vals: [1, 2]
---
Round: 469, Unk. prob.: 2.000e-04
Upper probs: 8.929e-01, Lower probs: 1.069e-01
No. of non-dominant rules: 19453, Survival rules: 19342, Failure rules: 111
Batch update: 14 rules added, 0 existing rules removed (0 new rules dominated)
Survival: 14 rules added, 0 removed (from 14 candidates)
Updated sys_vals: [1, 2]
---
Round: 470, Unk. prob.: 1.400e-04
Upper probs: 8.935e-01, Lower probs: 1.063e-01
No. of non-dominant rules: 19467, Survival rules: 19356, Failure rules: 111
Batch update: 13 rules added, 0 existing rules removed (0 new rules dominated)
Survival: 13 rules added, 0 removed (from 13 candidates)
Updated sys_vals: [1, 2]
---
Round: 471, Unk. prob.: 1.300e-04
Upper probs: 8.943e-01, Lower probs: 1.056e-01
No. of non-dominant rules: 19480, Survival rules: 19369, Failure rules: 111
Batch update: 20 rules added, 0 existing rules removed (0 new rules dominated)
Survival: 20 rules added, 0 removed (from 20 candidates)
Updated sys_vals: [1, 2]
---
Round: 472, Unk. prob.: 2.000e-04
Upper probs: 8.948e-01, Lower probs: 1.050e-01
No. of non-dominant rules: 19500, Survival rules: 19389, Failure rules: 111
Batch update: 19 rules added, 0 existing rules removed (0 new rules dominated)
Survival: 19 rules added, 0 removed (from 19 candidates)
Updated sys_vals: [1, 2]
---
Round: 473, Unk. prob.: 1.900e-04
Upper probs: 8.930e-01, Lower probs: 1.069e-01
No. of non-dominant rules: 19519, Survival rules: 19408, Failure rules: 111
Batch update: 8 rules added, 0 existing rules removed (0 new rules dominated)
Survival: 8 rules added, 0 removed (from 8 candidates)
Updated sys_vals: [1, 2]
---
Round: 474, Unk. prob.: 8.000e-05
Upper probs: 8.957e-01, Lower probs: 1.042e-01
No. of non-dominant rules: 19527, Survival rules: 19416, Failure rules: 111
Batch update: 22 rules added, 0 existing rules removed (0 new rules dominated)
Survival: 22 rules added, 0 removed (from 22 candidates)
Updated sys_vals: [1, 2]
---
Round: 475, Unk. prob.: 2.200e-04
Upper probs: 8.931e-01, Lower probs: 1.067e-01
No. of non-dominant rules: 19549, Survival rules: 19438, Failure rules: 111
Batch update: 19 rules added, 0 existing rules removed (0 new rules dominated)
Survival: 19 rules added, 0 removed (from 19 candidates)
Batch update: 1 rules added, 0 existing rules removed (0 new rules dominated)
Failure: 1 rules added, 0 removed (from 1 candidates)
Updated sys_vals: [1, 2]
---
Round: 476, Unk. prob.: 2.000e-04
Upper probs: 8.950e-01, Lower probs: 1.048e-01
No. of non-dominant rules: 19569, Survival rules: 19457, Failure rules: 112
Batch update: 18 rules added, 0 existing rules removed (0 new rules dominated)
Survival: 18 rules added, 0 removed (from 18 candidates)
Updated sys_vals: [1, 2]
---
Round: 477, Unk. prob.: 1.800e-04
Upper probs: 8.935e-01, Lower probs: 1.063e-01
No. of non-dominant rules: 19587, Survival rules: 19475, Failure rules: 112
Batch update: 18 rules added, 0 existing rules removed (0 new rules dominated)
Survival: 18 rules added, 0 removed (from 18 candidates)
Updated sys_vals: [1, 2]
---
Round: 478, Unk. prob.: 1.800e-04
Upper probs: 8.952e-01, Lower probs: 1.046e-01
No. of non-dominant rules: 19605, Survival rules: 19493, Failure rules: 112
Batch update: 7 rules added, 0 existing rules removed (0 new rules dominated)
Survival: 7 rules added, 0 removed (from 7 candidates)
Updated sys_vals: [1, 2]
---
Round: 479, Unk. prob.: 7.000e-05
Upper probs: 8.945e-01, Lower probs: 1.054e-01
No. of non-dominant rules: 19612, Survival rules: 19500, Failure rules: 112
Batch update: 15 rules added, 0 existing rules removed (0 new rules dominated)
Survival: 15 rules added, 0 removed (from 15 candidates)
Updated sys_vals: [1, 2]
---
Round: 480, Unk. prob.: 1.500e-04
Upper probs: 8.925e-01, Lower probs: 1.073e-01
No. of non-dominant rules: 19627, Survival rules: 19515, Failure rules: 112
Batch update: 19 rules added, 0 existing rules removed (0 new rules dominated)
Survival: 19 rules added, 0 removed (from 19 candidates)
Batch update: 1 rules added, 0 existing rules removed (0 new rules dominated)
Failure: 1 rules added, 0 removed (from 1 candidates)
Updated sys_vals: [1, 2]
---
Round: 481, Unk. prob.: 2.000e-04
Upper probs: 8.961e-01, Lower probs: 1.037e-01
No. of non-dominant rules: 19647, Survival rules: 19534, Failure rules: 113
Batch update: 18 rules added, 0 existing rules removed (0 new rules dominated)
Survival: 18 rules added, 0 removed (from 18 candidates)
Updated sys_vals: [1, 2]
---
Round: 482, Unk. prob.: 1.800e-04
Upper probs: 8.937e-01, Lower probs: 1.061e-01
No. of non-dominant rules: 19665, Survival rules: 19552, Failure rules: 113
Batch update: 17 rules added, 0 existing rules removed (0 new rules dominated)
Survival: 17 rules added, 0 removed (from 17 candidates)
Updated sys_vals: [1, 2]
---
Round: 483, Unk. prob.: 1.700e-04
Upper probs: 8.933e-01, Lower probs: 1.065e-01
No. of non-dominant rules: 19682, Survival rules: 19569, Failure rules: 113
Batch update: 20 rules added, 0 existing rules removed (0 new rules dominated)
Survival: 20 rules added, 0 removed (from 20 candidates)
Updated sys_vals: [1, 2]
---
Round: 484, Unk. prob.: 2.000e-04
Upper probs: 8.948e-01, Lower probs: 1.050e-01
No. of non-dominant rules: 19702, Survival rules: 19589, Failure rules: 113
Batch update: 23 rules added, 0 existing rules removed (0 new rules dominated)
Survival: 23 rules added, 0 removed (from 23 candidates)
Updated sys_vals: [1, 2]
---
Round: 485, Unk. prob.: 2.300e-04
Upper probs: 8.947e-01, Lower probs: 1.050e-01
No. of non-dominant rules: 19725, Survival rules: 19612, Failure rules: 113
Batch update: 14 rules added, 0 existing rules removed (0 new rules dominated)
Survival: 14 rules added, 0 removed (from 14 candidates)
Updated sys_vals: [1, 2]
---
Round: 486, Unk. prob.: 1.400e-04
Upper probs: 8.933e-01, Lower probs: 1.066e-01
No. of non-dominant rules: 19739, Survival rules: 19626, Failure rules: 113
Batch update: 16 rules added, 0 existing rules removed (0 new rules dominated)
Survival: 16 rules added, 0 removed (from 16 candidates)
Updated sys_vals: [1, 2]
---
Round: 487, Unk. prob.: 1.600e-04
Upper probs: 8.946e-01, Lower probs: 1.052e-01
No. of non-dominant rules: 19755, Survival rules: 19642, Failure rules: 113
Batch update: 19 rules added, 0 existing rules removed (0 new rules dominated)
Survival: 19 rules added, 0 removed (from 19 candidates)
Updated sys_vals: [1, 2]
---
Round: 488, Unk. prob.: 1.900e-04
Upper probs: 8.940e-01, Lower probs: 1.059e-01
No. of non-dominant rules: 19774, Survival rules: 19661, Failure rules: 113
Batch update: 13 rules added, 0 existing rules removed (0 new rules dominated)
Survival: 13 rules added, 0 removed (from 13 candidates)
Updated sys_vals: [1, 2]
---
Round: 489, Unk. prob.: 1.300e-04
Upper probs: 8.946e-01, Lower probs: 1.053e-01
No. of non-dominant rules: 19787, Survival rules: 19674, Failure rules: 113
Batch update: 14 rules added, 0 existing rules removed (0 new rules dominated)
Survival: 14 rules added, 0 removed (from 14 candidates)
Batch update: 1 rules added, 0 existing rules removed (0 new rules dominated)
Failure: 1 rules added, 0 removed (from 1 candidates)
Updated sys_vals: [1, 2]
---
Round: 490, Unk. prob.: 1.500e-04
Upper probs: 8.941e-01, Lower probs: 1.058e-01
No. of non-dominant rules: 19802, Survival rules: 19688, Failure rules: 114
Batch update: 13 rules added, 0 existing rules removed (0 new rules dominated)
Survival: 13 rules added, 0 removed (from 13 candidates)
Batch update: 1 rules added, 0 existing rules removed (0 new rules dominated)
Failure: 1 rules added, 0 removed (from 1 candidates)
Updated sys_vals: [1, 2]
---
Round: 491, Unk. prob.: 1.400e-04
Upper probs: 8.936e-01, Lower probs: 1.063e-01
No. of non-dominant rules: 19816, Survival rules: 19701, Failure rules: 115
Batch update: 12 rules added, 0 existing rules removed (0 new rules dominated)
Survival: 12 rules added, 0 removed (from 12 candidates)
Updated sys_vals: [1, 2]
---
Round: 492, Unk. prob.: 1.200e-04
Upper probs: 8.945e-01, Lower probs: 1.054e-01
No. of non-dominant rules: 19828, Survival rules: 19713, Failure rules: 115
Batch update: 21 rules added, 0 existing rules removed (0 new rules dominated)
Survival: 21 rules added, 0 removed (from 21 candidates)
Updated sys_vals: [1, 2]
---
Round: 493, Unk. prob.: 2.100e-04
Upper probs: 8.921e-01, Lower probs: 1.077e-01
No. of non-dominant rules: 19849, Survival rules: 19734, Failure rules: 115
Batch update: 15 rules added, 0 existing rules removed (0 new rules dominated)
Survival: 15 rules added, 0 removed (from 15 candidates)
Batch update: 1 rules added, 0 existing rules removed (0 new rules dominated)
Failure: 1 rules added, 0 removed (from 1 candidates)
Updated sys_vals: [1, 2]
---
Round: 494, Unk. prob.: 1.600e-04
Upper probs: 8.958e-01, Lower probs: 1.040e-01
No. of non-dominant rules: 19865, Survival rules: 19749, Failure rules: 116
Batch update: 17 rules added, 0 existing rules removed (0 new rules dominated)
Survival: 17 rules added, 0 removed (from 17 candidates)
Updated sys_vals: [1, 2]
---
Round: 495, Unk. prob.: 1.700e-04
Upper probs: 8.947e-01, Lower probs: 1.052e-01
No. of non-dominant rules: 19882, Survival rules: 19766, Failure rules: 116
Batch update: 15 rules added, 0 existing rules removed (0 new rules dominated)
Survival: 15 rules added, 0 removed (from 15 candidates)
Updated sys_vals: [1, 2]
---
Round: 496, Unk. prob.: 1.500e-04
Upper probs: 8.948e-01, Lower probs: 1.050e-01
No. of non-dominant rules: 19897, Survival rules: 19781, Failure rules: 116
Batch update: 18 rules added, 0 existing rules removed (0 new rules dominated)
Survival: 18 rules added, 0 removed (from 18 candidates)
Updated sys_vals: [1, 2]
---
Round: 497, Unk. prob.: 1.800e-04
Upper probs: 8.937e-01, Lower probs: 1.061e-01
No. of non-dominant rules: 19915, Survival rules: 19799, Failure rules: 116
Batch update: 10 rules added, 0 existing rules removed (0 new rules dominated)
Survival: 10 rules added, 0 removed (from 10 candidates)
Updated sys_vals: [1, 2]
---
Round: 498, Unk. prob.: 1.000e-04
Upper probs: 8.939e-01, Lower probs: 1.060e-01
No. of non-dominant rules: 19925, Survival rules: 19809, Failure rules: 116
Batch update: 23 rules added, 0 existing rules removed (0 new rules dominated)
Survival: 23 rules added, 0 removed (from 23 candidates)
Updated sys_vals: [1, 2]
---
Round: 499, Unk. prob.: 2.300e-04
Upper probs: 8.944e-01, Lower probs: 1.054e-01
No. of non-dominant rules: 19948, Survival rules: 19832, Failure rules: 116
Batch update: 12 rules added, 0 existing rules removed (0 new rules dominated)
Survival: 12 rules added, 0 removed (from 12 candidates)
Updated sys_vals: [1, 2]
---
Round: 500, Unk. prob.: 1.200e-04
Upper probs: 8.936e-01, Lower probs: 1.062e-01
No. of non-dominant rules: 19960, Survival rules: 19844, Failure rules: 116
Batch update: 18 rules added, 0 existing rules removed (0 new rules dominated)
Survival: 18 rules added, 0 removed (from 18 candidates)
Updated sys_vals: [1, 2]
---
Probs: 'upper':  8.942e-01, 'lower':  1.057e-01, 'unkn':  1.583e-04
---
Round: 501, Unk. prob.: 1.583e-04
Upper probs: 8.942e-01, Lower probs: 1.057e-01
No. of non-dominant rules: 19978, Survival rules: 19862, Failure rules: 116
Batch update: 16 rules added, 0 existing rules removed (0 new rules dominated)
Survival: 16 rules added, 0 removed (from 16 candidates)
Batch update: 1 rules added, 0 existing rules removed (0 new rules dominated)
Failure: 1 rules added, 0 removed (from 1 candidates)
Updated sys_vals: [1, 2]
---
Round: 502, Unk. prob.: 1.700e-04
Upper probs: 8.929e-01, Lower probs: 1.070e-01
No. of non-dominant rules: 19995, Survival rules: 19878, Failure rules: 117
Batch update: 15 rules added, 0 existing rules removed (0 new rules dominated)
Survival: 15 rules added, 0 removed (from 15 candidates)
Updated sys_vals: [1, 2]
---
Round: 503, Unk. prob.: 1.500e-04
Upper probs: 8.944e-01, Lower probs: 1.055e-01
No. of non-dominant rules: 20010, Survival rules: 19893, Failure rules: 117
Batch update: 10 rules added, 0 existing rules removed (0 new rules dominated)
Survival: 10 rules added, 0 removed (from 10 candidates)
Updated sys_vals: [1, 2]
---
Round: 504, Unk. prob.: 1.000e-04
Upper probs: 8.930e-01, Lower probs: 1.069e-01
No. of non-dominant rules: 20020, Survival rules: 19903, Failure rules: 117
Batch update: 17 rules added, 0 existing rules removed (0 new rules dominated)
Survival: 17 rules added, 0 removed (from 17 candidates)
Updated sys_vals: [1, 2]
---
Round: 505, Unk. prob.: 1.700e-04
Upper probs: 8.935e-01, Lower probs: 1.063e-01
No. of non-dominant rules: 20037, Survival rules: 19920, Failure rules: 117
Batch update: 19 rules added, 0 existing rules removed (0 new rules dominated)
Survival: 19 rules added, 0 removed (from 19 candidates)
Updated sys_vals: [1, 2]
---
Round: 506, Unk. prob.: 1.900e-04
Upper probs: 8.943e-01, Lower probs: 1.055e-01
No. of non-dominant rules: 20056, Survival rules: 19939, Failure rules: 117
Batch update: 22 rules added, 0 existing rules removed (0 new rules dominated)
Survival: 22 rules added, 0 removed (from 22 candidates)
Updated sys_vals: [1, 2]
---
Round: 507, Unk. prob.: 2.200e-04
Upper probs: 8.936e-01, Lower probs: 1.062e-01
No. of non-dominant rules: 20078, Survival rules: 19961, Failure rules: 117
Batch update: 15 rules added, 0 existing rules removed (0 new rules dominated)
Survival: 15 rules added, 0 removed (from 15 candidates)
Updated sys_vals: [1, 2]
---
Round: 508, Unk. prob.: 1.500e-04
Upper probs: 8.931e-01, Lower probs: 1.067e-01
No. of non-dominant rules: 20093, Survival rules: 19976, Failure rules: 117
Batch update: 18 rules added, 0 existing rules removed (0 new rules dominated)
Survival: 18 rules added, 0 removed (from 18 candidates)
Updated sys_vals: [1, 2]
---
Round: 509, Unk. prob.: 1.800e-04
Upper probs: 8.940e-01, Lower probs: 1.058e-01
No. of non-dominant rules: 20111, Survival rules: 19994, Failure rules: 117
Batch update: 15 rules added, 0 existing rules removed (0 new rules dominated)
Survival: 15 rules added, 0 removed (from 15 candidates)
Updated sys_vals: [1, 2]
---
Round: 510, Unk. prob.: 1.500e-04
Upper probs: 8.938e-01, Lower probs: 1.060e-01
No. of non-dominant rules: 20126, Survival rules: 20009, Failure rules: 117
Batch update: 17 rules added, 0 existing rules removed (0 new rules dominated)
Survival: 17 rules added, 0 removed (from 17 candidates)
Updated sys_vals: [1, 2]
---
Round: 511, Unk. prob.: 1.700e-04
Upper probs: 8.952e-01, Lower probs: 1.047e-01
No. of non-dominant rules: 20143, Survival rules: 20026, Failure rules: 117
Batch update: 13 rules added, 0 existing rules removed (0 new rules dominated)
Survival: 13 rules added, 0 removed (from 13 candidates)
Batch update: 1 rules added, 0 existing rules removed (0 new rules dominated)
Failure: 1 rules added, 0 removed (from 1 candidates)
Updated sys_vals: [1, 2]
---
Round: 512, Unk. prob.: 1.400e-04
Upper probs: 8.928e-01, Lower probs: 1.071e-01
No. of non-dominant rules: 20157, Survival rules: 20039, Failure rules: 118
Batch update: 21 rules added, 0 existing rules removed (0 new rules dominated)
Survival: 21 rules added, 0 removed (from 21 candidates)
Updated sys_vals: [1, 2]
---
Round: 513, Unk. prob.: 2.100e-04
Upper probs: 8.956e-01, Lower probs: 1.042e-01
No. of non-dominant rules: 20178, Survival rules: 20060, Failure rules: 118
Batch update: 18 rules added, 0 existing rules removed (0 new rules dominated)
Survival: 18 rules added, 0 removed (from 18 candidates)
Updated sys_vals: [1, 2]
---
Round: 514, Unk. prob.: 1.800e-04
Upper probs: 8.938e-01, Lower probs: 1.061e-01
No. of non-dominant rules: 20196, Survival rules: 20078, Failure rules: 118
Batch update: 17 rules added, 0 existing rules removed (0 new rules dominated)
Survival: 17 rules added, 0 removed (from 17 candidates)
Updated sys_vals: [1, 2]
---
Round: 515, Unk. prob.: 1.700e-04
Upper probs: 8.940e-01, Lower probs: 1.058e-01
No. of non-dominant rules: 20213, Survival rules: 20095, Failure rules: 118
Batch update: 19 rules added, 0 existing rules removed (0 new rules dominated)
Survival: 19 rules added, 0 removed (from 19 candidates)
Updated sys_vals: [1, 2]
---
Round: 516, Unk. prob.: 1.900e-04
Upper probs: 8.934e-01, Lower probs: 1.064e-01
No. of non-dominant rules: 20232, Survival rules: 20114, Failure rules: 118
Batch update: 21 rules added, 0 existing rules removed (0 new rules dominated)
Survival: 21 rules added, 0 removed (from 21 candidates)
Updated sys_vals: [1, 2]
---
Round: 517, Unk. prob.: 2.100e-04
Upper probs: 8.942e-01, Lower probs: 1.056e-01
No. of non-dominant rules: 20253, Survival rules: 20135, Failure rules: 118
Batch update: 13 rules added, 0 existing rules removed (0 new rules dominated)
Survival: 13 rules added, 0 removed (from 13 candidates)
Updated sys_vals: [1, 2]
---
Round: 518, Unk. prob.: 1.300e-04
Upper probs: 8.948e-01, Lower probs: 1.051e-01
No. of non-dominant rules: 20266, Survival rules: 20148, Failure rules: 118
Batch update: 20 rules added, 0 existing rules removed (0 new rules dominated)
Survival: 20 rules added, 0 removed (from 20 candidates)
Updated sys_vals: [1, 2]
---
Round: 519, Unk. prob.: 2.000e-04
Upper probs: 8.931e-01, Lower probs: 1.067e-01
No. of non-dominant rules: 20286, Survival rules: 20168, Failure rules: 118
Batch update: 9 rules added, 0 existing rules removed (0 new rules dominated)
Survival: 9 rules added, 0 removed (from 9 candidates)
Updated sys_vals: [1, 2]
---
Round: 520, Unk. prob.: 9.000e-05
Upper probs: 8.934e-01, Lower probs: 1.065e-01
No. of non-dominant rules: 20295, Survival rules: 20177, Failure rules: 118
Batch update: 13 rules added, 0 existing rules removed (0 new rules dominated)
Survival: 13 rules added, 0 removed (from 13 candidates)
Updated sys_vals: [1, 2]
---
Round: 521, Unk. prob.: 1.300e-04
Upper probs: 8.934e-01, Lower probs: 1.065e-01
No. of non-dominant rules: 20308, Survival rules: 20190, Failure rules: 118
Batch update: 19 rules added, 0 existing rules removed (0 new rules dominated)
Survival: 19 rules added, 0 removed (from 19 candidates)
Updated sys_vals: [1, 2]
---
Round: 522, Unk. prob.: 1.900e-04
Upper probs: 8.937e-01, Lower probs: 1.061e-01
No. of non-dominant rules: 20327, Survival rules: 20209, Failure rules: 118
Batch update: 16 rules added, 0 existing rules removed (0 new rules dominated)
Survival: 16 rules added, 0 removed (from 16 candidates)
Updated sys_vals: [1, 2]
---
Round: 523, Unk. prob.: 1.600e-04
Upper probs: 8.938e-01, Lower probs: 1.060e-01
No. of non-dominant rules: 20343, Survival rules: 20225, Failure rules: 118
Batch update: 10 rules added, 0 existing rules removed (0 new rules dominated)
Survival: 10 rules added, 0 removed (from 10 candidates)
Updated sys_vals: [1, 2]
---
Round: 524, Unk. prob.: 1.000e-04
Upper probs: 8.934e-01, Lower probs: 1.065e-01
No. of non-dominant rules: 20353, Survival rules: 20235, Failure rules: 118
Batch update: 17 rules added, 0 existing rules removed (0 new rules dominated)
Survival: 17 rules added, 0 removed (from 17 candidates)
Updated sys_vals: [1, 2]
---
Round: 525, Unk. prob.: 1.700e-04
Upper probs: 8.949e-01, Lower probs: 1.049e-01
No. of non-dominant rules: 20370, Survival rules: 20252, Failure rules: 118
Batch update: 15 rules added, 0 existing rules removed (0 new rules dominated)
Survival: 15 rules added, 0 removed (from 15 candidates)
Batch update: 1 rules added, 0 existing rules removed (0 new rules dominated)
Failure: 1 rules added, 0 removed (from 1 candidates)
Updated sys_vals: [1, 2]
---
Round: 526, Unk. prob.: 1.600e-04
Upper probs: 8.928e-01, Lower probs: 1.071e-01
No. of non-dominant rules: 20386, Survival rules: 20267, Failure rules: 119
Batch update: 5 rules added, 0 existing rules removed (0 new rules dominated)
Survival: 5 rules added, 0 removed (from 5 candidates)
Updated sys_vals: [1, 2]
---
Round: 527, Unk. prob.: 5.000e-05
Upper probs: 8.922e-01, Lower probs: 1.077e-01
No. of non-dominant rules: 20391, Survival rules: 20272, Failure rules: 119
Batch update: 21 rules added, 0 existing rules removed (0 new rules dominated)
Survival: 21 rules added, 0 removed (from 21 candidates)
Updated sys_vals: [1, 2]
---
Round: 528, Unk. prob.: 2.100e-04
Upper probs: 8.938e-01, Lower probs: 1.060e-01
No. of non-dominant rules: 20412, Survival rules: 20293, Failure rules: 119
Batch update: 13 rules added, 0 existing rules removed (0 new rules dominated)
Survival: 13 rules added, 0 removed (from 13 candidates)
Updated sys_vals: [1, 2]
---
Round: 529, Unk. prob.: 1.300e-04
Upper probs: 8.952e-01, Lower probs: 1.047e-01
No. of non-dominant rules: 20425, Survival rules: 20306, Failure rules: 119
Batch update: 9 rules added, 0 existing rules removed (0 new rules dominated)
Survival: 9 rules added, 0 removed (from 9 candidates)
Updated sys_vals: [1, 2]
---
Round: 530, Unk. prob.: 9.000e-05
Upper probs: 8.957e-01, Lower probs: 1.042e-01
No. of non-dominant rules: 20434, Survival rules: 20315, Failure rules: 119
Batch update: 10 rules added, 0 existing rules removed (0 new rules dominated)
Survival: 10 rules added, 0 removed (from 10 candidates)
Updated sys_vals: [1, 2]
---
Round: 531, Unk. prob.: 1.000e-04
Upper probs: 8.946e-01, Lower probs: 1.053e-01
No. of non-dominant rules: 20444, Survival rules: 20325, Failure rules: 119
Batch update: 14 rules added, 0 existing rules removed (0 new rules dominated)
Survival: 14 rules added, 0 removed (from 14 candidates)
Updated sys_vals: [1, 2]
---
Round: 532, Unk. prob.: 1.400e-04
Upper probs: 8.934e-01, Lower probs: 1.065e-01
No. of non-dominant rules: 20458, Survival rules: 20339, Failure rules: 119
Batch update: 13 rules added, 0 existing rules removed (0 new rules dominated)
Survival: 13 rules added, 0 removed (from 13 candidates)
Updated sys_vals: [1, 2]
---
Round: 533, Unk. prob.: 1.300e-04
Upper probs: 8.925e-01, Lower probs: 1.074e-01
No. of non-dominant rules: 20471, Survival rules: 20352, Failure rules: 119
Batch update: 14 rules added, 0 existing rules removed (0 new rules dominated)
Survival: 14 rules added, 0 removed (from 14 candidates)
Updated sys_vals: [1, 2]
---
Round: 534, Unk. prob.: 1.400e-04
Upper probs: 8.944e-01, Lower probs: 1.055e-01
No. of non-dominant rules: 20485, Survival rules: 20366, Failure rules: 119
Batch update: 14 rules added, 0 existing rules removed (0 new rules dominated)
Survival: 14 rules added, 0 removed (from 14 candidates)
Updated sys_vals: [1, 2]
---
Round: 535, Unk. prob.: 1.400e-04
Upper probs: 8.919e-01, Lower probs: 1.080e-01
No. of non-dominant rules: 20499, Survival rules: 20380, Failure rules: 119
Batch update: 21 rules added, 0 existing rules removed (0 new rules dominated)
Survival: 21 rules added, 0 removed (from 21 candidates)
Batch update: 1 rules added, 0 existing rules removed (0 new rules dominated)
Failure: 1 rules added, 0 removed (from 1 candidates)
Updated sys_vals: [1, 2]
---
Round: 536, Unk. prob.: 2.200e-04
Upper probs: 8.942e-01, Lower probs: 1.056e-01
No. of non-dominant rules: 20521, Survival rules: 20401, Failure rules: 120
Batch update: 14 rules added, 0 existing rules removed (0 new rules dominated)
Survival: 14 rules added, 0 removed (from 14 candidates)
Updated sys_vals: [1, 2]
---
Round: 537, Unk. prob.: 1.400e-04
Upper probs: 8.956e-01, Lower probs: 1.042e-01
No. of non-dominant rules: 20535, Survival rules: 20415, Failure rules: 120
Batch update: 9 rules added, 0 existing rules removed (0 new rules dominated)
Survival: 9 rules added, 0 removed (from 9 candidates)
Updated sys_vals: [1, 2]
---
Round: 538, Unk. prob.: 9.000e-05
Upper probs: 8.940e-01, Lower probs: 1.060e-01
No. of non-dominant rules: 20544, Survival rules: 20424, Failure rules: 120
Batch update: 16 rules added, 0 existing rules removed (0 new rules dominated)
Survival: 16 rules added, 0 removed (from 16 candidates)
Updated sys_vals: [1, 2]
---
Round: 539, Unk. prob.: 1.600e-04
Upper probs: 8.942e-01, Lower probs: 1.056e-01
No. of non-dominant rules: 20560, Survival rules: 20440, Failure rules: 120
Batch update: 14 rules added, 0 existing rules removed (0 new rules dominated)
Survival: 14 rules added, 0 removed (from 14 candidates)
Updated sys_vals: [1, 2]
---
Round: 540, Unk. prob.: 1.400e-04
Upper probs: 8.947e-01, Lower probs: 1.052e-01
No. of non-dominant rules: 20574, Survival rules: 20454, Failure rules: 120
Batch update: 12 rules added, 0 existing rules removed (0 new rules dominated)
Survival: 12 rules added, 0 removed (from 12 candidates)
Updated sys_vals: [1, 2]
---
Round: 541, Unk. prob.: 1.200e-04
Upper probs: 8.934e-01, Lower probs: 1.064e-01
No. of non-dominant rules: 20586, Survival rules: 20466, Failure rules: 120
Batch update: 18 rules added, 0 existing rules removed (0 new rules dominated)
Survival: 18 rules added, 0 removed (from 18 candidates)
Updated sys_vals: [1, 2]
---
Round: 542, Unk. prob.: 1.800e-04
Upper probs: 8.954e-01, Lower probs: 1.045e-01
No. of non-dominant rules: 20604, Survival rules: 20484, Failure rules: 120
Batch update: 12 rules added, 0 existing rules removed (0 new rules dominated)
Survival: 12 rules added, 0 removed (from 12 candidates)
Updated sys_vals: [1, 2]
---
Round: 543, Unk. prob.: 1.200e-04
Upper probs: 8.957e-01, Lower probs: 1.042e-01
No. of non-dominant rules: 20616, Survival rules: 20496, Failure rules: 120
Batch update: 9 rules added, 0 existing rules removed (0 new rules dominated)
Survival: 9 rules added, 0 removed (from 9 candidates)
Updated sys_vals: [1, 2]
---
Round: 544, Unk. prob.: 9.000e-05
Upper probs: 8.960e-01, Lower probs: 1.039e-01
No. of non-dominant rules: 20625, Survival rules: 20505, Failure rules: 120
Batch update: 11 rules added, 0 existing rules removed (0 new rules dominated)
Survival: 11 rules added, 0 removed (from 11 candidates)
Updated sys_vals: [1, 2]
---
Round: 545, Unk. prob.: 1.100e-04
Upper probs: 8.946e-01, Lower probs: 1.053e-01
No. of non-dominant rules: 20636, Survival rules: 20516, Failure rules: 120
Batch update: 29 rules added, 0 existing rules removed (0 new rules dominated)
Survival: 29 rules added, 0 removed (from 29 candidates)
Updated sys_vals: [1, 2]
---
Round: 546, Unk. prob.: 2.900e-04
Upper probs: 8.941e-01, Lower probs: 1.056e-01
No. of non-dominant rules: 20665, Survival rules: 20545, Failure rules: 120
Batch update: 10 rules added, 0 existing rules removed (0 new rules dominated)
Survival: 10 rules added, 0 removed (from 10 candidates)
Updated sys_vals: [1, 2]
---
Round: 547, Unk. prob.: 1.000e-04
Upper probs: 8.959e-01, Lower probs: 1.040e-01
No. of non-dominant rules: 20675, Survival rules: 20555, Failure rules: 120
Batch update: 9 rules added, 0 existing rules removed (0 new rules dominated)
Survival: 9 rules added, 0 removed (from 9 candidates)
Updated sys_vals: [1, 2]
---
Round: 548, Unk. prob.: 9.000e-05
Upper probs: 8.941e-01, Lower probs: 1.058e-01
No. of non-dominant rules: 20684, Survival rules: 20564, Failure rules: 120
Batch update: 15 rules added, 0 existing rules removed (0 new rules dominated)
Survival: 15 rules added, 0 removed (from 15 candidates)
Updated sys_vals: [1, 2]
---
Round: 549, Unk. prob.: 1.500e-04
Upper probs: 8.924e-01, Lower probs: 1.075e-01
No. of non-dominant rules: 20699, Survival rules: 20579, Failure rules: 120
Batch update: 14 rules added, 0 existing rules removed (0 new rules dominated)
Survival: 14 rules added, 0 removed (from 14 candidates)
Updated sys_vals: [1, 2]
---
Round: 550, Unk. prob.: 1.400e-04
Upper probs: 8.935e-01, Lower probs: 1.063e-01
No. of non-dominant rules: 20713, Survival rules: 20593, Failure rules: 120
Batch update: 17 rules added, 0 existing rules removed (0 new rules dominated)
Survival: 17 rules added, 0 removed (from 17 candidates)
Updated sys_vals: [1, 2]
---
Round: 551, Unk. prob.: 1.700e-04
Upper probs: 8.924e-01, Lower probs: 1.074e-01
No. of non-dominant rules: 20730, Survival rules: 20610, Failure rules: 120
Batch update: 13 rules added, 0 existing rules removed (0 new rules dominated)
Survival: 13 rules added, 0 removed (from 13 candidates)
Updated sys_vals: [1, 2]
---
Round: 552, Unk. prob.: 1.300e-04
Upper probs: 8.938e-01, Lower probs: 1.061e-01
No. of non-dominant rules: 20743, Survival rules: 20623, Failure rules: 120
Batch update: 13 rules added, 0 existing rules removed (0 new rules dominated)
Survival: 13 rules added, 0 removed (from 13 candidates)
Updated sys_vals: [1, 2]
---
Round: 553, Unk. prob.: 1.300e-04
Upper probs: 8.914e-01, Lower probs: 1.084e-01
No. of non-dominant rules: 20756, Survival rules: 20636, Failure rules: 120
Batch update: 18 rules added, 0 existing rules removed (0 new rules dominated)
Survival: 18 rules added, 0 removed (from 18 candidates)
Updated sys_vals: [1, 2]
---
Round: 554, Unk. prob.: 1.800e-04
Upper probs: 8.913e-01, Lower probs: 1.085e-01
No. of non-dominant rules: 20774, Survival rules: 20654, Failure rules: 120
Batch update: 11 rules added, 0 existing rules removed (0 new rules dominated)
Survival: 11 rules added, 0 removed (from 11 candidates)
Updated sys_vals: [1, 2]
---
Round: 555, Unk. prob.: 1.100e-04
Upper probs: 8.945e-01, Lower probs: 1.054e-01
No. of non-dominant rules: 20785, Survival rules: 20665, Failure rules: 120
Batch update: 11 rules added, 0 existing rules removed (0 new rules dominated)
Survival: 11 rules added, 0 removed (from 11 candidates)
Updated sys_vals: [1, 2]
---
Round: 556, Unk. prob.: 1.100e-04
Upper probs: 8.940e-01, Lower probs: 1.059e-01
No. of non-dominant rules: 20796, Survival rules: 20676, Failure rules: 120
Batch update: 11 rules added, 0 existing rules removed (0 new rules dominated)
Survival: 11 rules added, 0 removed (from 11 candidates)
Updated sys_vals: [1, 2]
---
Round: 557, Unk. prob.: 1.100e-04
Upper probs: 8.938e-01, Lower probs: 1.061e-01
No. of non-dominant rules: 20807, Survival rules: 20687, Failure rules: 120
Batch update: 22 rules added, 0 existing rules removed (0 new rules dominated)
Survival: 22 rules added, 0 removed (from 22 candidates)
Updated sys_vals: [1, 2]
---
Round: 558, Unk. prob.: 2.200e-04
Upper probs: 8.939e-01, Lower probs: 1.059e-01
No. of non-dominant rules: 20829, Survival rules: 20709, Failure rules: 120
Batch update: 7 rules added, 0 existing rules removed (0 new rules dominated)
Survival: 7 rules added, 0 removed (from 7 candidates)
Updated sys_vals: [1, 2]
---
Round: 559, Unk. prob.: 7.000e-05
Upper probs: 8.937e-01, Lower probs: 1.062e-01
No. of non-dominant rules: 20836, Survival rules: 20716, Failure rules: 120
Batch update: 14 rules added, 0 existing rules removed (0 new rules dominated)
Survival: 14 rules added, 0 removed (from 14 candidates)
Updated sys_vals: [1, 2]
---
Round: 560, Unk. prob.: 1.400e-04
Upper probs: 8.927e-01, Lower probs: 1.072e-01
No. of non-dominant rules: 20850, Survival rules: 20730, Failure rules: 120
Batch update: 11 rules added, 0 existing rules removed (0 new rules dominated)
Survival: 11 rules added, 0 removed (from 11 candidates)
Batch update: 1 rules added, 0 existing rules removed (0 new rules dominated)
Failure: 1 rules added, 0 removed (from 1 candidates)
Updated sys_vals: [1, 2]
---
Round: 561, Unk. prob.: 1.200e-04
Upper probs: 8.942e-01, Lower probs: 1.057e-01
No. of non-dominant rules: 20862, Survival rules: 20741, Failure rules: 121
Batch update: 14 rules added, 0 existing rules removed (0 new rules dominated)
Survival: 14 rules added, 0 removed (from 14 candidates)
Updated sys_vals: [1, 2]
---
Round: 562, Unk. prob.: 1.400e-04
Upper probs: 8.933e-01, Lower probs: 1.065e-01
No. of non-dominant rules: 20876, Survival rules: 20755, Failure rules: 121
Batch update: 16 rules added, 0 existing rules removed (0 new rules dominated)
Survival: 16 rules added, 0 removed (from 16 candidates)
Updated sys_vals: [1, 2]
---
Round: 563, Unk. prob.: 1.600e-04
Upper probs: 8.953e-01, Lower probs: 1.045e-01
No. of non-dominant rules: 20892, Survival rules: 20771, Failure rules: 121
Batch update: 13 rules added, 0 existing rules removed (0 new rules dominated)
Survival: 13 rules added, 0 removed (from 13 candidates)
Updated sys_vals: [1, 2]
---
Round: 564, Unk. prob.: 1.300e-04
Upper probs: 8.943e-01, Lower probs: 1.055e-01
No. of non-dominant rules: 20905, Survival rules: 20784, Failure rules: 121
Batch update: 7 rules added, 0 existing rules removed (0 new rules dominated)
Survival: 7 rules added, 0 removed (from 7 candidates)
Updated sys_vals: [1, 2]
---
Round: 565, Unk. prob.: 7.000e-05
Upper probs: 8.931e-01, Lower probs: 1.068e-01
No. of non-dominant rules: 20912, Survival rules: 20791, Failure rules: 121
Batch update: 23 rules added, 0 existing rules removed (0 new rules dominated)
Survival: 23 rules added, 0 removed (from 23 candidates)
Updated sys_vals: [1, 2]
---
Round: 566, Unk. prob.: 2.300e-04
Upper probs: 8.929e-01, Lower probs: 1.069e-01
No. of non-dominant rules: 20935, Survival rules: 20814, Failure rules: 121
Batch update: 11 rules added, 0 existing rules removed (0 new rules dominated)
Survival: 11 rules added, 0 removed (from 11 candidates)
Batch update: 1 rules added, 0 existing rules removed (0 new rules dominated)
Failure: 1 rules added, 0 removed (from 1 candidates)
Updated sys_vals: [1, 2]
---
Round: 567, Unk. prob.: 1.200e-04
Upper probs: 8.935e-01, Lower probs: 1.064e-01
No. of non-dominant rules: 20947, Survival rules: 20825, Failure rules: 122
Batch update: 10 rules added, 0 existing rules removed (0 new rules dominated)
Survival: 10 rules added, 0 removed (from 10 candidates)
Updated sys_vals: [1, 2]
---
Round: 568, Unk. prob.: 1.000e-04
Upper probs: 8.953e-01, Lower probs: 1.046e-01
No. of non-dominant rules: 20957, Survival rules: 20835, Failure rules: 122
Batch update: 17 rules added, 0 existing rules removed (0 new rules dominated)
Survival: 17 rules added, 0 removed (from 17 candidates)
Updated sys_vals: [1, 2]
---
Round: 569, Unk. prob.: 1.700e-04
Upper probs: 8.931e-01, Lower probs: 1.067e-01
No. of non-dominant rules: 20974, Survival rules: 20852, Failure rules: 122
Batch update: 11 rules added, 0 existing rules removed (0 new rules dominated)
Survival: 11 rules added, 0 removed (from 11 candidates)
Updated sys_vals: [1, 2]
---
Round: 570, Unk. prob.: 1.100e-04
Upper probs: 8.960e-01, Lower probs: 1.039e-01
No. of non-dominant rules: 20985, Survival rules: 20863, Failure rules: 122
Batch update: 10 rules added, 0 existing rules removed (0 new rules dominated)
Survival: 10 rules added, 0 removed (from 10 candidates)
Updated sys_vals: [1, 2]
---
Round: 571, Unk. prob.: 1.000e-04
Upper probs: 8.950e-01, Lower probs: 1.049e-01
No. of non-dominant rules: 20995, Survival rules: 20873, Failure rules: 122
Batch update: 17 rules added, 0 existing rules removed (0 new rules dominated)
Survival: 17 rules added, 0 removed (from 17 candidates)
Batch update: 2 rules added, 0 existing rules removed (0 new rules dominated)
Failure: 2 rules added, 0 removed (from 2 candidates)
Updated sys_vals: [1, 2]
---
Round: 572, Unk. prob.: 1.900e-04
Upper probs: 8.940e-01, Lower probs: 1.058e-01
No. of non-dominant rules: 21014, Survival rules: 20890, Failure rules: 124
Batch update: 14 rules added, 0 existing rules removed (0 new rules dominated)
Survival: 14 rules added, 0 removed (from 14 candidates)
Updated sys_vals: [1, 2]
---
Round: 573, Unk. prob.: 1.400e-04
Upper probs: 8.930e-01, Lower probs: 1.069e-01
No. of non-dominant rules: 21028, Survival rules: 20904, Failure rules: 124
Batch update: 21 rules added, 0 existing rules removed (0 new rules dominated)
Survival: 21 rules added, 0 removed (from 21 candidates)
Updated sys_vals: [1, 2]
---
Round: 574, Unk. prob.: 2.100e-04
Upper probs: 8.941e-01, Lower probs: 1.057e-01
No. of non-dominant rules: 21049, Survival rules: 20925, Failure rules: 124
Batch update: 18 rules added, 0 existing rules removed (0 new rules dominated)
Survival: 18 rules added, 0 removed (from 18 candidates)
Updated sys_vals: [1, 2]
---
Round: 575, Unk. prob.: 1.800e-04
Upper probs: 8.944e-01, Lower probs: 1.055e-01
No. of non-dominant rules: 21067, Survival rules: 20943, Failure rules: 124
Batch update: 18 rules added, 0 existing rules removed (0 new rules dominated)
Survival: 18 rules added, 0 removed (from 18 candidates)
Updated sys_vals: [1, 2]
---
Round: 576, Unk. prob.: 1.800e-04
Upper probs: 8.930e-01, Lower probs: 1.068e-01
No. of non-dominant rules: 21085, Survival rules: 20961, Failure rules: 124
Batch update: 11 rules added, 0 existing rules removed (0 new rules dominated)
Survival: 11 rules added, 0 removed (from 11 candidates)
Updated sys_vals: [1, 2]
---
Round: 577, Unk. prob.: 1.100e-04
Upper probs: 8.958e-01, Lower probs: 1.041e-01
No. of non-dominant rules: 21096, Survival rules: 20972, Failure rules: 124
Batch update: 15 rules added, 0 existing rules removed (0 new rules dominated)
Survival: 15 rules added, 0 removed (from 15 candidates)
Updated sys_vals: [1, 2]
---
Round: 578, Unk. prob.: 1.500e-04
Upper probs: 8.940e-01, Lower probs: 1.058e-01
No. of non-dominant rules: 21111, Survival rules: 20987, Failure rules: 124
Batch update: 19 rules added, 0 existing rules removed (0 new rules dominated)
Survival: 19 rules added, 0 removed (from 19 candidates)
Updated sys_vals: [1, 2]
---
Round: 579, Unk. prob.: 1.900e-04
Upper probs: 8.948e-01, Lower probs: 1.050e-01
No. of non-dominant rules: 21130, Survival rules: 21006, Failure rules: 124
Batch update: 14 rules added, 0 existing rules removed (0 new rules dominated)
Survival: 14 rules added, 0 removed (from 14 candidates)
Updated sys_vals: [1, 2]
---
Round: 580, Unk. prob.: 1.400e-04
Upper probs: 8.942e-01, Lower probs: 1.057e-01
No. of non-dominant rules: 21144, Survival rules: 21020, Failure rules: 124
Batch update: 12 rules added, 0 existing rules removed (0 new rules dominated)
Survival: 12 rules added, 0 removed (from 12 candidates)
Updated sys_vals: [1, 2]
---
Round: 581, Unk. prob.: 1.200e-04
Upper probs: 8.934e-01, Lower probs: 1.065e-01
No. of non-dominant rules: 21156, Survival rules: 21032, Failure rules: 124
Batch update: 12 rules added, 0 existing rules removed (0 new rules dominated)
Survival: 12 rules added, 0 removed (from 12 candidates)
Updated sys_vals: [1, 2]
---
Round: 582, Unk. prob.: 1.200e-04
Upper probs: 8.947e-01, Lower probs: 1.052e-01
No. of non-dominant rules: 21168, Survival rules: 21044, Failure rules: 124
Batch update: 11 rules added, 0 existing rules removed (0 new rules dominated)
Survival: 11 rules added, 0 removed (from 11 candidates)
Updated sys_vals: [1, 2]
---
Round: 583, Unk. prob.: 1.100e-04
Upper probs: 8.939e-01, Lower probs: 1.060e-01
No. of non-dominant rules: 21179, Survival rules: 21055, Failure rules: 124
Batch update: 16 rules added, 0 existing rules removed (0 new rules dominated)
Survival: 16 rules added, 0 removed (from 16 candidates)
Updated sys_vals: [1, 2]
---
Round: 584, Unk. prob.: 1.600e-04
Upper probs: 8.938e-01, Lower probs: 1.061e-01
No. of non-dominant rules: 21195, Survival rules: 21071, Failure rules: 124
Batch update: 15 rules added, 0 existing rules removed (0 new rules dominated)
Survival: 15 rules added, 0 removed (from 15 candidates)
Updated sys_vals: [1, 2]
---
Round: 585, Unk. prob.: 1.500e-04
Upper probs: 8.947e-01, Lower probs: 1.052e-01
No. of non-dominant rules: 21210, Survival rules: 21086, Failure rules: 124
Batch update: 9 rules added, 0 existing rules removed (0 new rules dominated)
Survival: 9 rules added, 0 removed (from 9 candidates)
Batch update: 1 rules added, 0 existing rules removed (0 new rules dominated)
Failure: 1 rules added, 0 removed (from 1 candidates)
Updated sys_vals: [1, 2]
---
Round: 586, Unk. prob.: 1.000e-04
Upper probs: 8.936e-01, Lower probs: 1.063e-01
No. of non-dominant rules: 21220, Survival rules: 21095, Failure rules: 125
Batch update: 12 rules added, 0 existing rules removed (0 new rules dominated)
Survival: 12 rules added, 0 removed (from 12 candidates)
Updated sys_vals: [1, 2]
---
Round: 587, Unk. prob.: 1.200e-04
Upper probs: 8.944e-01, Lower probs: 1.055e-01
No. of non-dominant rules: 21232, Survival rules: 21107, Failure rules: 125
Batch update: 7 rules added, 0 existing rules removed (0 new rules dominated)
Survival: 7 rules added, 0 removed (from 7 candidates)
Batch update: 1 rules added, 0 existing rules removed (0 new rules dominated)
Failure: 1 rules added, 0 removed (from 1 candidates)
Updated sys_vals: [1, 2]
---
Round: 588, Unk. prob.: 8.000e-05
Upper probs: 8.953e-01, Lower probs: 1.046e-01
No. of non-dominant rules: 21240, Survival rules: 21114, Failure rules: 126
Batch update: 13 rules added, 0 existing rules removed (0 new rules dominated)
Survival: 13 rules added, 0 removed (from 13 candidates)
Updated sys_vals: [1, 2]
---
Round: 589, Unk. prob.: 1.300e-04
Upper probs: 8.941e-01, Lower probs: 1.058e-01
No. of non-dominant rules: 21253, Survival rules: 21127, Failure rules: 126
Batch update: 16 rules added, 0 existing rules removed (0 new rules dominated)
Survival: 16 rules added, 0 removed (from 16 candidates)
Updated sys_vals: [1, 2]
---
Round: 590, Unk. prob.: 1.600e-04
Upper probs: 8.943e-01, Lower probs: 1.055e-01
No. of non-dominant rules: 21269, Survival rules: 21143, Failure rules: 126
Batch update: 9 rules added, 0 existing rules removed (0 new rules dominated)
Survival: 9 rules added, 0 removed (from 9 candidates)
Batch update: 1 rules added, 0 existing rules removed (0 new rules dominated)
Failure: 1 rules added, 0 removed (from 1 candidates)
Updated sys_vals: [1, 2]
---
Round: 591, Unk. prob.: 1.000e-04
Upper probs: 8.944e-01, Lower probs: 1.055e-01
No. of non-dominant rules: 21279, Survival rules: 21152, Failure rules: 127
Batch update: 15 rules added, 0 existing rules removed (0 new rules dominated)
Survival: 15 rules added, 0 removed (from 15 candidates)
Updated sys_vals: [1, 2]
---
Round: 592, Unk. prob.: 1.500e-04
Upper probs: 8.942e-01, Lower probs: 1.056e-01
No. of non-dominant rules: 21294, Survival rules: 21167, Failure rules: 127
Batch update: 13 rules added, 0 existing rules removed (0 new rules dominated)
Survival: 13 rules added, 0 removed (from 13 candidates)
Updated sys_vals: [1, 2]
---
Round: 593, Unk. prob.: 1.300e-04
Upper probs: 8.940e-01, Lower probs: 1.058e-01
No. of non-dominant rules: 21307, Survival rules: 21180, Failure rules: 127
Batch update: 10 rules added, 0 existing rules removed (0 new rules dominated)
Survival: 10 rules added, 0 removed (from 10 candidates)
Updated sys_vals: [1, 2]
---
Round: 594, Unk. prob.: 1.000e-04
Upper probs: 8.924e-01, Lower probs: 1.075e-01
No. of non-dominant rules: 21317, Survival rules: 21190, Failure rules: 127
Batch update: 14 rules added, 0 existing rules removed (0 new rules dominated)
Survival: 14 rules added, 0 removed (from 14 candidates)
Updated sys_vals: [1, 2]
---
Round: 595, Unk. prob.: 1.400e-04
Upper probs: 8.944e-01, Lower probs: 1.055e-01
No. of non-dominant rules: 21331, Survival rules: 21204, Failure rules: 127
Batch update: 13 rules added, 0 existing rules removed (0 new rules dominated)
Survival: 13 rules added, 0 removed (from 13 candidates)
Updated sys_vals: [1, 2]
---
Round: 596, Unk. prob.: 1.300e-04
Upper probs: 8.940e-01, Lower probs: 1.058e-01
No. of non-dominant rules: 21344, Survival rules: 21217, Failure rules: 127
Batch update: 9 rules added, 0 existing rules removed (0 new rules dominated)
Survival: 9 rules added, 0 removed (from 9 candidates)
Updated sys_vals: [1, 2]
---
Round: 597, Unk. prob.: 9.000e-05
Upper probs: 8.943e-01, Lower probs: 1.056e-01
No. of non-dominant rules: 21353, Survival rules: 21226, Failure rules: 127
Batch update: 15 rules added, 0 existing rules removed (0 new rules dominated)
Survival: 15 rules added, 0 removed (from 15 candidates)
Updated sys_vals: [1, 2]
---
Round: 598, Unk. prob.: 1.500e-04
Upper probs: 8.944e-01, Lower probs: 1.055e-01
No. of non-dominant rules: 21368, Survival rules: 21241, Failure rules: 127
Batch update: 12 rules added, 0 existing rules removed (0 new rules dominated)
Survival: 12 rules added, 0 removed (from 12 candidates)
Updated sys_vals: [1, 2]
---
Round: 599, Unk. prob.: 1.200e-04
Upper probs: 8.943e-01, Lower probs: 1.055e-01
No. of non-dominant rules: 21380, Survival rules: 21253, Failure rules: 127
Batch update: 13 rules added, 0 existing rules removed (0 new rules dominated)
Survival: 13 rules added, 0 removed (from 13 candidates)
Updated sys_vals: [1, 2]
---
Round: 600, Unk. prob.: 1.300e-04
Upper probs: 8.962e-01, Lower probs: 1.037e-01
No. of non-dominant rules: 21393, Survival rules: 21266, Failure rules: 127
Batch update: 8 rules added, 0 existing rules removed (0 new rules dominated)
Survival: 8 rules added, 0 removed (from 8 candidates)
Updated sys_vals: [1, 2]
---
Round: 601, Unk. prob.: 8.000e-05
Upper probs: 8.949e-01, Lower probs: 1.050e-01
No. of non-dominant rules: 21401, Survival rules: 21274, Failure rules: 127
Batch update: 14 rules added, 0 existing rules removed (0 new rules dominated)
Survival: 14 rules added, 0 removed (from 14 candidates)
Batch update: 1 rules added, 0 existing rules removed (0 new rules dominated)
Failure: 1 rules added, 0 removed (from 1 candidates)
Updated sys_vals: [1, 2]
---
Round: 602, Unk. prob.: 1.500e-04
Upper probs: 8.930e-01, Lower probs: 1.068e-01
No. of non-dominant rules: 21416, Survival rules: 21288, Failure rules: 128
Batch update: 11 rules added, 0 existing rules removed (0 new rules dominated)
Survival: 11 rules added, 0 removed (from 11 candidates)
Updated sys_vals: [1, 2]
---
Round: 603, Unk. prob.: 1.100e-04
Upper probs: 8.946e-01, Lower probs: 1.053e-01
No. of non-dominant rules: 21427, Survival rules: 21299, Failure rules: 128
Batch update: 15 rules added, 0 existing rules removed (0 new rules dominated)
Survival: 15 rules added, 0 removed (from 15 candidates)
Updated sys_vals: [1, 2]
---
Round: 604, Unk. prob.: 1.500e-04
Upper probs: 8.941e-01, Lower probs: 1.058e-01
No. of non-dominant rules: 21442, Survival rules: 21314, Failure rules: 128
Batch update: 19 rules added, 0 existing rules removed (0 new rules dominated)
Survival: 19 rules added, 0 removed (from 19 candidates)
Updated sys_vals: [1, 2]
---
Round: 605, Unk. prob.: 1.900e-04
Upper probs: 8.941e-01, Lower probs: 1.057e-01
No. of non-dominant rules: 21461, Survival rules: 21333, Failure rules: 128
Batch update: 10 rules added, 0 existing rules removed (0 new rules dominated)
Survival: 10 rules added, 0 removed (from 10 candidates)
Updated sys_vals: [1, 2]
---
Round: 606, Unk. prob.: 1.000e-04
Upper probs: 8.928e-01, Lower probs: 1.071e-01
No. of non-dominant rules: 21471, Survival rules: 21343, Failure rules: 128
Batch update: 15 rules added, 0 existing rules removed (0 new rules dominated)
Survival: 15 rules added, 0 removed (from 15 candidates)
Updated sys_vals: [1, 2]
---
Round: 607, Unk. prob.: 1.500e-04
Upper probs: 8.942e-01, Lower probs: 1.057e-01
No. of non-dominant rules: 21486, Survival rules: 21358, Failure rules: 128
Batch update: 14 rules added, 0 existing rules removed (0 new rules dominated)
Survival: 14 rules added, 0 removed (from 14 candidates)
Updated sys_vals: [1, 2]
---
Round: 608, Unk. prob.: 1.400e-04
Upper probs: 8.938e-01, Lower probs: 1.061e-01
No. of non-dominant rules: 21500, Survival rules: 21372, Failure rules: 128
Batch update: 12 rules added, 0 existing rules removed (0 new rules dominated)
Survival: 12 rules added, 0 removed (from 12 candidates)
Updated sys_vals: [1, 2]
---
Round: 609, Unk. prob.: 1.200e-04
Upper probs: 8.926e-01, Lower probs: 1.073e-01
No. of non-dominant rules: 21512, Survival rules: 21384, Failure rules: 128
Batch update: 9 rules added, 0 existing rules removed (0 new rules dominated)
Survival: 9 rules added, 0 removed (from 9 candidates)
Updated sys_vals: [1, 2]
---
Round: 610, Unk. prob.: 9.000e-05
Upper probs: 8.939e-01, Lower probs: 1.060e-01
No. of non-dominant rules: 21521, Survival rules: 21393, Failure rules: 128
Batch update: 18 rules added, 0 existing rules removed (0 new rules dominated)
Survival: 18 rules added, 0 removed (from 18 candidates)
Updated sys_vals: [1, 2]
---
Round: 611, Unk. prob.: 1.800e-04
Upper probs: 8.950e-01, Lower probs: 1.048e-01
No. of non-dominant rules: 21539, Survival rules: 21411, Failure rules: 128
Batch update: 9 rules added, 0 existing rules removed (0 new rules dominated)
Survival: 9 rules added, 0 removed (from 9 candidates)
Updated sys_vals: [1, 2]
---
Round: 612, Unk. prob.: 9.000e-05
Upper probs: 8.940e-01, Lower probs: 1.059e-01
No. of non-dominant rules: 21548, Survival rules: 21420, Failure rules: 128
Batch update: 11 rules added, 0 existing rules removed (0 new rules dominated)
Survival: 11 rules added, 0 removed (from 11 candidates)
Updated sys_vals: [1, 2]
---
Round: 613, Unk. prob.: 1.100e-04
Upper probs: 8.932e-01, Lower probs: 1.067e-01
No. of non-dominant rules: 21559, Survival rules: 21431, Failure rules: 128
Batch update: 13 rules added, 0 existing rules removed (0 new rules dominated)
Survival: 13 rules added, 0 removed (from 13 candidates)
Updated sys_vals: [1, 2]
---
Round: 614, Unk. prob.: 1.300e-04
Upper probs: 8.943e-01, Lower probs: 1.055e-01
No. of non-dominant rules: 21572, Survival rules: 21444, Failure rules: 128
Batch update: 12 rules added, 0 existing rules removed (0 new rules dominated)
Survival: 12 rules added, 0 removed (from 12 candidates)
Updated sys_vals: [1, 2]
---
Round: 615, Unk. prob.: 1.200e-04
Upper probs: 8.945e-01, Lower probs: 1.053e-01
No. of non-dominant rules: 21584, Survival rules: 21456, Failure rules: 128
Batch update: 17 rules added, 0 existing rules removed (0 new rules dominated)
Survival: 17 rules added, 0 removed (from 17 candidates)
Updated sys_vals: [1, 2]
---
Round: 616, Unk. prob.: 1.700e-04
Upper probs: 8.940e-01, Lower probs: 1.059e-01
No. of non-dominant rules: 21601, Survival rules: 21473, Failure rules: 128
Batch update: 12 rules added, 0 existing rules removed (0 new rules dominated)
Survival: 12 rules added, 0 removed (from 12 candidates)
Updated sys_vals: [1, 2]
---
Round: 617, Unk. prob.: 1.200e-04
Upper probs: 8.951e-01, Lower probs: 1.048e-01
No. of non-dominant rules: 21613, Survival rules: 21485, Failure rules: 128
Batch update: 16 rules added, 0 existing rules removed (0 new rules dominated)
Survival: 16 rules added, 0 removed (from 16 candidates)
Updated sys_vals: [1, 2]
---
Round: 618, Unk. prob.: 1.600e-04
Upper probs: 8.952e-01, Lower probs: 1.046e-01
No. of non-dominant rules: 21629, Survival rules: 21501, Failure rules: 128
Batch update: 7 rules added, 0 existing rules removed (0 new rules dominated)
Survival: 7 rules added, 0 removed (from 7 candidates)
Updated sys_vals: [1, 2]
---
Round: 619, Unk. prob.: 7.000e-05
Upper probs: 8.931e-01, Lower probs: 1.069e-01
No. of non-dominant rules: 21636, Survival rules: 21508, Failure rules: 128
Batch update: 16 rules added, 0 existing rules removed (0 new rules dominated)
Survival: 16 rules added, 0 removed (from 16 candidates)
Updated sys_vals: [1, 2]
---
Round: 620, Unk. prob.: 1.600e-04
Upper probs: 8.927e-01, Lower probs: 1.072e-01
No. of non-dominant rules: 21652, Survival rules: 21524, Failure rules: 128
Batch update: 20 rules added, 0 existing rules removed (0 new rules dominated)
Survival: 20 rules added, 0 removed (from 20 candidates)
Updated sys_vals: [1, 2]
---
Round: 621, Unk. prob.: 2.000e-04
Upper probs: 8.944e-01, Lower probs: 1.054e-01
No. of non-dominant rules: 21672, Survival rules: 21544, Failure rules: 128
Batch update: 12 rules added, 0 existing rules removed (0 new rules dominated)
Survival: 12 rules added, 0 removed (from 12 candidates)
Updated sys_vals: [1, 2]
---
Round: 622, Unk. prob.: 1.200e-04
Upper probs: 8.930e-01, Lower probs: 1.069e-01
No. of non-dominant rules: 21684, Survival rules: 21556, Failure rules: 128
Batch update: 8 rules added, 0 existing rules removed (0 new rules dominated)
Survival: 8 rules added, 0 removed (from 8 candidates)
Updated sys_vals: [1, 2]
---
Round: 623, Unk. prob.: 8.000e-05
Upper probs: 8.934e-01, Lower probs: 1.065e-01
No. of non-dominant rules: 21692, Survival rules: 21564, Failure rules: 128
Batch update: 16 rules added, 0 existing rules removed (0 new rules dominated)
Survival: 16 rules added, 0 removed (from 16 candidates)
Updated sys_vals: [1, 2]
---
Round: 624, Unk. prob.: 1.600e-04
Upper probs: 8.934e-01, Lower probs: 1.065e-01
No. of non-dominant rules: 21708, Survival rules: 21580, Failure rules: 128
Batch update: 24 rules added, 0 existing rules removed (0 new rules dominated)
Survival: 24 rules added, 0 removed (from 24 candidates)
Updated sys_vals: [1, 2]
---
Round: 625, Unk. prob.: 2.400e-04
Upper probs: 8.945e-01, Lower probs: 1.052e-01
No. of non-dominant rules: 21732, Survival rules: 21604, Failure rules: 128
Batch update: 16 rules added, 0 existing rules removed (0 new rules dominated)
Survival: 16 rules added, 0 removed (from 16 candidates)
Updated sys_vals: [1, 2]
---
Round: 626, Unk. prob.: 1.600e-04
Upper probs: 8.940e-01, Lower probs: 1.058e-01
No. of non-dominant rules: 21748, Survival rules: 21620, Failure rules: 128
Batch update: 16 rules added, 0 existing rules removed (0 new rules dominated)
Survival: 16 rules added, 0 removed (from 16 candidates)
Updated sys_vals: [1, 2]
---
Round: 627, Unk. prob.: 1.600e-04
Upper probs: 8.940e-01, Lower probs: 1.058e-01
No. of non-dominant rules: 21764, Survival rules: 21636, Failure rules: 128
Batch update: 16 rules added, 0 existing rules removed (0 new rules dominated)
Survival: 16 rules added, 0 removed (from 16 candidates)
Updated sys_vals: [1, 2]
---
Round: 628, Unk. prob.: 1.600e-04
Upper probs: 8.927e-01, Lower probs: 1.071e-01
No. of non-dominant rules: 21780, Survival rules: 21652, Failure rules: 128
Batch update: 8 rules added, 0 existing rules removed (0 new rules dominated)
Survival: 8 rules added, 0 removed (from 8 candidates)
Updated sys_vals: [1, 2]
---
Round: 629, Unk. prob.: 8.000e-05
Upper probs: 8.929e-01, Lower probs: 1.071e-01
No. of non-dominant rules: 21788, Survival rules: 21660, Failure rules: 128
Batch update: 11 rules added, 0 existing rules removed (0 new rules dominated)
Survival: 11 rules added, 0 removed (from 11 candidates)
Batch update: 1 rules added, 0 existing rules removed (0 new rules dominated)
Failure: 1 rules added, 0 removed (from 1 candidates)
Updated sys_vals: [1, 2]
---
Round: 630, Unk. prob.: 1.200e-04
Upper probs: 8.945e-01, Lower probs: 1.054e-01
No. of non-dominant rules: 21800, Survival rules: 21671, Failure rules: 129
Batch update: 10 rules added, 0 existing rules removed (0 new rules dominated)
Survival: 10 rules added, 0 removed (from 10 candidates)
Updated sys_vals: [1, 2]
---
Round: 631, Unk. prob.: 1.000e-04
Upper probs: 8.948e-01, Lower probs: 1.051e-01
No. of non-dominant rules: 21810, Survival rules: 21681, Failure rules: 129
Batch update: 21 rules added, 0 existing rules removed (0 new rules dominated)
Survival: 21 rules added, 0 removed (from 21 candidates)
Updated sys_vals: [1, 2]
---
Round: 632, Unk. prob.: 2.100e-04
Upper probs: 8.943e-01, Lower probs: 1.055e-01
No. of non-dominant rules: 21831, Survival rules: 21702, Failure rules: 129
Batch update: 14 rules added, 0 existing rules removed (0 new rules dominated)
Survival: 14 rules added, 0 removed (from 14 candidates)
Updated sys_vals: [1, 2]
---
Round: 633, Unk. prob.: 1.400e-04
Upper probs: 8.950e-01, Lower probs: 1.049e-01
No. of non-dominant rules: 21845, Survival rules: 21716, Failure rules: 129
Batch update: 12 rules added, 0 existing rules removed (0 new rules dominated)
Survival: 12 rules added, 0 removed (from 12 candidates)
Updated sys_vals: [1, 2]
---
Round: 634, Unk. prob.: 1.200e-04
Upper probs: 8.930e-01, Lower probs: 1.069e-01
No. of non-dominant rules: 21857, Survival rules: 21728, Failure rules: 129
Batch update: 15 rules added, 0 existing rules removed (0 new rules dominated)
Survival: 15 rules added, 0 removed (from 15 candidates)
Updated sys_vals: [1, 2]
---
Round: 635, Unk. prob.: 1.500e-04
Upper probs: 8.940e-01, Lower probs: 1.059e-01
No. of non-dominant rules: 21872, Survival rules: 21743, Failure rules: 129
Batch update: 19 rules added, 0 existing rules removed (0 new rules dominated)
Survival: 19 rules added, 0 removed (from 19 candidates)
Updated sys_vals: [1, 2]
---
Round: 636, Unk. prob.: 1.900e-04
Upper probs: 8.938e-01, Lower probs: 1.060e-01
No. of non-dominant rules: 21891, Survival rules: 21762, Failure rules: 129
Batch update: 18 rules added, 0 existing rules removed (0 new rules dominated)
Survival: 18 rules added, 0 removed (from 18 candidates)
Updated sys_vals: [1, 2]
---
Round: 637, Unk. prob.: 1.800e-04
Upper probs: 8.955e-01, Lower probs: 1.043e-01
No. of non-dominant rules: 21909, Survival rules: 21780, Failure rules: 129
Batch update: 11 rules added, 0 existing rules removed (0 new rules dominated)
Survival: 11 rules added, 0 removed (from 11 candidates)
Updated sys_vals: [1, 2]
---
Round: 638, Unk. prob.: 1.100e-04
Upper probs: 8.949e-01, Lower probs: 1.050e-01
No. of non-dominant rules: 21920, Survival rules: 21791, Failure rules: 129
Batch update: 16 rules added, 0 existing rules removed (0 new rules dominated)
Survival: 16 rules added, 0 removed (from 16 candidates)
Updated sys_vals: [1, 2]
---
Round: 639, Unk. prob.: 1.600e-04
Upper probs: 8.933e-01, Lower probs: 1.065e-01
No. of non-dominant rules: 21936, Survival rules: 21807, Failure rules: 129
Batch update: 16 rules added, 0 existing rules removed (0 new rules dominated)
Survival: 16 rules added, 0 removed (from 16 candidates)
Updated sys_vals: [1, 2]
---
Round: 640, Unk. prob.: 1.600e-04
Upper probs: 8.933e-01, Lower probs: 1.066e-01
No. of non-dominant rules: 21952, Survival rules: 21823, Failure rules: 129
Batch update: 18 rules added, 0 existing rules removed (0 new rules dominated)
Survival: 18 rules added, 0 removed (from 18 candidates)
Updated sys_vals: [1, 2]
---
Round: 641, Unk. prob.: 1.800e-04
Upper probs: 8.936e-01, Lower probs: 1.063e-01
No. of non-dominant rules: 21970, Survival rules: 21841, Failure rules: 129
Batch update: 13 rules added, 0 existing rules removed (0 new rules dominated)
Survival: 13 rules added, 0 removed (from 13 candidates)
Updated sys_vals: [1, 2]
---
Round: 642, Unk. prob.: 1.300e-04
Upper probs: 8.946e-01, Lower probs: 1.052e-01
No. of non-dominant rules: 21983, Survival rules: 21854, Failure rules: 129
Batch update: 11 rules added, 0 existing rules removed (0 new rules dominated)
Survival: 11 rules added, 0 removed (from 11 candidates)
Updated sys_vals: [1, 2]
---
Round: 643, Unk. prob.: 1.100e-04
Upper probs: 8.950e-01, Lower probs: 1.049e-01
No. of non-dominant rules: 21994, Survival rules: 21865, Failure rules: 129
Batch update: 8 rules added, 0 existing rules removed (0 new rules dominated)
Survival: 8 rules added, 0 removed (from 8 candidates)
Updated sys_vals: [1, 2]
---
Round: 644, Unk. prob.: 8.000e-05
Upper probs: 8.957e-01, Lower probs: 1.042e-01
No. of non-dominant rules: 22002, Survival rules: 21873, Failure rules: 129
Batch update: 10 rules added, 0 existing rules removed (0 new rules dominated)
Survival: 10 rules added, 0 removed (from 10 candidates)
Updated sys_vals: [1, 2]
---
Round: 645, Unk. prob.: 1.000e-04
Upper probs: 8.946e-01, Lower probs: 1.052e-01
No. of non-dominant rules: 22012, Survival rules: 21883, Failure rules: 129
Batch update: 17 rules added, 0 existing rules removed (0 new rules dominated)
Survival: 17 rules added, 0 removed (from 17 candidates)
Updated sys_vals: [1, 2]
---
Round: 646, Unk. prob.: 1.700e-04
Upper probs: 8.943e-01, Lower probs: 1.056e-01
No. of non-dominant rules: 22029, Survival rules: 21900, Failure rules: 129
Batch update: 10 rules added, 0 existing rules removed (0 new rules dominated)
Survival: 10 rules added, 0 removed (from 10 candidates)
Updated sys_vals: [1, 2]
---
Round: 647, Unk. prob.: 1.000e-04
Upper probs: 8.949e-01, Lower probs: 1.050e-01
No. of non-dominant rules: 22039, Survival rules: 21910, Failure rules: 129
Batch update: 17 rules added, 0 existing rules removed (0 new rules dominated)
Survival: 17 rules added, 0 removed (from 17 candidates)
Updated sys_vals: [1, 2]
---
Round: 648, Unk. prob.: 1.700e-04
Upper probs: 8.956e-01, Lower probs: 1.042e-01
No. of non-dominant rules: 22056, Survival rules: 21927, Failure rules: 129
Batch update: 11 rules added, 0 existing rules removed (0 new rules dominated)
Survival: 11 rules added, 0 removed (from 11 candidates)
Updated sys_vals: [1, 2]
---
Round: 649, Unk. prob.: 1.100e-04
Upper probs: 8.942e-01, Lower probs: 1.057e-01
No. of non-dominant rules: 22067, Survival rules: 21938, Failure rules: 129
Batch update: 18 rules added, 0 existing rules removed (0 new rules dominated)
Survival: 18 rules added, 0 removed (from 18 candidates)
Updated sys_vals: [1, 2]
---
Round: 650, Unk. prob.: 1.800e-04
Upper probs: 8.940e-01, Lower probs: 1.058e-01
No. of non-dominant rules: 22085, Survival rules: 21956, Failure rules: 129
Batch update: 13 rules added, 0 existing rules removed (0 new rules dominated)
Survival: 13 rules added, 0 removed (from 13 candidates)
Updated sys_vals: [1, 2]
---
Round: 651, Unk. prob.: 1.300e-04
Upper probs: 8.933e-01, Lower probs: 1.066e-01
No. of non-dominant rules: 22098, Survival rules: 21969, Failure rules: 129
Batch update: 17 rules added, 0 existing rules removed (0 new rules dominated)
Survival: 17 rules added, 0 removed (from 17 candidates)
Updated sys_vals: [1, 2]
---
Round: 652, Unk. prob.: 1.700e-04
Upper probs: 8.936e-01, Lower probs: 1.062e-01
No. of non-dominant rules: 22115, Survival rules: 21986, Failure rules: 129
Batch update: 7 rules added, 0 existing rules removed (0 new rules dominated)
Survival: 7 rules added, 0 removed (from 7 candidates)
Updated sys_vals: [1, 2]
---
Round: 653, Unk. prob.: 7.000e-05
Upper probs: 8.938e-01, Lower probs: 1.062e-01
No. of non-dominant rules: 22122, Survival rules: 21993, Failure rules: 129
Batch update: 13 rules added, 0 existing rules removed (0 new rules dominated)
Survival: 13 rules added, 0 removed (from 13 candidates)
Batch update: 1 rules added, 0 existing rules removed (0 new rules dominated)
Failure: 1 rules added, 0 removed (from 1 candidates)
Updated sys_vals: [1, 2]
---
Round: 654, Unk. prob.: 1.400e-04
Upper probs: 8.923e-01, Lower probs: 1.076e-01
No. of non-dominant rules: 22136, Survival rules: 22006, Failure rules: 130
Batch update: 17 rules added, 0 existing rules removed (0 new rules dominated)
Survival: 17 rules added, 0 removed (from 17 candidates)
Updated sys_vals: [1, 2]
---
Round: 655, Unk. prob.: 1.700e-04
Upper probs: 8.927e-01, Lower probs: 1.071e-01
No. of non-dominant rules: 22153, Survival rules: 22023, Failure rules: 130
Batch update: 16 rules added, 0 existing rules removed (0 new rules dominated)
Survival: 16 rules added, 0 removed (from 16 candidates)
Updated sys_vals: [1, 2]
---
Round: 656, Unk. prob.: 1.600e-04
Upper probs: 8.926e-01, Lower probs: 1.072e-01
No. of non-dominant rules: 22169, Survival rules: 22039, Failure rules: 130
Batch update: 14 rules added, 0 existing rules removed (0 new rules dominated)
Survival: 14 rules added, 0 removed (from 14 candidates)
Updated sys_vals: [1, 2]
---
Round: 657, Unk. prob.: 1.400e-04
Upper probs: 8.949e-01, Lower probs: 1.049e-01
No. of non-dominant rules: 22183, Survival rules: 22053, Failure rules: 130
Batch update: 9 rules added, 0 existing rules removed (0 new rules dominated)
Survival: 9 rules added, 0 removed (from 9 candidates)
Updated sys_vals: [1, 2]
---
Round: 658, Unk. prob.: 9.000e-05
Upper probs: 8.942e-01, Lower probs: 1.057e-01
No. of non-dominant rules: 22192, Survival rules: 22062, Failure rules: 130
Batch update: 16 rules added, 0 existing rules removed (0 new rules dominated)
Survival: 16 rules added, 0 removed (from 16 candidates)
Updated sys_vals: [1, 2]
---
Round: 659, Unk. prob.: 1.600e-04
Upper probs: 8.947e-01, Lower probs: 1.051e-01
No. of non-dominant rules: 22208, Survival rules: 22078, Failure rules: 130
Batch update: 21 rules added, 0 existing rules removed (0 new rules dominated)
Survival: 21 rules added, 0 removed (from 21 candidates)
Updated sys_vals: [1, 2]
---
Round: 660, Unk. prob.: 2.100e-04
Upper probs: 8.938e-01, Lower probs: 1.060e-01
No. of non-dominant rules: 22229, Survival rules: 22099, Failure rules: 130
Batch update: 20 rules added, 0 existing rules removed (0 new rules dominated)
Survival: 20 rules added, 0 removed (from 20 candidates)
Updated sys_vals: [1, 2]
---
Round: 661, Unk. prob.: 2.000e-04
Upper probs: 8.929e-01, Lower probs: 1.069e-01
No. of non-dominant rules: 22249, Survival rules: 22119, Failure rules: 130
Batch update: 13 rules added, 0 existing rules removed (0 new rules dominated)
Survival: 13 rules added, 0 removed (from 13 candidates)
Updated sys_vals: [1, 2]
---
Round: 662, Unk. prob.: 1.300e-04
Upper probs: 8.944e-01, Lower probs: 1.055e-01
No. of non-dominant rules: 22262, Survival rules: 22132, Failure rules: 130
Batch update: 8 rules added, 0 existing rules removed (0 new rules dominated)
Survival: 8 rules added, 0 removed (from 8 candidates)
Updated sys_vals: [1, 2]
---
Round: 663, Unk. prob.: 8.000e-05
Upper probs: 8.926e-01, Lower probs: 1.073e-01
No. of non-dominant rules: 22270, Survival rules: 22140, Failure rules: 130
Batch update: 20 rules added, 0 existing rules removed (0 new rules dominated)
Survival: 20 rules added, 0 removed (from 20 candidates)
Updated sys_vals: [1, 2]
---
Round: 664, Unk. prob.: 2.000e-04
Upper probs: 8.942e-01, Lower probs: 1.056e-01
No. of non-dominant rules: 22290, Survival rules: 22160, Failure rules: 130
Batch update: 13 rules added, 0 existing rules removed (0 new rules dominated)
Survival: 13 rules added, 0 removed (from 13 candidates)
Updated sys_vals: [1, 2]
---
Round: 665, Unk. prob.: 1.300e-04
Upper probs: 8.937e-01, Lower probs: 1.062e-01
No. of non-dominant rules: 22303, Survival rules: 22173, Failure rules: 130
Batch update: 13 rules added, 0 existing rules removed (0 new rules dominated)
Survival: 13 rules added, 0 removed (from 13 candidates)
Updated sys_vals: [1, 2]
---
Round: 666, Unk. prob.: 1.300e-04
Upper probs: 8.945e-01, Lower probs: 1.053e-01
No. of non-dominant rules: 22316, Survival rules: 22186, Failure rules: 130
Batch update: 16 rules added, 0 existing rules removed (0 new rules dominated)
Survival: 16 rules added, 0 removed (from 16 candidates)
Updated sys_vals: [1, 2]
---
Round: 667, Unk. prob.: 1.600e-04
Upper probs: 8.966e-01, Lower probs: 1.032e-01
No. of non-dominant rules: 22332, Survival rules: 22202, Failure rules: 130
Batch update: 12 rules added, 0 existing rules removed (0 new rules dominated)
Survival: 12 rules added, 0 removed (from 12 candidates)
Updated sys_vals: [1, 2]
---
Round: 668, Unk. prob.: 1.200e-04
Upper probs: 8.930e-01, Lower probs: 1.069e-01
No. of non-dominant rules: 22344, Survival rules: 22214, Failure rules: 130
Batch update: 13 rules added, 0 existing rules removed (0 new rules dominated)
Survival: 13 rules added, 0 removed (from 13 candidates)
Updated sys_vals: [1, 2]
---
Round: 669, Unk. prob.: 1.300e-04
Upper probs: 8.941e-01, Lower probs: 1.058e-01
No. of non-dominant rules: 22357, Survival rules: 22227, Failure rules: 130
Batch update: 15 rules added, 0 existing rules removed (0 new rules dominated)
Survival: 15 rules added, 0 removed (from 15 candidates)
Updated sys_vals: [1, 2]
---
Round: 670, Unk. prob.: 1.500e-04
Upper probs: 8.955e-01, Lower probs: 1.043e-01
No. of non-dominant rules: 22372, Survival rules: 22242, Failure rules: 130
Batch update: 16 rules added, 0 existing rules removed (0 new rules dominated)
Survival: 16 rules added, 0 removed (from 16 candidates)
Updated sys_vals: [1, 2]
---
Round: 671, Unk. prob.: 1.600e-04
Upper probs: 8.948e-01, Lower probs: 1.051e-01
No. of non-dominant rules: 22388, Survival rules: 22258, Failure rules: 130
Batch update: 12 rules added, 0 existing rules removed (0 new rules dominated)
Survival: 12 rules added, 0 removed (from 12 candidates)
Updated sys_vals: [1, 2]
---
Round: 672, Unk. prob.: 1.200e-04
Upper probs: 8.945e-01, Lower probs: 1.053e-01
No. of non-dominant rules: 22400, Survival rules: 22270, Failure rules: 130
Batch update: 9 rules added, 0 existing rules removed (0 new rules dominated)
Survival: 9 rules added, 0 removed (from 9 candidates)
Updated sys_vals: [1, 2]
---
Round: 673, Unk. prob.: 9.000e-05
Upper probs: 8.944e-01, Lower probs: 1.055e-01
No. of non-dominant rules: 22409, Survival rules: 22279, Failure rules: 130
Batch update: 13 rules added, 0 existing rules removed (0 new rules dominated)
Survival: 13 rules added, 0 removed (from 13 candidates)
Updated sys_vals: [1, 2]
---
Round: 674, Unk. prob.: 1.300e-04
Upper probs: 8.951e-01, Lower probs: 1.048e-01
No. of non-dominant rules: 22422, Survival rules: 22292, Failure rules: 130
Batch update: 11 rules added, 0 existing rules removed (0 new rules dominated)
Survival: 11 rules added, 0 removed (from 11 candidates)
Updated sys_vals: [1, 2]
---
Round: 675, Unk. prob.: 1.100e-04
Upper probs: 8.927e-01, Lower probs: 1.072e-01
No. of non-dominant rules: 22433, Survival rules: 22303, Failure rules: 130
Batch update: 18 rules added, 0 existing rules removed (0 new rules dominated)
Survival: 18 rules added, 0 removed (from 18 candidates)
Updated sys_vals: [1, 2]
---
Round: 676, Unk. prob.: 1.800e-04
Upper probs: 8.945e-01, Lower probs: 1.054e-01
No. of non-dominant rules: 22451, Survival rules: 22321, Failure rules: 130
Batch update: 10 rules added, 0 existing rules removed (0 new rules dominated)
Survival: 10 rules added, 0 removed (from 10 candidates)
Updated sys_vals: [1, 2]
---
Round: 677, Unk. prob.: 1.000e-04
Upper probs: 8.923e-01, Lower probs: 1.076e-01
No. of non-dominant rules: 22461, Survival rules: 22331, Failure rules: 130
Batch update: 13 rules added, 0 existing rules removed (0 new rules dominated)
Survival: 13 rules added, 0 removed (from 13 candidates)
Updated sys_vals: [1, 2]
---
Round: 678, Unk. prob.: 1.300e-04
Upper probs: 8.952e-01, Lower probs: 1.047e-01
No. of non-dominant rules: 22474, Survival rules: 22344, Failure rules: 130
Batch update: 13 rules added, 0 existing rules removed (0 new rules dominated)
Survival: 13 rules added, 0 removed (from 13 candidates)
Updated sys_vals: [1, 2]
---
Round: 679, Unk. prob.: 1.300e-04
Upper probs: 8.944e-01, Lower probs: 1.055e-01
No. of non-dominant rules: 22487, Survival rules: 22357, Failure rules: 130
Batch update: 22 rules added, 0 existing rules removed (0 new rules dominated)
Survival: 22 rules added, 0 removed (from 22 candidates)
Updated sys_vals: [1, 2]
---
Round: 680, Unk. prob.: 2.200e-04
Upper probs: 8.932e-01, Lower probs: 1.066e-01
No. of non-dominant rules: 22509, Survival rules: 22379, Failure rules: 130
Batch update: 16 rules added, 0 existing rules removed (0 new rules dominated)
Survival: 16 rules added, 0 removed (from 16 candidates)
Updated sys_vals: [1, 2]
---
Round: 681, Unk. prob.: 1.600e-04
Upper probs: 8.939e-01, Lower probs: 1.060e-01
No. of non-dominant rules: 22525, Survival rules: 22395, Failure rules: 130
Batch update: 10 rules added, 0 existing rules removed (0 new rules dominated)
Survival: 10 rules added, 0 removed (from 10 candidates)
Updated sys_vals: [1, 2]
---
Round: 682, Unk. prob.: 1.000e-04
Upper probs: 8.930e-01, Lower probs: 1.069e-01
No. of non-dominant rules: 22535, Survival rules: 22405, Failure rules: 130
Batch update: 15 rules added, 0 existing rules removed (0 new rules dominated)
Survival: 15 rules added, 0 removed (from 15 candidates)
Updated sys_vals: [1, 2]
---
Round: 683, Unk. prob.: 1.500e-04
Upper probs: 8.952e-01, Lower probs: 1.047e-01
No. of non-dominant rules: 22550, Survival rules: 22420, Failure rules: 130
Batch update: 14 rules added, 0 existing rules removed (0 new rules dominated)
Survival: 14 rules added, 0 removed (from 14 candidates)
Updated sys_vals: [1, 2]
---
Round: 684, Unk. prob.: 1.400e-04
Upper probs: 8.931e-01, Lower probs: 1.068e-01
No. of non-dominant rules: 22564, Survival rules: 22434, Failure rules: 130
Batch update: 11 rules added, 0 existing rules removed (0 new rules dominated)
Survival: 11 rules added, 0 removed (from 11 candidates)
Updated sys_vals: [1, 2]
---
Round: 685, Unk. prob.: 1.100e-04
Upper probs: 8.934e-01, Lower probs: 1.065e-01
No. of non-dominant rules: 22575, Survival rules: 22445, Failure rules: 130
Batch update: 18 rules added, 0 existing rules removed (0 new rules dominated)
Survival: 18 rules added, 0 removed (from 18 candidates)
Updated sys_vals: [1, 2]
---
Round: 686, Unk. prob.: 1.800e-04
Upper probs: 8.929e-01, Lower probs: 1.070e-01
No. of non-dominant rules: 22593, Survival rules: 22463, Failure rules: 130
Batch update: 20 rules added, 0 existing rules removed (0 new rules dominated)
Survival: 20 rules added, 0 removed (from 20 candidates)
Updated sys_vals: [1, 2]
---
Round: 687, Unk. prob.: 2.000e-04
Upper probs: 8.933e-01, Lower probs: 1.065e-01
No. of non-dominant rules: 22613, Survival rules: 22483, Failure rules: 130
Batch update: 9 rules added, 0 existing rules removed (0 new rules dominated)
Survival: 9 rules added, 0 removed (from 9 candidates)
Updated sys_vals: [1, 2]
---
Round: 688, Unk. prob.: 9.000e-05
Upper probs: 8.942e-01, Lower probs: 1.057e-01
No. of non-dominant rules: 22622, Survival rules: 22492, Failure rules: 130
Batch update: 13 rules added, 0 existing rules removed (0 new rules dominated)
Survival: 13 rules added, 0 removed (from 13 candidates)
Updated sys_vals: [1, 2]
---
Round: 689, Unk. prob.: 1.300e-04
Upper probs: 8.951e-01, Lower probs: 1.048e-01
No. of non-dominant rules: 22635, Survival rules: 22505, Failure rules: 130
Batch update: 12 rules added, 0 existing rules removed (0 new rules dominated)
Survival: 12 rules added, 0 removed (from 12 candidates)
Updated sys_vals: [1, 2]
---
Round: 690, Unk. prob.: 1.200e-04
Upper probs: 8.953e-01, Lower probs: 1.046e-01
No. of non-dominant rules: 22647, Survival rules: 22517, Failure rules: 130
Batch update: 6 rules added, 0 existing rules removed (0 new rules dominated)
Survival: 6 rules added, 0 removed (from 6 candidates)
Updated sys_vals: [1, 2]
---
Round: 691, Unk. prob.: 6.000e-05
Upper probs: 8.942e-01, Lower probs: 1.057e-01
No. of non-dominant rules: 22653, Survival rules: 22523, Failure rules: 130
Batch update: 16 rules added, 0 existing rules removed (0 new rules dominated)
Survival: 16 rules added, 0 removed (from 16 candidates)
Updated sys_vals: [1, 2]
---
Round: 692, Unk. prob.: 1.600e-04
Upper probs: 8.917e-01, Lower probs: 1.081e-01
No. of non-dominant rules: 22669, Survival rules: 22539, Failure rules: 130
Batch update: 9 rules added, 0 existing rules removed (0 new rules dominated)
Survival: 9 rules added, 0 removed (from 9 candidates)
Updated sys_vals: [1, 2]
---
Round: 693, Unk. prob.: 9.000e-05
Upper probs: 8.947e-01, Lower probs: 1.052e-01
No. of non-dominant rules: 22678, Survival rules: 22548, Failure rules: 130
Batch update: 12 rules added, 0 existing rules removed (0 new rules dominated)
Survival: 12 rules added, 0 removed (from 12 candidates)
Updated sys_vals: [1, 2]
---
Round: 694, Unk. prob.: 1.200e-04
Upper probs: 8.937e-01, Lower probs: 1.062e-01
No. of non-dominant rules: 22690, Survival rules: 22560, Failure rules: 130
Batch update: 13 rules added, 0 existing rules removed (0 new rules dominated)
Survival: 13 rules added, 0 removed (from 13 candidates)
Updated sys_vals: [1, 2]
---
Round: 695, Unk. prob.: 1.300e-04
Upper probs: 8.947e-01, Lower probs: 1.052e-01
No. of non-dominant rules: 22703, Survival rules: 22573, Failure rules: 130
Batch update: 10 rules added, 0 existing rules removed (0 new rules dominated)
Survival: 10 rules added, 0 removed (from 10 candidates)
Updated sys_vals: [1, 2]
---
Round: 696, Unk. prob.: 1.000e-04
Upper probs: 8.935e-01, Lower probs: 1.064e-01
No. of non-dominant rules: 22713, Survival rules: 22583, Failure rules: 130
Batch update: 16 rules added, 0 existing rules removed (0 new rules dominated)
Survival: 16 rules added, 0 removed (from 16 candidates)
Updated sys_vals: [1, 2]
---
Round: 697, Unk. prob.: 1.600e-04
Upper probs: 8.944e-01, Lower probs: 1.054e-01
No. of non-dominant rules: 22729, Survival rules: 22599, Failure rules: 130
Batch update: 7 rules added, 0 existing rules removed (0 new rules dominated)
Survival: 7 rules added, 0 removed (from 7 candidates)
Batch update: 1 rules added, 0 existing rules removed (0 new rules dominated)
Failure: 1 rules added, 0 removed (from 1 candidates)
Updated sys_vals: [1, 2]
---
Round: 698, Unk. prob.: 8.000e-05
Upper probs: 8.937e-01, Lower probs: 1.062e-01
No. of non-dominant rules: 22737, Survival rules: 22606, Failure rules: 131
Batch update: 9 rules added, 0 existing rules removed (0 new rules dominated)
Survival: 9 rules added, 0 removed (from 9 candidates)
Updated sys_vals: [1, 2]
---
Round: 699, Unk. prob.: 9.000e-05
Upper probs: 8.937e-01, Lower probs: 1.062e-01
No. of non-dominant rules: 22746, Survival rules: 22615, Failure rules: 131
Batch update: 12 rules added, 0 existing rules removed (0 new rules dominated)
Survival: 12 rules added, 0 removed (from 12 candidates)
Updated sys_vals: [1, 2]
---
Round: 700, Unk. prob.: 1.200e-04
Upper probs: 8.951e-01, Lower probs: 1.048e-01
No. of non-dominant rules: 22758, Survival rules: 22627, Failure rules: 131
Batch update: 16 rules added, 0 existing rules removed (0 new rules dominated)
Survival: 16 rules added, 0 removed (from 16 candidates)
Updated sys_vals: [1, 2]
---
Round: 701, Unk. prob.: 1.600e-04
Upper probs: 8.945e-01, Lower probs: 1.053e-01
No. of non-dominant rules: 22774, Survival rules: 22643, Failure rules: 131
Batch update: 12 rules added, 0 existing rules removed (0 new rules dominated)
Survival: 12 rules added, 0 removed (from 12 candidates)
Updated sys_vals: [1, 2]
---
Round: 702, Unk. prob.: 1.200e-04
Upper probs: 8.959e-01, Lower probs: 1.040e-01
No. of non-dominant rules: 22786, Survival rules: 22655, Failure rules: 131
Batch update: 14 rules added, 0 existing rules removed (0 new rules dominated)
Survival: 14 rules added, 0 removed (from 14 candidates)
Updated sys_vals: [1, 2]
---
Round: 703, Unk. prob.: 1.400e-04
Upper probs: 8.945e-01, Lower probs: 1.054e-01
No. of non-dominant rules: 22800, Survival rules: 22669, Failure rules: 131
Batch update: 16 rules added, 0 existing rules removed (0 new rules dominated)
Survival: 16 rules added, 0 removed (from 16 candidates)
Updated sys_vals: [1, 2]
---
Round: 704, Unk. prob.: 1.600e-04
Upper probs: 8.950e-01, Lower probs: 1.048e-01
No. of non-dominant rules: 22816, Survival rules: 22685, Failure rules: 131
Batch update: 11 rules added, 0 existing rules removed (0 new rules dominated)
Survival: 11 rules added, 0 removed (from 11 candidates)
Updated sys_vals: [1, 2]
---
Round: 705, Unk. prob.: 1.100e-04
Upper probs: 8.946e-01, Lower probs: 1.053e-01
No. of non-dominant rules: 22827, Survival rules: 22696, Failure rules: 131
Batch update: 13 rules added, 0 existing rules removed (0 new rules dominated)
Survival: 13 rules added, 0 removed (from 13 candidates)
Updated sys_vals: [1, 2]
---
Round: 706, Unk. prob.: 1.300e-04
Upper probs: 8.944e-01, Lower probs: 1.054e-01
No. of non-dominant rules: 22840, Survival rules: 22709, Failure rules: 131
Batch update: 7 rules added, 0 existing rules removed (0 new rules dominated)
Survival: 7 rules added, 0 removed (from 7 candidates)
Updated sys_vals: [1, 2]
---
Round: 707, Unk. prob.: 7.000e-05
Upper probs: 8.951e-01, Lower probs: 1.048e-01
No. of non-dominant rules: 22847, Survival rules: 22716, Failure rules: 131
Batch update: 14 rules added, 0 existing rules removed (0 new rules dominated)
Survival: 14 rules added, 0 removed (from 14 candidates)
Updated sys_vals: [1, 2]
---
Round: 708, Unk. prob.: 1.400e-04
Upper probs: 8.933e-01, Lower probs: 1.065e-01
No. of non-dominant rules: 22861, Survival rules: 22730, Failure rules: 131
Batch update: 10 rules added, 0 existing rules removed (0 new rules dominated)
Survival: 10 rules added, 0 removed (from 10 candidates)
Updated sys_vals: [1, 2]
---
Round: 709, Unk. prob.: 1.000e-04
Upper probs: 8.948e-01, Lower probs: 1.051e-01
No. of non-dominant rules: 22871, Survival rules: 22740, Failure rules: 131
Batch update: 10 rules added, 0 existing rules removed (0 new rules dominated)
Survival: 10 rules added, 0 removed (from 10 candidates)
Updated sys_vals: [1, 2]
---
Round: 710, Unk. prob.: 1.000e-04
Upper probs: 8.938e-01, Lower probs: 1.061e-01
No. of non-dominant rules: 22881, Survival rules: 22750, Failure rules: 131
Batch update: 8 rules added, 0 existing rules removed (0 new rules dominated)
Survival: 8 rules added, 0 removed (from 8 candidates)
Updated sys_vals: [1, 2]
---
Round: 711, Unk. prob.: 8.000e-05
Upper probs: 8.938e-01, Lower probs: 1.062e-01
No. of non-dominant rules: 22889, Survival rules: 22758, Failure rules: 131
Batch update: 12 rules added, 0 existing rules removed (0 new rules dominated)
Survival: 12 rules added, 0 removed (from 12 candidates)
Updated sys_vals: [1, 2]
---
Round: 712, Unk. prob.: 1.200e-04
Upper probs: 8.938e-01, Lower probs: 1.061e-01
No. of non-dominant rules: 22901, Survival rules: 22770, Failure rules: 131
Batch update: 12 rules added, 0 existing rules removed (0 new rules dominated)
Survival: 12 rules added, 0 removed (from 12 candidates)
Updated sys_vals: [1, 2]
---
Round: 713, Unk. prob.: 1.200e-04
Upper probs: 8.935e-01, Lower probs: 1.063e-01
No. of non-dominant rules: 22913, Survival rules: 22782, Failure rules: 131
Batch update: 10 rules added, 0 existing rules removed (0 new rules dominated)
Survival: 10 rules added, 0 removed (from 10 candidates)
Updated sys_vals: [1, 2]
---
Round: 714, Unk. prob.: 1.000e-04
Upper probs: 8.942e-01, Lower probs: 1.057e-01
No. of non-dominant rules: 22923, Survival rules: 22792, Failure rules: 131
Batch update: 10 rules added, 0 existing rules removed (0 new rules dominated)
Survival: 10 rules added, 0 removed (from 10 candidates)
Updated sys_vals: [1, 2]
---
Round: 715, Unk. prob.: 1.000e-04
Upper probs: 8.957e-01, Lower probs: 1.042e-01
No. of non-dominant rules: 22933, Survival rules: 22802, Failure rules: 131
Batch update: 16 rules added, 0 existing rules removed (0 new rules dominated)
Survival: 16 rules added, 0 removed (from 16 candidates)
Updated sys_vals: [1, 2]
---
Round: 716, Unk. prob.: 1.600e-04
Upper probs: 8.937e-01, Lower probs: 1.062e-01
No. of non-dominant rules: 22949, Survival rules: 22818, Failure rules: 131
Batch update: 15 rules added, 0 existing rules removed (0 new rules dominated)
Survival: 15 rules added, 0 removed (from 15 candidates)
Updated sys_vals: [1, 2]
---
Round: 717, Unk. prob.: 1.500e-04
Upper probs: 8.949e-01, Lower probs: 1.050e-01
No. of non-dominant rules: 22964, Survival rules: 22833, Failure rules: 131
Batch update: 11 rules added, 0 existing rules removed (0 new rules dominated)
Survival: 11 rules added, 0 removed (from 11 candidates)
Updated sys_vals: [1, 2]
---
Round: 718, Unk. prob.: 1.100e-04
Upper probs: 8.940e-01, Lower probs: 1.059e-01
No. of non-dominant rules: 22975, Survival rules: 22844, Failure rules: 131
Batch update: 9 rules added, 0 existing rules removed (0 new rules dominated)
Survival: 9 rules added, 0 removed (from 9 candidates)
Updated sys_vals: [1, 2]
---
Round: 719, Unk. prob.: 9.000e-05
Upper probs: 8.946e-01, Lower probs: 1.053e-01
No. of non-dominant rules: 22984, Survival rules: 22853, Failure rules: 131
Batch update: 21 rules added, 0 existing rules removed (0 new rules dominated)
Survival: 21 rules added, 0 removed (from 21 candidates)
Updated sys_vals: [1, 2]
---
Round: 720, Unk. prob.: 2.100e-04
Upper probs: 8.934e-01, Lower probs: 1.064e-01
No. of non-dominant rules: 23005, Survival rules: 22874, Failure rules: 131
Batch update: 13 rules added, 0 existing rules removed (0 new rules dominated)
Survival: 13 rules added, 0 removed (from 13 candidates)
Updated sys_vals: [1, 2]
---
Round: 721, Unk. prob.: 1.300e-04
Upper probs: 8.939e-01, Lower probs: 1.060e-01
No. of non-dominant rules: 23018, Survival rules: 22887, Failure rules: 131
Batch update: 6 rules added, 0 existing rules removed (0 new rules dominated)
Survival: 6 rules added, 0 removed (from 6 candidates)
Updated sys_vals: [1, 2]
---
Round: 722, Unk. prob.: 6.000e-05
Upper probs: 8.930e-01, Lower probs: 1.070e-01
No. of non-dominant rules: 23024, Survival rules: 22893, Failure rules: 131
Batch update: 11 rules added, 0 existing rules removed (0 new rules dominated)
Survival: 11 rules added, 0 removed (from 11 candidates)
Batch update: 1 rules added, 0 existing rules removed (0 new rules dominated)
Failure: 1 rules added, 0 removed (from 1 candidates)
Updated sys_vals: [1, 2]
---
Round: 723, Unk. prob.: 1.200e-04
Upper probs: 8.914e-01, Lower probs: 1.085e-01
No. of non-dominant rules: 23036, Survival rules: 22904, Failure rules: 132
Batch update: 11 rules added, 0 existing rules removed (0 new rules dominated)
Survival: 11 rules added, 0 removed (from 11 candidates)
Updated sys_vals: [1, 2]
---
Round: 724, Unk. prob.: 1.100e-04
Upper probs: 8.941e-01, Lower probs: 1.057e-01
No. of non-dominant rules: 23047, Survival rules: 22915, Failure rules: 132
Batch update: 8 rules added, 0 existing rules removed (0 new rules dominated)
Survival: 8 rules added, 0 removed (from 8 candidates)
Updated sys_vals: [1, 2]
---
Round: 725, Unk. prob.: 8.000e-05
Upper probs: 8.939e-01, Lower probs: 1.061e-01
No. of non-dominant rules: 23055, Survival rules: 22923, Failure rules: 132
Batch update: 14 rules added, 0 existing rules removed (0 new rules dominated)
Survival: 14 rules added, 0 removed (from 14 candidates)
Updated sys_vals: [1, 2]
---
Round: 726, Unk. prob.: 1.400e-04
Upper probs: 8.943e-01, Lower probs: 1.055e-01
No. of non-dominant rules: 23069, Survival rules: 22937, Failure rules: 132
Batch update: 16 rules added, 0 existing rules removed (0 new rules dominated)
Survival: 16 rules added, 0 removed (from 16 candidates)
Batch update: 1 rules added, 0 existing rules removed (0 new rules dominated)
Failure: 1 rules added, 0 removed (from 1 candidates)
Updated sys_vals: [1, 2]
---
Round: 727, Unk. prob.: 1.700e-04
Upper probs: 8.941e-01, Lower probs: 1.057e-01
No. of non-dominant rules: 23086, Survival rules: 22953, Failure rules: 133
Batch update: 16 rules added, 0 existing rules removed (0 new rules dominated)
Survival: 16 rules added, 0 removed (from 16 candidates)
Updated sys_vals: [1, 2]
---
Round: 728, Unk. prob.: 1.600e-04
Upper probs: 8.941e-01, Lower probs: 1.058e-01
No. of non-dominant rules: 23102, Survival rules: 22969, Failure rules: 133
Batch update: 8 rules added, 0 existing rules removed (0 new rules dominated)
Survival: 8 rules added, 0 removed (from 8 candidates)
Updated sys_vals: [1, 2]
---
Round: 729, Unk. prob.: 8.000e-05
Upper probs: 8.961e-01, Lower probs: 1.038e-01
No. of non-dominant rules: 23110, Survival rules: 22977, Failure rules: 133
Batch update: 13 rules added, 0 existing rules removed (0 new rules dominated)
Survival: 13 rules added, 0 removed (from 13 candidates)
Updated sys_vals: [1, 2]
---
Round: 730, Unk. prob.: 1.300e-04
Upper probs: 8.947e-01, Lower probs: 1.051e-01
No. of non-dominant rules: 23123, Survival rules: 22990, Failure rules: 133
Batch update: 13 rules added, 0 existing rules removed (0 new rules dominated)
Survival: 13 rules added, 0 removed (from 13 candidates)
Updated sys_vals: [1, 2]
---
Round: 731, Unk. prob.: 1.300e-04
Upper probs: 8.919e-01, Lower probs: 1.080e-01
No. of non-dominant rules: 23136, Survival rules: 23003, Failure rules: 133
Batch update: 10 rules added, 0 existing rules removed (0 new rules dominated)
Survival: 10 rules added, 0 removed (from 10 candidates)
Updated sys_vals: [1, 2]
---
Round: 732, Unk. prob.: 1.000e-04
Upper probs: 8.942e-01, Lower probs: 1.057e-01
No. of non-dominant rules: 23146, Survival rules: 23013, Failure rules: 133
Batch update: 4 rules added, 0 existing rules removed (0 new rules dominated)
Survival: 4 rules added, 0 removed (from 4 candidates)
Updated sys_vals: [1, 2]
---
Round: 733, Unk. prob.: 4.000e-05
Upper probs: 8.932e-01, Lower probs: 1.067e-01
No. of non-dominant rules: 23150, Survival rules: 23017, Failure rules: 133
Batch update: 13 rules added, 0 existing rules removed (0 new rules dominated)
Survival: 13 rules added, 0 removed (from 13 candidates)
Batch update: 1 rules added, 0 existing rules removed (0 new rules dominated)
Failure: 1 rules added, 0 removed (from 1 candidates)
Updated sys_vals: [1, 2]
---
Round: 734, Unk. prob.: 1.400e-04
Upper probs: 8.947e-01, Lower probs: 1.052e-01
No. of non-dominant rules: 23164, Survival rules: 23030, Failure rules: 134
Batch update: 13 rules added, 0 existing rules removed (0 new rules dominated)
Survival: 13 rules added, 0 removed (from 13 candidates)
Updated sys_vals: [1, 2]
---
Round: 735, Unk. prob.: 1.300e-04
Upper probs: 8.955e-01, Lower probs: 1.044e-01
No. of non-dominant rules: 23177, Survival rules: 23043, Failure rules: 134
Batch update: 11 rules added, 0 existing rules removed (0 new rules dominated)
Survival: 11 rules added, 0 removed (from 11 candidates)
Updated sys_vals: [1, 2]
---
Round: 736, Unk. prob.: 1.100e-04
Upper probs: 8.937e-01, Lower probs: 1.062e-01
No. of non-dominant rules: 23188, Survival rules: 23054, Failure rules: 134
Batch update: 18 rules added, 0 existing rules removed (0 new rules dominated)
Survival: 18 rules added, 0 removed (from 18 candidates)
Updated sys_vals: [1, 2]
---
Round: 737, Unk. prob.: 1.800e-04
Upper probs: 8.928e-01, Lower probs: 1.070e-01
No. of non-dominant rules: 23206, Survival rules: 23072, Failure rules: 134
Batch update: 15 rules added, 0 existing rules removed (0 new rules dominated)
Survival: 15 rules added, 0 removed (from 15 candidates)
Updated sys_vals: [1, 2]
---
Round: 738, Unk. prob.: 1.500e-04
Upper probs: 8.947e-01, Lower probs: 1.051e-01
No. of non-dominant rules: 23221, Survival rules: 23087, Failure rules: 134
Batch update: 11 rules added, 0 existing rules removed (0 new rules dominated)
Survival: 11 rules added, 0 removed (from 11 candidates)
Updated sys_vals: [1, 2]
---
Round: 739, Unk. prob.: 1.100e-04
Upper probs: 8.947e-01, Lower probs: 1.052e-01
No. of non-dominant rules: 23232, Survival rules: 23098, Failure rules: 134
Batch update: 15 rules added, 0 existing rules removed (0 new rules dominated)
Survival: 15 rules added, 0 removed (from 15 candidates)
Updated sys_vals: [1, 2]
---
Round: 740, Unk. prob.: 1.500e-04
Upper probs: 8.933e-01, Lower probs: 1.065e-01
No. of non-dominant rules: 23247, Survival rules: 23113, Failure rules: 134
Batch update: 5 rules added, 0 existing rules removed (0 new rules dominated)
Survival: 5 rules added, 0 removed (from 5 candidates)
Updated sys_vals: [1, 2]
---
Round: 741, Unk. prob.: 5.000e-05
Upper probs: 8.942e-01, Lower probs: 1.057e-01
No. of non-dominant rules: 23252, Survival rules: 23118, Failure rules: 134
Batch update: 19 rules added, 0 existing rules removed (0 new rules dominated)
Survival: 19 rules added, 0 removed (from 19 candidates)
Updated sys_vals: [1, 2]
---
Round: 742, Unk. prob.: 1.900e-04
Upper probs: 8.933e-01, Lower probs: 1.065e-01
No. of non-dominant rules: 23271, Survival rules: 23137, Failure rules: 134
Batch update: 6 rules added, 0 existing rules removed (0 new rules dominated)
Survival: 6 rules added, 0 removed (from 6 candidates)
Updated sys_vals: [1, 2]
---
Round: 743, Unk. prob.: 6.000e-05
Upper probs: 8.944e-01, Lower probs: 1.055e-01
No. of non-dominant rules: 23277, Survival rules: 23143, Failure rules: 134
Batch update: 12 rules added, 0 existing rules removed (0 new rules dominated)
Survival: 12 rules added, 0 removed (from 12 candidates)
Updated sys_vals: [1, 2]
---
Round: 744, Unk. prob.: 1.200e-04
Upper probs: 8.925e-01, Lower probs: 1.074e-01
No. of non-dominant rules: 23289, Survival rules: 23155, Failure rules: 134
Batch update: 8 rules added, 0 existing rules removed (0 new rules dominated)
Survival: 8 rules added, 0 removed (from 8 candidates)
Updated sys_vals: [1, 2]
---
Round: 745, Unk. prob.: 8.000e-05
Upper probs: 8.942e-01, Lower probs: 1.058e-01
No. of non-dominant rules: 23297, Survival rules: 23163, Failure rules: 134
Batch update: 11 rules added, 0 existing rules removed (0 new rules dominated)
Survival: 11 rules added, 0 removed (from 11 candidates)
Updated sys_vals: [1, 2]
---
Round: 746, Unk. prob.: 1.100e-04
Upper probs: 8.946e-01, Lower probs: 1.053e-01
No. of non-dominant rules: 23308, Survival rules: 23174, Failure rules: 134
Batch update: 6 rules added, 0 existing rules removed (0 new rules dominated)
Survival: 6 rules added, 0 removed (from 6 candidates)
Updated sys_vals: [1, 2]
---
Round: 747, Unk. prob.: 6.000e-05
Upper probs: 8.942e-01, Lower probs: 1.058e-01
No. of non-dominant rules: 23314, Survival rules: 23180, Failure rules: 134
Batch update: 12 rules added, 0 existing rules removed (0 new rules dominated)
Survival: 12 rules added, 0 removed (from 12 candidates)
Updated sys_vals: [1, 2]
---
Round: 748, Unk. prob.: 1.200e-04
Upper probs: 8.928e-01, Lower probs: 1.071e-01
No. of non-dominant rules: 23326, Survival rules: 23192, Failure rules: 134
Batch update: 6 rules added, 0 existing rules removed (0 new rules dominated)
Survival: 6 rules added, 0 removed (from 6 candidates)
Updated sys_vals: [1, 2]
---
Round: 749, Unk. prob.: 6.000e-05
Upper probs: 8.949e-01, Lower probs: 1.050e-01
No. of non-dominant rules: 23332, Survival rules: 23198, Failure rules: 134
Batch update: 8 rules added, 0 existing rules removed (0 new rules dominated)
Survival: 8 rules added, 0 removed (from 8 candidates)
Updated sys_vals: [1, 2]
---
Round: 750, Unk. prob.: 8.000e-05
Upper probs: 8.953e-01, Lower probs: 1.047e-01
No. of non-dominant rules: 23340, Survival rules: 23206, Failure rules: 134
Batch update: 8 rules added, 0 existing rules removed (0 new rules dominated)
Survival: 8 rules added, 0 removed (from 8 candidates)
Updated sys_vals: [1, 2]
---
Round: 751, Unk. prob.: 8.000e-05
Upper probs: 8.935e-01, Lower probs: 1.064e-01
No. of non-dominant rules: 23348, Survival rules: 23214, Failure rules: 134
Batch update: 13 rules added, 0 existing rules removed (0 new rules dominated)
Survival: 13 rules added, 0 removed (from 13 candidates)
Updated sys_vals: [1, 2]
---
Round: 752, Unk. prob.: 1.300e-04
Upper probs: 8.927e-01, Lower probs: 1.072e-01
No. of non-dominant rules: 23361, Survival rules: 23227, Failure rules: 134
Batch update: 6 rules added, 0 existing rules removed (0 new rules dominated)
Survival: 6 rules added, 0 removed (from 6 candidates)
Updated sys_vals: [1, 2]
---
Round: 753, Unk. prob.: 6.000e-05
Upper probs: 8.931e-01, Lower probs: 1.069e-01
No. of non-dominant rules: 23367, Survival rules: 23233, Failure rules: 134
Batch update: 10 rules added, 0 existing rules removed (0 new rules dominated)
Survival: 10 rules added, 0 removed (from 10 candidates)
Batch update: 1 rules added, 0 existing rules removed (0 new rules dominated)
Failure: 1 rules added, 0 removed (from 1 candidates)
Updated sys_vals: [1, 2]
---
Round: 754, Unk. prob.: 1.100e-04
Upper probs: 8.926e-01, Lower probs: 1.073e-01
No. of non-dominant rules: 23378, Survival rules: 23243, Failure rules: 135
Batch update: 8 rules added, 0 existing rules removed (0 new rules dominated)
Survival: 8 rules added, 0 removed (from 8 candidates)
Updated sys_vals: [1, 2]
---
Round: 755, Unk. prob.: 8.000e-05
Upper probs: 8.928e-01, Lower probs: 1.072e-01
No. of non-dominant rules: 23386, Survival rules: 23251, Failure rules: 135
Batch update: 10 rules added, 0 existing rules removed (0 new rules dominated)
Survival: 10 rules added, 0 removed (from 10 candidates)
Updated sys_vals: [1, 2]
---
Round: 756, Unk. prob.: 1.000e-04
Upper probs: 8.946e-01, Lower probs: 1.053e-01
No. of non-dominant rules: 23396, Survival rules: 23261, Failure rules: 135
Batch update: 11 rules added, 0 existing rules removed (0 new rules dominated)
Survival: 11 rules added, 0 removed (from 11 candidates)
Updated sys_vals: [1, 2]
---
Round: 757, Unk. prob.: 1.100e-04
Upper probs: 8.941e-01, Lower probs: 1.058e-01
No. of non-dominant rules: 23407, Survival rules: 23272, Failure rules: 135
Batch update: 8 rules added, 0 existing rules removed (0 new rules dominated)
Survival: 8 rules added, 0 removed (from 8 candidates)
Updated sys_vals: [1, 2]
---
Round: 758, Unk. prob.: 8.000e-05
Upper probs: 8.937e-01, Lower probs: 1.062e-01
No. of non-dominant rules: 23415, Survival rules: 23280, Failure rules: 135
Batch update: 17 rules added, 0 existing rules removed (0 new rules dominated)
Survival: 17 rules added, 0 removed (from 17 candidates)
Updated sys_vals: [1, 2]
---
Round: 759, Unk. prob.: 1.700e-04
Upper probs: 8.946e-01, Lower probs: 1.052e-01
No. of non-dominant rules: 23432, Survival rules: 23297, Failure rules: 135
Batch update: 17 rules added, 0 existing rules removed (0 new rules dominated)
Survival: 17 rules added, 0 removed (from 17 candidates)
Updated sys_vals: [1, 2]
---
Round: 760, Unk. prob.: 1.700e-04
Upper probs: 8.932e-01, Lower probs: 1.066e-01
No. of non-dominant rules: 23449, Survival rules: 23314, Failure rules: 135
Batch update: 13 rules added, 0 existing rules removed (0 new rules dominated)
Survival: 13 rules added, 0 removed (from 13 candidates)
Updated sys_vals: [1, 2]
---
Round: 761, Unk. prob.: 1.300e-04
Upper probs: 8.938e-01, Lower probs: 1.061e-01
No. of non-dominant rules: 23462, Survival rules: 23327, Failure rules: 135
Batch update: 13 rules added, 0 existing rules removed (0 new rules dominated)
Survival: 13 rules added, 0 removed (from 13 candidates)
Updated sys_vals: [1, 2]
---
Round: 762, Unk. prob.: 1.300e-04
Upper probs: 8.944e-01, Lower probs: 1.055e-01
No. of non-dominant rules: 23475, Survival rules: 23340, Failure rules: 135
Batch update: 10 rules added, 0 existing rules removed (0 new rules dominated)
Survival: 10 rules added, 0 removed (from 10 candidates)
Updated sys_vals: [1, 2]
---
Round: 763, Unk. prob.: 1.000e-04
Upper probs: 8.934e-01, Lower probs: 1.065e-01
No. of non-dominant rules: 23485, Survival rules: 23350, Failure rules: 135
Batch update: 12 rules added, 0 existing rules removed (0 new rules dominated)
Survival: 12 rules added, 0 removed (from 12 candidates)
Updated sys_vals: [1, 2]
---
Round: 764, Unk. prob.: 1.200e-04
Upper probs: 8.925e-01, Lower probs: 1.073e-01
No. of non-dominant rules: 23497, Survival rules: 23362, Failure rules: 135
Batch update: 11 rules added, 0 existing rules removed (0 new rules dominated)
Survival: 11 rules added, 0 removed (from 11 candidates)
Updated sys_vals: [1, 2]
---
Round: 765, Unk. prob.: 1.100e-04
Upper probs: 8.934e-01, Lower probs: 1.065e-01
No. of non-dominant rules: 23508, Survival rules: 23373, Failure rules: 135
Batch update: 15 rules added, 0 existing rules removed (0 new rules dominated)
Survival: 15 rules added, 0 removed (from 15 candidates)
Updated sys_vals: [1, 2]
---
Round: 766, Unk. prob.: 1.500e-04
Upper probs: 8.960e-01, Lower probs: 1.039e-01
No. of non-dominant rules: 23523, Survival rules: 23388, Failure rules: 135
Batch update: 8 rules added, 0 existing rules removed (0 new rules dominated)
Survival: 8 rules added, 0 removed (from 8 candidates)
Updated sys_vals: [1, 2]
---
Round: 767, Unk. prob.: 8.000e-05
Upper probs: 8.930e-01, Lower probs: 1.069e-01
No. of non-dominant rules: 23531, Survival rules: 23396, Failure rules: 135
Batch update: 12 rules added, 0 existing rules removed (0 new rules dominated)
Survival: 12 rules added, 0 removed (from 12 candidates)
Updated sys_vals: [1, 2]
---
Round: 768, Unk. prob.: 1.200e-04
Upper probs: 8.942e-01, Lower probs: 1.057e-01
No. of non-dominant rules: 23543, Survival rules: 23408, Failure rules: 135
Batch update: 6 rules added, 0 existing rules removed (0 new rules dominated)
Survival: 6 rules added, 0 removed (from 6 candidates)
Updated sys_vals: [1, 2]
---
Round: 769, Unk. prob.: 6.000e-05
Upper probs: 8.934e-01, Lower probs: 1.065e-01
No. of non-dominant rules: 23549, Survival rules: 23414, Failure rules: 135
Batch update: 11 rules added, 0 existing rules removed (0 new rules dominated)
Survival: 11 rules added, 0 removed (from 11 candidates)
Updated sys_vals: [1, 2]
---
Round: 770, Unk. prob.: 1.100e-04
Upper probs: 8.949e-01, Lower probs: 1.050e-01
No. of non-dominant rules: 23560, Survival rules: 23425, Failure rules: 135
Batch update: 10 rules added, 0 existing rules removed (0 new rules dominated)
Survival: 10 rules added, 0 removed (from 10 candidates)
Updated sys_vals: [1, 2]
---
Round: 771, Unk. prob.: 1.000e-04
Upper probs: 8.940e-01, Lower probs: 1.059e-01
No. of non-dominant rules: 23570, Survival rules: 23435, Failure rules: 135
Batch update: 17 rules added, 0 existing rules removed (0 new rules dominated)
Survival: 17 rules added, 0 removed (from 17 candidates)
Updated sys_vals: [1, 2]
---
Round: 772, Unk. prob.: 1.700e-04
Upper probs: 8.914e-01, Lower probs: 1.085e-01
No. of non-dominant rules: 23587, Survival rules: 23452, Failure rules: 135
Batch update: 9 rules added, 0 existing rules removed (0 new rules dominated)
Survival: 9 rules added, 0 removed (from 9 candidates)
Updated sys_vals: [1, 2]
---
Round: 773, Unk. prob.: 9.000e-05
Upper probs: 8.936e-01, Lower probs: 1.064e-01
No. of non-dominant rules: 23596, Survival rules: 23461, Failure rules: 135
Batch update: 14 rules added, 0 existing rules removed (0 new rules dominated)
Survival: 14 rules added, 0 removed (from 14 candidates)
Updated sys_vals: [1, 2]
---
Round: 774, Unk. prob.: 1.400e-04
Upper probs: 8.937e-01, Lower probs: 1.061e-01
No. of non-dominant rules: 23610, Survival rules: 23475, Failure rules: 135
Batch update: 9 rules added, 0 existing rules removed (0 new rules dominated)
Survival: 9 rules added, 0 removed (from 9 candidates)
Updated sys_vals: [1, 2]
---
Round: 775, Unk. prob.: 9.000e-05
Upper probs: 8.942e-01, Lower probs: 1.057e-01
No. of non-dominant rules: 23619, Survival rules: 23484, Failure rules: 135
Batch update: 14 rules added, 0 existing rules removed (0 new rules dominated)
Survival: 14 rules added, 0 removed (from 14 candidates)
Updated sys_vals: [1, 2]
---
Round: 776, Unk. prob.: 1.400e-04
Upper probs: 8.929e-01, Lower probs: 1.070e-01
No. of non-dominant rules: 23633, Survival rules: 23498, Failure rules: 135
Batch update: 9 rules added, 0 existing rules removed (0 new rules dominated)
Survival: 9 rules added, 0 removed (from 9 candidates)
Batch update: 1 rules added, 0 existing rules removed (0 new rules dominated)
Failure: 1 rules added, 0 removed (from 1 candidates)
Updated sys_vals: [1, 2]
---
Round: 777, Unk. prob.: 1.000e-04
Upper probs: 8.937e-01, Lower probs: 1.062e-01
No. of non-dominant rules: 23643, Survival rules: 23507, Failure rules: 136
Batch update: 9 rules added, 0 existing rules removed (0 new rules dominated)
Survival: 9 rules added, 0 removed (from 9 candidates)
Updated sys_vals: [1, 2]
---
Round: 778, Unk. prob.: 9.000e-05
Upper probs: 8.934e-01, Lower probs: 1.065e-01
No. of non-dominant rules: 23652, Survival rules: 23516, Failure rules: 136
Batch update: 8 rules added, 0 existing rules removed (0 new rules dominated)
Survival: 8 rules added, 0 removed (from 8 candidates)
Updated sys_vals: [1, 2]
---
Round: 779, Unk. prob.: 8.000e-05
Upper probs: 8.943e-01, Lower probs: 1.056e-01
No. of non-dominant rules: 23660, Survival rules: 23524, Failure rules: 136
Batch update: 15 rules added, 0 existing rules removed (0 new rules dominated)
Survival: 15 rules added, 0 removed (from 15 candidates)
Updated sys_vals: [1, 2]
---
Round: 780, Unk. prob.: 1.500e-04
Upper probs: 8.966e-01, Lower probs: 1.032e-01
No. of non-dominant rules: 23675, Survival rules: 23539, Failure rules: 136
Batch update: 12 rules added, 0 existing rules removed (0 new rules dominated)
Survival: 12 rules added, 0 removed (from 12 candidates)
Updated sys_vals: [1, 2]
---
Round: 781, Unk. prob.: 1.200e-04
Upper probs: 8.945e-01, Lower probs: 1.053e-01
No. of non-dominant rules: 23687, Survival rules: 23551, Failure rules: 136
Batch update: 12 rules added, 0 existing rules removed (0 new rules dominated)
Survival: 12 rules added, 0 removed (from 12 candidates)
Updated sys_vals: [1, 2]
---
Round: 782, Unk. prob.: 1.200e-04
Upper probs: 8.950e-01, Lower probs: 1.049e-01
No. of non-dominant rules: 23699, Survival rules: 23563, Failure rules: 136
Batch update: 13 rules added, 0 existing rules removed (0 new rules dominated)
Survival: 13 rules added, 0 removed (from 13 candidates)
Updated sys_vals: [1, 2]
---
Round: 783, Unk. prob.: 1.300e-04
Upper probs: 8.919e-01, Lower probs: 1.079e-01
No. of non-dominant rules: 23712, Survival rules: 23576, Failure rules: 136
Batch update: 9 rules added, 0 existing rules removed (0 new rules dominated)
Survival: 9 rules added, 0 removed (from 9 candidates)
Updated sys_vals: [1, 2]
---
Round: 784, Unk. prob.: 9.000e-05
Upper probs: 8.941e-01, Lower probs: 1.058e-01
No. of non-dominant rules: 23721, Survival rules: 23585, Failure rules: 136
Batch update: 9 rules added, 0 existing rules removed (0 new rules dominated)
Survival: 9 rules added, 0 removed (from 9 candidates)
Updated sys_vals: [1, 2]
---
Round: 785, Unk. prob.: 9.000e-05
Upper probs: 8.940e-01, Lower probs: 1.059e-01
No. of non-dominant rules: 23730, Survival rules: 23594, Failure rules: 136
Batch update: 11 rules added, 0 existing rules removed (0 new rules dominated)
Survival: 11 rules added, 0 removed (from 11 candidates)
Updated sys_vals: [1, 2]
---
Round: 786, Unk. prob.: 1.100e-04
Upper probs: 8.942e-01, Lower probs: 1.057e-01
No. of non-dominant rules: 23741, Survival rules: 23605, Failure rules: 136
Batch update: 15 rules added, 0 existing rules removed (0 new rules dominated)
Survival: 15 rules added, 0 removed (from 15 candidates)
Updated sys_vals: [1, 2]
---
Round: 787, Unk. prob.: 1.500e-04
Upper probs: 8.933e-01, Lower probs: 1.066e-01
No. of non-dominant rules: 23756, Survival rules: 23620, Failure rules: 136
Batch update: 15 rules added, 0 existing rules removed (0 new rules dominated)
Survival: 15 rules added, 0 removed (from 15 candidates)
Updated sys_vals: [1, 2]
---
Round: 788, Unk. prob.: 1.500e-04
Upper probs: 8.960e-01, Lower probs: 1.039e-01
No. of non-dominant rules: 23771, Survival rules: 23635, Failure rules: 136
Batch update: 15 rules added, 0 existing rules removed (0 new rules dominated)
Survival: 15 rules added, 0 removed (from 15 candidates)
Updated sys_vals: [1, 2]
---
Round: 789, Unk. prob.: 1.500e-04
Upper probs: 8.941e-01, Lower probs: 1.057e-01
No. of non-dominant rules: 23786, Survival rules: 23650, Failure rules: 136
Batch update: 9 rules added, 0 existing rules removed (0 new rules dominated)
Survival: 9 rules added, 0 removed (from 9 candidates)
Updated sys_vals: [1, 2]
---
Round: 790, Unk. prob.: 9.000e-05
Upper probs: 8.946e-01, Lower probs: 1.053e-01
No. of non-dominant rules: 23795, Survival rules: 23659, Failure rules: 136
Batch update: 12 rules added, 0 existing rules removed (0 new rules dominated)
Survival: 12 rules added, 0 removed (from 12 candidates)
Updated sys_vals: [1, 2]
---
Round: 791, Unk. prob.: 1.200e-04
Upper probs: 8.932e-01, Lower probs: 1.067e-01
No. of non-dominant rules: 23807, Survival rules: 23671, Failure rules: 136
Batch update: 19 rules added, 0 existing rules removed (0 new rules dominated)
Survival: 19 rules added, 0 removed (from 19 candidates)
Updated sys_vals: [1, 2]
---
Round: 792, Unk. prob.: 1.900e-04
Upper probs: 8.944e-01, Lower probs: 1.055e-01
No. of non-dominant rules: 23826, Survival rules: 23690, Failure rules: 136
Batch update: 15 rules added, 0 existing rules removed (0 new rules dominated)
Survival: 15 rules added, 0 removed (from 15 candidates)
Updated sys_vals: [1, 2]
---
Round: 793, Unk. prob.: 1.500e-04
Upper probs: 8.935e-01, Lower probs: 1.064e-01
No. of non-dominant rules: 23841, Survival rules: 23705, Failure rules: 136
Batch update: 14 rules added, 0 existing rules removed (0 new rules dominated)
Survival: 14 rules added, 0 removed (from 14 candidates)
Updated sys_vals: [1, 2]
---
Round: 794, Unk. prob.: 1.400e-04
Upper probs: 8.939e-01, Lower probs: 1.059e-01
No. of non-dominant rules: 23855, Survival rules: 23719, Failure rules: 136
Batch update: 13 rules added, 0 existing rules removed (0 new rules dominated)
Survival: 13 rules added, 0 removed (from 13 candidates)
Updated sys_vals: [1, 2]
---
Round: 795, Unk. prob.: 1.300e-04
Upper probs: 8.940e-01, Lower probs: 1.059e-01
No. of non-dominant rules: 23868, Survival rules: 23732, Failure rules: 136
Batch update: 9 rules added, 0 existing rules removed (0 new rules dominated)
Survival: 9 rules added, 0 removed (from 9 candidates)
Updated sys_vals: [1, 2]
---
Round: 796, Unk. prob.: 9.000e-05
Upper probs: 8.928e-01, Lower probs: 1.071e-01
No. of non-dominant rules: 23877, Survival rules: 23741, Failure rules: 136
Batch update: 15 rules added, 0 existing rules removed (0 new rules dominated)
Survival: 15 rules added, 0 removed (from 15 candidates)
Updated sys_vals: [1, 2]
---
Round: 797, Unk. prob.: 1.500e-04
Upper probs: 8.952e-01, Lower probs: 1.047e-01
No. of non-dominant rules: 23892, Survival rules: 23756, Failure rules: 136
Batch update: 11 rules added, 0 existing rules removed (0 new rules dominated)
Survival: 11 rules added, 0 removed (from 11 candidates)
Updated sys_vals: [1, 2]
---
Round: 798, Unk. prob.: 1.100e-04
Upper probs: 8.951e-01, Lower probs: 1.048e-01
No. of non-dominant rules: 23903, Survival rules: 23767, Failure rules: 136
Batch update: 13 rules added, 0 existing rules removed (0 new rules dominated)
Survival: 13 rules added, 0 removed (from 13 candidates)
Updated sys_vals: [1, 2]
---
Round: 799, Unk. prob.: 1.300e-04
Upper probs: 8.936e-01, Lower probs: 1.063e-01
No. of non-dominant rules: 23916, Survival rules: 23780, Failure rules: 136
Batch update: 21 rules added, 0 existing rules removed (0 new rules dominated)
Survival: 21 rules added, 0 removed (from 21 candidates)
Updated sys_vals: [1, 2]
---
Round: 800, Unk. prob.: 2.100e-04
Upper probs: 8.950e-01, Lower probs: 1.048e-01
No. of non-dominant rules: 23937, Survival rules: 23801, Failure rules: 136
Batch update: 16 rules added, 0 existing rules removed (0 new rules dominated)
Survival: 16 rules added, 0 removed (from 16 candidates)
Updated sys_vals: [1, 2]
---
Round: 801, Unk. prob.: 1.600e-04
Upper probs: 8.940e-01, Lower probs: 1.058e-01
No. of non-dominant rules: 23953, Survival rules: 23817, Failure rules: 136
Batch update: 10 rules added, 0 existing rules removed (0 new rules dominated)
Survival: 10 rules added, 0 removed (from 10 candidates)
Updated sys_vals: [1, 2]
---
Round: 802, Unk. prob.: 1.000e-04
Upper probs: 8.943e-01, Lower probs: 1.056e-01
No. of non-dominant rules: 23963, Survival rules: 23827, Failure rules: 136
Batch update: 10 rules added, 0 existing rules removed (0 new rules dominated)
Survival: 10 rules added, 0 removed (from 10 candidates)
Updated sys_vals: [1, 2]
---
Round: 803, Unk. prob.: 1.000e-04
Upper probs: 8.950e-01, Lower probs: 1.050e-01
No. of non-dominant rules: 23973, Survival rules: 23837, Failure rules: 136
Batch update: 12 rules added, 0 existing rules removed (0 new rules dominated)
Survival: 12 rules added, 0 removed (from 12 candidates)
Updated sys_vals: [1, 2]
---
Round: 804, Unk. prob.: 1.200e-04
Upper probs: 8.957e-01, Lower probs: 1.042e-01
No. of non-dominant rules: 23985, Survival rules: 23849, Failure rules: 136
Batch update: 16 rules added, 0 existing rules removed (0 new rules dominated)
Survival: 16 rules added, 0 removed (from 16 candidates)
Updated sys_vals: [1, 2]
---
Round: 805, Unk. prob.: 1.600e-04
Upper probs: 8.945e-01, Lower probs: 1.053e-01
No. of non-dominant rules: 24001, Survival rules: 23865, Failure rules: 136
Batch update: 18 rules added, 0 existing rules removed (0 new rules dominated)
Survival: 18 rules added, 0 removed (from 18 candidates)
Updated sys_vals: [1, 2]
---
Round: 806, Unk. prob.: 1.800e-04
Upper probs: 8.942e-01, Lower probs: 1.057e-01
No. of non-dominant rules: 24019, Survival rules: 23883, Failure rules: 136
Batch update: 3 rules added, 0 existing rules removed (0 new rules dominated)
Survival: 3 rules added, 0 removed (from 3 candidates)
Updated sys_vals: [1, 2]
---
Round: 807, Unk. prob.: 3.000e-05
Upper probs: 8.944e-01, Lower probs: 1.056e-01
No. of non-dominant rules: 24022, Survival rules: 23886, Failure rules: 136
Batch update: 12 rules added, 0 existing rules removed (0 new rules dominated)
Survival: 12 rules added, 0 removed (from 12 candidates)
Batch update: 1 rules added, 0 existing rules removed (0 new rules dominated)
Failure: 1 rules added, 0 removed (from 1 candidates)
Updated sys_vals: [1, 2]
---
Round: 808, Unk. prob.: 1.300e-04
Upper probs: 8.947e-01, Lower probs: 1.052e-01
No. of non-dominant rules: 24035, Survival rules: 23898, Failure rules: 137
Batch update: 8 rules added, 0 existing rules removed (0 new rules dominated)
Survival: 8 rules added, 0 removed (from 8 candidates)
Updated sys_vals: [1, 2]
---
Round: 809, Unk. prob.: 8.000e-05
Upper probs: 8.962e-01, Lower probs: 1.037e-01
No. of non-dominant rules: 24043, Survival rules: 23906, Failure rules: 137
Batch update: 11 rules added, 0 existing rules removed (0 new rules dominated)
Survival: 11 rules added, 0 removed (from 11 candidates)
Updated sys_vals: [1, 2]
---
Round: 810, Unk. prob.: 1.100e-04
Upper probs: 8.939e-01, Lower probs: 1.060e-01
No. of non-dominant rules: 24054, Survival rules: 23917, Failure rules: 137
Batch update: 12 rules added, 0 existing rules removed (0 new rules dominated)
Survival: 12 rules added, 0 removed (from 12 candidates)
Updated sys_vals: [1, 2]
---
Round: 811, Unk. prob.: 1.200e-04
Upper probs: 8.953e-01, Lower probs: 1.046e-01
No. of non-dominant rules: 24066, Survival rules: 23929, Failure rules: 137
Batch update: 10 rules added, 0 existing rules removed (0 new rules dominated)
Survival: 10 rules added, 0 removed (from 10 candidates)
Updated sys_vals: [1, 2]
---
Round: 812, Unk. prob.: 1.000e-04
Upper probs: 8.948e-01, Lower probs: 1.051e-01
No. of non-dominant rules: 24076, Survival rules: 23939, Failure rules: 137
Batch update: 9 rules added, 0 existing rules removed (0 new rules dominated)
Survival: 9 rules added, 0 removed (from 9 candidates)
Updated sys_vals: [1, 2]
---
Round: 813, Unk. prob.: 9.000e-05
Upper probs: 8.947e-01, Lower probs: 1.052e-01
No. of non-dominant rules: 24085, Survival rules: 23948, Failure rules: 137
Batch update: 12 rules added, 0 existing rules removed (0 new rules dominated)
Survival: 12 rules added, 0 removed (from 12 candidates)
Updated sys_vals: [1, 2]
---
Round: 814, Unk. prob.: 1.200e-04
Upper probs: 8.942e-01, Lower probs: 1.057e-01
No. of non-dominant rules: 24097, Survival rules: 23960, Failure rules: 137
Batch update: 13 rules added, 0 existing rules removed (0 new rules dominated)
Survival: 13 rules added, 0 removed (from 13 candidates)
Updated sys_vals: [1, 2]
---
Round: 815, Unk. prob.: 1.300e-04
Upper probs: 8.941e-01, Lower probs: 1.058e-01
No. of non-dominant rules: 24110, Survival rules: 23973, Failure rules: 137
Batch update: 10 rules added, 0 existing rules removed (0 new rules dominated)
Survival: 10 rules added, 0 removed (from 10 candidates)
Updated sys_vals: [1, 2]
---
Round: 816, Unk. prob.: 1.000e-04
Upper probs: 8.938e-01, Lower probs: 1.061e-01
No. of non-dominant rules: 24120, Survival rules: 23983, Failure rules: 137
Batch update: 15 rules added, 0 existing rules removed (0 new rules dominated)
Survival: 15 rules added, 0 removed (from 15 candidates)
Updated sys_vals: [1, 2]
---
Round: 817, Unk. prob.: 1.500e-04
Upper probs: 8.945e-01, Lower probs: 1.053e-01
No. of non-dominant rules: 24135, Survival rules: 23998, Failure rules: 137
Batch update: 12 rules added, 0 existing rules removed (0 new rules dominated)
Survival: 12 rules added, 0 removed (from 12 candidates)
Updated sys_vals: [1, 2]
---
Round: 818, Unk. prob.: 1.200e-04
Upper probs: 8.936e-01, Lower probs: 1.063e-01
No. of non-dominant rules: 24147, Survival rules: 24010, Failure rules: 137
Batch update: 10 rules added, 0 existing rules removed (0 new rules dominated)
Survival: 10 rules added, 0 removed (from 10 candidates)
Updated sys_vals: [1, 2]
---
Round: 819, Unk. prob.: 1.000e-04
Upper probs: 8.935e-01, Lower probs: 1.064e-01
No. of non-dominant rules: 24157, Survival rules: 24020, Failure rules: 137
Batch update: 7 rules added, 0 existing rules removed (0 new rules dominated)
Survival: 7 rules added, 0 removed (from 7 candidates)
Updated sys_vals: [1, 2]
---
Round: 820, Unk. prob.: 7.000e-05
Upper probs: 8.956e-01, Lower probs: 1.043e-01
No. of non-dominant rules: 24164, Survival rules: 24027, Failure rules: 137
Batch update: 10 rules added, 0 existing rules removed (0 new rules dominated)
Survival: 10 rules added, 0 removed (from 10 candidates)
Updated sys_vals: [1, 2]
---
Round: 821, Unk. prob.: 1.000e-04
Upper probs: 8.956e-01, Lower probs: 1.043e-01
No. of non-dominant rules: 24174, Survival rules: 24037, Failure rules: 137
Batch update: 12 rules added, 0 existing rules removed (0 new rules dominated)
Survival: 12 rules added, 0 removed (from 12 candidates)
Updated sys_vals: [1, 2]
---
Round: 822, Unk. prob.: 1.200e-04
Upper probs: 8.946e-01, Lower probs: 1.053e-01
No. of non-dominant rules: 24186, Survival rules: 24049, Failure rules: 137
Batch update: 6 rules added, 0 existing rules removed (0 new rules dominated)
Survival: 6 rules added, 0 removed (from 6 candidates)
Updated sys_vals: [1, 2]
---
Round: 823, Unk. prob.: 6.000e-05
Upper probs: 8.932e-01, Lower probs: 1.067e-01
No. of non-dominant rules: 24192, Survival rules: 24055, Failure rules: 137
Batch update: 10 rules added, 0 existing rules removed (0 new rules dominated)
Survival: 10 rules added, 0 removed (from 10 candidates)
Updated sys_vals: [1, 2]
---
Round: 824, Unk. prob.: 1.000e-04
Upper probs: 8.931e-01, Lower probs: 1.068e-01
No. of non-dominant rules: 24202, Survival rules: 24065, Failure rules: 137
Batch update: 13 rules added, 0 existing rules removed (0 new rules dominated)
Survival: 13 rules added, 0 removed (from 13 candidates)
Batch update: 1 rules added, 0 existing rules removed (0 new rules dominated)
Failure: 1 rules added, 0 removed (from 1 candidates)
Updated sys_vals: [1, 2]
---
Round: 825, Unk. prob.: 1.400e-04
Upper probs: 8.945e-01, Lower probs: 1.054e-01
No. of non-dominant rules: 24216, Survival rules: 24078, Failure rules: 138
Batch update: 12 rules added, 0 existing rules removed (0 new rules dominated)
Survival: 12 rules added, 0 removed (from 12 candidates)
Updated sys_vals: [1, 2]
---
Round: 826, Unk. prob.: 1.200e-04
Upper probs: 8.943e-01, Lower probs: 1.056e-01
No. of non-dominant rules: 24228, Survival rules: 24090, Failure rules: 138
Batch update: 8 rules added, 0 existing rules removed (0 new rules dominated)
Survival: 8 rules added, 0 removed (from 8 candidates)
Updated sys_vals: [1, 2]
---
Round: 827, Unk. prob.: 8.000e-05
Upper probs: 8.947e-01, Lower probs: 1.052e-01
No. of non-dominant rules: 24236, Survival rules: 24098, Failure rules: 138
Batch update: 14 rules added, 0 existing rules removed (0 new rules dominated)
Survival: 14 rules added, 0 removed (from 14 candidates)
Updated sys_vals: [1, 2]
---
Round: 828, Unk. prob.: 1.400e-04
Upper probs: 8.938e-01, Lower probs: 1.061e-01
No. of non-dominant rules: 24250, Survival rules: 24112, Failure rules: 138
Batch update: 18 rules added, 0 existing rules removed (0 new rules dominated)
Survival: 18 rules added, 0 removed (from 18 candidates)
Updated sys_vals: [1, 2]
---
Round: 829, Unk. prob.: 1.800e-04
Upper probs: 8.938e-01, Lower probs: 1.061e-01
No. of non-dominant rules: 24268, Survival rules: 24130, Failure rules: 138
Batch update: 6 rules added, 0 existing rules removed (0 new rules dominated)
Survival: 6 rules added, 0 removed (from 6 candidates)
Updated sys_vals: [1, 2]
---
Round: 830, Unk. prob.: 6.000e-05
Upper probs: 8.937e-01, Lower probs: 1.062e-01
No. of non-dominant rules: 24274, Survival rules: 24136, Failure rules: 138
Batch update: 11 rules added, 0 existing rules removed (0 new rules dominated)
Survival: 11 rules added, 0 removed (from 11 candidates)
Updated sys_vals: [1, 2]
---
Round: 831, Unk. prob.: 1.100e-04
Upper probs: 8.944e-01, Lower probs: 1.055e-01
No. of non-dominant rules: 24285, Survival rules: 24147, Failure rules: 138
Batch update: 6 rules added, 0 existing rules removed (0 new rules dominated)
Survival: 6 rules added, 0 removed (from 6 candidates)
Updated sys_vals: [1, 2]
---
Round: 832, Unk. prob.: 6.000e-05
Upper probs: 8.945e-01, Lower probs: 1.054e-01
No. of non-dominant rules: 24291, Survival rules: 24153, Failure rules: 138
Batch update: 13 rules added, 0 existing rules removed (0 new rules dominated)
Survival: 13 rules added, 0 removed (from 13 candidates)
Updated sys_vals: [1, 2]
---
Round: 833, Unk. prob.: 1.300e-04
Upper probs: 8.957e-01, Lower probs: 1.042e-01
No. of non-dominant rules: 24304, Survival rules: 24166, Failure rules: 138
Batch update: 6 rules added, 0 existing rules removed (0 new rules dominated)
Survival: 6 rules added, 0 removed (from 6 candidates)
Batch update: 1 rules added, 0 existing rules removed (0 new rules dominated)
Failure: 1 rules added, 0 removed (from 1 candidates)
Updated sys_vals: [1, 2]
---
Round: 834, Unk. prob.: 7.000e-05
Upper probs: 8.940e-01, Lower probs: 1.060e-01
No. of non-dominant rules: 24311, Survival rules: 24172, Failure rules: 139
Batch update: 10 rules added, 0 existing rules removed (0 new rules dominated)
Survival: 10 rules added, 0 removed (from 10 candidates)
Updated sys_vals: [1, 2]
---
Round: 835, Unk. prob.: 1.000e-04
Upper probs: 8.919e-01, Lower probs: 1.080e-01
No. of non-dominant rules: 24321, Survival rules: 24182, Failure rules: 139
Batch update: 11 rules added, 0 existing rules removed (0 new rules dominated)
Survival: 11 rules added, 0 removed (from 11 candidates)
Updated sys_vals: [1, 2]
---
Round: 836, Unk. prob.: 1.100e-04
Upper probs: 8.943e-01, Lower probs: 1.055e-01
No. of non-dominant rules: 24332, Survival rules: 24193, Failure rules: 139
Batch update: 8 rules added, 0 existing rules removed (0 new rules dominated)
Survival: 8 rules added, 0 removed (from 8 candidates)
Updated sys_vals: [1, 2]
---
Round: 837, Unk. prob.: 8.000e-05
Upper probs: 8.949e-01, Lower probs: 1.051e-01
No. of non-dominant rules: 24340, Survival rules: 24201, Failure rules: 139
Batch update: 14 rules added, 0 existing rules removed (0 new rules dominated)
Survival: 14 rules added, 0 removed (from 14 candidates)
Updated sys_vals: [1, 2]
---
Round: 838, Unk. prob.: 1.400e-04
Upper probs: 8.954e-01, Lower probs: 1.045e-01
No. of non-dominant rules: 24354, Survival rules: 24215, Failure rules: 139
Batch update: 10 rules added, 0 existing rules removed (0 new rules dominated)
Survival: 10 rules added, 0 removed (from 10 candidates)
Updated sys_vals: [1, 2]
---
Round: 839, Unk. prob.: 1.000e-04
Upper probs: 8.935e-01, Lower probs: 1.064e-01
No. of non-dominant rules: 24364, Survival rules: 24225, Failure rules: 139
Batch update: 11 rules added, 0 existing rules removed (0 new rules dominated)
Survival: 11 rules added, 0 removed (from 11 candidates)
Updated sys_vals: [1, 2]
---
Round: 840, Unk. prob.: 1.100e-04
Upper probs: 8.940e-01, Lower probs: 1.059e-01
No. of non-dominant rules: 24375, Survival rules: 24236, Failure rules: 139
Batch update: 10 rules added, 0 existing rules removed (0 new rules dominated)
Survival: 10 rules added, 0 removed (from 10 candidates)
Updated sys_vals: [1, 2]
---
Round: 841, Unk. prob.: 1.000e-04
Upper probs: 8.942e-01, Lower probs: 1.057e-01
No. of non-dominant rules: 24385, Survival rules: 24246, Failure rules: 139
Batch update: 9 rules added, 0 existing rules removed (0 new rules dominated)
Survival: 9 rules added, 0 removed (from 9 candidates)
Updated sys_vals: [1, 2]
---
Round: 842, Unk. prob.: 9.000e-05
Upper probs: 8.937e-01, Lower probs: 1.063e-01
No. of non-dominant rules: 24394, Survival rules: 24255, Failure rules: 139
Batch update: 11 rules added, 0 existing rules removed (0 new rules dominated)
Survival: 11 rules added, 0 removed (from 11 candidates)
Updated sys_vals: [1, 2]
---
Round: 843, Unk. prob.: 1.100e-04
Upper probs: 8.917e-01, Lower probs: 1.082e-01
No. of non-dominant rules: 24405, Survival rules: 24266, Failure rules: 139
Batch update: 8 rules added, 0 existing rules removed (0 new rules dominated)
Survival: 8 rules added, 0 removed (from 8 candidates)
Updated sys_vals: [1, 2]
---
Round: 844, Unk. prob.: 8.000e-05
Upper probs: 8.950e-01, Lower probs: 1.050e-01
No. of non-dominant rules: 24413, Survival rules: 24274, Failure rules: 139
Batch update: 10 rules added, 0 existing rules removed (0 new rules dominated)
Survival: 10 rules added, 0 removed (from 10 candidates)
Updated sys_vals: [1, 2]
---
Round: 845, Unk. prob.: 1.000e-04
Upper probs: 8.937e-01, Lower probs: 1.062e-01
No. of non-dominant rules: 24423, Survival rules: 24284, Failure rules: 139
Batch update: 7 rules added, 0 existing rules removed (0 new rules dominated)
Survival: 7 rules added, 0 removed (from 7 candidates)
Updated sys_vals: [1, 2]
---
Round: 846, Unk. prob.: 7.000e-05
Upper probs: 8.954e-01, Lower probs: 1.045e-01
No. of non-dominant rules: 24430, Survival rules: 24291, Failure rules: 139
Batch update: 5 rules added, 0 existing rules removed (0 new rules dominated)
Survival: 5 rules added, 0 removed (from 5 candidates)
Updated sys_vals: [1, 2]
---
Round: 847, Unk. prob.: 5.000e-05
Upper probs: 8.930e-01, Lower probs: 1.069e-01
No. of non-dominant rules: 24435, Survival rules: 24296, Failure rules: 139
Batch update: 6 rules added, 0 existing rules removed (0 new rules dominated)
Survival: 6 rules added, 0 removed (from 6 candidates)
Updated sys_vals: [1, 2]
---
Round: 848, Unk. prob.: 6.000e-05
Upper probs: 8.944e-01, Lower probs: 1.055e-01
No. of non-dominant rules: 24441, Survival rules: 24302, Failure rules: 139
Batch update: 14 rules added, 0 existing rules removed (0 new rules dominated)
Survival: 14 rules added, 0 removed (from 14 candidates)
Updated sys_vals: [1, 2]
---
Round: 849, Unk. prob.: 1.400e-04
Upper probs: 8.952e-01, Lower probs: 1.047e-01
No. of non-dominant rules: 24455, Survival rules: 24316, Failure rules: 139
Batch update: 13 rules added, 0 existing rules removed (0 new rules dominated)
Survival: 13 rules added, 0 removed (from 13 candidates)
Updated sys_vals: [1, 2]
---
Round: 850, Unk. prob.: 1.300e-04
Upper probs: 8.936e-01, Lower probs: 1.063e-01
No. of non-dominant rules: 24468, Survival rules: 24329, Failure rules: 139
Batch update: 8 rules added, 0 existing rules removed (0 new rules dominated)
Survival: 8 rules added, 0 removed (from 8 candidates)
Updated sys_vals: [1, 2]
---
Round: 851, Unk. prob.: 8.000e-05
Upper probs: 8.945e-01, Lower probs: 1.054e-01
No. of non-dominant rules: 24476, Survival rules: 24337, Failure rules: 139
Batch update: 6 rules added, 0 existing rules removed (0 new rules dominated)
Survival: 6 rules added, 0 removed (from 6 candidates)
Updated sys_vals: [1, 2]
---
Round: 852, Unk. prob.: 6.000e-05
Upper probs: 8.944e-01, Lower probs: 1.055e-01
No. of non-dominant rules: 24482, Survival rules: 24343, Failure rules: 139
Batch update: 5 rules added, 0 existing rules removed (0 new rules dominated)
Survival: 5 rules added, 0 removed (from 5 candidates)
Updated sys_vals: [1, 2]
---
Round: 853, Unk. prob.: 5.000e-05
Upper probs: 8.941e-01, Lower probs: 1.059e-01
No. of non-dominant rules: 24487, Survival rules: 24348, Failure rules: 139
Batch update: 7 rules added, 0 existing rules removed (0 new rules dominated)
Survival: 7 rules added, 0 removed (from 7 candidates)
Updated sys_vals: [1, 2]
---
Round: 854, Unk. prob.: 7.000e-05
Upper probs: 8.938e-01, Lower probs: 1.061e-01
No. of non-dominant rules: 24494, Survival rules: 24355, Failure rules: 139
Batch update: 14 rules added, 0 existing rules removed (0 new rules dominated)
Survival: 14 rules added, 0 removed (from 14 candidates)
Updated sys_vals: [1, 2]
---
Round: 855, Unk. prob.: 1.400e-04
Upper probs: 8.950e-01, Lower probs: 1.049e-01
No. of non-dominant rules: 24508, Survival rules: 24369, Failure rules: 139
Batch update: 12 rules added, 0 existing rules removed (0 new rules dominated)
Survival: 12 rules added, 0 removed (from 12 candidates)
Updated sys_vals: [1, 2]
---
Round: 856, Unk. prob.: 1.200e-04
Upper probs: 8.912e-01, Lower probs: 1.087e-01
No. of non-dominant rules: 24520, Survival rules: 24381, Failure rules: 139
Batch update: 13 rules added, 0 existing rules removed (0 new rules dominated)
Survival: 13 rules added, 0 removed (from 13 candidates)
Updated sys_vals: [1, 2]
---
Round: 857, Unk. prob.: 1.300e-04
Upper probs: 8.952e-01, Lower probs: 1.047e-01
No. of non-dominant rules: 24533, Survival rules: 24394, Failure rules: 139
Batch update: 9 rules added, 0 existing rules removed (0 new rules dominated)
Survival: 9 rules added, 0 removed (from 9 candidates)
Updated sys_vals: [1, 2]
---
Round: 858, Unk. prob.: 9.000e-05
Upper probs: 8.951e-01, Lower probs: 1.048e-01
No. of non-dominant rules: 24542, Survival rules: 24403, Failure rules: 139
Batch update: 11 rules added, 0 existing rules removed (0 new rules dominated)
Survival: 11 rules added, 0 removed (from 11 candidates)
Updated sys_vals: [1, 2]
---
Round: 859, Unk. prob.: 1.100e-04
Upper probs: 8.938e-01, Lower probs: 1.061e-01
No. of non-dominant rules: 24553, Survival rules: 24414, Failure rules: 139
Batch update: 7 rules added, 0 existing rules removed (0 new rules dominated)
Survival: 7 rules added, 0 removed (from 7 candidates)
Updated sys_vals: [1, 2]
---
Round: 860, Unk. prob.: 7.000e-05
Upper probs: 8.946e-01, Lower probs: 1.053e-01
No. of non-dominant rules: 24560, Survival rules: 24421, Failure rules: 139
Batch update: 10 rules added, 0 existing rules removed (0 new rules dominated)
Survival: 10 rules added, 0 removed (from 10 candidates)
Updated sys_vals: [1, 2]
---
Round: 861, Unk. prob.: 1.000e-04
Upper probs: 8.955e-01, Lower probs: 1.044e-01
No. of non-dominant rules: 24570, Survival rules: 24431, Failure rules: 139
Batch update: 9 rules added, 0 existing rules removed (0 new rules dominated)
Survival: 9 rules added, 0 removed (from 9 candidates)
Updated sys_vals: [1, 2]
---
Round: 862, Unk. prob.: 9.000e-05
Upper probs: 8.925e-01, Lower probs: 1.074e-01
No. of non-dominant rules: 24579, Survival rules: 24440, Failure rules: 139
Batch update: 9 rules added, 0 existing rules removed (0 new rules dominated)
Survival: 9 rules added, 0 removed (from 9 candidates)
Updated sys_vals: [1, 2]
---
Round: 863, Unk. prob.: 9.000e-05
Upper probs: 8.927e-01, Lower probs: 1.072e-01
No. of non-dominant rules: 24588, Survival rules: 24449, Failure rules: 139
Batch update: 14 rules added, 0 existing rules removed (0 new rules dominated)
Survival: 14 rules added, 0 removed (from 14 candidates)
Updated sys_vals: [1, 2]
---
Round: 864, Unk. prob.: 1.400e-04
Upper probs: 8.934e-01, Lower probs: 1.064e-01
No. of non-dominant rules: 24602, Survival rules: 24463, Failure rules: 139
Batch update: 9 rules added, 0 existing rules removed (0 new rules dominated)
Survival: 9 rules added, 0 removed (from 9 candidates)
Updated sys_vals: [1, 2]
---
Round: 865, Unk. prob.: 9.000e-05
Upper probs: 8.933e-01, Lower probs: 1.066e-01
No. of non-dominant rules: 24611, Survival rules: 24472, Failure rules: 139
Batch update: 17 rules added, 0 existing rules removed (0 new rules dominated)
Survival: 17 rules added, 0 removed (from 17 candidates)
Updated sys_vals: [1, 2]
---
Round: 866, Unk. prob.: 1.700e-04
Upper probs: 8.952e-01, Lower probs: 1.046e-01
No. of non-dominant rules: 24628, Survival rules: 24489, Failure rules: 139
Batch update: 11 rules added, 0 existing rules removed (0 new rules dominated)
Survival: 11 rules added, 0 removed (from 11 candidates)
Updated sys_vals: [1, 2]
---
Round: 867, Unk. prob.: 1.100e-04
Upper probs: 8.932e-01, Lower probs: 1.066e-01
No. of non-dominant rules: 24639, Survival rules: 24500, Failure rules: 139
Batch update: 7 rules added, 0 existing rules removed (0 new rules dominated)
Survival: 7 rules added, 0 removed (from 7 candidates)
Updated sys_vals: [1, 2]
---
Round: 868, Unk. prob.: 7.000e-05
Upper probs: 8.941e-01, Lower probs: 1.058e-01
No. of non-dominant rules: 24646, Survival rules: 24507, Failure rules: 139
Batch update: 16 rules added, 0 existing rules removed (0 new rules dominated)
Survival: 16 rules added, 0 removed (from 16 candidates)
Updated sys_vals: [1, 2]
---
Round: 869, Unk. prob.: 1.600e-04
Upper probs: 8.952e-01, Lower probs: 1.047e-01
No. of non-dominant rules: 24662, Survival rules: 24523, Failure rules: 139
Batch update: 16 rules added, 0 existing rules removed (0 new rules dominated)
Survival: 16 rules added, 0 removed (from 16 candidates)
Updated sys_vals: [1, 2]
---
Round: 870, Unk. prob.: 1.600e-04
Upper probs: 8.943e-01, Lower probs: 1.055e-01
No. of non-dominant rules: 24678, Survival rules: 24539, Failure rules: 139
Batch update: 11 rules added, 0 existing rules removed (0 new rules dominated)
Survival: 11 rules added, 0 removed (from 11 candidates)
Batch update: 1 rules added, 0 existing rules removed (0 new rules dominated)
Failure: 1 rules added, 0 removed (from 1 candidates)
Updated sys_vals: [1, 2]
---
Round: 871, Unk. prob.: 1.200e-04
Upper probs: 8.950e-01, Lower probs: 1.048e-01
No. of non-dominant rules: 24690, Survival rules: 24550, Failure rules: 140
Batch update: 7 rules added, 0 existing rules removed (0 new rules dominated)
Survival: 7 rules added, 0 removed (from 7 candidates)
Updated sys_vals: [1, 2]
---
Round: 872, Unk. prob.: 7.000e-05
Upper probs: 8.935e-01, Lower probs: 1.065e-01
No. of non-dominant rules: 24697, Survival rules: 24557, Failure rules: 140
Batch update: 10 rules added, 0 existing rules removed (0 new rules dominated)
Survival: 10 rules added, 0 removed (from 10 candidates)
Updated sys_vals: [1, 2]
---
Round: 873, Unk. prob.: 1.000e-04
Upper probs: 8.951e-01, Lower probs: 1.048e-01
No. of non-dominant rules: 24707, Survival rules: 24567, Failure rules: 140
Batch update: 7 rules added, 0 existing rules removed (0 new rules dominated)
Survival: 7 rules added, 0 removed (from 7 candidates)
Updated sys_vals: [1, 2]
---
Round: 874, Unk. prob.: 7.000e-05
Upper probs: 8.938e-01, Lower probs: 1.061e-01
No. of non-dominant rules: 24714, Survival rules: 24574, Failure rules: 140
Batch update: 17 rules added, 0 existing rules removed (0 new rules dominated)
Survival: 17 rules added, 0 removed (from 17 candidates)
Updated sys_vals: [1, 2]
---
Round: 875, Unk. prob.: 1.700e-04
Upper probs: 8.942e-01, Lower probs: 1.057e-01
No. of non-dominant rules: 24731, Survival rules: 24591, Failure rules: 140
Batch update: 14 rules added, 0 existing rules removed (0 new rules dominated)
Survival: 14 rules added, 0 removed (from 14 candidates)
Updated sys_vals: [1, 2]
---
Round: 876, Unk. prob.: 1.400e-04
Upper probs: 8.933e-01, Lower probs: 1.066e-01
No. of non-dominant rules: 24745, Survival rules: 24605, Failure rules: 140
Batch update: 13 rules added, 0 existing rules removed (0 new rules dominated)
Survival: 13 rules added, 0 removed (from 13 candidates)
Updated sys_vals: [1, 2]
---
Round: 877, Unk. prob.: 1.300e-04
Upper probs: 8.934e-01, Lower probs: 1.064e-01
No. of non-dominant rules: 24758, Survival rules: 24618, Failure rules: 140
Batch update: 7 rules added, 0 existing rules removed (0 new rules dominated)
Survival: 7 rules added, 0 removed (from 7 candidates)
Updated sys_vals: [1, 2]
---
Round: 878, Unk. prob.: 7.000e-05
Upper probs: 8.924e-01, Lower probs: 1.076e-01
No. of non-dominant rules: 24765, Survival rules: 24625, Failure rules: 140
Batch update: 8 rules added, 0 existing rules removed (0 new rules dominated)
Survival: 8 rules added, 0 removed (from 8 candidates)
Updated sys_vals: [1, 2]
---
Round: 879, Unk. prob.: 8.000e-05
Upper probs: 8.928e-01, Lower probs: 1.071e-01
No. of non-dominant rules: 24773, Survival rules: 24633, Failure rules: 140
Batch update: 8 rules added, 0 existing rules removed (0 new rules dominated)
Survival: 8 rules added, 0 removed (from 8 candidates)
Updated sys_vals: [1, 2]
---
Round: 880, Unk. prob.: 8.000e-05
Upper probs: 8.940e-01, Lower probs: 1.059e-01
No. of non-dominant rules: 24781, Survival rules: 24641, Failure rules: 140
Batch update: 3 rules added, 0 existing rules removed (0 new rules dominated)
Survival: 3 rules added, 0 removed (from 3 candidates)
Updated sys_vals: [1, 2]
---
Round: 881, Unk. prob.: 3.000e-05
Upper probs: 8.940e-01, Lower probs: 1.060e-01
No. of non-dominant rules: 24784, Survival rules: 24644, Failure rules: 140
Batch update: 6 rules added, 0 existing rules removed (0 new rules dominated)
Survival: 6 rules added, 0 removed (from 6 candidates)
Updated sys_vals: [1, 2]
---
Round: 882, Unk. prob.: 6.000e-05
Upper probs: 8.942e-01, Lower probs: 1.057e-01
No. of non-dominant rules: 24790, Survival rules: 24650, Failure rules: 140
Batch update: 6 rules added, 0 existing rules removed (0 new rules dominated)
Survival: 6 rules added, 0 removed (from 6 candidates)
Updated sys_vals: [1, 2]
---
Round: 883, Unk. prob.: 6.000e-05
Upper probs: 8.954e-01, Lower probs: 1.045e-01
No. of non-dominant rules: 24796, Survival rules: 24656, Failure rules: 140
Batch update: 13 rules added, 0 existing rules removed (0 new rules dominated)
Survival: 13 rules added, 0 removed (from 13 candidates)
Updated sys_vals: [1, 2]
---
Round: 884, Unk. prob.: 1.300e-04
Upper probs: 8.933e-01, Lower probs: 1.066e-01
No. of non-dominant rules: 24809, Survival rules: 24669, Failure rules: 140
Batch update: 14 rules added, 0 existing rules removed (0 new rules dominated)
Survival: 14 rules added, 0 removed (from 14 candidates)
Updated sys_vals: [1, 2]
---
Round: 885, Unk. prob.: 1.400e-04
Upper probs: 8.930e-01, Lower probs: 1.069e-01
No. of non-dominant rules: 24823, Survival rules: 24683, Failure rules: 140
Batch update: 15 rules added, 0 existing rules removed (0 new rules dominated)
Survival: 15 rules added, 0 removed (from 15 candidates)
Updated sys_vals: [1, 2]
---
Round: 886, Unk. prob.: 1.500e-04
Upper probs: 8.949e-01, Lower probs: 1.050e-01
No. of non-dominant rules: 24838, Survival rules: 24698, Failure rules: 140
Batch update: 8 rules added, 0 existing rules removed (0 new rules dominated)
Survival: 8 rules added, 0 removed (from 8 candidates)
Updated sys_vals: [1, 2]
---
Round: 887, Unk. prob.: 8.000e-05
Upper probs: 8.950e-01, Lower probs: 1.049e-01
No. of non-dominant rules: 24846, Survival rules: 24706, Failure rules: 140
Batch update: 7 rules added, 0 existing rules removed (0 new rules dominated)
Survival: 7 rules added, 0 removed (from 7 candidates)
Updated sys_vals: [1, 2]
---
Round: 888, Unk. prob.: 7.000e-05
Upper probs: 8.934e-01, Lower probs: 1.065e-01
No. of non-dominant rules: 24853, Survival rules: 24713, Failure rules: 140
Batch update: 17 rules added, 0 existing rules removed (0 new rules dominated)
Survival: 17 rules added, 0 removed (from 17 candidates)
Updated sys_vals: [1, 2]
---
Round: 889, Unk. prob.: 1.700e-04
Upper probs: 8.934e-01, Lower probs: 1.064e-01
No. of non-dominant rules: 24870, Survival rules: 24730, Failure rules: 140
Batch update: 14 rules added, 0 existing rules removed (0 new rules dominated)
Survival: 14 rules added, 0 removed (from 14 candidates)
Updated sys_vals: [1, 2]
---
Round: 890, Unk. prob.: 1.400e-04
Upper probs: 8.950e-01, Lower probs: 1.049e-01
No. of non-dominant rules: 24884, Survival rules: 24744, Failure rules: 140
Batch update: 7 rules added, 0 existing rules removed (0 new rules dominated)
Survival: 7 rules added, 0 removed (from 7 candidates)
Updated sys_vals: [1, 2]
---
Round: 891, Unk. prob.: 7.000e-05
Upper probs: 8.948e-01, Lower probs: 1.052e-01
No. of non-dominant rules: 24891, Survival rules: 24751, Failure rules: 140
Batch update: 10 rules added, 0 existing rules removed (0 new rules dominated)
Survival: 10 rules added, 0 removed (from 10 candidates)
Updated sys_vals: [1, 2]
---
Round: 892, Unk. prob.: 1.000e-04
Upper probs: 8.951e-01, Lower probs: 1.048e-01
No. of non-dominant rules: 24901, Survival rules: 24761, Failure rules: 140
Batch update: 8 rules added, 0 existing rules removed (0 new rules dominated)
Survival: 8 rules added, 0 removed (from 8 candidates)
Updated sys_vals: [1, 2]
---
Round: 893, Unk. prob.: 8.000e-05
Upper probs: 8.936e-01, Lower probs: 1.063e-01
No. of non-dominant rules: 24909, Survival rules: 24769, Failure rules: 140
Batch update: 10 rules added, 0 existing rules removed (0 new rules dominated)
Survival: 10 rules added, 0 removed (from 10 candidates)
Updated sys_vals: [1, 2]
---
Round: 894, Unk. prob.: 1.000e-04
Upper probs: 8.949e-01, Lower probs: 1.050e-01
No. of non-dominant rules: 24919, Survival rules: 24779, Failure rules: 140
Batch update: 13 rules added, 0 existing rules removed (0 new rules dominated)
Survival: 13 rules added, 0 removed (from 13 candidates)
Updated sys_vals: [1, 2]
---
Round: 895, Unk. prob.: 1.300e-04
Upper probs: 8.939e-01, Lower probs: 1.060e-01
No. of non-dominant rules: 24932, Survival rules: 24792, Failure rules: 140
Batch update: 12 rules added, 0 existing rules removed (0 new rules dominated)
Survival: 12 rules added, 0 removed (from 12 candidates)
Batch update: 1 rules added, 0 existing rules removed (0 new rules dominated)
Failure: 1 rules added, 0 removed (from 1 candidates)
Updated sys_vals: [1, 2]
---
Round: 896, Unk. prob.: 1.300e-04
Upper probs: 8.949e-01, Lower probs: 1.050e-01
No. of non-dominant rules: 24945, Survival rules: 24804, Failure rules: 141
Batch update: 16 rules added, 0 existing rules removed (0 new rules dominated)
Survival: 16 rules added, 0 removed (from 16 candidates)
Updated sys_vals: [1, 2]
---
Round: 897, Unk. prob.: 1.600e-04
Upper probs: 8.950e-01, Lower probs: 1.048e-01
No. of non-dominant rules: 24961, Survival rules: 24820, Failure rules: 141
Batch update: 13 rules added, 0 existing rules removed (0 new rules dominated)
Survival: 13 rules added, 0 removed (from 13 candidates)
Updated sys_vals: [1, 2]
---
Round: 898, Unk. prob.: 1.300e-04
Upper probs: 8.940e-01, Lower probs: 1.059e-01
No. of non-dominant rules: 24974, Survival rules: 24833, Failure rules: 141
Batch update: 12 rules added, 0 existing rules removed (0 new rules dominated)
Survival: 12 rules added, 0 removed (from 12 candidates)
Updated sys_vals: [1, 2]
---
Round: 899, Unk. prob.: 1.200e-04
Upper probs: 8.945e-01, Lower probs: 1.054e-01
No. of non-dominant rules: 24986, Survival rules: 24845, Failure rules: 141
Batch update: 10 rules added, 0 existing rules removed (0 new rules dominated)
Survival: 10 rules added, 0 removed (from 10 candidates)
Updated sys_vals: [1, 2]
---
Round: 900, Unk. prob.: 1.000e-04
Upper probs: 8.944e-01, Lower probs: 1.055e-01
No. of non-dominant rules: 24996, Survival rules: 24855, Failure rules: 141
Batch update: 2 rules added, 0 existing rules removed (0 new rules dominated)
Survival: 2 rules added, 0 removed (from 2 candidates)
Updated sys_vals: [1, 2]
---
Round: 901, Unk. prob.: 2.000e-05
Upper probs: 8.934e-01, Lower probs: 1.066e-01
No. of non-dominant rules: 24998, Survival rules: 24857, Failure rules: 141
Batch update: 8 rules added, 0 existing rules removed (0 new rules dominated)
Survival: 8 rules added, 0 removed (from 8 candidates)
Updated sys_vals: [1, 2]
---
Round: 902, Unk. prob.: 8.000e-05
Upper probs: 8.937e-01, Lower probs: 1.062e-01
No. of non-dominant rules: 25006, Survival rules: 24865, Failure rules: 141
Batch update: 11 rules added, 0 existing rules removed (0 new rules dominated)
Survival: 11 rules added, 0 removed (from 11 candidates)
Updated sys_vals: [1, 2]
---
Round: 903, Unk. prob.: 1.100e-04
Upper probs: 8.941e-01, Lower probs: 1.058e-01
No. of non-dominant rules: 25017, Survival rules: 24876, Failure rules: 141
Batch update: 13 rules added, 0 existing rules removed (0 new rules dominated)
Survival: 13 rules added, 0 removed (from 13 candidates)
Updated sys_vals: [1, 2]
---
Round: 904, Unk. prob.: 1.300e-04
Upper probs: 8.935e-01, Lower probs: 1.064e-01
No. of non-dominant rules: 25030, Survival rules: 24889, Failure rules: 141
Batch update: 7 rules added, 0 existing rules removed (0 new rules dominated)
Survival: 7 rules added, 0 removed (from 7 candidates)
Updated sys_vals: [1, 2]
---
Round: 905, Unk. prob.: 7.000e-05
Upper probs: 8.933e-01, Lower probs: 1.066e-01
No. of non-dominant rules: 25037, Survival rules: 24896, Failure rules: 141
Batch update: 5 rules added, 0 existing rules removed (0 new rules dominated)
Survival: 5 rules added, 0 removed (from 5 candidates)
Updated sys_vals: [1, 2]
---
Round: 906, Unk. prob.: 5.000e-05
Upper probs: 8.926e-01, Lower probs: 1.074e-01
No. of non-dominant rules: 25042, Survival rules: 24901, Failure rules: 141
Batch update: 11 rules added, 0 existing rules removed (0 new rules dominated)
Survival: 11 rules added, 0 removed (from 11 candidates)
Updated sys_vals: [1, 2]
---
Round: 907, Unk. prob.: 1.100e-04
Upper probs: 8.933e-01, Lower probs: 1.066e-01
No. of non-dominant rules: 25053, Survival rules: 24912, Failure rules: 141
Batch update: 18 rules added, 0 existing rules removed (0 new rules dominated)
Survival: 18 rules added, 0 removed (from 18 candidates)
Updated sys_vals: [1, 2]
---
Round: 908, Unk. prob.: 1.800e-04
Upper probs: 8.948e-01, Lower probs: 1.050e-01
No. of non-dominant rules: 25071, Survival rules: 24930, Failure rules: 141
Batch update: 5 rules added, 0 existing rules removed (0 new rules dominated)
Survival: 5 rules added, 0 removed (from 5 candidates)
Updated sys_vals: [1, 2]
---
Round: 909, Unk. prob.: 5.000e-05
Upper probs: 8.937e-01, Lower probs: 1.062e-01
No. of non-dominant rules: 25076, Survival rules: 24935, Failure rules: 141
Batch update: 8 rules added, 0 existing rules removed (0 new rules dominated)
Survival: 8 rules added, 0 removed (from 8 candidates)
Updated sys_vals: [1, 2]
---
Round: 910, Unk. prob.: 8.000e-05
Upper probs: 8.940e-01, Lower probs: 1.059e-01
No. of non-dominant rules: 25084, Survival rules: 24943, Failure rules: 141
Batch update: 6 rules added, 0 existing rules removed (0 new rules dominated)
Survival: 6 rules added, 0 removed (from 6 candidates)
Updated sys_vals: [1, 2]
---
Round: 911, Unk. prob.: 6.000e-05
Upper probs: 8.936e-01, Lower probs: 1.064e-01
No. of non-dominant rules: 25090, Survival rules: 24949, Failure rules: 141
Batch update: 9 rules added, 0 existing rules removed (0 new rules dominated)
Survival: 9 rules added, 0 removed (from 9 candidates)
Updated sys_vals: [1, 2]
---
Round: 912, Unk. prob.: 9.000e-05
Upper probs: 8.938e-01, Lower probs: 1.061e-01
No. of non-dominant rules: 25099, Survival rules: 24958, Failure rules: 141
Batch update: 13 rules added, 0 existing rules removed (0 new rules dominated)
Survival: 13 rules added, 0 removed (from 13 candidates)
Batch update: 1 rules added, 0 existing rules removed (0 new rules dominated)
Failure: 1 rules added, 0 removed (from 1 candidates)
Updated sys_vals: [1, 2]
---
Round: 913, Unk. prob.: 1.400e-04
Upper probs: 8.944e-01, Lower probs: 1.055e-01
No. of non-dominant rules: 25113, Survival rules: 24971, Failure rules: 142
Batch update: 11 rules added, 0 existing rules removed (0 new rules dominated)
Survival: 11 rules added, 0 removed (from 11 candidates)
Updated sys_vals: [1, 2]
---
Round: 914, Unk. prob.: 1.100e-04
Upper probs: 8.942e-01, Lower probs: 1.057e-01
No. of non-dominant rules: 25124, Survival rules: 24982, Failure rules: 142
Batch update: 8 rules added, 0 existing rules removed (0 new rules dominated)
Survival: 8 rules added, 0 removed (from 8 candidates)
Updated sys_vals: [1, 2]
---
Round: 915, Unk. prob.: 8.000e-05
Upper probs: 8.956e-01, Lower probs: 1.044e-01
No. of non-dominant rules: 25132, Survival rules: 24990, Failure rules: 142
Batch update: 9 rules added, 0 existing rules removed (0 new rules dominated)
Survival: 9 rules added, 0 removed (from 9 candidates)
Updated sys_vals: [1, 2]
---
Round: 916, Unk. prob.: 9.000e-05
Upper probs: 8.940e-01, Lower probs: 1.059e-01
No. of non-dominant rules: 25141, Survival rules: 24999, Failure rules: 142
Batch update: 10 rules added, 0 existing rules removed (0 new rules dominated)
Survival: 10 rules added, 0 removed (from 10 candidates)
Updated sys_vals: [1, 2]
---
Round: 917, Unk. prob.: 1.000e-04
Upper probs: 8.938e-01, Lower probs: 1.061e-01
No. of non-dominant rules: 25151, Survival rules: 25009, Failure rules: 142
Batch update: 11 rules added, 0 existing rules removed (0 new rules dominated)
Survival: 11 rules added, 0 removed (from 11 candidates)
Updated sys_vals: [1, 2]
---
Round: 918, Unk. prob.: 1.100e-04
Upper probs: 8.935e-01, Lower probs: 1.064e-01
No. of non-dominant rules: 25162, Survival rules: 25020, Failure rules: 142
Batch update: 14 rules added, 0 existing rules removed (0 new rules dominated)
Survival: 14 rules added, 0 removed (from 14 candidates)
Updated sys_vals: [1, 2]
---
Round: 919, Unk. prob.: 1.400e-04
Upper probs: 8.946e-01, Lower probs: 1.052e-01
No. of non-dominant rules: 25176, Survival rules: 25034, Failure rules: 142
Batch update: 8 rules added, 0 existing rules removed (0 new rules dominated)
Survival: 8 rules added, 0 removed (from 8 candidates)
Updated sys_vals: [1, 2]
---
Round: 920, Unk. prob.: 8.000e-05
Upper probs: 8.960e-01, Lower probs: 1.040e-01
No. of non-dominant rules: 25184, Survival rules: 25042, Failure rules: 142
Batch update: 8 rules added, 0 existing rules removed (0 new rules dominated)
Survival: 8 rules added, 0 removed (from 8 candidates)
Updated sys_vals: [1, 2]
---
Round: 921, Unk. prob.: 8.000e-05
Upper probs: 8.939e-01, Lower probs: 1.060e-01
No. of non-dominant rules: 25192, Survival rules: 25050, Failure rules: 142
Batch update: 12 rules added, 0 existing rules removed (0 new rules dominated)
Survival: 12 rules added, 0 removed (from 12 candidates)
Updated sys_vals: [1, 2]
---
Round: 922, Unk. prob.: 1.200e-04
Upper probs: 8.936e-01, Lower probs: 1.063e-01
No. of non-dominant rules: 25204, Survival rules: 25062, Failure rules: 142
Batch update: 6 rules added, 0 existing rules removed (0 new rules dominated)
Survival: 6 rules added, 0 removed (from 6 candidates)
Updated sys_vals: [1, 2]
---
Round: 923, Unk. prob.: 6.000e-05
Upper probs: 8.935e-01, Lower probs: 1.064e-01
No. of non-dominant rules: 25210, Survival rules: 25068, Failure rules: 142
Batch update: 11 rules added, 0 existing rules removed (0 new rules dominated)
Survival: 11 rules added, 0 removed (from 11 candidates)
Updated sys_vals: [1, 2]
---
Round: 924, Unk. prob.: 1.100e-04
Upper probs: 8.935e-01, Lower probs: 1.064e-01
No. of non-dominant rules: 25221, Survival rules: 25079, Failure rules: 142
Batch update: 9 rules added, 0 existing rules removed (0 new rules dominated)
Survival: 9 rules added, 0 removed (from 9 candidates)
Updated sys_vals: [1, 2]
---
Round: 925, Unk. prob.: 9.000e-05
Upper probs: 8.961e-01, Lower probs: 1.038e-01
No. of non-dominant rules: 25230, Survival rules: 25088, Failure rules: 142
Batch update: 5 rules added, 0 existing rules removed (0 new rules dominated)
Survival: 5 rules added, 0 removed (from 5 candidates)
Updated sys_vals: [1, 2]
---
Round: 926, Unk. prob.: 5.000e-05
Upper probs: 8.952e-01, Lower probs: 1.047e-01
No. of non-dominant rules: 25235, Survival rules: 25093, Failure rules: 142
Batch update: 6 rules added, 0 existing rules removed (0 new rules dominated)
Survival: 6 rules added, 0 removed (from 6 candidates)
Updated sys_vals: [1, 2]
---
Round: 927, Unk. prob.: 6.000e-05
Upper probs: 8.942e-01, Lower probs: 1.058e-01
No. of non-dominant rules: 25241, Survival rules: 25099, Failure rules: 142
Batch update: 11 rules added, 0 existing rules removed (0 new rules dominated)
Survival: 11 rules added, 0 removed (from 11 candidates)
Updated sys_vals: [1, 2]
---
Round: 928, Unk. prob.: 1.100e-04
Upper probs: 8.940e-01, Lower probs: 1.059e-01
No. of non-dominant rules: 25252, Survival rules: 25110, Failure rules: 142
Batch update: 5 rules added, 0 existing rules removed (0 new rules dominated)
Survival: 5 rules added, 0 removed (from 5 candidates)
Updated sys_vals: [1, 2]
---
Round: 929, Unk. prob.: 5.000e-05
Upper probs: 8.931e-01, Lower probs: 1.068e-01
No. of non-dominant rules: 25257, Survival rules: 25115, Failure rules: 142
Batch update: 11 rules added, 0 existing rules removed (0 new rules dominated)
Survival: 11 rules added, 0 removed (from 11 candidates)
Updated sys_vals: [1, 2]
---
Round: 930, Unk. prob.: 1.100e-04
Upper probs: 8.938e-01, Lower probs: 1.061e-01
No. of non-dominant rules: 25268, Survival rules: 25126, Failure rules: 142
Batch update: 7 rules added, 0 existing rules removed (0 new rules dominated)
Survival: 7 rules added, 0 removed (from 7 candidates)
Updated sys_vals: [1, 2]
---
Round: 931, Unk. prob.: 7.000e-05
Upper probs: 8.943e-01, Lower probs: 1.056e-01
No. of non-dominant rules: 25275, Survival rules: 25133, Failure rules: 142
Batch update: 11 rules added, 0 existing rules removed (0 new rules dominated)
Survival: 11 rules added, 0 removed (from 11 candidates)
Updated sys_vals: [1, 2]
---
Round: 932, Unk. prob.: 1.100e-04
Upper probs: 8.938e-01, Lower probs: 1.061e-01
No. of non-dominant rules: 25286, Survival rules: 25144, Failure rules: 142
Batch update: 14 rules added, 0 existing rules removed (0 new rules dominated)
Survival: 14 rules added, 0 removed (from 14 candidates)
Updated sys_vals: [1, 2]
---
Round: 933, Unk. prob.: 1.400e-04
Upper probs: 8.944e-01, Lower probs: 1.054e-01
No. of non-dominant rules: 25300, Survival rules: 25158, Failure rules: 142
Batch update: 6 rules added, 0 existing rules removed (0 new rules dominated)
Survival: 6 rules added, 0 removed (from 6 candidates)
Updated sys_vals: [1, 2]
---
Round: 934, Unk. prob.: 6.000e-05
Upper probs: 8.947e-01, Lower probs: 1.053e-01
No. of non-dominant rules: 25306, Survival rules: 25164, Failure rules: 142
Batch update: 13 rules added, 0 existing rules removed (0 new rules dominated)
Survival: 13 rules added, 0 removed (from 13 candidates)
Updated sys_vals: [1, 2]
---
Round: 935, Unk. prob.: 1.300e-04
Upper probs: 8.917e-01, Lower probs: 1.081e-01
No. of non-dominant rules: 25319, Survival rules: 25177, Failure rules: 142
Batch update: 14 rules added, 0 existing rules removed (0 new rules dominated)
Survival: 14 rules added, 0 removed (from 14 candidates)
Updated sys_vals: [1, 2]
---
Round: 936, Unk. prob.: 1.400e-04
Upper probs: 8.963e-01, Lower probs: 1.036e-01
No. of non-dominant rules: 25333, Survival rules: 25191, Failure rules: 142
Batch update: 13 rules added, 0 existing rules removed (0 new rules dominated)
Survival: 13 rules added, 0 removed (from 13 candidates)
Updated sys_vals: [1, 2]
---
Round: 937, Unk. prob.: 1.300e-04
Upper probs: 8.945e-01, Lower probs: 1.053e-01
No. of non-dominant rules: 25346, Survival rules: 25204, Failure rules: 142
Batch update: 9 rules added, 0 existing rules removed (0 new rules dominated)
Survival: 9 rules added, 0 removed (from 9 candidates)
Updated sys_vals: [1, 2]
---
Round: 938, Unk. prob.: 9.000e-05
Upper probs: 8.952e-01, Lower probs: 1.047e-01
No. of non-dominant rules: 25355, Survival rules: 25213, Failure rules: 142
Batch update: 15 rules added, 0 existing rules removed (0 new rules dominated)
Survival: 15 rules added, 0 removed (from 15 candidates)
Updated sys_vals: [1, 2]
---
Round: 939, Unk. prob.: 1.500e-04
Upper probs: 8.941e-01, Lower probs: 1.058e-01
No. of non-dominant rules: 25370, Survival rules: 25228, Failure rules: 142
Batch update: 13 rules added, 0 existing rules removed (0 new rules dominated)
Survival: 13 rules added, 0 removed (from 13 candidates)
Updated sys_vals: [1, 2]
---
Round: 940, Unk. prob.: 1.300e-04
Upper probs: 8.952e-01, Lower probs: 1.046e-01
No. of non-dominant rules: 25383, Survival rules: 25241, Failure rules: 142
Batch update: 8 rules added, 0 existing rules removed (0 new rules dominated)
Survival: 8 rules added, 0 removed (from 8 candidates)
Updated sys_vals: [1, 2]
---
Round: 941, Unk. prob.: 8.000e-05
Upper probs: 8.928e-01, Lower probs: 1.071e-01
No. of non-dominant rules: 25391, Survival rules: 25249, Failure rules: 142
Batch update: 10 rules added, 0 existing rules removed (0 new rules dominated)
Survival: 10 rules added, 0 removed (from 10 candidates)
Updated sys_vals: [1, 2]
---
Round: 942, Unk. prob.: 1.000e-04
Upper probs: 8.951e-01, Lower probs: 1.048e-01
No. of non-dominant rules: 25401, Survival rules: 25259, Failure rules: 142
Batch update: 9 rules added, 0 existing rules removed (0 new rules dominated)
Survival: 9 rules added, 0 removed (from 9 candidates)
Updated sys_vals: [1, 2]
---
Round: 943, Unk. prob.: 9.000e-05
Upper probs: 8.942e-01, Lower probs: 1.057e-01
No. of non-dominant rules: 25410, Survival rules: 25268, Failure rules: 142
Batch update: 12 rules added, 0 existing rules removed (0 new rules dominated)
Survival: 12 rules added, 0 removed (from 12 candidates)
Updated sys_vals: [1, 2]
---
Round: 944, Unk. prob.: 1.200e-04
Upper probs: 8.941e-01, Lower probs: 1.058e-01
No. of non-dominant rules: 25422, Survival rules: 25280, Failure rules: 142
Batch update: 9 rules added, 0 existing rules removed (0 new rules dominated)
Survival: 9 rules added, 0 removed (from 9 candidates)
Updated sys_vals: [1, 2]
---
Round: 945, Unk. prob.: 9.000e-05
Upper probs: 8.942e-01, Lower probs: 1.057e-01
No. of non-dominant rules: 25431, Survival rules: 25289, Failure rules: 142
Batch update: 5 rules added, 0 existing rules removed (0 new rules dominated)
Survival: 5 rules added, 0 removed (from 5 candidates)
Updated sys_vals: [1, 2]
---
Round: 946, Unk. prob.: 5.000e-05
Upper probs: 8.924e-01, Lower probs: 1.076e-01
No. of non-dominant rules: 25436, Survival rules: 25294, Failure rules: 142
Batch update: 11 rules added, 0 existing rules removed (0 new rules dominated)
Survival: 11 rules added, 0 removed (from 11 candidates)
Updated sys_vals: [1, 2]
---
Round: 947, Unk. prob.: 1.100e-04
Upper probs: 8.923e-01, Lower probs: 1.076e-01
No. of non-dominant rules: 25447, Survival rules: 25305, Failure rules: 142
Batch update: 5 rules added, 0 existing rules removed (0 new rules dominated)
Survival: 5 rules added, 0 removed (from 5 candidates)
Batch update: 1 rules added, 0 existing rules removed (0 new rules dominated)
Failure: 1 rules added, 0 removed (from 1 candidates)
Updated sys_vals: [1, 2]
---
Round: 948, Unk. prob.: 6.000e-05
Upper probs: 8.945e-01, Lower probs: 1.054e-01
No. of non-dominant rules: 25453, Survival rules: 25310, Failure rules: 143
Batch update: 12 rules added, 0 existing rules removed (0 new rules dominated)
Survival: 12 rules added, 0 removed (from 12 candidates)
Updated sys_vals: [1, 2]
---
Round: 949, Unk. prob.: 1.200e-04
Upper probs: 8.943e-01, Lower probs: 1.056e-01
No. of non-dominant rules: 25465, Survival rules: 25322, Failure rules: 143
Batch update: 11 rules added, 0 existing rules removed (0 new rules dominated)
Survival: 11 rules added, 0 removed (from 11 candidates)
Updated sys_vals: [1, 2]
---
Round: 950, Unk. prob.: 1.100e-04
Upper probs: 8.943e-01, Lower probs: 1.056e-01
No. of non-dominant rules: 25476, Survival rules: 25333, Failure rules: 143
Batch update: 11 rules added, 0 existing rules removed (0 new rules dominated)
Survival: 11 rules added, 0 removed (from 11 candidates)
Updated sys_vals: [1, 2]
---
Round: 951, Unk. prob.: 1.100e-04
Upper probs: 8.937e-01, Lower probs: 1.062e-01
No. of non-dominant rules: 25487, Survival rules: 25344, Failure rules: 143
Batch update: 6 rules added, 0 existing rules removed (0 new rules dominated)
Survival: 6 rules added, 0 removed (from 6 candidates)
Updated sys_vals: [1, 2]
---
Round: 952, Unk. prob.: 6.000e-05
Upper probs: 8.946e-01, Lower probs: 1.054e-01
No. of non-dominant rules: 25493, Survival rules: 25350, Failure rules: 143
Batch update: 9 rules added, 0 existing rules removed (0 new rules dominated)
Survival: 9 rules added, 0 removed (from 9 candidates)
Updated sys_vals: [1, 2]
---
Round: 953, Unk. prob.: 9.000e-05
Upper probs: 8.933e-01, Lower probs: 1.066e-01
No. of non-dominant rules: 25502, Survival rules: 25359, Failure rules: 143
Batch update: 10 rules added, 0 existing rules removed (0 new rules dominated)
Survival: 10 rules added, 0 removed (from 10 candidates)
Updated sys_vals: [1, 2]
---
Round: 954, Unk. prob.: 1.000e-04
Upper probs: 8.937e-01, Lower probs: 1.062e-01
No. of non-dominant rules: 25512, Survival rules: 25369, Failure rules: 143
Batch update: 5 rules added, 0 existing rules removed (0 new rules dominated)
Survival: 5 rules added, 0 removed (from 5 candidates)
Updated sys_vals: [1, 2]
---
Round: 955, Unk. prob.: 5.000e-05
Upper probs: 8.946e-01, Lower probs: 1.053e-01
No. of non-dominant rules: 25517, Survival rules: 25374, Failure rules: 143
Batch update: 4 rules added, 0 existing rules removed (0 new rules dominated)
Survival: 4 rules added, 0 removed (from 4 candidates)
Updated sys_vals: [1, 2]
---
Round: 956, Unk. prob.: 4.000e-05
Upper probs: 8.961e-01, Lower probs: 1.039e-01
No. of non-dominant rules: 25521, Survival rules: 25378, Failure rules: 143
Batch update: 7 rules added, 0 existing rules removed (0 new rules dominated)
Survival: 7 rules added, 0 removed (from 7 candidates)
Updated sys_vals: [1, 2]
---
Round: 957, Unk. prob.: 7.000e-05
Upper probs: 8.924e-01, Lower probs: 1.075e-01
No. of non-dominant rules: 25528, Survival rules: 25385, Failure rules: 143
Batch update: 10 rules added, 0 existing rules removed (0 new rules dominated)
Survival: 10 rules added, 0 removed (from 10 candidates)
Updated sys_vals: [1, 2]
---
Round: 958, Unk. prob.: 1.000e-04
Upper probs: 8.947e-01, Lower probs: 1.052e-01
No. of non-dominant rules: 25538, Survival rules: 25395, Failure rules: 143
Batch update: 9 rules added, 0 existing rules removed (0 new rules dominated)
Survival: 9 rules added, 0 removed (from 9 candidates)
Updated sys_vals: [1, 2]
---
Round: 959, Unk. prob.: 9.000e-05
Upper probs: 8.927e-01, Lower probs: 1.072e-01
No. of non-dominant rules: 25547, Survival rules: 25404, Failure rules: 143
Batch update: 11 rules added, 0 existing rules removed (0 new rules dominated)
Survival: 11 rules added, 0 removed (from 11 candidates)
Updated sys_vals: [1, 2]
---
Round: 960, Unk. prob.: 1.100e-04
Upper probs: 8.946e-01, Lower probs: 1.053e-01
No. of non-dominant rules: 25558, Survival rules: 25415, Failure rules: 143
Batch update: 12 rules added, 0 existing rules removed (0 new rules dominated)
Survival: 12 rules added, 0 removed (from 12 candidates)
Updated sys_vals: [1, 2]
---
Round: 961, Unk. prob.: 1.200e-04
Upper probs: 8.958e-01, Lower probs: 1.041e-01
No. of non-dominant rules: 25570, Survival rules: 25427, Failure rules: 143
Batch update: 11 rules added, 0 existing rules removed (0 new rules dominated)
Survival: 11 rules added, 0 removed (from 11 candidates)
Updated sys_vals: [1, 2]
---
Round: 962, Unk. prob.: 1.100e-04
Upper probs: 8.944e-01, Lower probs: 1.055e-01
No. of non-dominant rules: 25581, Survival rules: 25438, Failure rules: 143
Batch update: 13 rules added, 0 existing rules removed (0 new rules dominated)
Survival: 13 rules added, 0 removed (from 13 candidates)
Updated sys_vals: [1, 2]
---
Round: 963, Unk. prob.: 1.300e-04
Upper probs: 8.937e-01, Lower probs: 1.062e-01
No. of non-dominant rules: 25594, Survival rules: 25451, Failure rules: 143
Batch update: 11 rules added, 0 existing rules removed (0 new rules dominated)
Survival: 11 rules added, 0 removed (from 11 candidates)
Updated sys_vals: [1, 2]
---
Round: 964, Unk. prob.: 1.100e-04
Upper probs: 8.951e-01, Lower probs: 1.048e-01
No. of non-dominant rules: 25605, Survival rules: 25462, Failure rules: 143
Batch update: 17 rules added, 0 existing rules removed (0 new rules dominated)
Survival: 17 rules added, 0 removed (from 17 candidates)
Updated sys_vals: [1, 2]
---
Round: 965, Unk. prob.: 1.700e-04
Upper probs: 8.932e-01, Lower probs: 1.067e-01
No. of non-dominant rules: 25622, Survival rules: 25479, Failure rules: 143
Batch update: 10 rules added, 0 existing rules removed (0 new rules dominated)
Survival: 10 rules added, 0 removed (from 10 candidates)
Updated sys_vals: [1, 2]
---
Round: 966, Unk. prob.: 1.000e-04
Upper probs: 8.943e-01, Lower probs: 1.056e-01
No. of non-dominant rules: 25632, Survival rules: 25489, Failure rules: 143
Batch update: 7 rules added, 0 existing rules removed (0 new rules dominated)
Survival: 7 rules added, 0 removed (from 7 candidates)
Updated sys_vals: [1, 2]
---
Round: 967, Unk. prob.: 7.000e-05
Upper probs: 8.944e-01, Lower probs: 1.055e-01
No. of non-dominant rules: 25639, Survival rules: 25496, Failure rules: 143
Batch update: 10 rules added, 0 existing rules removed (0 new rules dominated)
Survival: 10 rules added, 0 removed (from 10 candidates)
Updated sys_vals: [1, 2]
---
Round: 968, Unk. prob.: 1.000e-04
Upper probs: 8.947e-01, Lower probs: 1.052e-01
No. of non-dominant rules: 25649, Survival rules: 25506, Failure rules: 143
Batch update: 8 rules added, 0 existing rules removed (0 new rules dominated)
Survival: 8 rules added, 0 removed (from 8 candidates)
Updated sys_vals: [1, 2]
---
Round: 969, Unk. prob.: 8.000e-05
Upper probs: 8.951e-01, Lower probs: 1.048e-01
No. of non-dominant rules: 25657, Survival rules: 25514, Failure rules: 143
Batch update: 12 rules added, 0 existing rules removed (0 new rules dominated)
Survival: 12 rules added, 0 removed (from 12 candidates)
Updated sys_vals: [1, 2]
---
Round: 970, Unk. prob.: 1.200e-04
Upper probs: 8.955e-01, Lower probs: 1.044e-01
No. of non-dominant rules: 25669, Survival rules: 25526, Failure rules: 143
Batch update: 6 rules added, 0 existing rules removed (0 new rules dominated)
Survival: 6 rules added, 0 removed (from 6 candidates)
Updated sys_vals: [1, 2]
---
Round: 971, Unk. prob.: 6.000e-05
Upper probs: 8.938e-01, Lower probs: 1.061e-01
No. of non-dominant rules: 25675, Survival rules: 25532, Failure rules: 143
Batch update: 6 rules added, 0 existing rules removed (0 new rules dominated)
Survival: 6 rules added, 0 removed (from 6 candidates)
Updated sys_vals: [1, 2]
---
Round: 972, Unk. prob.: 6.000e-05
Upper probs: 8.954e-01, Lower probs: 1.046e-01
No. of non-dominant rules: 25681, Survival rules: 25538, Failure rules: 143
Batch update: 8 rules added, 0 existing rules removed (0 new rules dominated)
Survival: 8 rules added, 0 removed (from 8 candidates)
Updated sys_vals: [1, 2]
---
Round: 973, Unk. prob.: 8.000e-05
Upper probs: 8.944e-01, Lower probs: 1.056e-01
No. of non-dominant rules: 25689, Survival rules: 25546, Failure rules: 143
Batch update: 10 rules added, 0 existing rules removed (0 new rules dominated)
Survival: 10 rules added, 0 removed (from 10 candidates)
Batch update: 1 rules added, 0 existing rules removed (0 new rules dominated)
Failure: 1 rules added, 0 removed (from 1 candidates)
Updated sys_vals: [1, 2]
---
Round: 974, Unk. prob.: 1.100e-04
Upper probs: 8.925e-01, Lower probs: 1.074e-01
No. of non-dominant rules: 25700, Survival rules: 25556, Failure rules: 144
Batch update: 14 rules added, 0 existing rules removed (0 new rules dominated)
Survival: 14 rules added, 0 removed (from 14 candidates)
Updated sys_vals: [1, 2]
---
Round: 975, Unk. prob.: 1.400e-04
Upper probs: 8.937e-01, Lower probs: 1.061e-01
No. of non-dominant rules: 25714, Survival rules: 25570, Failure rules: 144
Batch update: 4 rules added, 0 existing rules removed (0 new rules dominated)
Survival: 4 rules added, 0 removed (from 4 candidates)
Updated sys_vals: [1, 2]
---
Round: 976, Unk. prob.: 4.000e-05
Upper probs: 8.917e-01, Lower probs: 1.083e-01
No. of non-dominant rules: 25718, Survival rules: 25574, Failure rules: 144
Batch update: 5 rules added, 0 existing rules removed (0 new rules dominated)
Survival: 5 rules added, 0 removed (from 5 candidates)
Updated sys_vals: [1, 2]
---
Round: 977, Unk. prob.: 5.000e-05
Upper probs: 8.931e-01, Lower probs: 1.069e-01
No. of non-dominant rules: 25723, Survival rules: 25579, Failure rules: 144
Batch update: 11 rules added, 0 existing rules removed (0 new rules dominated)
Survival: 11 rules added, 0 removed (from 11 candidates)
Updated sys_vals: [1, 2]
---
Round: 978, Unk. prob.: 1.100e-04
Upper probs: 8.955e-01, Lower probs: 1.044e-01
No. of non-dominant rules: 25734, Survival rules: 25590, Failure rules: 144
Batch update: 11 rules added, 0 existing rules removed (0 new rules dominated)
Survival: 11 rules added, 0 removed (from 11 candidates)
Updated sys_vals: [1, 2]
---
Round: 979, Unk. prob.: 1.100e-04
Upper probs: 8.951e-01, Lower probs: 1.048e-01
No. of non-dominant rules: 25745, Survival rules: 25601, Failure rules: 144
Batch update: 7 rules added, 0 existing rules removed (0 new rules dominated)
Survival: 7 rules added, 0 removed (from 7 candidates)
Updated sys_vals: [1, 2]
---
Round: 980, Unk. prob.: 7.000e-05
Upper probs: 8.945e-01, Lower probs: 1.055e-01
No. of non-dominant rules: 25752, Survival rules: 25608, Failure rules: 144
Batch update: 17 rules added, 0 existing rules removed (0 new rules dominated)
Survival: 17 rules added, 0 removed (from 17 candidates)
Updated sys_vals: [1, 2]
---
Round: 981, Unk. prob.: 1.700e-04
Upper probs: 8.938e-01, Lower probs: 1.061e-01
No. of non-dominant rules: 25769, Survival rules: 25625, Failure rules: 144
Batch update: 6 rules added, 0 existing rules removed (0 new rules dominated)
Survival: 6 rules added, 0 removed (from 6 candidates)
Updated sys_vals: [1, 2]
---
Round: 982, Unk. prob.: 6.000e-05
Upper probs: 8.952e-01, Lower probs: 1.048e-01
No. of non-dominant rules: 25775, Survival rules: 25631, Failure rules: 144
Batch update: 12 rules added, 0 existing rules removed (0 new rules dominated)
Survival: 12 rules added, 0 removed (from 12 candidates)
Updated sys_vals: [1, 2]
---
Round: 983, Unk. prob.: 1.200e-04
Upper probs: 8.942e-01, Lower probs: 1.057e-01
No. of non-dominant rules: 25787, Survival rules: 25643, Failure rules: 144
Batch update: 15 rules added, 0 existing rules removed (0 new rules dominated)
Survival: 15 rules added, 0 removed (from 15 candidates)
Updated sys_vals: [1, 2]
---
Round: 984, Unk. prob.: 1.500e-04
Upper probs: 8.931e-01, Lower probs: 1.068e-01
No. of non-dominant rules: 25802, Survival rules: 25658, Failure rules: 144
Batch update: 8 rules added, 0 existing rules removed (0 new rules dominated)
Survival: 8 rules added, 0 removed (from 8 candidates)
Updated sys_vals: [1, 2]
---
Round: 985, Unk. prob.: 8.000e-05
Upper probs: 8.949e-01, Lower probs: 1.050e-01
No. of non-dominant rules: 25810, Survival rules: 25666, Failure rules: 144
Batch update: 5 rules added, 0 existing rules removed (0 new rules dominated)
Survival: 5 rules added, 0 removed (from 5 candidates)
Updated sys_vals: [1, 2]
---
Round: 986, Unk. prob.: 5.000e-05
Upper probs: 8.935e-01, Lower probs: 1.064e-01
No. of non-dominant rules: 25815, Survival rules: 25671, Failure rules: 144
Batch update: 14 rules added, 0 existing rules removed (0 new rules dominated)
Survival: 14 rules added, 0 removed (from 14 candidates)
Updated sys_vals: [1, 2]
---
Round: 987, Unk. prob.: 1.400e-04
Upper probs: 8.945e-01, Lower probs: 1.054e-01
No. of non-dominant rules: 25829, Survival rules: 25685, Failure rules: 144
Batch update: 7 rules added, 0 existing rules removed (0 new rules dominated)
Survival: 7 rules added, 0 removed (from 7 candidates)
Updated sys_vals: [1, 2]
---
Round: 988, Unk. prob.: 7.000e-05
Upper probs: 8.924e-01, Lower probs: 1.075e-01
No. of non-dominant rules: 25836, Survival rules: 25692, Failure rules: 144
Batch update: 8 rules added, 0 existing rules removed (0 new rules dominated)
Survival: 8 rules added, 0 removed (from 8 candidates)
Updated sys_vals: [1, 2]
---
Round: 989, Unk. prob.: 8.000e-05
Upper probs: 8.948e-01, Lower probs: 1.052e-01
No. of non-dominant rules: 25844, Survival rules: 25700, Failure rules: 144
Batch update: 12 rules added, 0 existing rules removed (0 new rules dominated)
Survival: 12 rules added, 0 removed (from 12 candidates)
Updated sys_vals: [1, 2]
---
Round: 990, Unk. prob.: 1.200e-04
Upper probs: 8.937e-01, Lower probs: 1.062e-01
No. of non-dominant rules: 25856, Survival rules: 25712, Failure rules: 144
Batch update: 6 rules added, 0 existing rules removed (0 new rules dominated)
Survival: 6 rules added, 0 removed (from 6 candidates)
Updated sys_vals: [1, 2]
---
Round: 991, Unk. prob.: 6.000e-05
Upper probs: 8.918e-01, Lower probs: 1.081e-01
No. of non-dominant rules: 25862, Survival rules: 25718, Failure rules: 144
Batch update: 11 rules added, 0 existing rules removed (0 new rules dominated)
Survival: 11 rules added, 0 removed (from 11 candidates)
Updated sys_vals: [1, 2]
---
Round: 992, Unk. prob.: 1.100e-04
Upper probs: 8.940e-01, Lower probs: 1.059e-01
No. of non-dominant rules: 25873, Survival rules: 25729, Failure rules: 144
Batch update: 5 rules added, 0 existing rules removed (0 new rules dominated)
Survival: 5 rules added, 0 removed (from 5 candidates)
Updated sys_vals: [1, 2]
---
Round: 993, Unk. prob.: 5.000e-05
Upper probs: 8.945e-01, Lower probs: 1.054e-01
No. of non-dominant rules: 25878, Survival rules: 25734, Failure rules: 144
Batch update: 13 rules added, 0 existing rules removed (0 new rules dominated)
Survival: 13 rules added, 0 removed (from 13 candidates)
Updated sys_vals: [1, 2]
---
Round: 994, Unk. prob.: 1.300e-04
Upper probs: 8.954e-01, Lower probs: 1.045e-01
No. of non-dominant rules: 25891, Survival rules: 25747, Failure rules: 144
Batch update: 7 rules added, 0 existing rules removed (0 new rules dominated)
Survival: 7 rules added, 0 removed (from 7 candidates)
Updated sys_vals: [1, 2]
---
Round: 995, Unk. prob.: 7.000e-05
Upper probs: 8.945e-01, Lower probs: 1.055e-01
No. of non-dominant rules: 25898, Survival rules: 25754, Failure rules: 144
Batch update: 8 rules added, 0 existing rules removed (0 new rules dominated)
Survival: 8 rules added, 0 removed (from 8 candidates)
Updated sys_vals: [1, 2]
---
Round: 996, Unk. prob.: 8.000e-05
Upper probs: 8.930e-01, Lower probs: 1.069e-01
No. of non-dominant rules: 25906, Survival rules: 25762, Failure rules: 144
Batch update: 9 rules added, 0 existing rules removed (0 new rules dominated)
Survival: 9 rules added, 0 removed (from 9 candidates)
Updated sys_vals: [1, 2]
---
Round: 997, Unk. prob.: 9.000e-05
Upper probs: 8.937e-01, Lower probs: 1.062e-01
No. of non-dominant rules: 25915, Survival rules: 25771, Failure rules: 144
Batch update: 3 rules added, 0 existing rules removed (0 new rules dominated)
Survival: 3 rules added, 0 removed (from 3 candidates)
Updated sys_vals: [1, 2]
---
Round: 998, Unk. prob.: 3.000e-05
Upper probs: 8.944e-01, Lower probs: 1.056e-01
No. of non-dominant rules: 25918, Survival rules: 25774, Failure rules: 144
Batch update: 7 rules added, 0 existing rules removed (0 new rules dominated)
Survival: 7 rules added, 0 removed (from 7 candidates)
Updated sys_vals: [1, 2]
---
Round: 999, Unk. prob.: 7.000e-05
Upper probs: 8.946e-01, Lower probs: 1.053e-01
No. of non-dominant rules: 25925, Survival rules: 25781, Failure rules: 144
Batch update: 7 rules added, 0 existing rules removed (0 new rules dominated)
Survival: 7 rules added, 0 removed (from 7 candidates)
Updated sys_vals: [1, 2]
---
Round: 1000, Unk. prob.: 7.000e-05
Upper probs: 8.948e-01, Lower probs: 1.052e-01
No. of non-dominant rules: 25932, Survival rules: 25788, Failure rules: 144
Batch update: 11 rules added, 0 existing rules removed (0 new rules dominated)
Survival: 11 rules added, 0 removed (from 11 candidates)
Updated sys_vals: [1, 2]
---
Probs: 'upper':  8.941e-01, 'lower':  1.058e-01, 'unkn':  9.140e-05
---
Round: 1001, Unk. prob.: 9.140e-05
Upper probs: 8.941e-01, Lower probs: 1.058e-01
No. of non-dominant rules: 25943, Survival rules: 25799, Failure rules: 144
Batch update: 6 rules added, 0 existing rules removed (0 new rules dominated)
Survival: 6 rules added, 0 removed (from 6 candidates)
Updated sys_vals: [1, 2]
---
Round: 1002, Unk. prob.: 6.000e-05
Upper probs: 8.936e-01, Lower probs: 1.064e-01
No. of non-dominant rules: 25949, Survival rules: 25805, Failure rules: 144
Batch update: 4 rules added, 0 existing rules removed (0 new rules dominated)
Survival: 4 rules added, 0 removed (from 4 candidates)
Updated sys_vals: [1, 2]
---
Round: 1003, Unk. prob.: 4.000e-05
Upper probs: 8.938e-01, Lower probs: 1.061e-01
No. of non-dominant rules: 25953, Survival rules: 25809, Failure rules: 144
Batch update: 5 rules added, 0 existing rules removed (0 new rules dominated)
Survival: 5 rules added, 0 removed (from 5 candidates)
Updated sys_vals: [1, 2]
---
Round: 1004, Unk. prob.: 5.000e-05
Upper probs: 8.930e-01, Lower probs: 1.070e-01
No. of non-dominant rules: 25958, Survival rules: 25814, Failure rules: 144
Batch update: 8 rules added, 0 existing rules removed (0 new rules dominated)
Survival: 8 rules added, 0 removed (from 8 candidates)
Batch update: 1 rules added, 0 existing rules removed (0 new rules dominated)
Failure: 1 rules added, 0 removed (from 1 candidates)
Updated sys_vals: [1, 2]
---
Round: 1005, Unk. prob.: 9.000e-05
Upper probs: 8.927e-01, Lower probs: 1.072e-01
No. of non-dominant rules: 25967, Survival rules: 25822, Failure rules: 145
Batch update: 10 rules added, 0 existing rules removed (0 new rules dominated)
Survival: 10 rules added, 0 removed (from 10 candidates)
Updated sys_vals: [1, 2]
---
Round: 1006, Unk. prob.: 1.000e-04
Upper probs: 8.922e-01, Lower probs: 1.077e-01
No. of non-dominant rules: 25977, Survival rules: 25832, Failure rules: 145
Batch update: 8 rules added, 0 existing rules removed (0 new rules dominated)
Survival: 8 rules added, 0 removed (from 8 candidates)
Updated sys_vals: [1, 2]
---
Round: 1007, Unk. prob.: 8.000e-05
Upper probs: 8.945e-01, Lower probs: 1.054e-01
No. of non-dominant rules: 25985, Survival rules: 25840, Failure rules: 145
Batch update: 7 rules added, 0 existing rules removed (0 new rules dominated)
Survival: 7 rules added, 0 removed (from 7 candidates)
Updated sys_vals: [1, 2]
---
Round: 1008, Unk. prob.: 7.000e-05
Upper probs: 8.943e-01, Lower probs: 1.056e-01
No. of non-dominant rules: 25992, Survival rules: 25847, Failure rules: 145
Batch update: 9 rules added, 0 existing rules removed (0 new rules dominated)
Survival: 9 rules added, 0 removed (from 9 candidates)
Updated sys_vals: [1, 2]
---
Round: 1009, Unk. prob.: 9.000e-05
Upper probs: 8.946e-01, Lower probs: 1.053e-01
No. of non-dominant rules: 26001, Survival rules: 25856, Failure rules: 145
Batch update: 9 rules added, 0 existing rules removed (0 new rules dominated)
Survival: 9 rules added, 0 removed (from 9 candidates)
Updated sys_vals: [1, 2]
---
Round: 1010, Unk. prob.: 9.000e-05
Upper probs: 8.946e-01, Lower probs: 1.053e-01
No. of non-dominant rules: 26010, Survival rules: 25865, Failure rules: 145
Batch update: 10 rules added, 0 existing rules removed (0 new rules dominated)
Survival: 10 rules added, 0 removed (from 10 candidates)
Updated sys_vals: [1, 2]
---
Round: 1011, Unk. prob.: 1.000e-04
Upper probs: 8.930e-01, Lower probs: 1.069e-01
No. of non-dominant rules: 26020, Survival rules: 25875, Failure rules: 145
Batch update: 9 rules added, 0 existing rules removed (0 new rules dominated)
Survival: 9 rules added, 0 removed (from 9 candidates)
Updated sys_vals: [1, 2]
---
Round: 1012, Unk. prob.: 9.000e-05
Upper probs: 8.913e-01, Lower probs: 1.086e-01
No. of non-dominant rules: 26029, Survival rules: 25884, Failure rules: 145
Batch update: 7 rules added, 0 existing rules removed (0 new rules dominated)
Survival: 7 rules added, 0 removed (from 7 candidates)
Updated sys_vals: [1, 2]
---
Round: 1013, Unk. prob.: 7.000e-05
Upper probs: 8.941e-01, Lower probs: 1.058e-01
No. of non-dominant rules: 26036, Survival rules: 25891, Failure rules: 145
Batch update: 8 rules added, 0 existing rules removed (0 new rules dominated)
Survival: 8 rules added, 0 removed (from 8 candidates)
Updated sys_vals: [1, 2]
---
Round: 1014, Unk. prob.: 8.000e-05
Upper probs: 8.944e-01, Lower probs: 1.055e-01
No. of non-dominant rules: 26044, Survival rules: 25899, Failure rules: 145
Batch update: 9 rules added, 0 existing rules removed (0 new rules dominated)
Survival: 9 rules added, 0 removed (from 9 candidates)
Updated sys_vals: [1, 2]
---
Round: 1015, Unk. prob.: 9.000e-05
Upper probs: 8.942e-01, Lower probs: 1.057e-01
No. of non-dominant rules: 26053, Survival rules: 25908, Failure rules: 145
Batch update: 11 rules added, 0 existing rules removed (0 new rules dominated)
Survival: 11 rules added, 0 removed (from 11 candidates)
Updated sys_vals: [1, 2]
---
Round: 1016, Unk. prob.: 1.100e-04
Upper probs: 8.951e-01, Lower probs: 1.048e-01
No. of non-dominant rules: 26064, Survival rules: 25919, Failure rules: 145
Batch update: 5 rules added, 0 existing rules removed (0 new rules dominated)
Survival: 5 rules added, 0 removed (from 5 candidates)
Updated sys_vals: [1, 2]
---
Round: 1017, Unk. prob.: 5.000e-05
Upper probs: 8.948e-01, Lower probs: 1.052e-01
No. of non-dominant rules: 26069, Survival rules: 25924, Failure rules: 145
Batch update: 3 rules added, 0 existing rules removed (0 new rules dominated)
Survival: 3 rules added, 0 removed (from 3 candidates)
Updated sys_vals: [1, 2]
---
Round: 1018, Unk. prob.: 3.000e-05
Upper probs: 8.954e-01, Lower probs: 1.046e-01
No. of non-dominant rules: 26072, Survival rules: 25927, Failure rules: 145
Batch update: 9 rules added, 0 existing rules removed (0 new rules dominated)
Survival: 9 rules added, 0 removed (from 9 candidates)
Updated sys_vals: [1, 2]
---
Round: 1019, Unk. prob.: 9.000e-05
Upper probs: 8.934e-01, Lower probs: 1.065e-01
No. of non-dominant rules: 26081, Survival rules: 25936, Failure rules: 145
Batch update: 7 rules added, 0 existing rules removed (0 new rules dominated)
Survival: 7 rules added, 0 removed (from 7 candidates)
Updated sys_vals: [1, 2]
---
Round: 1020, Unk. prob.: 7.000e-05
Upper probs: 8.928e-01, Lower probs: 1.071e-01
No. of non-dominant rules: 26088, Survival rules: 25943, Failure rules: 145
Batch update: 11 rules added, 0 existing rules removed (0 new rules dominated)
Survival: 11 rules added, 0 removed (from 11 candidates)
Updated sys_vals: [1, 2]
---
Round: 1021, Unk. prob.: 1.100e-04
Upper probs: 8.934e-01, Lower probs: 1.065e-01
No. of non-dominant rules: 26099, Survival rules: 25954, Failure rules: 145
Batch update: 11 rules added, 0 existing rules removed (0 new rules dominated)
Survival: 11 rules added, 0 removed (from 11 candidates)
Updated sys_vals: [1, 2]
---
Round: 1022, Unk. prob.: 1.100e-04
Upper probs: 8.941e-01, Lower probs: 1.058e-01
No. of non-dominant rules: 26110, Survival rules: 25965, Failure rules: 145
Batch update: 3 rules added, 0 existing rules removed (0 new rules dominated)
Survival: 3 rules added, 0 removed (from 3 candidates)
Updated sys_vals: [1, 2]
---
Round: 1023, Unk. prob.: 3.000e-05
Upper probs: 8.936e-01, Lower probs: 1.064e-01
No. of non-dominant rules: 26113, Survival rules: 25968, Failure rules: 145
Batch update: 10 rules added, 0 existing rules removed (0 new rules dominated)
Survival: 10 rules added, 0 removed (from 10 candidates)
Updated sys_vals: [1, 2]
---
Round: 1024, Unk. prob.: 1.000e-04
Upper probs: 8.927e-01, Lower probs: 1.072e-01
No. of non-dominant rules: 26123, Survival rules: 25978, Failure rules: 145
Batch update: 4 rules added, 0 existing rules removed (0 new rules dominated)
Survival: 4 rules added, 0 removed (from 4 candidates)
Updated sys_vals: [1, 2]
---
Round: 1025, Unk. prob.: 4.000e-05
Upper probs: 8.935e-01, Lower probs: 1.064e-01
No. of non-dominant rules: 26127, Survival rules: 25982, Failure rules: 145
Batch update: 6 rules added, 0 existing rules removed (0 new rules dominated)
Survival: 6 rules added, 0 removed (from 6 candidates)
Batch update: 1 rules added, 0 existing rules removed (0 new rules dominated)
Failure: 1 rules added, 0 removed (from 1 candidates)
Updated sys_vals: [1, 2]
---
Round: 1026, Unk. prob.: 7.000e-05
Upper probs: 8.940e-01, Lower probs: 1.059e-01
No. of non-dominant rules: 26134, Survival rules: 25988, Failure rules: 146
Batch update: 11 rules added, 0 existing rules removed (0 new rules dominated)
Survival: 11 rules added, 0 removed (from 11 candidates)
Updated sys_vals: [1, 2]
---
Round: 1027, Unk. prob.: 1.100e-04
Upper probs: 8.962e-01, Lower probs: 1.037e-01
No. of non-dominant rules: 26145, Survival rules: 25999, Failure rules: 146
Batch update: 12 rules added, 0 existing rules removed (0 new rules dominated)
Survival: 12 rules added, 0 removed (from 12 candidates)
Updated sys_vals: [1, 2]
---
Round: 1028, Unk. prob.: 1.200e-04
Upper probs: 8.953e-01, Lower probs: 1.046e-01
No. of non-dominant rules: 26157, Survival rules: 26011, Failure rules: 146
Batch update: 11 rules added, 0 existing rules removed (0 new rules dominated)
Survival: 11 rules added, 0 removed (from 11 candidates)
Updated sys_vals: [1, 2]
---
Round: 1029, Unk. prob.: 1.100e-04
Upper probs: 8.948e-01, Lower probs: 1.051e-01
No. of non-dominant rules: 26168, Survival rules: 26022, Failure rules: 146
Batch update: 11 rules added, 0 existing rules removed (0 new rules dominated)
Survival: 11 rules added, 0 removed (from 11 candidates)
Updated sys_vals: [1, 2]
---
Round: 1030, Unk. prob.: 1.100e-04
Upper probs: 8.958e-01, Lower probs: 1.041e-01
No. of non-dominant rules: 26179, Survival rules: 26033, Failure rules: 146
Batch update: 7 rules added, 0 existing rules removed (0 new rules dominated)
Survival: 7 rules added, 0 removed (from 7 candidates)
Updated sys_vals: [1, 2]
---
Round: 1031, Unk. prob.: 7.000e-05
Upper probs: 8.941e-01, Lower probs: 1.059e-01
No. of non-dominant rules: 26186, Survival rules: 26040, Failure rules: 146
Batch update: 6 rules added, 0 existing rules removed (0 new rules dominated)
Survival: 6 rules added, 0 removed (from 6 candidates)
Updated sys_vals: [1, 2]
---
Round: 1032, Unk. prob.: 6.000e-05
Upper probs: 8.940e-01, Lower probs: 1.059e-01
No. of non-dominant rules: 26192, Survival rules: 26046, Failure rules: 146
Batch update: 5 rules added, 0 existing rules removed (0 new rules dominated)
Survival: 5 rules added, 0 removed (from 5 candidates)
Updated sys_vals: [1, 2]
---
Round: 1033, Unk. prob.: 5.000e-05
Upper probs: 8.937e-01, Lower probs: 1.062e-01
No. of non-dominant rules: 26197, Survival rules: 26051, Failure rules: 146
Batch update: 6 rules added, 0 existing rules removed (0 new rules dominated)
Survival: 6 rules added, 0 removed (from 6 candidates)
Updated sys_vals: [1, 2]
---
Round: 1034, Unk. prob.: 6.000e-05
Upper probs: 8.949e-01, Lower probs: 1.050e-01
No. of non-dominant rules: 26203, Survival rules: 26057, Failure rules: 146
Batch update: 10 rules added, 0 existing rules removed (0 new rules dominated)
Survival: 10 rules added, 0 removed (from 10 candidates)
Updated sys_vals: [1, 2]
---
Round: 1035, Unk. prob.: 1.000e-04
Upper probs: 8.949e-01, Lower probs: 1.050e-01
No. of non-dominant rules: 26213, Survival rules: 26067, Failure rules: 146
Batch update: 11 rules added, 0 existing rules removed (0 new rules dominated)
Survival: 11 rules added, 0 removed (from 11 candidates)
Updated sys_vals: [1, 2]
---
Round: 1036, Unk. prob.: 1.100e-04
Upper probs: 8.964e-01, Lower probs: 1.035e-01
No. of non-dominant rules: 26224, Survival rules: 26078, Failure rules: 146
Batch update: 15 rules added, 0 existing rules removed (0 new rules dominated)
Survival: 15 rules added, 0 removed (from 15 candidates)
Updated sys_vals: [1, 2]
---
Round: 1037, Unk. prob.: 1.500e-04
Upper probs: 8.936e-01, Lower probs: 1.062e-01
No. of non-dominant rules: 26239, Survival rules: 26093, Failure rules: 146
Batch update: 10 rules added, 0 existing rules removed (0 new rules dominated)
Survival: 10 rules added, 0 removed (from 10 candidates)
Updated sys_vals: [1, 2]
---
Round: 1038, Unk. prob.: 1.000e-04
Upper probs: 8.944e-01, Lower probs: 1.055e-01
No. of non-dominant rules: 26249, Survival rules: 26103, Failure rules: 146
Batch update: 5 rules added, 0 existing rules removed (0 new rules dominated)
Survival: 5 rules added, 0 removed (from 5 candidates)
Updated sys_vals: [1, 2]
---
Round: 1039, Unk. prob.: 5.000e-05
Upper probs: 8.927e-01, Lower probs: 1.072e-01
No. of non-dominant rules: 26254, Survival rules: 26108, Failure rules: 146
Batch update: 12 rules added, 0 existing rules removed (0 new rules dominated)
Survival: 12 rules added, 0 removed (from 12 candidates)
Updated sys_vals: [1, 2]
---
Round: 1040, Unk. prob.: 1.200e-04
Upper probs: 8.954e-01, Lower probs: 1.045e-01
No. of non-dominant rules: 26266, Survival rules: 26120, Failure rules: 146
Batch update: 8 rules added, 0 existing rules removed (0 new rules dominated)
Survival: 8 rules added, 0 removed (from 8 candidates)
Batch update: 1 rules added, 0 existing rules removed (0 new rules dominated)
Failure: 1 rules added, 0 removed (from 1 candidates)
Updated sys_vals: [1, 2]
---
Round: 1041, Unk. prob.: 9.000e-05
Upper probs: 8.931e-01, Lower probs: 1.068e-01
No. of non-dominant rules: 26275, Survival rules: 26128, Failure rules: 147
Batch update: 8 rules added, 0 existing rules removed (0 new rules dominated)
Survival: 8 rules added, 0 removed (from 8 candidates)
Updated sys_vals: [1, 2]
---
Round: 1042, Unk. prob.: 8.000e-05
Upper probs: 8.946e-01, Lower probs: 1.053e-01
No. of non-dominant rules: 26283, Survival rules: 26136, Failure rules: 147
Batch update: 13 rules added, 0 existing rules removed (0 new rules dominated)
Survival: 13 rules added, 0 removed (from 13 candidates)
Updated sys_vals: [1, 2]
---
Round: 1043, Unk. prob.: 1.300e-04
Upper probs: 8.933e-01, Lower probs: 1.066e-01
No. of non-dominant rules: 26296, Survival rules: 26149, Failure rules: 147
Batch update: 8 rules added, 0 existing rules removed (0 new rules dominated)
Survival: 8 rules added, 0 removed (from 8 candidates)
Updated sys_vals: [1, 2]
---
Round: 1044, Unk. prob.: 8.000e-05
Upper probs: 8.934e-01, Lower probs: 1.065e-01
No. of non-dominant rules: 26304, Survival rules: 26157, Failure rules: 147
Batch update: 12 rules added, 0 existing rules removed (0 new rules dominated)
Survival: 12 rules added, 0 removed (from 12 candidates)
Updated sys_vals: [1, 2]
---
Round: 1045, Unk. prob.: 1.200e-04
Upper probs: 8.944e-01, Lower probs: 1.055e-01
No. of non-dominant rules: 26316, Survival rules: 26169, Failure rules: 147
Batch update: 11 rules added, 0 existing rules removed (0 new rules dominated)
Survival: 11 rules added, 0 removed (from 11 candidates)
Updated sys_vals: [1, 2]
---
Round: 1046, Unk. prob.: 1.100e-04
Upper probs: 8.960e-01, Lower probs: 1.039e-01
No. of non-dominant rules: 26327, Survival rules: 26180, Failure rules: 147
Batch update: 6 rules added, 0 existing rules removed (0 new rules dominated)
Survival: 6 rules added, 0 removed (from 6 candidates)
Updated sys_vals: [1, 2]
---
Round: 1047, Unk. prob.: 6.000e-05
Upper probs: 8.935e-01, Lower probs: 1.064e-01
No. of non-dominant rules: 26333, Survival rules: 26186, Failure rules: 147
Batch update: 5 rules added, 0 existing rules removed (0 new rules dominated)
Survival: 5 rules added, 0 removed (from 5 candidates)
Updated sys_vals: [1, 2]
---
Round: 1048, Unk. prob.: 5.000e-05
Upper probs: 8.925e-01, Lower probs: 1.075e-01
No. of non-dominant rules: 26338, Survival rules: 26191, Failure rules: 147
Batch update: 12 rules added, 0 existing rules removed (0 new rules dominated)
Survival: 12 rules added, 0 removed (from 12 candidates)
Updated sys_vals: [1, 2]
---
Round: 1049, Unk. prob.: 1.200e-04
Upper probs: 8.943e-01, Lower probs: 1.056e-01
No. of non-dominant rules: 26350, Survival rules: 26203, Failure rules: 147
Batch update: 13 rules added, 0 existing rules removed (0 new rules dominated)
Survival: 13 rules added, 0 removed (from 13 candidates)
Updated sys_vals: [1, 2]
---
Round: 1050, Unk. prob.: 1.300e-04
Upper probs: 8.939e-01, Lower probs: 1.060e-01
No. of non-dominant rules: 26363, Survival rules: 26216, Failure rules: 147
Batch update: 9 rules added, 0 existing rules removed (0 new rules dominated)
Survival: 9 rules added, 0 removed (from 9 candidates)
Updated sys_vals: [1, 2]
---
Round: 1051, Unk. prob.: 9.000e-05
Upper probs: 8.928e-01, Lower probs: 1.071e-01
No. of non-dominant rules: 26372, Survival rules: 26225, Failure rules: 147
Batch update: 11 rules added, 0 existing rules removed (0 new rules dominated)
Survival: 11 rules added, 0 removed (from 11 candidates)
Updated sys_vals: [1, 2]
---
Round: 1052, Unk. prob.: 1.100e-04
Upper probs: 8.940e-01, Lower probs: 1.059e-01
No. of non-dominant rules: 26383, Survival rules: 26236, Failure rules: 147
Batch update: 12 rules added, 0 existing rules removed (0 new rules dominated)
Survival: 12 rules added, 0 removed (from 12 candidates)
Updated sys_vals: [1, 2]
---
Round: 1053, Unk. prob.: 1.200e-04
Upper probs: 8.926e-01, Lower probs: 1.072e-01
No. of non-dominant rules: 26395, Survival rules: 26248, Failure rules: 147
Batch update: 6 rules added, 0 existing rules removed (0 new rules dominated)
Survival: 6 rules added, 0 removed (from 6 candidates)
Updated sys_vals: [1, 2]
---
Round: 1054, Unk. prob.: 6.000e-05
Upper probs: 8.931e-01, Lower probs: 1.069e-01
No. of non-dominant rules: 26401, Survival rules: 26254, Failure rules: 147
Batch update: 13 rules added, 0 existing rules removed (0 new rules dominated)
Survival: 13 rules added, 0 removed (from 13 candidates)
Updated sys_vals: [1, 2]
---
Round: 1055, Unk. prob.: 1.300e-04
Upper probs: 8.945e-01, Lower probs: 1.054e-01
No. of non-dominant rules: 26414, Survival rules: 26267, Failure rules: 147
Batch update: 10 rules added, 0 existing rules removed (0 new rules dominated)
Survival: 10 rules added, 0 removed (from 10 candidates)
Updated sys_vals: [1, 2]
---
Round: 1056, Unk. prob.: 1.000e-04
Upper probs: 8.921e-01, Lower probs: 1.078e-01
No. of non-dominant rules: 26424, Survival rules: 26277, Failure rules: 147
Batch update: 9 rules added, 0 existing rules removed (0 new rules dominated)
Survival: 9 rules added, 0 removed (from 9 candidates)
Updated sys_vals: [1, 2]
---
Round: 1057, Unk. prob.: 9.000e-05
Upper probs: 8.958e-01, Lower probs: 1.041e-01
No. of non-dominant rules: 26433, Survival rules: 26286, Failure rules: 147
Batch update: 7 rules added, 0 existing rules removed (0 new rules dominated)
Survival: 7 rules added, 0 removed (from 7 candidates)
Updated sys_vals: [1, 2]
---
Round: 1058, Unk. prob.: 7.000e-05
Upper probs: 8.946e-01, Lower probs: 1.054e-01
No. of non-dominant rules: 26440, Survival rules: 26293, Failure rules: 147
Batch update: 5 rules added, 0 existing rules removed (0 new rules dominated)
Survival: 5 rules added, 0 removed (from 5 candidates)
Updated sys_vals: [1, 2]
---
Round: 1059, Unk. prob.: 5.000e-05
Upper probs: 8.935e-01, Lower probs: 1.064e-01
No. of non-dominant rules: 26445, Survival rules: 26298, Failure rules: 147
Batch update: 8 rules added, 0 existing rules removed (0 new rules dominated)
Survival: 8 rules added, 0 removed (from 8 candidates)
Updated sys_vals: [1, 2]
---
Round: 1060, Unk. prob.: 8.000e-05
Upper probs: 8.938e-01, Lower probs: 1.061e-01
No. of non-dominant rules: 26453, Survival rules: 26306, Failure rules: 147
Batch update: 8 rules added, 0 existing rules removed (0 new rules dominated)
Survival: 8 rules added, 0 removed (from 8 candidates)
Updated sys_vals: [1, 2]
---
Round: 1061, Unk. prob.: 8.000e-05
Upper probs: 8.946e-01, Lower probs: 1.053e-01
No. of non-dominant rules: 26461, Survival rules: 26314, Failure rules: 147
Batch update: 6 rules added, 0 existing rules removed (0 new rules dominated)
Survival: 6 rules added, 0 removed (from 6 candidates)
Updated sys_vals: [1, 2]
---
Round: 1062, Unk. prob.: 6.000e-05
Upper probs: 8.934e-01, Lower probs: 1.066e-01
No. of non-dominant rules: 26467, Survival rules: 26320, Failure rules: 147
Batch update: 7 rules added, 0 existing rules removed (0 new rules dominated)
Survival: 7 rules added, 0 removed (from 7 candidates)
Updated sys_vals: [1, 2]
---
Round: 1063, Unk. prob.: 7.000e-05
Upper probs: 8.949e-01, Lower probs: 1.051e-01
No. of non-dominant rules: 26474, Survival rules: 26327, Failure rules: 147
Batch update: 8 rules added, 0 existing rules removed (0 new rules dominated)
Survival: 8 rules added, 0 removed (from 8 candidates)
Updated sys_vals: [1, 2]
---
Round: 1064, Unk. prob.: 8.000e-05
Upper probs: 8.947e-01, Lower probs: 1.052e-01
No. of non-dominant rules: 26482, Survival rules: 26335, Failure rules: 147
Batch update: 10 rules added, 0 existing rules removed (0 new rules dominated)
Survival: 10 rules added, 0 removed (from 10 candidates)
Updated sys_vals: [1, 2]
---
Round: 1065, Unk. prob.: 1.000e-04
Upper probs: 8.948e-01, Lower probs: 1.051e-01
No. of non-dominant rules: 26492, Survival rules: 26345, Failure rules: 147
Batch update: 8 rules added, 0 existing rules removed (0 new rules dominated)
Survival: 8 rules added, 0 removed (from 8 candidates)
Updated sys_vals: [1, 2]
---
Round: 1066, Unk. prob.: 8.000e-05
Upper probs: 8.927e-01, Lower probs: 1.072e-01
No. of non-dominant rules: 26500, Survival rules: 26353, Failure rules: 147
Batch update: 9 rules added, 0 existing rules removed (0 new rules dominated)
Survival: 9 rules added, 0 removed (from 9 candidates)
Updated sys_vals: [1, 2]
---
Round: 1067, Unk. prob.: 9.000e-05
Upper probs: 8.946e-01, Lower probs: 1.053e-01
No. of non-dominant rules: 26509, Survival rules: 26362, Failure rules: 147
Batch update: 10 rules added, 0 existing rules removed (0 new rules dominated)
Survival: 10 rules added, 0 removed (from 10 candidates)
Updated sys_vals: [1, 2]
---
Round: 1068, Unk. prob.: 1.000e-04
Upper probs: 8.954e-01, Lower probs: 1.045e-01
No. of non-dominant rules: 26519, Survival rules: 26372, Failure rules: 147
Batch update: 11 rules added, 0 existing rules removed (0 new rules dominated)
Survival: 11 rules added, 0 removed (from 11 candidates)
Updated sys_vals: [1, 2]
---
Round: 1069, Unk. prob.: 1.100e-04
Upper probs: 8.955e-01, Lower probs: 1.044e-01
No. of non-dominant rules: 26530, Survival rules: 26383, Failure rules: 147
Batch update: 8 rules added, 0 existing rules removed (0 new rules dominated)
Survival: 8 rules added, 0 removed (from 8 candidates)
Updated sys_vals: [1, 2]
---
Round: 1070, Unk. prob.: 8.000e-05
Upper probs: 8.946e-01, Lower probs: 1.053e-01
No. of non-dominant rules: 26538, Survival rules: 26391, Failure rules: 147
Batch update: 5 rules added, 0 existing rules removed (0 new rules dominated)
Survival: 5 rules added, 0 removed (from 5 candidates)
Updated sys_vals: [1, 2]
---
Round: 1071, Unk. prob.: 5.000e-05
Upper probs: 8.940e-01, Lower probs: 1.060e-01
No. of non-dominant rules: 26543, Survival rules: 26396, Failure rules: 147
Batch update: 11 rules added, 0 existing rules removed (0 new rules dominated)
Survival: 11 rules added, 0 removed (from 11 candidates)
Updated sys_vals: [1, 2]
---
Round: 1072, Unk. prob.: 1.100e-04
Upper probs: 8.953e-01, Lower probs: 1.046e-01
No. of non-dominant rules: 26554, Survival rules: 26407, Failure rules: 147
Batch update: 10 rules added, 0 existing rules removed (0 new rules dominated)
Survival: 10 rules added, 0 removed (from 10 candidates)
Updated sys_vals: [1, 2]
---
Round: 1073, Unk. prob.: 1.000e-04
Upper probs: 8.945e-01, Lower probs: 1.054e-01
No. of non-dominant rules: 26564, Survival rules: 26417, Failure rules: 147
Batch update: 12 rules added, 0 existing rules removed (0 new rules dominated)
Survival: 12 rules added, 0 removed (from 12 candidates)
Updated sys_vals: [1, 2]
---
Round: 1074, Unk. prob.: 1.200e-04
Upper probs: 8.942e-01, Lower probs: 1.056e-01
No. of non-dominant rules: 26576, Survival rules: 26429, Failure rules: 147
Batch update: 3 rules added, 0 existing rules removed (0 new rules dominated)
Survival: 3 rules added, 0 removed (from 3 candidates)
Updated sys_vals: [1, 2]
---
Round: 1075, Unk. prob.: 3.000e-05
Upper probs: 8.939e-01, Lower probs: 1.061e-01
No. of non-dominant rules: 26579, Survival rules: 26432, Failure rules: 147
Batch update: 13 rules added, 0 existing rules removed (0 new rules dominated)
Survival: 13 rules added, 0 removed (from 13 candidates)
Updated sys_vals: [1, 2]
---
Round: 1076, Unk. prob.: 1.300e-04
Upper probs: 8.940e-01, Lower probs: 1.058e-01
No. of non-dominant rules: 26592, Survival rules: 26445, Failure rules: 147
Batch update: 8 rules added, 0 existing rules removed (0 new rules dominated)
Survival: 8 rules added, 0 removed (from 8 candidates)
Updated sys_vals: [1, 2]
---
Round: 1077, Unk. prob.: 8.000e-05
Upper probs: 8.948e-01, Lower probs: 1.051e-01
No. of non-dominant rules: 26600, Survival rules: 26453, Failure rules: 147
Batch update: 7 rules added, 0 existing rules removed (0 new rules dominated)
Survival: 7 rules added, 0 removed (from 7 candidates)
Updated sys_vals: [1, 2]
---
Round: 1078, Unk. prob.: 7.000e-05
Upper probs: 8.936e-01, Lower probs: 1.063e-01
No. of non-dominant rules: 26607, Survival rules: 26460, Failure rules: 147
Batch update: 12 rules added, 0 existing rules removed (0 new rules dominated)
Survival: 12 rules added, 0 removed (from 12 candidates)
Updated sys_vals: [1, 2]
---
Round: 1079, Unk. prob.: 1.200e-04
Upper probs: 8.937e-01, Lower probs: 1.062e-01
No. of non-dominant rules: 26619, Survival rules: 26472, Failure rules: 147
Batch update: 7 rules added, 0 existing rules removed (0 new rules dominated)
Survival: 7 rules added, 0 removed (from 7 candidates)
Updated sys_vals: [1, 2]
---
Round: 1080, Unk. prob.: 7.000e-05
Upper probs: 8.952e-01, Lower probs: 1.047e-01
No. of non-dominant rules: 26626, Survival rules: 26479, Failure rules: 147
Batch update: 8 rules added, 0 existing rules removed (0 new rules dominated)
Survival: 8 rules added, 0 removed (from 8 candidates)
Updated sys_vals: [1, 2]
---
Round: 1081, Unk. prob.: 8.000e-05
Upper probs: 8.942e-01, Lower probs: 1.057e-01
No. of non-dominant rules: 26634, Survival rules: 26487, Failure rules: 147
Batch update: 11 rules added, 0 existing rules removed (0 new rules dominated)
Survival: 11 rules added, 0 removed (from 11 candidates)
Updated sys_vals: [1, 2]
---
Round: 1082, Unk. prob.: 1.100e-04
Upper probs: 8.939e-01, Lower probs: 1.060e-01
No. of non-dominant rules: 26645, Survival rules: 26498, Failure rules: 147
Batch update: 10 rules added, 0 existing rules removed (0 new rules dominated)
Survival: 10 rules added, 0 removed (from 10 candidates)
Updated sys_vals: [1, 2]
---
Round: 1083, Unk. prob.: 1.000e-04
Upper probs: 8.930e-01, Lower probs: 1.069e-01
No. of non-dominant rules: 26655, Survival rules: 26508, Failure rules: 147
Batch update: 5 rules added, 0 existing rules removed (0 new rules dominated)
Survival: 5 rules added, 0 removed (from 5 candidates)
Updated sys_vals: [1, 2]
---
Round: 1084, Unk. prob.: 5.000e-05
Upper probs: 8.952e-01, Lower probs: 1.047e-01
No. of non-dominant rules: 26660, Survival rules: 26513, Failure rules: 147
Batch update: 12 rules added, 0 existing rules removed (0 new rules dominated)
Survival: 12 rules added, 0 removed (from 12 candidates)
Updated sys_vals: [1, 2]
---
Round: 1085, Unk. prob.: 1.200e-04
Upper probs: 8.942e-01, Lower probs: 1.056e-01
No. of non-dominant rules: 26672, Survival rules: 26525, Failure rules: 147
Batch update: 13 rules added, 0 existing rules removed (0 new rules dominated)
Survival: 13 rules added, 0 removed (from 13 candidates)
Updated sys_vals: [1, 2]
---
Round: 1086, Unk. prob.: 1.300e-04
Upper probs: 8.938e-01, Lower probs: 1.061e-01
No. of non-dominant rules: 26685, Survival rules: 26538, Failure rules: 147
Batch update: 11 rules added, 0 existing rules removed (0 new rules dominated)
Survival: 11 rules added, 0 removed (from 11 candidates)
Updated sys_vals: [1, 2]
---
Round: 1087, Unk. prob.: 1.100e-04
Upper probs: 8.961e-01, Lower probs: 1.038e-01
No. of non-dominant rules: 26696, Survival rules: 26549, Failure rules: 147
Batch update: 4 rules added, 0 existing rules removed (0 new rules dominated)
Survival: 4 rules added, 0 removed (from 4 candidates)
Updated sys_vals: [1, 2]
---
Round: 1088, Unk. prob.: 4.000e-05
Upper probs: 8.949e-01, Lower probs: 1.050e-01
No. of non-dominant rules: 26700, Survival rules: 26553, Failure rules: 147
Batch update: 5 rules added, 0 existing rules removed (0 new rules dominated)
Survival: 5 rules added, 0 removed (from 5 candidates)
Updated sys_vals: [1, 2]
---
Round: 1089, Unk. prob.: 5.000e-05
Upper probs: 8.927e-01, Lower probs: 1.072e-01
No. of non-dominant rules: 26705, Survival rules: 26558, Failure rules: 147
Batch update: 5 rules added, 0 existing rules removed (0 new rules dominated)
Survival: 5 rules added, 0 removed (from 5 candidates)
Updated sys_vals: [1, 2]
---
Round: 1090, Unk. prob.: 5.000e-05
Upper probs: 8.936e-01, Lower probs: 1.064e-01
No. of non-dominant rules: 26710, Survival rules: 26563, Failure rules: 147
Batch update: 14 rules added, 0 existing rules removed (0 new rules dominated)
Survival: 14 rules added, 0 removed (from 14 candidates)
Updated sys_vals: [1, 2]
---
Round: 1091, Unk. prob.: 1.400e-04
Upper probs: 8.942e-01, Lower probs: 1.057e-01
No. of non-dominant rules: 26724, Survival rules: 26577, Failure rules: 147
Batch update: 10 rules added, 0 existing rules removed (0 new rules dominated)
Survival: 10 rules added, 0 removed (from 10 candidates)
Updated sys_vals: [1, 2]
---
Round: 1092, Unk. prob.: 1.000e-04
Upper probs: 8.942e-01, Lower probs: 1.056e-01
No. of non-dominant rules: 26734, Survival rules: 26587, Failure rules: 147
Batch update: 11 rules added, 0 existing rules removed (0 new rules dominated)
Survival: 11 rules added, 0 removed (from 11 candidates)
Updated sys_vals: [1, 2]
---
Round: 1093, Unk. prob.: 1.100e-04
Upper probs: 8.939e-01, Lower probs: 1.060e-01
No. of non-dominant rules: 26745, Survival rules: 26598, Failure rules: 147
Batch update: 12 rules added, 0 existing rules removed (0 new rules dominated)
Survival: 12 rules added, 0 removed (from 12 candidates)
Updated sys_vals: [1, 2]
---
Round: 1094, Unk. prob.: 1.200e-04
Upper probs: 8.930e-01, Lower probs: 1.069e-01
No. of non-dominant rules: 26757, Survival rules: 26610, Failure rules: 147
Batch update: 14 rules added, 0 existing rules removed (0 new rules dominated)
Survival: 14 rules added, 0 removed (from 14 candidates)
Updated sys_vals: [1, 2]
---
Round: 1095, Unk. prob.: 1.400e-04
Upper probs: 8.940e-01, Lower probs: 1.058e-01
No. of non-dominant rules: 26771, Survival rules: 26624, Failure rules: 147
Batch update: 7 rules added, 0 existing rules removed (0 new rules dominated)
Survival: 7 rules added, 0 removed (from 7 candidates)
Updated sys_vals: [1, 2]
---
Round: 1096, Unk. prob.: 7.000e-05
Upper probs: 8.919e-01, Lower probs: 1.081e-01
No. of non-dominant rules: 26778, Survival rules: 26631, Failure rules: 147
Batch update: 5 rules added, 0 existing rules removed (0 new rules dominated)
Survival: 5 rules added, 0 removed (from 5 candidates)
Updated sys_vals: [1, 2]
---
Round: 1097, Unk. prob.: 5.000e-05
Upper probs: 8.919e-01, Lower probs: 1.080e-01
No. of non-dominant rules: 26783, Survival rules: 26636, Failure rules: 147
Batch update: 6 rules added, 0 existing rules removed (0 new rules dominated)
Survival: 6 rules added, 0 removed (from 6 candidates)
Updated sys_vals: [1, 2]
---
Round: 1098, Unk. prob.: 6.000e-05
Upper probs: 8.944e-01, Lower probs: 1.056e-01
No. of non-dominant rules: 26789, Survival rules: 26642, Failure rules: 147
Batch update: 8 rules added, 0 existing rules removed (0 new rules dominated)
Survival: 8 rules added, 0 removed (from 8 candidates)
Updated sys_vals: [1, 2]
---
Round: 1099, Unk. prob.: 8.000e-05
Upper probs: 8.944e-01, Lower probs: 1.055e-01
No. of non-dominant rules: 26797, Survival rules: 26650, Failure rules: 147
Batch update: 6 rules added, 0 existing rules removed (0 new rules dominated)
Survival: 6 rules added, 0 removed (from 6 candidates)
Updated sys_vals: [1, 2]
---
Round: 1100, Unk. prob.: 6.000e-05
Upper probs: 8.935e-01, Lower probs: 1.064e-01
No. of non-dominant rules: 26803, Survival rules: 26656, Failure rules: 147
Batch update: 14 rules added, 0 existing rules removed (0 new rules dominated)
Survival: 14 rules added, 0 removed (from 14 candidates)
Updated sys_vals: [1, 2]
---
Round: 1101, Unk. prob.: 1.400e-04
Upper probs: 8.949e-01, Lower probs: 1.049e-01
No. of non-dominant rules: 26817, Survival rules: 26670, Failure rules: 147
Batch update: 9 rules added, 0 existing rules removed (0 new rules dominated)
Survival: 9 rules added, 0 removed (from 9 candidates)
Updated sys_vals: [1, 2]
---
Round: 1102, Unk. prob.: 9.000e-05
Upper probs: 8.954e-01, Lower probs: 1.045e-01
No. of non-dominant rules: 26826, Survival rules: 26679, Failure rules: 147
Batch update: 12 rules added, 0 existing rules removed (0 new rules dominated)
Survival: 12 rules added, 0 removed (from 12 candidates)
Updated sys_vals: [1, 2]
---
Round: 1103, Unk. prob.: 1.200e-04
Upper probs: 8.945e-01, Lower probs: 1.054e-01
No. of non-dominant rules: 26838, Survival rules: 26691, Failure rules: 147
Batch update: 3 rules added, 0 existing rules removed (0 new rules dominated)
Survival: 3 rules added, 0 removed (from 3 candidates)
Updated sys_vals: [1, 2]
---
Round: 1104, Unk. prob.: 3.000e-05
Upper probs: 8.932e-01, Lower probs: 1.067e-01
No. of non-dominant rules: 26841, Survival rules: 26694, Failure rules: 147
Batch update: 10 rules added, 0 existing rules removed (0 new rules dominated)
Survival: 10 rules added, 0 removed (from 10 candidates)
Updated sys_vals: [1, 2]
---
Round: 1105, Unk. prob.: 1.000e-04
Upper probs: 8.946e-01, Lower probs: 1.053e-01
No. of non-dominant rules: 26851, Survival rules: 26704, Failure rules: 147
Batch update: 11 rules added, 0 existing rules removed (0 new rules dominated)
Survival: 11 rules added, 0 removed (from 11 candidates)
Updated sys_vals: [1, 2]
---
Round: 1106, Unk. prob.: 1.100e-04
Upper probs: 8.943e-01, Lower probs: 1.055e-01
No. of non-dominant rules: 26862, Survival rules: 26715, Failure rules: 147
Batch update: 7 rules added, 0 existing rules removed (0 new rules dominated)
Survival: 7 rules added, 0 removed (from 7 candidates)
Updated sys_vals: [1, 2]
---
Round: 1107, Unk. prob.: 7.000e-05
Upper probs: 8.940e-01, Lower probs: 1.059e-01
No. of non-dominant rules: 26869, Survival rules: 26722, Failure rules: 147
Batch update: 12 rules added, 0 existing rules removed (0 new rules dominated)
Survival: 12 rules added, 0 removed (from 12 candidates)
Updated sys_vals: [1, 2]
---
Round: 1108, Unk. prob.: 1.200e-04
Upper probs: 8.945e-01, Lower probs: 1.053e-01
No. of non-dominant rules: 26881, Survival rules: 26734, Failure rules: 147
Batch update: 7 rules added, 0 existing rules removed (0 new rules dominated)
Survival: 7 rules added, 0 removed (from 7 candidates)
Updated sys_vals: [1, 2]
---
Round: 1109, Unk. prob.: 7.000e-05
Upper probs: 8.936e-01, Lower probs: 1.063e-01
No. of non-dominant rules: 26888, Survival rules: 26741, Failure rules: 147
Batch update: 6 rules added, 0 existing rules removed (0 new rules dominated)
Survival: 6 rules added, 0 removed (from 6 candidates)
Updated sys_vals: [1, 2]
---
Round: 1110, Unk. prob.: 6.000e-05
Upper probs: 8.949e-01, Lower probs: 1.050e-01
No. of non-dominant rules: 26894, Survival rules: 26747, Failure rules: 147
Batch update: 11 rules added, 0 existing rules removed (0 new rules dominated)
Survival: 11 rules added, 0 removed (from 11 candidates)
Updated sys_vals: [1, 2]
---
Round: 1111, Unk. prob.: 1.100e-04
Upper probs: 8.935e-01, Lower probs: 1.064e-01
No. of non-dominant rules: 26905, Survival rules: 26758, Failure rules: 147
Batch update: 6 rules added, 0 existing rules removed (0 new rules dominated)
Survival: 6 rules added, 0 removed (from 6 candidates)
Updated sys_vals: [1, 2]
---
Round: 1112, Unk. prob.: 6.000e-05
Upper probs: 8.925e-01, Lower probs: 1.075e-01
No. of non-dominant rules: 26911, Survival rules: 26764, Failure rules: 147
Batch update: 9 rules added, 0 existing rules removed (0 new rules dominated)
Survival: 9 rules added, 0 removed (from 9 candidates)
Updated sys_vals: [1, 2]
---
Round: 1113, Unk. prob.: 9.000e-05
Upper probs: 8.934e-01, Lower probs: 1.065e-01
No. of non-dominant rules: 26920, Survival rules: 26773, Failure rules: 147
Batch update: 6 rules added, 0 existing rules removed (0 new rules dominated)
Survival: 6 rules added, 0 removed (from 6 candidates)
Updated sys_vals: [1, 2]
---
Round: 1114, Unk. prob.: 6.000e-05
Upper probs: 8.932e-01, Lower probs: 1.067e-01
No. of non-dominant rules: 26926, Survival rules: 26779, Failure rules: 147
Batch update: 8 rules added, 0 existing rules removed (0 new rules dominated)
Survival: 8 rules added, 0 removed (from 8 candidates)
Updated sys_vals: [1, 2]
---
Round: 1115, Unk. prob.: 8.000e-05
Upper probs: 8.944e-01, Lower probs: 1.055e-01
No. of non-dominant rules: 26934, Survival rules: 26787, Failure rules: 147
Batch update: 13 rules added, 0 existing rules removed (0 new rules dominated)
Survival: 13 rules added, 0 removed (from 13 candidates)
Updated sys_vals: [1, 2]
---
Round: 1116, Unk. prob.: 1.300e-04
Upper probs: 8.941e-01, Lower probs: 1.057e-01
No. of non-dominant rules: 26947, Survival rules: 26800, Failure rules: 147
Batch update: 7 rules added, 0 existing rules removed (0 new rules dominated)
Survival: 7 rules added, 0 removed (from 7 candidates)
Updated sys_vals: [1, 2]
---
Round: 1117, Unk. prob.: 7.000e-05
Upper probs: 8.955e-01, Lower probs: 1.045e-01
No. of non-dominant rules: 26954, Survival rules: 26807, Failure rules: 147
Batch update: 9 rules added, 0 existing rules removed (0 new rules dominated)
Survival: 9 rules added, 0 removed (from 9 candidates)
Updated sys_vals: [1, 2]
---
Round: 1118, Unk. prob.: 9.000e-05
Upper probs: 8.950e-01, Lower probs: 1.049e-01
No. of non-dominant rules: 26963, Survival rules: 26816, Failure rules: 147
Batch update: 9 rules added, 0 existing rules removed (0 new rules dominated)
Survival: 9 rules added, 0 removed (from 9 candidates)
Updated sys_vals: [1, 2]
---
Round: 1119, Unk. prob.: 9.000e-05
Upper probs: 8.946e-01, Lower probs: 1.053e-01
No. of non-dominant rules: 26972, Survival rules: 26825, Failure rules: 147
Batch update: 8 rules added, 0 existing rules removed (0 new rules dominated)
Survival: 8 rules added, 0 removed (from 8 candidates)
Updated sys_vals: [1, 2]
---
Round: 1120, Unk. prob.: 8.000e-05
Upper probs: 8.950e-01, Lower probs: 1.050e-01
No. of non-dominant rules: 26980, Survival rules: 26833, Failure rules: 147
Batch update: 9 rules added, 0 existing rules removed (0 new rules dominated)
Survival: 9 rules added, 0 removed (from 9 candidates)
Updated sys_vals: [1, 2]
---
Round: 1121, Unk. prob.: 9.000e-05
Upper probs: 8.944e-01, Lower probs: 1.055e-01
No. of non-dominant rules: 26989, Survival rules: 26842, Failure rules: 147
Batch update: 4 rules added, 0 existing rules removed (0 new rules dominated)
Survival: 4 rules added, 0 removed (from 4 candidates)
Updated sys_vals: [1, 2]
---
Round: 1122, Unk. prob.: 4.000e-05
Upper probs: 8.923e-01, Lower probs: 1.076e-01
No. of non-dominant rules: 26993, Survival rules: 26846, Failure rules: 147
Batch update: 9 rules added, 0 existing rules removed (0 new rules dominated)
Survival: 9 rules added, 0 removed (from 9 candidates)
Batch update: 1 rules added, 0 existing rules removed (0 new rules dominated)
Failure: 1 rules added, 0 removed (from 1 candidates)
Updated sys_vals: [1, 2]
---
Round: 1123, Unk. prob.: 1.000e-04
Upper probs: 8.947e-01, Lower probs: 1.052e-01
No. of non-dominant rules: 27003, Survival rules: 26855, Failure rules: 148
Batch update: 5 rules added, 0 existing rules removed (0 new rules dominated)
Survival: 5 rules added, 0 removed (from 5 candidates)
Updated sys_vals: [1, 2]
---
Round: 1124, Unk. prob.: 5.000e-05
Upper probs: 8.935e-01, Lower probs: 1.064e-01
No. of non-dominant rules: 27008, Survival rules: 26860, Failure rules: 148
Batch update: 6 rules added, 0 existing rules removed (0 new rules dominated)
Survival: 6 rules added, 0 removed (from 6 candidates)
Updated sys_vals: [1, 2]
---
Round: 1125, Unk. prob.: 6.000e-05
Upper probs: 8.939e-01, Lower probs: 1.061e-01
No. of non-dominant rules: 27014, Survival rules: 26866, Failure rules: 148
Batch update: 10 rules added, 0 existing rules removed (0 new rules dominated)
Survival: 10 rules added, 0 removed (from 10 candidates)
Updated sys_vals: [1, 2]
---
Round: 1126, Unk. prob.: 1.000e-04
Upper probs: 8.935e-01, Lower probs: 1.064e-01
No. of non-dominant rules: 27024, Survival rules: 26876, Failure rules: 148
Batch update: 13 rules added, 0 existing rules removed (0 new rules dominated)
Survival: 13 rules added, 0 removed (from 13 candidates)
Updated sys_vals: [1, 2]
---
Round: 1127, Unk. prob.: 1.300e-04
Upper probs: 8.937e-01, Lower probs: 1.062e-01
No. of non-dominant rules: 27037, Survival rules: 26889, Failure rules: 148
Batch update: 9 rules added, 0 existing rules removed (0 new rules dominated)
Survival: 9 rules added, 0 removed (from 9 candidates)
Updated sys_vals: [1, 2]
---
Round: 1128, Unk. prob.: 9.000e-05
Upper probs: 8.928e-01, Lower probs: 1.071e-01
No. of non-dominant rules: 27046, Survival rules: 26898, Failure rules: 148
Batch update: 8 rules added, 0 existing rules removed (0 new rules dominated)
Survival: 8 rules added, 0 removed (from 8 candidates)
Updated sys_vals: [1, 2]
---
Round: 1129, Unk. prob.: 8.000e-05
Upper probs: 8.934e-01, Lower probs: 1.065e-01
No. of non-dominant rules: 27054, Survival rules: 26906, Failure rules: 148
Batch update: 8 rules added, 0 existing rules removed (0 new rules dominated)
Survival: 8 rules added, 0 removed (from 8 candidates)
Updated sys_vals: [1, 2]
---
Round: 1130, Unk. prob.: 8.000e-05
Upper probs: 8.927e-01, Lower probs: 1.072e-01
No. of non-dominant rules: 27062, Survival rules: 26914, Failure rules: 148
Batch update: 12 rules added, 0 existing rules removed (0 new rules dominated)
Survival: 12 rules added, 0 removed (from 12 candidates)
Updated sys_vals: [1, 2]
---
Round: 1131, Unk. prob.: 1.200e-04
Upper probs: 8.952e-01, Lower probs: 1.047e-01
No. of non-dominant rules: 27074, Survival rules: 26926, Failure rules: 148
Batch update: 6 rules added, 0 existing rules removed (0 new rules dominated)
Survival: 6 rules added, 0 removed (from 6 candidates)
Updated sys_vals: [1, 2]
---
Round: 1132, Unk. prob.: 6.000e-05
Upper probs: 8.938e-01, Lower probs: 1.062e-01
No. of non-dominant rules: 27080, Survival rules: 26932, Failure rules: 148
Batch update: 13 rules added, 0 existing rules removed (0 new rules dominated)
Survival: 13 rules added, 0 removed (from 13 candidates)
Updated sys_vals: [1, 2]
---
Round: 1133, Unk. prob.: 1.300e-04
Upper probs: 8.953e-01, Lower probs: 1.046e-01
No. of non-dominant rules: 27093, Survival rules: 26945, Failure rules: 148
Batch update: 12 rules added, 0 existing rules removed (0 new rules dominated)
Survival: 12 rules added, 0 removed (from 12 candidates)
Updated sys_vals: [1, 2]
---
Round: 1134, Unk. prob.: 1.200e-04
Upper probs: 8.948e-01, Lower probs: 1.051e-01
No. of non-dominant rules: 27105, Survival rules: 26957, Failure rules: 148
Batch update: 8 rules added, 0 existing rules removed (0 new rules dominated)
Survival: 8 rules added, 0 removed (from 8 candidates)
Updated sys_vals: [1, 2]
---
Round: 1135, Unk. prob.: 8.000e-05
Upper probs: 8.931e-01, Lower probs: 1.068e-01
No. of non-dominant rules: 27113, Survival rules: 26965, Failure rules: 148
Batch update: 6 rules added, 0 existing rules removed (0 new rules dominated)
Survival: 6 rules added, 0 removed (from 6 candidates)
Updated sys_vals: [1, 2]
---
Round: 1136, Unk. prob.: 6.000e-05
Upper probs: 8.932e-01, Lower probs: 1.068e-01
No. of non-dominant rules: 27119, Survival rules: 26971, Failure rules: 148
Batch update: 11 rules added, 0 existing rules removed (0 new rules dominated)
Survival: 11 rules added, 0 removed (from 11 candidates)
Updated sys_vals: [1, 2]
---
Round: 1137, Unk. prob.: 1.100e-04
Upper probs: 8.937e-01, Lower probs: 1.062e-01
No. of non-dominant rules: 27130, Survival rules: 26982, Failure rules: 148
Batch update: 7 rules added, 0 existing rules removed (0 new rules dominated)
Survival: 7 rules added, 0 removed (from 7 candidates)
Updated sys_vals: [1, 2]
---
Round: 1138, Unk. prob.: 7.000e-05
Upper probs: 8.942e-01, Lower probs: 1.058e-01
No. of non-dominant rules: 27137, Survival rules: 26989, Failure rules: 148
Batch update: 9 rules added, 0 existing rules removed (0 new rules dominated)
Survival: 9 rules added, 0 removed (from 9 candidates)
Updated sys_vals: [1, 2]
---
Round: 1139, Unk. prob.: 9.000e-05
Upper probs: 8.952e-01, Lower probs: 1.047e-01
No. of non-dominant rules: 27146, Survival rules: 26998, Failure rules: 148
Batch update: 7 rules added, 0 existing rules removed (0 new rules dominated)
Survival: 7 rules added, 0 removed (from 7 candidates)
Updated sys_vals: [1, 2]
---
Round: 1140, Unk. prob.: 7.000e-05
Upper probs: 8.943e-01, Lower probs: 1.056e-01
No. of non-dominant rules: 27153, Survival rules: 27005, Failure rules: 148
Batch update: 9 rules added, 0 existing rules removed (0 new rules dominated)
Survival: 9 rules added, 0 removed (from 9 candidates)
Updated sys_vals: [1, 2]
---
Round: 1141, Unk. prob.: 9.000e-05
Upper probs: 8.940e-01, Lower probs: 1.060e-01
No. of non-dominant rules: 27162, Survival rules: 27014, Failure rules: 148
Batch update: 6 rules added, 0 existing rules removed (0 new rules dominated)
Survival: 6 rules added, 0 removed (from 6 candidates)
Updated sys_vals: [1, 2]
---
Round: 1142, Unk. prob.: 6.000e-05
Upper probs: 8.962e-01, Lower probs: 1.038e-01
No. of non-dominant rules: 27168, Survival rules: 27020, Failure rules: 148
Batch update: 7 rules added, 0 existing rules removed (0 new rules dominated)
Survival: 7 rules added, 0 removed (from 7 candidates)
Updated sys_vals: [1, 2]
---
Round: 1143, Unk. prob.: 7.000e-05
Upper probs: 8.943e-01, Lower probs: 1.057e-01
No. of non-dominant rules: 27175, Survival rules: 27027, Failure rules: 148
Batch update: 10 rules added, 0 existing rules removed (0 new rules dominated)
Survival: 10 rules added, 0 removed (from 10 candidates)
Updated sys_vals: [1, 2]
---
Round: 1144, Unk. prob.: 1.000e-04
Upper probs: 8.948e-01, Lower probs: 1.051e-01
No. of non-dominant rules: 27185, Survival rules: 27037, Failure rules: 148
Batch update: 11 rules added, 0 existing rules removed (0 new rules dominated)
Survival: 11 rules added, 0 removed (from 11 candidates)
Updated sys_vals: [1, 2]
---
Round: 1145, Unk. prob.: 1.100e-04
Upper probs: 8.938e-01, Lower probs: 1.061e-01
No. of non-dominant rules: 27196, Survival rules: 27048, Failure rules: 148
Batch update: 11 rules added, 0 existing rules removed (0 new rules dominated)
Survival: 11 rules added, 0 removed (from 11 candidates)
Updated sys_vals: [1, 2]
---
Round: 1146, Unk. prob.: 1.100e-04
Upper probs: 8.938e-01, Lower probs: 1.061e-01
No. of non-dominant rules: 27207, Survival rules: 27059, Failure rules: 148
Batch update: 5 rules added, 0 existing rules removed (0 new rules dominated)
Survival: 5 rules added, 0 removed (from 5 candidates)
Updated sys_vals: [1, 2]
---
Round: 1147, Unk. prob.: 5.000e-05
Upper probs: 8.934e-01, Lower probs: 1.066e-01
No. of non-dominant rules: 27212, Survival rules: 27064, Failure rules: 148
Batch update: 8 rules added, 0 existing rules removed (0 new rules dominated)
Survival: 8 rules added, 0 removed (from 8 candidates)
Updated sys_vals: [1, 2]
---
Round: 1148, Unk. prob.: 8.000e-05
Upper probs: 8.939e-01, Lower probs: 1.060e-01
No. of non-dominant rules: 27220, Survival rules: 27072, Failure rules: 148
Batch update: 9 rules added, 0 existing rules removed (0 new rules dominated)
Survival: 9 rules added, 0 removed (from 9 candidates)
Updated sys_vals: [1, 2]
---
Round: 1149, Unk. prob.: 9.000e-05
Upper probs: 8.929e-01, Lower probs: 1.070e-01
No. of non-dominant rules: 27229, Survival rules: 27081, Failure rules: 148
Batch update: 6 rules added, 0 existing rules removed (0 new rules dominated)
Survival: 6 rules added, 0 removed (from 6 candidates)
Updated sys_vals: [1, 2]
---
Round: 1150, Unk. prob.: 6.000e-05
Upper probs: 8.933e-01, Lower probs: 1.066e-01
No. of non-dominant rules: 27235, Survival rules: 27087, Failure rules: 148
Batch update: 9 rules added, 0 existing rules removed (0 new rules dominated)
Survival: 9 rules added, 0 removed (from 9 candidates)
Updated sys_vals: [1, 2]
---
Round: 1151, Unk. prob.: 9.000e-05
Upper probs: 8.948e-01, Lower probs: 1.051e-01
No. of non-dominant rules: 27244, Survival rules: 27096, Failure rules: 148
Batch update: 8 rules added, 0 existing rules removed (0 new rules dominated)
Survival: 8 rules added, 0 removed (from 8 candidates)
Updated sys_vals: [1, 2]
---
Round: 1152, Unk. prob.: 8.000e-05
Upper probs: 8.940e-01, Lower probs: 1.059e-01
No. of non-dominant rules: 27252, Survival rules: 27104, Failure rules: 148
Batch update: 11 rules added, 0 existing rules removed (0 new rules dominated)
Survival: 11 rules added, 0 removed (from 11 candidates)
Updated sys_vals: [1, 2]
---
Round: 1153, Unk. prob.: 1.100e-04
Upper probs: 8.946e-01, Lower probs: 1.053e-01
No. of non-dominant rules: 27263, Survival rules: 27115, Failure rules: 148
Batch update: 8 rules added, 0 existing rules removed (0 new rules dominated)
Survival: 8 rules added, 0 removed (from 8 candidates)
Updated sys_vals: [1, 2]
---
Round: 1154, Unk. prob.: 8.000e-05
Upper probs: 8.938e-01, Lower probs: 1.062e-01
No. of non-dominant rules: 27271, Survival rules: 27123, Failure rules: 148
Batch update: 15 rules added, 0 existing rules removed (0 new rules dominated)
Survival: 15 rules added, 0 removed (from 15 candidates)
Updated sys_vals: [1, 2]
---
Round: 1155, Unk. prob.: 1.500e-04
Upper probs: 8.930e-01, Lower probs: 1.069e-01
No. of non-dominant rules: 27286, Survival rules: 27138, Failure rules: 148
Batch update: 6 rules added, 0 existing rules removed (0 new rules dominated)
Survival: 6 rules added, 0 removed (from 6 candidates)
Updated sys_vals: [1, 2]
---
Round: 1156, Unk. prob.: 6.000e-05
Upper probs: 8.942e-01, Lower probs: 1.057e-01
No. of non-dominant rules: 27292, Survival rules: 27144, Failure rules: 148
Batch update: 11 rules added, 0 existing rules removed (0 new rules dominated)
Survival: 11 rules added, 0 removed (from 11 candidates)
Updated sys_vals: [1, 2]
---
Round: 1157, Unk. prob.: 1.100e-04
Upper probs: 8.958e-01, Lower probs: 1.041e-01
No. of non-dominant rules: 27303, Survival rules: 27155, Failure rules: 148
Batch update: 14 rules added, 0 existing rules removed (0 new rules dominated)
Survival: 14 rules added, 0 removed (from 14 candidates)
Updated sys_vals: [1, 2]
---
Round: 1158, Unk. prob.: 1.400e-04
Upper probs: 8.937e-01, Lower probs: 1.062e-01
No. of non-dominant rules: 27317, Survival rules: 27169, Failure rules: 148
Batch update: 9 rules added, 0 existing rules removed (0 new rules dominated)
Survival: 9 rules added, 0 removed (from 9 candidates)
Updated sys_vals: [1, 2]
---
Round: 1159, Unk. prob.: 9.000e-05
Upper probs: 8.950e-01, Lower probs: 1.049e-01
No. of non-dominant rules: 27326, Survival rules: 27178, Failure rules: 148
Batch update: 10 rules added, 0 existing rules removed (0 new rules dominated)
Survival: 10 rules added, 0 removed (from 10 candidates)
Updated sys_vals: [1, 2]
---
Round: 1160, Unk. prob.: 1.000e-04
Upper probs: 8.930e-01, Lower probs: 1.069e-01
No. of non-dominant rules: 27336, Survival rules: 27188, Failure rules: 148
Batch update: 9 rules added, 0 existing rules removed (0 new rules dominated)
Survival: 9 rules added, 0 removed (from 9 candidates)
Updated sys_vals: [1, 2]
---
Round: 1161, Unk. prob.: 9.000e-05
Upper probs: 8.949e-01, Lower probs: 1.050e-01
No. of non-dominant rules: 27345, Survival rules: 27197, Failure rules: 148
Batch update: 7 rules added, 0 existing rules removed (0 new rules dominated)
Survival: 7 rules added, 0 removed (from 7 candidates)
Batch update: 1 rules added, 0 existing rules removed (0 new rules dominated)
Failure: 1 rules added, 0 removed (from 1 candidates)
Updated sys_vals: [1, 2]
---
Round: 1162, Unk. prob.: 8.000e-05
Upper probs: 8.946e-01, Lower probs: 1.053e-01
No. of non-dominant rules: 27353, Survival rules: 27204, Failure rules: 149
Batch update: 5 rules added, 0 existing rules removed (0 new rules dominated)
Survival: 5 rules added, 0 removed (from 5 candidates)
Updated sys_vals: [1, 2]
---
Round: 1163, Unk. prob.: 5.000e-05
Upper probs: 8.925e-01, Lower probs: 1.075e-01
No. of non-dominant rules: 27358, Survival rules: 27209, Failure rules: 149
Batch update: 8 rules added, 0 existing rules removed (0 new rules dominated)
Survival: 8 rules added, 0 removed (from 8 candidates)
Updated sys_vals: [1, 2]
---
Round: 1164, Unk. prob.: 8.000e-05
Upper probs: 8.952e-01, Lower probs: 1.047e-01
No. of non-dominant rules: 27366, Survival rules: 27217, Failure rules: 149
Batch update: 14 rules added, 0 existing rules removed (0 new rules dominated)
Survival: 14 rules added, 0 removed (from 14 candidates)
Updated sys_vals: [1, 2]
---
Round: 1165, Unk. prob.: 1.400e-04
Upper probs: 8.937e-01, Lower probs: 1.061e-01
No. of non-dominant rules: 27380, Survival rules: 27231, Failure rules: 149
Batch update: 8 rules added, 0 existing rules removed (0 new rules dominated)
Survival: 8 rules added, 0 removed (from 8 candidates)
Updated sys_vals: [1, 2]
---
Round: 1166, Unk. prob.: 8.000e-05
Upper probs: 8.946e-01, Lower probs: 1.054e-01
No. of non-dominant rules: 27388, Survival rules: 27239, Failure rules: 149
Batch update: 8 rules added, 0 existing rules removed (0 new rules dominated)
Survival: 8 rules added, 0 removed (from 8 candidates)
Updated sys_vals: [1, 2]
---
Round: 1167, Unk. prob.: 8.000e-05
Upper probs: 8.926e-01, Lower probs: 1.073e-01
No. of non-dominant rules: 27396, Survival rules: 27247, Failure rules: 149
Batch update: 5 rules added, 0 existing rules removed (0 new rules dominated)
Survival: 5 rules added, 0 removed (from 5 candidates)
Updated sys_vals: [1, 2]
---
Round: 1168, Unk. prob.: 5.000e-05
Upper probs: 8.946e-01, Lower probs: 1.053e-01
No. of non-dominant rules: 27401, Survival rules: 27252, Failure rules: 149
Batch update: 8 rules added, 0 existing rules removed (0 new rules dominated)
Survival: 8 rules added, 0 removed (from 8 candidates)
Updated sys_vals: [1, 2]
---
Round: 1169, Unk. prob.: 8.000e-05
Upper probs: 8.935e-01, Lower probs: 1.064e-01
No. of non-dominant rules: 27409, Survival rules: 27260, Failure rules: 149
Batch update: 5 rules added, 0 existing rules removed (0 new rules dominated)
Survival: 5 rules added, 0 removed (from 5 candidates)
Updated sys_vals: [1, 2]
---
Round: 1170, Unk. prob.: 5.000e-05
Upper probs: 8.935e-01, Lower probs: 1.064e-01
No. of non-dominant rules: 27414, Survival rules: 27265, Failure rules: 149
Batch update: 8 rules added, 0 existing rules removed (0 new rules dominated)
Survival: 8 rules added, 0 removed (from 8 candidates)
Updated sys_vals: [1, 2]
---
Round: 1171, Unk. prob.: 8.000e-05
Upper probs: 8.940e-01, Lower probs: 1.059e-01
No. of non-dominant rules: 27422, Survival rules: 27273, Failure rules: 149
Batch update: 12 rules added, 0 existing rules removed (0 new rules dominated)
Survival: 12 rules added, 0 removed (from 12 candidates)
Updated sys_vals: [1, 2]
---
Round: 1172, Unk. prob.: 1.200e-04
Upper probs: 8.945e-01, Lower probs: 1.053e-01
No. of non-dominant rules: 27434, Survival rules: 27285, Failure rules: 149
Batch update: 5 rules added, 0 existing rules removed (0 new rules dominated)
Survival: 5 rules added, 0 removed (from 5 candidates)
Updated sys_vals: [1, 2]
---
Round: 1173, Unk. prob.: 5.000e-05
Upper probs: 8.944e-01, Lower probs: 1.055e-01
No. of non-dominant rules: 27439, Survival rules: 27290, Failure rules: 149
Batch update: 8 rules added, 0 existing rules removed (0 new rules dominated)
Survival: 8 rules added, 0 removed (from 8 candidates)
Updated sys_vals: [1, 2]
---
Round: 1174, Unk. prob.: 8.000e-05
Upper probs: 8.937e-01, Lower probs: 1.062e-01
No. of non-dominant rules: 27447, Survival rules: 27298, Failure rules: 149
Batch update: 12 rules added, 0 existing rules removed (0 new rules dominated)
Survival: 12 rules added, 0 removed (from 12 candidates)
Updated sys_vals: [1, 2]
---
Round: 1175, Unk. prob.: 1.200e-04
Upper probs: 8.937e-01, Lower probs: 1.062e-01
No. of non-dominant rules: 27459, Survival rules: 27310, Failure rules: 149
Batch update: 7 rules added, 0 existing rules removed (0 new rules dominated)
Survival: 7 rules added, 0 removed (from 7 candidates)
Updated sys_vals: [1, 2]
---
Round: 1176, Unk. prob.: 7.000e-05
Upper probs: 8.932e-01, Lower probs: 1.067e-01
No. of non-dominant rules: 27466, Survival rules: 27317, Failure rules: 149
Batch update: 9 rules added, 0 existing rules removed (0 new rules dominated)
Survival: 9 rules added, 0 removed (from 9 candidates)
Updated sys_vals: [1, 2]
---
Round: 1177, Unk. prob.: 9.000e-05
Upper probs: 8.934e-01, Lower probs: 1.065e-01
No. of non-dominant rules: 27475, Survival rules: 27326, Failure rules: 149
Batch update: 9 rules added, 0 existing rules removed (0 new rules dominated)
Survival: 9 rules added, 0 removed (from 9 candidates)
Updated sys_vals: [1, 2]
---
Round: 1178, Unk. prob.: 9.000e-05
Upper probs: 8.944e-01, Lower probs: 1.055e-01
No. of non-dominant rules: 27484, Survival rules: 27335, Failure rules: 149
Batch update: 4 rules added, 0 existing rules removed (0 new rules dominated)
Survival: 4 rules added, 0 removed (from 4 candidates)
Updated sys_vals: [1, 2]
---
Round: 1179, Unk. prob.: 4.000e-05
Upper probs: 8.923e-01, Lower probs: 1.077e-01
No. of non-dominant rules: 27488, Survival rules: 27339, Failure rules: 149
Batch update: 8 rules added, 0 existing rules removed (0 new rules dominated)
Survival: 8 rules added, 0 removed (from 8 candidates)
Updated sys_vals: [1, 2]
---
Round: 1180, Unk. prob.: 8.000e-05
Upper probs: 8.953e-01, Lower probs: 1.046e-01
No. of non-dominant rules: 27496, Survival rules: 27347, Failure rules: 149
Batch update: 7 rules added, 0 existing rules removed (0 new rules dominated)
Survival: 7 rules added, 0 removed (from 7 candidates)
Updated sys_vals: [1, 2]
---
Round: 1181, Unk. prob.: 7.000e-05
Upper probs: 8.947e-01, Lower probs: 1.052e-01
No. of non-dominant rules: 27503, Survival rules: 27354, Failure rules: 149
Batch update: 8 rules added, 0 existing rules removed (0 new rules dominated)
Survival: 8 rules added, 0 removed (from 8 candidates)
Updated sys_vals: [1, 2]
---
Round: 1182, Unk. prob.: 8.000e-05
Upper probs: 8.937e-01, Lower probs: 1.062e-01
No. of non-dominant rules: 27511, Survival rules: 27362, Failure rules: 149
Batch update: 5 rules added, 0 existing rules removed (0 new rules dominated)
Survival: 5 rules added, 0 removed (from 5 candidates)
Updated sys_vals: [1, 2]
---
Round: 1183, Unk. prob.: 5.000e-05
Upper probs: 8.934e-01, Lower probs: 1.065e-01
No. of non-dominant rules: 27516, Survival rules: 27367, Failure rules: 149
Batch update: 10 rules added, 0 existing rules removed (0 new rules dominated)
Survival: 10 rules added, 0 removed (from 10 candidates)
Updated sys_vals: [1, 2]
---
Round: 1184, Unk. prob.: 1.000e-04
Upper probs: 8.946e-01, Lower probs: 1.052e-01
No. of non-dominant rules: 27526, Survival rules: 27377, Failure rules: 149
Batch update: 11 rules added, 0 existing rules removed (0 new rules dominated)
Survival: 11 rules added, 0 removed (from 11 candidates)
Updated sys_vals: [1, 2]
---
Round: 1185, Unk. prob.: 1.100e-04
Upper probs: 8.935e-01, Lower probs: 1.064e-01
No. of non-dominant rules: 27537, Survival rules: 27388, Failure rules: 149
Batch update: 13 rules added, 0 existing rules removed (0 new rules dominated)
Survival: 13 rules added, 0 removed (from 13 candidates)
Updated sys_vals: [1, 2]
---
Round: 1186, Unk. prob.: 1.300e-04
Upper probs: 8.950e-01, Lower probs: 1.049e-01
No. of non-dominant rules: 27550, Survival rules: 27401, Failure rules: 149
Batch update: 7 rules added, 0 existing rules removed (0 new rules dominated)
Survival: 7 rules added, 0 removed (from 7 candidates)
Updated sys_vals: [1, 2]
---
Round: 1187, Unk. prob.: 7.000e-05
Upper probs: 8.932e-01, Lower probs: 1.068e-01
No. of non-dominant rules: 27557, Survival rules: 27408, Failure rules: 149
Batch update: 9 rules added, 0 existing rules removed (0 new rules dominated)
Survival: 9 rules added, 0 removed (from 9 candidates)
Updated sys_vals: [1, 2]
---
Round: 1188, Unk. prob.: 9.000e-05
Upper probs: 8.953e-01, Lower probs: 1.047e-01
No. of non-dominant rules: 27566, Survival rules: 27417, Failure rules: 149
Batch update: 8 rules added, 0 existing rules removed (0 new rules dominated)
Survival: 8 rules added, 0 removed (from 8 candidates)
Updated sys_vals: [1, 2]
---
Round: 1189, Unk. prob.: 8.000e-05
Upper probs: 8.935e-01, Lower probs: 1.064e-01
No. of non-dominant rules: 27574, Survival rules: 27425, Failure rules: 149
Batch update: 4 rules added, 0 existing rules removed (0 new rules dominated)
Survival: 4 rules added, 0 removed (from 4 candidates)
Batch update: 1 rules added, 0 existing rules removed (0 new rules dominated)
Failure: 1 rules added, 0 removed (from 1 candidates)
Updated sys_vals: [1, 2]
---
Round: 1190, Unk. prob.: 5.000e-05
Upper probs: 8.939e-01, Lower probs: 1.061e-01
No. of non-dominant rules: 27579, Survival rules: 27429, Failure rules: 150
Batch update: 7 rules added, 0 existing rules removed (0 new rules dominated)
Survival: 7 rules added, 0 removed (from 7 candidates)
Updated sys_vals: [1, 2]
---
Round: 1191, Unk. prob.: 7.000e-05
Upper probs: 8.955e-01, Lower probs: 1.045e-01
No. of non-dominant rules: 27586, Survival rules: 27436, Failure rules: 150
Batch update: 8 rules added, 0 existing rules removed (0 new rules dominated)
Survival: 8 rules added, 0 removed (from 8 candidates)
Updated sys_vals: [1, 2]
---
Round: 1192, Unk. prob.: 8.000e-05
Upper probs: 8.943e-01, Lower probs: 1.056e-01
No. of non-dominant rules: 27594, Survival rules: 27444, Failure rules: 150
Batch update: 8 rules added, 0 existing rules removed (0 new rules dominated)
Survival: 8 rules added, 0 removed (from 8 candidates)
Updated sys_vals: [1, 2]
---
Round: 1193, Unk. prob.: 8.000e-05
Upper probs: 8.961e-01, Lower probs: 1.038e-01
No. of non-dominant rules: 27602, Survival rules: 27452, Failure rules: 150
Batch update: 8 rules added, 0 existing rules removed (0 new rules dominated)
Survival: 8 rules added, 0 removed (from 8 candidates)
Updated sys_vals: [1, 2]
---
Round: 1194, Unk. prob.: 8.000e-05
Upper probs: 8.931e-01, Lower probs: 1.068e-01
No. of non-dominant rules: 27610, Survival rules: 27460, Failure rules: 150
Batch update: 7 rules added, 0 existing rules removed (0 new rules dominated)
Survival: 7 rules added, 0 removed (from 7 candidates)
Updated sys_vals: [1, 2]
---
Round: 1195, Unk. prob.: 7.000e-05
Upper probs: 8.958e-01, Lower probs: 1.041e-01
No. of non-dominant rules: 27617, Survival rules: 27467, Failure rules: 150
Batch update: 4 rules added, 0 existing rules removed (0 new rules dominated)
Survival: 4 rules added, 0 removed (from 4 candidates)
Updated sys_vals: [1, 2]
---
Round: 1196, Unk. prob.: 4.000e-05
Upper probs: 8.932e-01, Lower probs: 1.067e-01
No. of non-dominant rules: 27621, Survival rules: 27471, Failure rules: 150
Batch update: 5 rules added, 0 existing rules removed (0 new rules dominated)
Survival: 5 rules added, 0 removed (from 5 candidates)
Updated sys_vals: [1, 2]
---
Round: 1197, Unk. prob.: 5.000e-05
Upper probs: 8.937e-01, Lower probs: 1.063e-01
No. of non-dominant rules: 27626, Survival rules: 27476, Failure rules: 150
Batch update: 13 rules added, 0 existing rules removed (0 new rules dominated)
Survival: 13 rules added, 0 removed (from 13 candidates)
Updated sys_vals: [1, 2]
---
Round: 1198, Unk. prob.: 1.300e-04
Upper probs: 8.946e-01, Lower probs: 1.053e-01
No. of non-dominant rules: 27639, Survival rules: 27489, Failure rules: 150
Batch update: 12 rules added, 0 existing rules removed (0 new rules dominated)
Survival: 12 rules added, 0 removed (from 12 candidates)
Updated sys_vals: [1, 2]
---
Round: 1199, Unk. prob.: 1.200e-04
Upper probs: 8.939e-01, Lower probs: 1.060e-01
No. of non-dominant rules: 27651, Survival rules: 27501, Failure rules: 150
Batch update: 10 rules added, 0 existing rules removed (0 new rules dominated)
Survival: 10 rules added, 0 removed (from 10 candidates)
Updated sys_vals: [1, 2]
---
Round: 1200, Unk. prob.: 1.000e-04
Upper probs: 8.954e-01, Lower probs: 1.045e-01
No. of non-dominant rules: 27661, Survival rules: 27511, Failure rules: 150
Batch update: 5 rules added, 0 existing rules removed (0 new rules dominated)
Survival: 5 rules added, 0 removed (from 5 candidates)
Updated sys_vals: [1, 2]
---
Round: 1201, Unk. prob.: 5.000e-05
Upper probs: 8.952e-01, Lower probs: 1.047e-01
No. of non-dominant rules: 27666, Survival rules: 27516, Failure rules: 150
Batch update: 5 rules added, 0 existing rules removed (0 new rules dominated)
Survival: 5 rules added, 0 removed (from 5 candidates)
Updated sys_vals: [1, 2]
---
Round: 1202, Unk. prob.: 5.000e-05
Upper probs: 8.958e-01, Lower probs: 1.041e-01
No. of non-dominant rules: 27671, Survival rules: 27521, Failure rules: 150
Batch update: 4 rules added, 0 existing rules removed (0 new rules dominated)
Survival: 4 rules added, 0 removed (from 4 candidates)
Updated sys_vals: [1, 2]
---
Round: 1203, Unk. prob.: 4.000e-05
Upper probs: 8.948e-01, Lower probs: 1.051e-01
No. of non-dominant rules: 27675, Survival rules: 27525, Failure rules: 150
Batch update: 7 rules added, 0 existing rules removed (0 new rules dominated)
Survival: 7 rules added, 0 removed (from 7 candidates)
Updated sys_vals: [1, 2]
---
Round: 1204, Unk. prob.: 7.000e-05
Upper probs: 8.951e-01, Lower probs: 1.049e-01
No. of non-dominant rules: 27682, Survival rules: 27532, Failure rules: 150
Batch update: 9 rules added, 0 existing rules removed (0 new rules dominated)
Survival: 9 rules added, 0 removed (from 9 candidates)
Updated sys_vals: [1, 2]
---
Round: 1205, Unk. prob.: 9.000e-05
Upper probs: 8.940e-01, Lower probs: 1.060e-01
No. of non-dominant rules: 27691, Survival rules: 27541, Failure rules: 150
Batch update: 12 rules added, 0 existing rules removed (0 new rules dominated)
Survival: 12 rules added, 0 removed (from 12 candidates)
Updated sys_vals: [1, 2]
---
Round: 1206, Unk. prob.: 1.200e-04
Upper probs: 8.945e-01, Lower probs: 1.054e-01
No. of non-dominant rules: 27703, Survival rules: 27553, Failure rules: 150
Batch update: 5 rules added, 0 existing rules removed (0 new rules dominated)
Survival: 5 rules added, 0 removed (from 5 candidates)
Updated sys_vals: [1, 2]
---
Round: 1207, Unk. prob.: 5.000e-05
Upper probs: 8.924e-01, Lower probs: 1.076e-01
No. of non-dominant rules: 27708, Survival rules: 27558, Failure rules: 150
Batch update: 13 rules added, 0 existing rules removed (0 new rules dominated)
Survival: 13 rules added, 0 removed (from 13 candidates)
Updated sys_vals: [1, 2]
---
Round: 1208, Unk. prob.: 1.300e-04
Upper probs: 8.948e-01, Lower probs: 1.051e-01
No. of non-dominant rules: 27721, Survival rules: 27571, Failure rules: 150
Batch update: 4 rules added, 0 existing rules removed (0 new rules dominated)
Survival: 4 rules added, 0 removed (from 4 candidates)
Updated sys_vals: [1, 2]
---
Round: 1209, Unk. prob.: 4.000e-05
Upper probs: 8.954e-01, Lower probs: 1.045e-01
No. of non-dominant rules: 27725, Survival rules: 27575, Failure rules: 150
Batch update: 6 rules added, 0 existing rules removed (0 new rules dominated)
Survival: 6 rules added, 0 removed (from 6 candidates)
Updated sys_vals: [1, 2]
---
Round: 1210, Unk. prob.: 6.000e-05
Upper probs: 8.940e-01, Lower probs: 1.059e-01
No. of non-dominant rules: 27731, Survival rules: 27581, Failure rules: 150
Batch update: 10 rules added, 0 existing rules removed (0 new rules dominated)
Survival: 10 rules added, 0 removed (from 10 candidates)
Updated sys_vals: [1, 2]
---
Round: 1211, Unk. prob.: 1.000e-04
Upper probs: 8.937e-01, Lower probs: 1.062e-01
No. of non-dominant rules: 27741, Survival rules: 27591, Failure rules: 150
Batch update: 7 rules added, 0 existing rules removed (0 new rules dominated)
Survival: 7 rules added, 0 removed (from 7 candidates)
Updated sys_vals: [1, 2]
---
Round: 1212, Unk. prob.: 7.000e-05
Upper probs: 8.933e-01, Lower probs: 1.066e-01
No. of non-dominant rules: 27748, Survival rules: 27598, Failure rules: 150
Batch update: 11 rules added, 0 existing rules removed (0 new rules dominated)
Survival: 11 rules added, 0 removed (from 11 candidates)
Updated sys_vals: [1, 2]
---
Round: 1213, Unk. prob.: 1.100e-04
Upper probs: 8.952e-01, Lower probs: 1.047e-01
No. of non-dominant rules: 27759, Survival rules: 27609, Failure rules: 150
Batch update: 4 rules added, 0 existing rules removed (0 new rules dominated)
Survival: 4 rules added, 0 removed (from 4 candidates)
Updated sys_vals: [1, 2]
---
Round: 1214, Unk. prob.: 4.000e-05
Upper probs: 8.942e-01, Lower probs: 1.057e-01
No. of non-dominant rules: 27763, Survival rules: 27613, Failure rules: 150
Batch update: 9 rules added, 0 existing rules removed (0 new rules dominated)
Survival: 9 rules added, 0 removed (from 9 candidates)
Updated sys_vals: [1, 2]
---
Round: 1215, Unk. prob.: 9.000e-05
Upper probs: 8.947e-01, Lower probs: 1.052e-01
No. of non-dominant rules: 27772, Survival rules: 27622, Failure rules: 150
Batch update: 8 rules added, 0 existing rules removed (0 new rules dominated)
Survival: 8 rules added, 0 removed (from 8 candidates)
Updated sys_vals: [1, 2]
---
Round: 1216, Unk. prob.: 8.000e-05
Upper probs: 8.949e-01, Lower probs: 1.051e-01
No. of non-dominant rules: 27780, Survival rules: 27630, Failure rules: 150
Batch update: 4 rules added, 0 existing rules removed (0 new rules dominated)
Survival: 4 rules added, 0 removed (from 4 candidates)
Updated sys_vals: [1, 2]
---
Round: 1217, Unk. prob.: 4.000e-05
Upper probs: 8.943e-01, Lower probs: 1.056e-01
No. of non-dominant rules: 27784, Survival rules: 27634, Failure rules: 150
Batch update: 8 rules added, 0 existing rules removed (0 new rules dominated)
Survival: 8 rules added, 0 removed (from 8 candidates)
Updated sys_vals: [1, 2]
---
Round: 1218, Unk. prob.: 8.000e-05
Upper probs: 8.934e-01, Lower probs: 1.065e-01
No. of non-dominant rules: 27792, Survival rules: 27642, Failure rules: 150
Batch update: 10 rules added, 0 existing rules removed (0 new rules dominated)
Survival: 10 rules added, 0 removed (from 10 candidates)
Updated sys_vals: [1, 2]
---
Round: 1219, Unk. prob.: 1.000e-04
Upper probs: 8.944e-01, Lower probs: 1.055e-01
No. of non-dominant rules: 27802, Survival rules: 27652, Failure rules: 150
Batch update: 8 rules added, 0 existing rules removed (0 new rules dominated)
Survival: 8 rules added, 0 removed (from 8 candidates)
Updated sys_vals: [1, 2]
---
Round: 1220, Unk. prob.: 8.000e-05
Upper probs: 8.929e-01, Lower probs: 1.070e-01
No. of non-dominant rules: 27810, Survival rules: 27660, Failure rules: 150
Batch update: 11 rules added, 0 existing rules removed (0 new rules dominated)
Survival: 11 rules added, 0 removed (from 11 candidates)
Updated sys_vals: [1, 2]
---
Round: 1221, Unk. prob.: 1.100e-04
Upper probs: 8.923e-01, Lower probs: 1.076e-01
No. of non-dominant rules: 27821, Survival rules: 27671, Failure rules: 150
Batch update: 12 rules added, 0 existing rules removed (0 new rules dominated)
Survival: 12 rules added, 0 removed (from 12 candidates)
Updated sys_vals: [1, 2]
---
Round: 1222, Unk. prob.: 1.200e-04
Upper probs: 8.934e-01, Lower probs: 1.064e-01
No. of non-dominant rules: 27833, Survival rules: 27683, Failure rules: 150
Batch update: 7 rules added, 0 existing rules removed (0 new rules dominated)
Survival: 7 rules added, 0 removed (from 7 candidates)
Updated sys_vals: [1, 2]
---
Round: 1223, Unk. prob.: 7.000e-05
Upper probs: 8.961e-01, Lower probs: 1.039e-01
No. of non-dominant rules: 27840, Survival rules: 27690, Failure rules: 150
Batch update: 8 rules added, 0 existing rules removed (0 new rules dominated)
Survival: 8 rules added, 0 removed (from 8 candidates)
Updated sys_vals: [1, 2]
---
Round: 1224, Unk. prob.: 8.000e-05
Upper probs: 8.955e-01, Lower probs: 1.044e-01
No. of non-dominant rules: 27848, Survival rules: 27698, Failure rules: 150
Batch update: 6 rules added, 0 existing rules removed (0 new rules dominated)
Survival: 6 rules added, 0 removed (from 6 candidates)
Updated sys_vals: [1, 2]
---
Round: 1225, Unk. prob.: 6.000e-05
Upper probs: 8.928e-01, Lower probs: 1.071e-01
No. of non-dominant rules: 27854, Survival rules: 27704, Failure rules: 150
Batch update: 10 rules added, 0 existing rules removed (0 new rules dominated)
Survival: 10 rules added, 0 removed (from 10 candidates)
Updated sys_vals: [1, 2]
---
Round: 1226, Unk. prob.: 1.000e-04
Upper probs: 8.949e-01, Lower probs: 1.050e-01
No. of non-dominant rules: 27864, Survival rules: 27714, Failure rules: 150
Batch update: 7 rules added, 0 existing rules removed (0 new rules dominated)
Survival: 7 rules added, 0 removed (from 7 candidates)
Updated sys_vals: [1, 2]
---
Round: 1227, Unk. prob.: 7.000e-05
Upper probs: 8.940e-01, Lower probs: 1.059e-01
No. of non-dominant rules: 27871, Survival rules: 27721, Failure rules: 150
Batch update: 6 rules added, 0 existing rules removed (0 new rules dominated)
Survival: 6 rules added, 0 removed (from 6 candidates)
Updated sys_vals: [1, 2]
---
Round: 1228, Unk. prob.: 6.000e-05
Upper probs: 8.946e-01, Lower probs: 1.054e-01
No. of non-dominant rules: 27877, Survival rules: 27727, Failure rules: 150
Batch update: 7 rules added, 0 existing rules removed (0 new rules dominated)
Survival: 7 rules added, 0 removed (from 7 candidates)
Updated sys_vals: [1, 2]
---
Round: 1229, Unk. prob.: 7.000e-05
Upper probs: 8.950e-01, Lower probs: 1.050e-01
No. of non-dominant rules: 27884, Survival rules: 27734, Failure rules: 150
Batch update: 1 rules added, 0 existing rules removed (0 new rules dominated)
Survival: 1 rules added, 0 removed (from 1 candidates)
Updated sys_vals: [1, 2]
---
[Final results] Probs: 'upper':  8.943e-01, 'lower':  1.056e-01, 'unkn':  8.610e-05
