================================================================
RSR demo — IEEE 300-bus DC-OPF blackout reliability
================================================================
  Resources:   GPUs=cuda:0,cuda:1  CPU workers=48  (visible: 2 GPU, 24 CPU)
  Dataset:     /scratch/n74/hxr547/rsr/demos/ieee300_blackout/../../../network-datasets/datasets/ieee300/v1
  Components:  711 (69 generator buses, 231 ordinary buses, 411 branches)
  Max states:  4   Device: cuda:0
  Threshold:   26.1% blackout → system failure
DC-OPF sfun ready: 300 buses, 69 generators, 411 branches
  All operational: blackout=  0.07%  sys_st=1
  All failed:      blackout=100.00%  sys_st=0

Extracting survival / failure rules (unknown gap < 1e-05 [abs])...

Parallel mode: 48 CPU workers for sfun + minimization
Multi-GPU mode: sampling across ['cuda:0', 'cuda:1']
---
Round: 1, Unk. prob.: 1.000e+00
Upper probs: 0.000e+00, Lower probs: 0.000e+00
No. of non-dominant refs: 0, Survival refs: 0, Failure refs: 0
Batch update: 48 refs added, 0 existing refs removed (0 new refs dominated)
Survival: 48 refs added, 0 removed (from 48 candidates)
Updated sys_vals: [1]
---
Round: 2, Unk. prob.: 1.000e+00
Upper probs: 0.000e+00, Lower probs: 0.000e+00
No. of non-dominant refs: 48, Survival refs: 48, Failure refs: 0
Batch update: 48 refs added, 0 existing refs removed (0 new refs dominated)
Survival: 48 refs added, 0 removed (from 48 candidates)
Updated sys_vals: [1]
---
Round: 3, Unk. prob.: 1.000e+00
Upper probs: 1.000e-05, Lower probs: 0.000e+00
No. of non-dominant refs: 96, Survival refs: 96, Failure refs: 0
Batch update: 48 refs added, 0 existing refs removed (0 new refs dominated)
Survival: 48 refs added, 0 removed (from 48 candidates)
Updated sys_vals: [1]
---
Round: 4, Unk. prob.: 1.000e+00
Upper probs: 0.000e+00, Lower probs: 0.000e+00
No. of non-dominant refs: 144, Survival refs: 144, Failure refs: 0
Batch update: 48 refs added, 0 existing refs removed (0 new refs dominated)
Survival: 48 refs added, 0 removed (from 48 candidates)
Updated sys_vals: [1]
---
Round: 5, Unk. prob.: 1.000e+00
Upper probs: 1.000e-05, Lower probs: 0.000e+00
No. of non-dominant refs: 192, Survival refs: 192, Failure refs: 0
Batch update: 47 refs added, 0 existing refs removed (0 new refs dominated)
Survival: 47 refs added, 0 removed (from 47 candidates)
Batch update: 1 refs added, 0 existing refs removed (0 new refs dominated)
Failure: 1 refs added, 0 removed (from 1 candidates)
Updated sys_vals: [0, 1]
---
Round: 6, Unk. prob.: 1.000e+00
Upper probs: 0.000e+00, Lower probs: 0.000e+00
No. of non-dominant refs: 240, Survival refs: 239, Failure refs: 1
Batch update: 48 refs added, 0 existing refs removed (0 new refs dominated)
Survival: 48 refs added, 0 removed (from 48 candidates)
Updated sys_vals: [0, 1]
---
Round: 7, Unk. prob.: 1.000e+00
Upper probs: 1.000e-05, Lower probs: 0.000e+00
No. of non-dominant refs: 288, Survival refs: 287, Failure refs: 1
Batch update: 48 refs added, 0 existing refs removed (0 new refs dominated)
Survival: 48 refs added, 0 removed (from 48 candidates)
Updated sys_vals: [0, 1]
---
Round: 8, Unk. prob.: 1.000e+00
Upper probs: 0.000e+00, Lower probs: 0.000e+00
No. of non-dominant refs: 336, Survival refs: 335, Failure refs: 1
Batch update: 48 refs added, 0 existing refs removed (0 new refs dominated)
Survival: 48 refs added, 0 removed (from 48 candidates)
Updated sys_vals: [0, 1]
---
Round: 9, Unk. prob.: 1.000e+00
Upper probs: 0.000e+00, Lower probs: 0.000e+00
No. of non-dominant refs: 384, Survival refs: 383, Failure refs: 1
Batch update: 48 refs added, 0 existing refs removed (0 new refs dominated)
Survival: 48 refs added, 0 removed (from 48 candidates)
Updated sys_vals: [0, 1]
---
Round: 10, Unk. prob.: 1.000e+00
Upper probs: 2.000e-05, Lower probs: 0.000e+00
No. of non-dominant refs: 432, Survival refs: 431, Failure refs: 1
Batch update: 48 refs added, 0 existing refs removed (0 new refs dominated)
Survival: 48 refs added, 0 removed (from 48 candidates)
Updated sys_vals: [0, 1]
---
Round: 11, Unk. prob.: 1.000e+00
Upper probs: 0.000e+00, Lower probs: 0.000e+00
No. of non-dominant refs: 480, Survival refs: 479, Failure refs: 1
Batch update: 48 refs added, 0 existing refs removed (0 new refs dominated)
Survival: 48 refs added, 0 removed (from 48 candidates)
Updated sys_vals: [0, 1]
---
Round: 12, Unk. prob.: 1.000e+00
Upper probs: 0.000e+00, Lower probs: 0.000e+00
No. of non-dominant refs: 528, Survival refs: 527, Failure refs: 1
Batch update: 48 refs added, 0 existing refs removed (0 new refs dominated)
Survival: 48 refs added, 0 removed (from 48 candidates)
Updated sys_vals: [0, 1]
---
Round: 13, Unk. prob.: 1.000e+00
Upper probs: 1.000e-05, Lower probs: 0.000e+00
No. of non-dominant refs: 576, Survival refs: 575, Failure refs: 1
Batch update: 48 refs added, 0 existing refs removed (0 new refs dominated)
Survival: 48 refs added, 0 removed (from 48 candidates)
Updated sys_vals: [0, 1]
---
Round: 14, Unk. prob.: 1.000e+00
Upper probs: 3.000e-05, Lower probs: 0.000e+00
No. of non-dominant refs: 624, Survival refs: 623, Failure refs: 1
Batch update: 48 refs added, 0 existing refs removed (0 new refs dominated)
Survival: 48 refs added, 0 removed (from 48 candidates)
Updated sys_vals: [0, 1]
---
Round: 15, Unk. prob.: 1.000e+00
Upper probs: 2.000e-05, Lower probs: 0.000e+00
No. of non-dominant refs: 672, Survival refs: 671, Failure refs: 1
Batch update: 48 refs added, 0 existing refs removed (0 new refs dominated)
Survival: 48 refs added, 0 removed (from 48 candidates)
Updated sys_vals: [0, 1]
---
Round: 16, Unk. prob.: 1.000e+00
Upper probs: 2.000e-05, Lower probs: 0.000e+00
No. of non-dominant refs: 720, Survival refs: 719, Failure refs: 1
Batch update: 48 refs added, 0 existing refs removed (0 new refs dominated)
Survival: 48 refs added, 0 removed (from 48 candidates)
Updated sys_vals: [0, 1]
---
Round: 17, Unk. prob.: 1.000e+00
Upper probs: 3.000e-05, Lower probs: 0.000e+00
No. of non-dominant refs: 768, Survival refs: 767, Failure refs: 1
Batch update: 48 refs added, 0 existing refs removed (0 new refs dominated)
Survival: 48 refs added, 0 removed (from 48 candidates)
Updated sys_vals: [0, 1]
---
Round: 18, Unk. prob.: 1.000e+00
Upper probs: 1.000e-05, Lower probs: 0.000e+00
No. of non-dominant refs: 816, Survival refs: 815, Failure refs: 1
Batch update: 48 refs added, 0 existing refs removed (0 new refs dominated)
Survival: 48 refs added, 0 removed (from 48 candidates)
Updated sys_vals: [0, 1]
---
Round: 19, Unk. prob.: 1.000e+00
Upper probs: 2.000e-05, Lower probs: 0.000e+00
No. of non-dominant refs: 864, Survival refs: 863, Failure refs: 1
Batch update: 48 refs added, 0 existing refs removed (0 new refs dominated)
Survival: 48 refs added, 0 removed (from 48 candidates)
Updated sys_vals: [0, 1]
---
Round: 20, Unk. prob.: 1.000e+00
Upper probs: 4.000e-05, Lower probs: 0.000e+00
No. of non-dominant refs: 912, Survival refs: 911, Failure refs: 1
Batch update: 48 refs added, 0 existing refs removed (0 new refs dominated)
Survival: 48 refs added, 0 removed (from 48 candidates)
Updated sys_vals: [0, 1]
---
Round: 21, Unk. prob.: 1.000e+00
Upper probs: 4.000e-05, Lower probs: 0.000e+00
No. of non-dominant refs: 960, Survival refs: 959, Failure refs: 1
Batch update: 48 refs added, 0 existing refs removed (0 new refs dominated)
Survival: 48 refs added, 0 removed (from 48 candidates)
Updated sys_vals: [0, 1]
---
Round: 22, Unk. prob.: 1.000e+00
Upper probs: 5.000e-05, Lower probs: 0.000e+00
No. of non-dominant refs: 1008, Survival refs: 1007, Failure refs: 1
Batch update: 48 refs added, 0 existing refs removed (0 new refs dominated)
Survival: 48 refs added, 0 removed (from 48 candidates)
Updated sys_vals: [0, 1]
---
Round: 23, Unk. prob.: 9.999e-01
Upper probs: 6.000e-05, Lower probs: 0.000e+00
No. of non-dominant refs: 1056, Survival refs: 1055, Failure refs: 1
Batch update: 48 refs added, 0 existing refs removed (0 new refs dominated)
Survival: 48 refs added, 0 removed (from 48 candidates)
Updated sys_vals: [0, 1]
---
Round: 24, Unk. prob.: 1.000e+00
Upper probs: 3.000e-05, Lower probs: 0.000e+00
No. of non-dominant refs: 1104, Survival refs: 1103, Failure refs: 1
Batch update: 48 refs added, 0 existing refs removed (0 new refs dominated)
Survival: 48 refs added, 0 removed (from 48 candidates)
Updated sys_vals: [0, 1]
---
Round: 25, Unk. prob.: 1.000e+00
Upper probs: 2.000e-05, Lower probs: 0.000e+00
No. of non-dominant refs: 1152, Survival refs: 1151, Failure refs: 1
Batch update: 48 refs added, 0 existing refs removed (0 new refs dominated)
Survival: 48 refs added, 0 removed (from 48 candidates)
Updated sys_vals: [0, 1]
---
Round: 26, Unk. prob.: 1.000e+00
Upper probs: 3.000e-05, Lower probs: 0.000e+00
No. of non-dominant refs: 1200, Survival refs: 1199, Failure refs: 1
Batch update: 48 refs added, 0 existing refs removed (0 new refs dominated)
Survival: 48 refs added, 0 removed (from 48 candidates)
Updated sys_vals: [0, 1]
---
Round: 27, Unk. prob.: 9.999e-01
Upper probs: 6.000e-05, Lower probs: 0.000e+00
No. of non-dominant refs: 1248, Survival refs: 1247, Failure refs: 1
Batch update: 48 refs added, 0 existing refs removed (0 new refs dominated)
Survival: 48 refs added, 0 removed (from 48 candidates)
Updated sys_vals: [0, 1]
---
Round: 28, Unk. prob.: 9.999e-01
Upper probs: 9.000e-05, Lower probs: 0.000e+00
No. of non-dominant refs: 1296, Survival refs: 1295, Failure refs: 1
Batch update: 48 refs added, 0 existing refs removed (0 new refs dominated)
Survival: 48 refs added, 0 removed (from 48 candidates)
Updated sys_vals: [0, 1]
---
Round: 29, Unk. prob.: 9.999e-01
Upper probs: 7.000e-05, Lower probs: 0.000e+00
No. of non-dominant refs: 1344, Survival refs: 1343, Failure refs: 1
Batch update: 48 refs added, 0 existing refs removed (0 new refs dominated)
Survival: 48 refs added, 0 removed (from 48 candidates)
Updated sys_vals: [0, 1]
---
Round: 30, Unk. prob.: 9.999e-01
Upper probs: 6.000e-05, Lower probs: 0.000e+00
No. of non-dominant refs: 1392, Survival refs: 1391, Failure refs: 1
Batch update: 48 refs added, 0 existing refs removed (0 new refs dominated)
Survival: 48 refs added, 0 removed (from 48 candidates)
Updated sys_vals: [0, 1]
---
Round: 31, Unk. prob.: 9.999e-01
Upper probs: 8.000e-05, Lower probs: 0.000e+00
No. of non-dominant refs: 1440, Survival refs: 1439, Failure refs: 1
Batch update: 48 refs added, 0 existing refs removed (0 new refs dominated)
Survival: 48 refs added, 0 removed (from 48 candidates)
Updated sys_vals: [0, 1]
---
Round: 32, Unk. prob.: 9.999e-01
Upper probs: 1.200e-04, Lower probs: 0.000e+00
No. of non-dominant refs: 1488, Survival refs: 1487, Failure refs: 1
Batch update: 48 refs added, 0 existing refs removed (0 new refs dominated)
Survival: 48 refs added, 0 removed (from 48 candidates)
Updated sys_vals: [0, 1]
---
Round: 33, Unk. prob.: 9.999e-01
Upper probs: 6.000e-05, Lower probs: 0.000e+00
No. of non-dominant refs: 1536, Survival refs: 1535, Failure refs: 1
Batch update: 48 refs added, 0 existing refs removed (0 new refs dominated)
Survival: 48 refs added, 0 removed (from 48 candidates)
Updated sys_vals: [0, 1]
---
Round: 34, Unk. prob.: 9.999e-01
Upper probs: 7.000e-05, Lower probs: 0.000e+00
No. of non-dominant refs: 1584, Survival refs: 1583, Failure refs: 1
Batch update: 48 refs added, 0 existing refs removed (0 new refs dominated)
Survival: 48 refs added, 0 removed (from 48 candidates)
Updated sys_vals: [0, 1]
---
Round: 35, Unk. prob.: 9.999e-01
Upper probs: 8.000e-05, Lower probs: 0.000e+00
No. of non-dominant refs: 1632, Survival refs: 1631, Failure refs: 1
Batch update: 48 refs added, 0 existing refs removed (0 new refs dominated)
Survival: 48 refs added, 0 removed (from 48 candidates)
Updated sys_vals: [0, 1]
---
Round: 36, Unk. prob.: 1.000e+00
Upper probs: 2.000e-05, Lower probs: 0.000e+00
No. of non-dominant refs: 1680, Survival refs: 1679, Failure refs: 1
Batch update: 48 refs added, 0 existing refs removed (0 new refs dominated)
Survival: 48 refs added, 0 removed (from 48 candidates)
Updated sys_vals: [0, 1]
---
Round: 37, Unk. prob.: 1.000e+00
Upper probs: 2.000e-05, Lower probs: 0.000e+00
No. of non-dominant refs: 1728, Survival refs: 1727, Failure refs: 1
Batch update: 48 refs added, 0 existing refs removed (0 new refs dominated)
Survival: 48 refs added, 0 removed (from 48 candidates)
Updated sys_vals: [0, 1]
---
Round: 38, Unk. prob.: 9.999e-01
Upper probs: 7.000e-05, Lower probs: 0.000e+00
No. of non-dominant refs: 1776, Survival refs: 1775, Failure refs: 1
Batch update: 48 refs added, 0 existing refs removed (0 new refs dominated)
Survival: 48 refs added, 0 removed (from 48 candidates)
Updated sys_vals: [0, 1]
---
Round: 39, Unk. prob.: 9.999e-01
Upper probs: 1.000e-04, Lower probs: 0.000e+00
No. of non-dominant refs: 1824, Survival refs: 1823, Failure refs: 1
Batch update: 48 refs added, 0 existing refs removed (0 new refs dominated)
Survival: 48 refs added, 0 removed (from 48 candidates)
Updated sys_vals: [0, 1]
---
Round: 40, Unk. prob.: 9.999e-01
Upper probs: 8.000e-05, Lower probs: 0.000e+00
No. of non-dominant refs: 1872, Survival refs: 1871, Failure refs: 1
Batch update: 48 refs added, 0 existing refs removed (0 new refs dominated)
Survival: 48 refs added, 0 removed (from 48 candidates)
Updated sys_vals: [0, 1]
---
Round: 41, Unk. prob.: 1.000e+00
Upper probs: 5.000e-05, Lower probs: 0.000e+00
No. of non-dominant refs: 1920, Survival refs: 1919, Failure refs: 1
Batch update: 48 refs added, 0 existing refs removed (0 new refs dominated)
Survival: 48 refs added, 0 removed (from 48 candidates)
Updated sys_vals: [0, 1]
---
Round: 42, Unk. prob.: 9.999e-01
Upper probs: 6.000e-05, Lower probs: 0.000e+00
No. of non-dominant refs: 1968, Survival refs: 1967, Failure refs: 1
Batch update: 48 refs added, 0 existing refs removed (0 new refs dominated)
Survival: 48 refs added, 0 removed (from 48 candidates)
Updated sys_vals: [0, 1]
---
Round: 43, Unk. prob.: 9.999e-01
Upper probs: 6.000e-05, Lower probs: 0.000e+00
No. of non-dominant refs: 2016, Survival refs: 2015, Failure refs: 1
Batch update: 48 refs added, 0 existing refs removed (0 new refs dominated)
Survival: 48 refs added, 0 removed (from 48 candidates)
Updated sys_vals: [0, 1]
---
Round: 44, Unk. prob.: 9.999e-01
Upper probs: 1.000e-04, Lower probs: 0.000e+00
No. of non-dominant refs: 2064, Survival refs: 2063, Failure refs: 1
Batch update: 48 refs added, 0 existing refs removed (0 new refs dominated)
Survival: 48 refs added, 0 removed (from 48 candidates)
Updated sys_vals: [0, 1]
---
Round: 45, Unk. prob.: 9.999e-01
Upper probs: 7.000e-05, Lower probs: 0.000e+00
No. of non-dominant refs: 2112, Survival refs: 2111, Failure refs: 1
Batch update: 48 refs added, 0 existing refs removed (0 new refs dominated)
Survival: 48 refs added, 0 removed (from 48 candidates)
Updated sys_vals: [0, 1]
---
Round: 46, Unk. prob.: 9.999e-01
Upper probs: 1.100e-04, Lower probs: 0.000e+00
No. of non-dominant refs: 2160, Survival refs: 2159, Failure refs: 1
Batch update: 48 refs added, 0 existing refs removed (0 new refs dominated)
Survival: 48 refs added, 0 removed (from 48 candidates)
Updated sys_vals: [0, 1]
---
Round: 47, Unk. prob.: 9.999e-01
Upper probs: 1.000e-04, Lower probs: 0.000e+00
No. of non-dominant refs: 2208, Survival refs: 2207, Failure refs: 1
Batch update: 48 refs added, 0 existing refs removed (0 new refs dominated)
Survival: 48 refs added, 0 removed (from 48 candidates)
Updated sys_vals: [0, 1]
---
Round: 48, Unk. prob.: 1.000e+00
Upper probs: 2.000e-05, Lower probs: 0.000e+00
No. of non-dominant refs: 2256, Survival refs: 2255, Failure refs: 1
Batch update: 48 refs added, 0 existing refs removed (0 new refs dominated)
Survival: 48 refs added, 0 removed (from 48 candidates)
Updated sys_vals: [0, 1]
---
Round: 49, Unk. prob.: 9.999e-01
Upper probs: 8.000e-05, Lower probs: 0.000e+00
No. of non-dominant refs: 2304, Survival refs: 2303, Failure refs: 1
Batch update: 48 refs added, 0 existing refs removed (0 new refs dominated)
Survival: 48 refs added, 0 removed (from 48 candidates)
Updated sys_vals: [0, 1]
---
Round: 50, Unk. prob.: 9.999e-01
Upper probs: 7.000e-05, Lower probs: 0.000e+00
No. of non-dominant refs: 2352, Survival refs: 2351, Failure refs: 1
Batch update: 48 refs added, 0 existing refs removed (0 new refs dominated)
Survival: 48 refs added, 0 removed (from 48 candidates)
Updated sys_vals: [0, 1]
---
Round: 51, Unk. prob.: 9.999e-01
Upper probs: 8.000e-05, Lower probs: 0.000e+00
No. of non-dominant refs: 2400, Survival refs: 2399, Failure refs: 1
Batch update: 48 refs added, 0 existing refs removed (0 new refs dominated)
Survival: 48 refs added, 0 removed (from 48 candidates)
Updated sys_vals: [0, 1]
---
Round: 52, Unk. prob.: 9.999e-01
Upper probs: 1.200e-04, Lower probs: 0.000e+00
No. of non-dominant refs: 2448, Survival refs: 2447, Failure refs: 1
Batch update: 48 refs added, 0 existing refs removed (0 new refs dominated)
Survival: 48 refs added, 0 removed (from 48 candidates)
Updated sys_vals: [0, 1]
---
Round: 53, Unk. prob.: 9.998e-01
Upper probs: 1.600e-04, Lower probs: 0.000e+00
No. of non-dominant refs: 2496, Survival refs: 2495, Failure refs: 1
Batch update: 48 refs added, 0 existing refs removed (0 new refs dominated)
Survival: 48 refs added, 0 removed (from 48 candidates)
Updated sys_vals: [0, 1]
---
Round: 54, Unk. prob.: 9.999e-01
Upper probs: 1.100e-04, Lower probs: 0.000e+00
No. of non-dominant refs: 2544, Survival refs: 2543, Failure refs: 1
Batch update: 48 refs added, 0 existing refs removed (0 new refs dominated)
Survival: 48 refs added, 0 removed (from 48 candidates)
Updated sys_vals: [0, 1]
---
Round: 55, Unk. prob.: 9.999e-01
Upper probs: 8.000e-05, Lower probs: 0.000e+00
No. of non-dominant refs: 2592, Survival refs: 2591, Failure refs: 1
Batch update: 48 refs added, 0 existing refs removed (0 new refs dominated)
Survival: 48 refs added, 0 removed (from 48 candidates)
Updated sys_vals: [0, 1]
---
Round: 56, Unk. prob.: 9.999e-01
Upper probs: 1.400e-04, Lower probs: 0.000e+00
No. of non-dominant refs: 2640, Survival refs: 2639, Failure refs: 1
Batch update: 48 refs added, 0 existing refs removed (0 new refs dominated)
Survival: 48 refs added, 0 removed (from 48 candidates)
Updated sys_vals: [0, 1]
---
Round: 57, Unk. prob.: 9.999e-01
Upper probs: 9.000e-05, Lower probs: 0.000e+00
No. of non-dominant refs: 2688, Survival refs: 2687, Failure refs: 1
Batch update: 48 refs added, 0 existing refs removed (0 new refs dominated)
Survival: 48 refs added, 0 removed (from 48 candidates)
Updated sys_vals: [0, 1]
---
Round: 58, Unk. prob.: 9.998e-01
Upper probs: 1.600e-04, Lower probs: 0.000e+00
No. of non-dominant refs: 2736, Survival refs: 2735, Failure refs: 1
Batch update: 48 refs added, 0 existing refs removed (0 new refs dominated)
Survival: 48 refs added, 0 removed (from 48 candidates)
Updated sys_vals: [0, 1]
---
Round: 59, Unk. prob.: 9.999e-01
Upper probs: 1.000e-04, Lower probs: 0.000e+00
No. of non-dominant refs: 2784, Survival refs: 2783, Failure refs: 1
Batch update: 48 refs added, 0 existing refs removed (0 new refs dominated)
Survival: 48 refs added, 0 removed (from 48 candidates)
Updated sys_vals: [0, 1]
---
Round: 60, Unk. prob.: 9.999e-01
Upper probs: 9.000e-05, Lower probs: 0.000e+00
No. of non-dominant refs: 2832, Survival refs: 2831, Failure refs: 1
Batch update: 48 refs added, 0 existing refs removed (0 new refs dominated)
Survival: 48 refs added, 0 removed (from 48 candidates)
Updated sys_vals: [0, 1]
---
Round: 61, Unk. prob.: 9.999e-01
Upper probs: 8.000e-05, Lower probs: 0.000e+00
No. of non-dominant refs: 2880, Survival refs: 2879, Failure refs: 1
Batch update: 48 refs added, 0 existing refs removed (0 new refs dominated)
Survival: 48 refs added, 0 removed (from 48 candidates)
Updated sys_vals: [0, 1]
---
Round: 62, Unk. prob.: 1.000e+00
Upper probs: 5.000e-05, Lower probs: 0.000e+00
No. of non-dominant refs: 2928, Survival refs: 2927, Failure refs: 1
Batch update: 48 refs added, 0 existing refs removed (0 new refs dominated)
Survival: 48 refs added, 0 removed (from 48 candidates)
Updated sys_vals: [0, 1]
---
Round: 63, Unk. prob.: 9.999e-01
Upper probs: 1.400e-04, Lower probs: 0.000e+00
No. of non-dominant refs: 2976, Survival refs: 2975, Failure refs: 1
Batch update: 48 refs added, 0 existing refs removed (0 new refs dominated)
Survival: 48 refs added, 0 removed (from 48 candidates)
Updated sys_vals: [0, 1]
---
Round: 64, Unk. prob.: 9.999e-01
Upper probs: 1.400e-04, Lower probs: 0.000e+00
No. of non-dominant refs: 3024, Survival refs: 3023, Failure refs: 1
Batch update: 48 refs added, 0 existing refs removed (0 new refs dominated)
Survival: 48 refs added, 0 removed (from 48 candidates)
Updated sys_vals: [0, 1]
---
Round: 65, Unk. prob.: 9.999e-01
Upper probs: 1.400e-04, Lower probs: 0.000e+00
No. of non-dominant refs: 3072, Survival refs: 3071, Failure refs: 1
Batch update: 48 refs added, 0 existing refs removed (0 new refs dominated)
Survival: 48 refs added, 0 removed (from 48 candidates)
Updated sys_vals: [0, 1]
---
Round: 66, Unk. prob.: 9.998e-01
Upper probs: 1.600e-04, Lower probs: 0.000e+00
No. of non-dominant refs: 3120, Survival refs: 3119, Failure refs: 1
Batch update: 48 refs added, 0 existing refs removed (0 new refs dominated)
Survival: 48 refs added, 0 removed (from 48 candidates)
Updated sys_vals: [0, 1]
---
Round: 67, Unk. prob.: 9.999e-01
Upper probs: 1.200e-04, Lower probs: 0.000e+00
No. of non-dominant refs: 3168, Survival refs: 3167, Failure refs: 1
Batch update: 48 refs added, 0 existing refs removed (0 new refs dominated)
Survival: 48 refs added, 0 removed (from 48 candidates)
Updated sys_vals: [0, 1]
---
Round: 68, Unk. prob.: 9.998e-01
Upper probs: 1.800e-04, Lower probs: 0.000e+00
No. of non-dominant refs: 3216, Survival refs: 3215, Failure refs: 1
Batch update: 48 refs added, 0 existing refs removed (0 new refs dominated)
Survival: 48 refs added, 0 removed (from 48 candidates)
Updated sys_vals: [0, 1]
---
Round: 69, Unk. prob.: 9.999e-01
Upper probs: 1.300e-04, Lower probs: 0.000e+00
No. of non-dominant refs: 3264, Survival refs: 3263, Failure refs: 1
Batch update: 48 refs added, 0 existing refs removed (0 new refs dominated)
Survival: 48 refs added, 0 removed (from 48 candidates)
Updated sys_vals: [0, 1]
---
Round: 70, Unk. prob.: 9.999e-01
Upper probs: 1.200e-04, Lower probs: 0.000e+00
No. of non-dominant refs: 3312, Survival refs: 3311, Failure refs: 1
Batch update: 48 refs added, 0 existing refs removed (0 new refs dominated)
Survival: 48 refs added, 0 removed (from 48 candidates)
Updated sys_vals: [0, 1]
---
Round: 71, Unk. prob.: 9.998e-01
Upper probs: 1.700e-04, Lower probs: 0.000e+00
No. of non-dominant refs: 3360, Survival refs: 3359, Failure refs: 1
Batch update: 48 refs added, 0 existing refs removed (0 new refs dominated)
Survival: 48 refs added, 0 removed (from 48 candidates)
Updated sys_vals: [0, 1]
---
Round: 72, Unk. prob.: 9.998e-01
Upper probs: 1.700e-04, Lower probs: 0.000e+00
No. of non-dominant refs: 3408, Survival refs: 3407, Failure refs: 1
Batch update: 48 refs added, 0 existing refs removed (0 new refs dominated)
Survival: 48 refs added, 0 removed (from 48 candidates)
Updated sys_vals: [0, 1]
---
Round: 73, Unk. prob.: 9.999e-01
Upper probs: 1.500e-04, Lower probs: 0.000e+00
No. of non-dominant refs: 3456, Survival refs: 3455, Failure refs: 1
Batch update: 48 refs added, 0 existing refs removed (0 new refs dominated)
Survival: 48 refs added, 0 removed (from 48 candidates)
Updated sys_vals: [0, 1]
---
Round: 74, Unk. prob.: 9.999e-01
Upper probs: 1.300e-04, Lower probs: 0.000e+00
No. of non-dominant refs: 3504, Survival refs: 3503, Failure refs: 1
Batch update: 48 refs added, 0 existing refs removed (0 new refs dominated)
Survival: 48 refs added, 0 removed (from 48 candidates)
Updated sys_vals: [0, 1]
---
Round: 75, Unk. prob.: 9.999e-01
Upper probs: 1.500e-04, Lower probs: 0.000e+00
No. of non-dominant refs: 3552, Survival refs: 3551, Failure refs: 1
Batch update: 48 refs added, 0 existing refs removed (0 new refs dominated)
Survival: 48 refs added, 0 removed (from 48 candidates)
Updated sys_vals: [0, 1]
---
Round: 76, Unk. prob.: 9.998e-01
Upper probs: 1.600e-04, Lower probs: 0.000e+00
No. of non-dominant refs: 3600, Survival refs: 3599, Failure refs: 1
Batch update: 48 refs added, 0 existing refs removed (0 new refs dominated)
Survival: 48 refs added, 0 removed (from 48 candidates)
Updated sys_vals: [0, 1]
---
Round: 77, Unk. prob.: 9.999e-01
Upper probs: 8.000e-05, Lower probs: 0.000e+00
No. of non-dominant refs: 3648, Survival refs: 3647, Failure refs: 1
Batch update: 48 refs added, 0 existing refs removed (0 new refs dominated)
Survival: 48 refs added, 0 removed (from 48 candidates)
Updated sys_vals: [0, 1]
---
Round: 78, Unk. prob.: 9.999e-01
Upper probs: 1.100e-04, Lower probs: 0.000e+00
No. of non-dominant refs: 3696, Survival refs: 3695, Failure refs: 1
Batch update: 48 refs added, 0 existing refs removed (0 new refs dominated)
Survival: 48 refs added, 0 removed (from 48 candidates)
Updated sys_vals: [0, 1]
---
Round: 79, Unk. prob.: 9.999e-01
Upper probs: 1.300e-04, Lower probs: 0.000e+00
No. of non-dominant refs: 3744, Survival refs: 3743, Failure refs: 1
Batch update: 48 refs added, 0 existing refs removed (0 new refs dominated)
Survival: 48 refs added, 0 removed (from 48 candidates)
Updated sys_vals: [0, 1]
---
Round: 80, Unk. prob.: 9.999e-01
Upper probs: 1.400e-04, Lower probs: 0.000e+00
No. of non-dominant refs: 3792, Survival refs: 3791, Failure refs: 1
Batch update: 48 refs added, 0 existing refs removed (0 new refs dominated)
Survival: 48 refs added, 0 removed (from 48 candidates)
Updated sys_vals: [0, 1]
---
Round: 81, Unk. prob.: 9.998e-01
Upper probs: 1.700e-04, Lower probs: 0.000e+00
No. of non-dominant refs: 3840, Survival refs: 3839, Failure refs: 1
Batch update: 48 refs added, 0 existing refs removed (0 new refs dominated)
Survival: 48 refs added, 0 removed (from 48 candidates)
Updated sys_vals: [0, 1]
---
Round: 82, Unk. prob.: 9.998e-01
Upper probs: 1.800e-04, Lower probs: 0.000e+00
No. of non-dominant refs: 3888, Survival refs: 3887, Failure refs: 1
Batch update: 48 refs added, 0 existing refs removed (0 new refs dominated)
Survival: 48 refs added, 0 removed (from 48 candidates)
Updated sys_vals: [0, 1]
---
Round: 83, Unk. prob.: 9.998e-01
Upper probs: 1.600e-04, Lower probs: 0.000e+00
No. of non-dominant refs: 3936, Survival refs: 3935, Failure refs: 1
Batch update: 48 refs added, 0 existing refs removed (0 new refs dominated)
Survival: 48 refs added, 0 removed (from 48 candidates)
Updated sys_vals: [0, 1]
---
Round: 84, Unk. prob.: 9.998e-01
Upper probs: 2.200e-04, Lower probs: 0.000e+00
No. of non-dominant refs: 3984, Survival refs: 3983, Failure refs: 1
Batch update: 48 refs added, 0 existing refs removed (0 new refs dominated)
Survival: 48 refs added, 0 removed (from 48 candidates)
Updated sys_vals: [0, 1]
---
Round: 85, Unk. prob.: 9.999e-01
Upper probs: 1.000e-04, Lower probs: 0.000e+00
No. of non-dominant refs: 4032, Survival refs: 4031, Failure refs: 1
Batch update: 48 refs added, 0 existing refs removed (0 new refs dominated)
Survival: 48 refs added, 0 removed (from 48 candidates)
Updated sys_vals: [0, 1]
---
Round: 86, Unk. prob.: 9.998e-01
Upper probs: 2.000e-04, Lower probs: 0.000e+00
No. of non-dominant refs: 4080, Survival refs: 4079, Failure refs: 1
Batch update: 48 refs added, 0 existing refs removed (0 new refs dominated)
Survival: 48 refs added, 0 removed (from 48 candidates)
Updated sys_vals: [0, 1]
---
Round: 87, Unk. prob.: 9.999e-01
Upper probs: 1.400e-04, Lower probs: 0.000e+00
No. of non-dominant refs: 4128, Survival refs: 4127, Failure refs: 1
Batch update: 48 refs added, 0 existing refs removed (0 new refs dominated)
Survival: 48 refs added, 0 removed (from 48 candidates)
Updated sys_vals: [0, 1]
---
Round: 88, Unk. prob.: 9.999e-01
Upper probs: 9.000e-05, Lower probs: 0.000e+00
No. of non-dominant refs: 4176, Survival refs: 4175, Failure refs: 1
Batch update: 48 refs added, 0 existing refs removed (0 new refs dominated)
Survival: 48 refs added, 0 removed (from 48 candidates)
Updated sys_vals: [0, 1]
---
Round: 89, Unk. prob.: 9.998e-01
Upper probs: 1.800e-04, Lower probs: 0.000e+00
No. of non-dominant refs: 4224, Survival refs: 4223, Failure refs: 1
Batch update: 48 refs added, 0 existing refs removed (0 new refs dominated)
Survival: 48 refs added, 0 removed (from 48 candidates)
Updated sys_vals: [0, 1]
---
Round: 90, Unk. prob.: 9.998e-01
Upper probs: 2.100e-04, Lower probs: 0.000e+00
No. of non-dominant refs: 4272, Survival refs: 4271, Failure refs: 1
Batch update: 48 refs added, 0 existing refs removed (0 new refs dominated)
Survival: 48 refs added, 0 removed (from 48 candidates)
Updated sys_vals: [0, 1]
---
Round: 91, Unk. prob.: 9.999e-01
Upper probs: 1.500e-04, Lower probs: 0.000e+00
No. of non-dominant refs: 4320, Survival refs: 4319, Failure refs: 1
Batch update: 48 refs added, 0 existing refs removed (0 new refs dominated)
Survival: 48 refs added, 0 removed (from 48 candidates)
Updated sys_vals: [0, 1]
---
Round: 92, Unk. prob.: 9.998e-01
Upper probs: 2.000e-04, Lower probs: 0.000e+00
No. of non-dominant refs: 4368, Survival refs: 4367, Failure refs: 1
Batch update: 48 refs added, 0 existing refs removed (0 new refs dominated)
Survival: 48 refs added, 0 removed (from 48 candidates)
Updated sys_vals: [0, 1]
---
Round: 93, Unk. prob.: 9.998e-01
Upper probs: 1.800e-04, Lower probs: 0.000e+00
No. of non-dominant refs: 4416, Survival refs: 4415, Failure refs: 1
Batch update: 48 refs added, 0 existing refs removed (0 new refs dominated)
Survival: 48 refs added, 0 removed (from 48 candidates)
Updated sys_vals: [0, 1]
---
Round: 94, Unk. prob.: 9.998e-01
Upper probs: 1.700e-04, Lower probs: 0.000e+00
No. of non-dominant refs: 4464, Survival refs: 4463, Failure refs: 1
Batch update: 48 refs added, 0 existing refs removed (0 new refs dominated)
Survival: 48 refs added, 0 removed (from 48 candidates)
Updated sys_vals: [0, 1]
---
Round: 95, Unk. prob.: 9.998e-01
Upper probs: 2.200e-04, Lower probs: 0.000e+00
No. of non-dominant refs: 4512, Survival refs: 4511, Failure refs: 1
Batch update: 48 refs added, 0 existing refs removed (0 new refs dominated)
Survival: 48 refs added, 0 removed (from 48 candidates)
Updated sys_vals: [0, 1]
---
Round: 96, Unk. prob.: 9.998e-01
Upper probs: 1.900e-04, Lower probs: 0.000e+00
No. of non-dominant refs: 4560, Survival refs: 4559, Failure refs: 1
Batch update: 48 refs added, 0 existing refs removed (0 new refs dominated)
Survival: 48 refs added, 0 removed (from 48 candidates)
Updated sys_vals: [0, 1]
---
Round: 97, Unk. prob.: 9.998e-01
Upper probs: 1.700e-04, Lower probs: 0.000e+00
No. of non-dominant refs: 4608, Survival refs: 4607, Failure refs: 1
Batch update: 48 refs added, 0 existing refs removed (0 new refs dominated)
Survival: 48 refs added, 0 removed (from 48 candidates)
Updated sys_vals: [0, 1]
---
Round: 98, Unk. prob.: 9.999e-01
Upper probs: 1.500e-04, Lower probs: 0.000e+00
No. of non-dominant refs: 4656, Survival refs: 4655, Failure refs: 1
Batch update: 48 refs added, 0 existing refs removed (0 new refs dominated)
Survival: 48 refs added, 0 removed (from 48 candidates)
Updated sys_vals: [0, 1]
---
Round: 99, Unk. prob.: 9.998e-01
Upper probs: 1.700e-04, Lower probs: 0.000e+00
No. of non-dominant refs: 4704, Survival refs: 4703, Failure refs: 1
Batch update: 48 refs added, 0 existing refs removed (0 new refs dominated)
Survival: 48 refs added, 0 removed (from 48 candidates)
Updated sys_vals: [0, 1]
---
Round: 100, Unk. prob.: 9.998e-01
Upper probs: 2.100e-04, Lower probs: 0.000e+00
No. of non-dominant refs: 4752, Survival refs: 4751, Failure refs: 1
Batch update: 48 refs added, 0 existing refs removed (0 new refs dominated)
Survival: 48 refs added, 0 removed (from 48 candidates)
Updated sys_vals: [0, 1]
---
Round: 101, Unk. prob.: 9.998e-01
Upper probs: 2.500e-04, Lower probs: 0.000e+00
No. of non-dominant refs: 4800, Survival refs: 4799, Failure refs: 1
Batch update: 48 refs added, 0 existing refs removed (0 new refs dominated)
Survival: 48 refs added, 0 removed (from 48 candidates)
Updated sys_vals: [0, 1]
---
Round: 102, Unk. prob.: 9.998e-01
Upper probs: 1.700e-04, Lower probs: 0.000e+00
No. of non-dominant refs: 4848, Survival refs: 4847, Failure refs: 1
Batch update: 48 refs added, 0 existing refs removed (0 new refs dominated)
Survival: 48 refs added, 0 removed (from 48 candidates)
Updated sys_vals: [0, 1]
---
Round: 103, Unk. prob.: 9.998e-01
Upper probs: 2.400e-04, Lower probs: 0.000e+00
No. of non-dominant refs: 4896, Survival refs: 4895, Failure refs: 1
Batch update: 48 refs added, 0 existing refs removed (0 new refs dominated)
Survival: 48 refs added, 0 removed (from 48 candidates)
Updated sys_vals: [0, 1]
---
Round: 104, Unk. prob.: 9.999e-01
Upper probs: 1.300e-04, Lower probs: 0.000e+00
No. of non-dominant refs: 4944, Survival refs: 4943, Failure refs: 1
Batch update: 48 refs added, 0 existing refs removed (0 new refs dominated)
Survival: 48 refs added, 0 removed (from 48 candidates)
Updated sys_vals: [0, 1]
---
Round: 105, Unk. prob.: 9.998e-01
Upper probs: 2.400e-04, Lower probs: 0.000e+00
No. of non-dominant refs: 4992, Survival refs: 4991, Failure refs: 1
Batch update: 48 refs added, 0 existing refs removed (0 new refs dominated)
Survival: 48 refs added, 0 removed (from 48 candidates)
Updated sys_vals: [0, 1]
---
Round: 106, Unk. prob.: 9.999e-01
Upper probs: 1.400e-04, Lower probs: 0.000e+00
No. of non-dominant refs: 5040, Survival refs: 5039, Failure refs: 1
Batch update: 48 refs added, 0 existing refs removed (0 new refs dominated)
Survival: 48 refs added, 0 removed (from 48 candidates)
Updated sys_vals: [0, 1]
---
Round: 107, Unk. prob.: 9.998e-01
Upper probs: 2.300e-04, Lower probs: 0.000e+00
No. of non-dominant refs: 5088, Survival refs: 5087, Failure refs: 1
Batch update: 48 refs added, 0 existing refs removed (0 new refs dominated)
Survival: 48 refs added, 0 removed (from 48 candidates)
Updated sys_vals: [0, 1]
---
Round: 108, Unk. prob.: 9.999e-01
Upper probs: 1.500e-04, Lower probs: 0.000e+00
No. of non-dominant refs: 5136, Survival refs: 5135, Failure refs: 1
Batch update: 48 refs added, 0 existing refs removed (0 new refs dominated)
Survival: 48 refs added, 0 removed (from 48 candidates)
Updated sys_vals: [0, 1]
---
Round: 109, Unk. prob.: 9.998e-01
Upper probs: 1.900e-04, Lower probs: 0.000e+00
No. of non-dominant refs: 5184, Survival refs: 5183, Failure refs: 1
Batch update: 48 refs added, 0 existing refs removed (0 new refs dominated)
Survival: 48 refs added, 0 removed (from 48 candidates)
Updated sys_vals: [0, 1]
---
Round: 110, Unk. prob.: 9.998e-01
Upper probs: 2.100e-04, Lower probs: 0.000e+00
No. of non-dominant refs: 5232, Survival refs: 5231, Failure refs: 1
Batch update: 48 refs added, 0 existing refs removed (0 new refs dominated)
Survival: 48 refs added, 0 removed (from 48 candidates)
Updated sys_vals: [0, 1]
---
Round: 111, Unk. prob.: 9.999e-01
Upper probs: 1.500e-04, Lower probs: 0.000e+00
No. of non-dominant refs: 5280, Survival refs: 5279, Failure refs: 1
Batch update: 48 refs added, 0 existing refs removed (0 new refs dominated)
Survival: 48 refs added, 0 removed (from 48 candidates)
Updated sys_vals: [0, 1]
---
Round: 112, Unk. prob.: 9.997e-01
Upper probs: 2.700e-04, Lower probs: 0.000e+00
No. of non-dominant refs: 5328, Survival refs: 5327, Failure refs: 1
Batch update: 48 refs added, 0 existing refs removed (0 new refs dominated)
Survival: 48 refs added, 0 removed (from 48 candidates)
Updated sys_vals: [0, 1]
---
Round: 113, Unk. prob.: 9.998e-01
Upper probs: 2.200e-04, Lower probs: 0.000e+00
No. of non-dominant refs: 5376, Survival refs: 5375, Failure refs: 1
Batch update: 48 refs added, 0 existing refs removed (0 new refs dominated)
Survival: 48 refs added, 0 removed (from 48 candidates)
Updated sys_vals: [0, 1]
---
Round: 114, Unk. prob.: 9.999e-01
Upper probs: 1.500e-04, Lower probs: 0.000e+00
No. of non-dominant refs: 5424, Survival refs: 5423, Failure refs: 1
Batch update: 48 refs added, 0 existing refs removed (0 new refs dominated)
Survival: 48 refs added, 0 removed (from 48 candidates)
Updated sys_vals: [0, 1]
---
Round: 115, Unk. prob.: 9.999e-01
Upper probs: 1.400e-04, Lower probs: 0.000e+00
No. of non-dominant refs: 5472, Survival refs: 5471, Failure refs: 1
Batch update: 48 refs added, 0 existing refs removed (0 new refs dominated)
Survival: 48 refs added, 0 removed (from 48 candidates)
Updated sys_vals: [0, 1]
---
Round: 116, Unk. prob.: 9.998e-01
Upper probs: 1.800e-04, Lower probs: 0.000e+00
No. of non-dominant refs: 5520, Survival refs: 5519, Failure refs: 1
Batch update: 48 refs added, 0 existing refs removed (0 new refs dominated)
Survival: 48 refs added, 0 removed (from 48 candidates)
Updated sys_vals: [0, 1]
---
Round: 117, Unk. prob.: 9.997e-01
Upper probs: 3.000e-04, Lower probs: 0.000e+00
No. of non-dominant refs: 5568, Survival refs: 5567, Failure refs: 1
Batch update: 48 refs added, 0 existing refs removed (0 new refs dominated)
Survival: 48 refs added, 0 removed (from 48 candidates)
Updated sys_vals: [0, 1]
---
Round: 118, Unk. prob.: 9.997e-01
Upper probs: 2.900e-04, Lower probs: 0.000e+00
No. of non-dominant refs: 5616, Survival refs: 5615, Failure refs: 1
Batch update: 48 refs added, 0 existing refs removed (0 new refs dominated)
Survival: 48 refs added, 0 removed (from 48 candidates)
Updated sys_vals: [0, 1]
---
Round: 119, Unk. prob.: 9.997e-01
Upper probs: 2.600e-04, Lower probs: 0.000e+00
No. of non-dominant refs: 5664, Survival refs: 5663, Failure refs: 1
Batch update: 48 refs added, 0 existing refs removed (0 new refs dominated)
Survival: 48 refs added, 0 removed (from 48 candidates)
Updated sys_vals: [0, 1]
---
Round: 120, Unk. prob.: 9.998e-01
Upper probs: 2.300e-04, Lower probs: 0.000e+00
No. of non-dominant refs: 5712, Survival refs: 5711, Failure refs: 1
Batch update: 48 refs added, 0 existing refs removed (0 new refs dominated)
Survival: 48 refs added, 0 removed (from 48 candidates)
Updated sys_vals: [0, 1]
---
Round: 121, Unk. prob.: 9.998e-01
Upper probs: 2.500e-04, Lower probs: 0.000e+00
No. of non-dominant refs: 5760, Survival refs: 5759, Failure refs: 1
Batch update: 48 refs added, 0 existing refs removed (0 new refs dominated)
Survival: 48 refs added, 0 removed (from 48 candidates)
Updated sys_vals: [0, 1]
---
Round: 122, Unk. prob.: 9.997e-01
Upper probs: 2.700e-04, Lower probs: 0.000e+00
No. of non-dominant refs: 5808, Survival refs: 5807, Failure refs: 1
Batch update: 48 refs added, 0 existing refs removed (0 new refs dominated)
Survival: 48 refs added, 0 removed (from 48 candidates)
Updated sys_vals: [0, 1]
---
Round: 123, Unk. prob.: 9.998e-01
Upper probs: 2.100e-04, Lower probs: 0.000e+00
No. of non-dominant refs: 5856, Survival refs: 5855, Failure refs: 1
Batch update: 48 refs added, 0 existing refs removed (0 new refs dominated)
Survival: 48 refs added, 0 removed (from 48 candidates)
Updated sys_vals: [0, 1]
---
Round: 124, Unk. prob.: 9.998e-01
Upper probs: 1.800e-04, Lower probs: 0.000e+00
No. of non-dominant refs: 5904, Survival refs: 5903, Failure refs: 1
Batch update: 48 refs added, 0 existing refs removed (0 new refs dominated)
Survival: 48 refs added, 0 removed (from 48 candidates)
Updated sys_vals: [0, 1]
---
Round: 125, Unk. prob.: 9.998e-01
Upper probs: 1.700e-04, Lower probs: 0.000e+00
No. of non-dominant refs: 5952, Survival refs: 5951, Failure refs: 1
Batch update: 48 refs added, 0 existing refs removed (0 new refs dominated)
Survival: 48 refs added, 0 removed (from 48 candidates)
Updated sys_vals: [0, 1]
---
Round: 126, Unk. prob.: 9.997e-01
Upper probs: 2.600e-04, Lower probs: 0.000e+00
No. of non-dominant refs: 6000, Survival refs: 5999, Failure refs: 1
Batch update: 48 refs added, 0 existing refs removed (0 new refs dominated)
Survival: 48 refs added, 0 removed (from 48 candidates)
Updated sys_vals: [0, 1]
---
Round: 127, Unk. prob.: 9.997e-01
Upper probs: 2.900e-04, Lower probs: 0.000e+00
No. of non-dominant refs: 6048, Survival refs: 6047, Failure refs: 1
Batch update: 48 refs added, 0 existing refs removed (0 new refs dominated)
Survival: 48 refs added, 0 removed (from 48 candidates)
Updated sys_vals: [0, 1]
---
Round: 128, Unk. prob.: 9.997e-01
Upper probs: 3.400e-04, Lower probs: 0.000e+00
No. of non-dominant refs: 6096, Survival refs: 6095, Failure refs: 1
Batch update: 48 refs added, 0 existing refs removed (0 new refs dominated)
Survival: 48 refs added, 0 removed (from 48 candidates)
Updated sys_vals: [0, 1]
---
Round: 129, Unk. prob.: 9.999e-01
Upper probs: 1.500e-04, Lower probs: 0.000e+00
No. of non-dominant refs: 6144, Survival refs: 6143, Failure refs: 1
Batch update: 48 refs added, 0 existing refs removed (0 new refs dominated)
Survival: 48 refs added, 0 removed (from 48 candidates)
Updated sys_vals: [0, 1]
---
Round: 130, Unk. prob.: 9.999e-01
Upper probs: 1.400e-04, Lower probs: 0.000e+00
No. of non-dominant refs: 6192, Survival refs: 6191, Failure refs: 1
Batch update: 48 refs added, 0 existing refs removed (0 new refs dominated)
Survival: 48 refs added, 0 removed (from 48 candidates)
Updated sys_vals: [0, 1]
---
Round: 131, Unk. prob.: 9.998e-01
Upper probs: 2.500e-04, Lower probs: 0.000e+00
No. of non-dominant refs: 6240, Survival refs: 6239, Failure refs: 1
Batch update: 48 refs added, 0 existing refs removed (0 new refs dominated)
Survival: 48 refs added, 0 removed (from 48 candidates)
Updated sys_vals: [0, 1]
---
Round: 132, Unk. prob.: 9.998e-01
Upper probs: 2.500e-04, Lower probs: 0.000e+00
No. of non-dominant refs: 6288, Survival refs: 6287, Failure refs: 1
Batch update: 48 refs added, 0 existing refs removed (0 new refs dominated)
Survival: 48 refs added, 0 removed (from 48 candidates)
Updated sys_vals: [0, 1]
---
Round: 133, Unk. prob.: 9.997e-01
Upper probs: 2.600e-04, Lower probs: 0.000e+00
No. of non-dominant refs: 6336, Survival refs: 6335, Failure refs: 1
Batch update: 48 refs added, 0 existing refs removed (0 new refs dominated)
Survival: 48 refs added, 0 removed (from 48 candidates)
Updated sys_vals: [0, 1]
---
Round: 134, Unk. prob.: 9.997e-01
Upper probs: 3.000e-04, Lower probs: 0.000e+00
No. of non-dominant refs: 6384, Survival refs: 6383, Failure refs: 1
Batch update: 48 refs added, 0 existing refs removed (0 new refs dominated)
Survival: 48 refs added, 0 removed (from 48 candidates)
Updated sys_vals: [0, 1]
---
Round: 135, Unk. prob.: 9.997e-01
Upper probs: 3.500e-04, Lower probs: 0.000e+00
No. of non-dominant refs: 6432, Survival refs: 6431, Failure refs: 1
Batch update: 48 refs added, 0 existing refs removed (0 new refs dominated)
Survival: 48 refs added, 0 removed (from 48 candidates)
Updated sys_vals: [0, 1]
---
Round: 136, Unk. prob.: 9.997e-01
Upper probs: 2.900e-04, Lower probs: 0.000e+00
No. of non-dominant refs: 6480, Survival refs: 6479, Failure refs: 1
Batch update: 48 refs added, 0 existing refs removed (0 new refs dominated)
Survival: 48 refs added, 0 removed (from 48 candidates)
Updated sys_vals: [0, 1]
---
Round: 137, Unk. prob.: 9.998e-01
Upper probs: 2.200e-04, Lower probs: 0.000e+00
No. of non-dominant refs: 6528, Survival refs: 6527, Failure refs: 1
Batch update: 48 refs added, 0 existing refs removed (0 new refs dominated)
Survival: 48 refs added, 0 removed (from 48 candidates)
Updated sys_vals: [0, 1]
---
Round: 138, Unk. prob.: 9.998e-01
Upper probs: 2.100e-04, Lower probs: 0.000e+00
No. of non-dominant refs: 6576, Survival refs: 6575, Failure refs: 1
Batch update: 48 refs added, 0 existing refs removed (0 new refs dominated)
Survival: 48 refs added, 0 removed (from 48 candidates)
Updated sys_vals: [0, 1]
---
Round: 139, Unk. prob.: 9.998e-01
Upper probs: 2.200e-04, Lower probs: 0.000e+00
No. of non-dominant refs: 6624, Survival refs: 6623, Failure refs: 1
Batch update: 48 refs added, 0 existing refs removed (0 new refs dominated)
Survival: 48 refs added, 0 removed (from 48 candidates)
Updated sys_vals: [0, 1]
---
Round: 140, Unk. prob.: 9.998e-01
Upper probs: 2.200e-04, Lower probs: 0.000e+00
No. of non-dominant refs: 6672, Survival refs: 6671, Failure refs: 1
Batch update: 48 refs added, 0 existing refs removed (0 new refs dominated)
Survival: 48 refs added, 0 removed (from 48 candidates)
Updated sys_vals: [0, 1]
---
Round: 141, Unk. prob.: 9.998e-01
Upper probs: 2.500e-04, Lower probs: 0.000e+00
No. of non-dominant refs: 6720, Survival refs: 6719, Failure refs: 1
Batch update: 48 refs added, 0 existing refs removed (0 new refs dominated)
Survival: 48 refs added, 0 removed (from 48 candidates)
Updated sys_vals: [0, 1]
---
Round: 142, Unk. prob.: 9.997e-01
Upper probs: 3.000e-04, Lower probs: 0.000e+00
No. of non-dominant refs: 6768, Survival refs: 6767, Failure refs: 1
Batch update: 48 refs added, 0 existing refs removed (0 new refs dominated)
Survival: 48 refs added, 0 removed (from 48 candidates)
Updated sys_vals: [0, 1]
---
Round: 143, Unk. prob.: 9.998e-01
Upper probs: 2.300e-04, Lower probs: 0.000e+00
No. of non-dominant refs: 6816, Survival refs: 6815, Failure refs: 1
Batch update: 48 refs added, 0 existing refs removed (0 new refs dominated)
Survival: 48 refs added, 0 removed (from 48 candidates)
Updated sys_vals: [0, 1]
---
Round: 144, Unk. prob.: 9.998e-01
Upper probs: 2.200e-04, Lower probs: 0.000e+00
No. of non-dominant refs: 6864, Survival refs: 6863, Failure refs: 1
Batch update: 48 refs added, 0 existing refs removed (0 new refs dominated)
Survival: 48 refs added, 0 removed (from 48 candidates)
Updated sys_vals: [0, 1]
---
Round: 145, Unk. prob.: 9.997e-01
Upper probs: 2.700e-04, Lower probs: 0.000e+00
No. of non-dominant refs: 6912, Survival refs: 6911, Failure refs: 1
Batch update: 48 refs added, 0 existing refs removed (0 new refs dominated)
Survival: 48 refs added, 0 removed (from 48 candidates)
Updated sys_vals: [0, 1]
---
Round: 146, Unk. prob.: 9.997e-01
Upper probs: 2.600e-04, Lower probs: 0.000e+00
No. of non-dominant refs: 6960, Survival refs: 6959, Failure refs: 1
Batch update: 48 refs added, 0 existing refs removed (0 new refs dominated)
Survival: 48 refs added, 0 removed (from 48 candidates)
Updated sys_vals: [0, 1]
---
Round: 147, Unk. prob.: 9.998e-01
Upper probs: 2.300e-04, Lower probs: 0.000e+00
No. of non-dominant refs: 7008, Survival refs: 7007, Failure refs: 1
Batch update: 48 refs added, 0 existing refs removed (0 new refs dominated)
Survival: 48 refs added, 0 removed (from 48 candidates)
Updated sys_vals: [0, 1]
---
Round: 148, Unk. prob.: 9.997e-01
Upper probs: 2.900e-04, Lower probs: 0.000e+00
No. of non-dominant refs: 7056, Survival refs: 7055, Failure refs: 1
Batch update: 48 refs added, 0 existing refs removed (0 new refs dominated)
Survival: 48 refs added, 0 removed (from 48 candidates)
Updated sys_vals: [0, 1]
---
Round: 149, Unk. prob.: 9.998e-01
Upper probs: 2.100e-04, Lower probs: 0.000e+00
No. of non-dominant refs: 7104, Survival refs: 7103, Failure refs: 1
Batch update: 48 refs added, 0 existing refs removed (0 new refs dominated)
Survival: 48 refs added, 0 removed (from 48 candidates)
Updated sys_vals: [0, 1]
---
Round: 150, Unk. prob.: 9.998e-01
Upper probs: 1.800e-04, Lower probs: 0.000e+00
No. of non-dominant refs: 7152, Survival refs: 7151, Failure refs: 1
Batch update: 48 refs added, 0 existing refs removed (0 new refs dominated)
Survival: 48 refs added, 0 removed (from 48 candidates)
Updated sys_vals: [0, 1]
---
Round: 151, Unk. prob.: 9.996e-01
Upper probs: 3.700e-04, Lower probs: 0.000e+00
No. of non-dominant refs: 7200, Survival refs: 7199, Failure refs: 1
Batch update: 48 refs added, 0 existing refs removed (0 new refs dominated)
Survival: 48 refs added, 0 removed (from 48 candidates)
Updated sys_vals: [0, 1]
---
Round: 152, Unk. prob.: 9.998e-01
Upper probs: 2.400e-04, Lower probs: 0.000e+00
No. of non-dominant refs: 7248, Survival refs: 7247, Failure refs: 1
Batch update: 48 refs added, 0 existing refs removed (0 new refs dominated)
Survival: 48 refs added, 0 removed (from 48 candidates)
Updated sys_vals: [0, 1]
---
Round: 153, Unk. prob.: 9.998e-01
Upper probs: 2.500e-04, Lower probs: 0.000e+00
No. of non-dominant refs: 7296, Survival refs: 7295, Failure refs: 1
Batch update: 48 refs added, 0 existing refs removed (0 new refs dominated)
Survival: 48 refs added, 0 removed (from 48 candidates)
Updated sys_vals: [0, 1]
---
Round: 154, Unk. prob.: 9.997e-01
Upper probs: 3.000e-04, Lower probs: 0.000e+00
No. of non-dominant refs: 7344, Survival refs: 7343, Failure refs: 1
Batch update: 48 refs added, 0 existing refs removed (0 new refs dominated)
Survival: 48 refs added, 0 removed (from 48 candidates)
Updated sys_vals: [0, 1]
---
Round: 155, Unk. prob.: 9.998e-01
Upper probs: 2.500e-04, Lower probs: 0.000e+00
No. of non-dominant refs: 7392, Survival refs: 7391, Failure refs: 1
Batch update: 48 refs added, 0 existing refs removed (0 new refs dominated)
Survival: 48 refs added, 0 removed (from 48 candidates)
Updated sys_vals: [0, 1]
---
Round: 156, Unk. prob.: 9.997e-01
Upper probs: 3.400e-04, Lower probs: 0.000e+00
No. of non-dominant refs: 7440, Survival refs: 7439, Failure refs: 1
Batch update: 48 refs added, 0 existing refs removed (0 new refs dominated)
Survival: 48 refs added, 0 removed (from 48 candidates)
Updated sys_vals: [0, 1]
---
Round: 157, Unk. prob.: 9.997e-01
Upper probs: 2.800e-04, Lower probs: 0.000e+00
No. of non-dominant refs: 7488, Survival refs: 7487, Failure refs: 1
Batch update: 48 refs added, 0 existing refs removed (0 new refs dominated)
Survival: 48 refs added, 0 removed (from 48 candidates)
Updated sys_vals: [0, 1]
---
Round: 158, Unk. prob.: 9.997e-01
Upper probs: 3.300e-04, Lower probs: 0.000e+00
No. of non-dominant refs: 7536, Survival refs: 7535, Failure refs: 1
Batch update: 48 refs added, 0 existing refs removed (0 new refs dominated)
Survival: 48 refs added, 0 removed (from 48 candidates)
Updated sys_vals: [0, 1]
---
Round: 159, Unk. prob.: 9.998e-01
Upper probs: 2.500e-04, Lower probs: 0.000e+00
No. of non-dominant refs: 7584, Survival refs: 7583, Failure refs: 1
Batch update: 48 refs added, 0 existing refs removed (0 new refs dominated)
Survival: 48 refs added, 0 removed (from 48 candidates)
Updated sys_vals: [0, 1]
---
Round: 160, Unk. prob.: 9.997e-01
Upper probs: 3.200e-04, Lower probs: 0.000e+00
No. of non-dominant refs: 7632, Survival refs: 7631, Failure refs: 1
Batch update: 48 refs added, 0 existing refs removed (0 new refs dominated)
Survival: 48 refs added, 0 removed (from 48 candidates)
Updated sys_vals: [0, 1]
---
Round: 161, Unk. prob.: 9.997e-01
Upper probs: 3.200e-04, Lower probs: 0.000e+00
No. of non-dominant refs: 7680, Survival refs: 7679, Failure refs: 1
Batch update: 48 refs added, 0 existing refs removed (0 new refs dominated)
Survival: 48 refs added, 0 removed (from 48 candidates)
Updated sys_vals: [0, 1]
---
Round: 162, Unk. prob.: 9.998e-01
Upper probs: 2.200e-04, Lower probs: 0.000e+00
No. of non-dominant refs: 7728, Survival refs: 7727, Failure refs: 1
Batch update: 48 refs added, 0 existing refs removed (0 new refs dominated)
Survival: 48 refs added, 0 removed (from 48 candidates)
Updated sys_vals: [0, 1]
---
Round: 163, Unk. prob.: 9.998e-01
Upper probs: 2.100e-04, Lower probs: 0.000e+00
No. of non-dominant refs: 7776, Survival refs: 7775, Failure refs: 1
Batch update: 48 refs added, 0 existing refs removed (0 new refs dominated)
Survival: 48 refs added, 0 removed (from 48 candidates)
Updated sys_vals: [0, 1]
---
Round: 164, Unk. prob.: 9.997e-01
Upper probs: 2.700e-04, Lower probs: 0.000e+00
No. of non-dominant refs: 7824, Survival refs: 7823, Failure refs: 1
Batch update: 48 refs added, 0 existing refs removed (0 new refs dominated)
Survival: 48 refs added, 0 removed (from 48 candidates)
Updated sys_vals: [0, 1]
---
Round: 165, Unk. prob.: 9.997e-01
Upper probs: 2.600e-04, Lower probs: 0.000e+00
No. of non-dominant refs: 7872, Survival refs: 7871, Failure refs: 1
Batch update: 48 refs added, 0 existing refs removed (0 new refs dominated)
Survival: 48 refs added, 0 removed (from 48 candidates)
Updated sys_vals: [0, 1]
---
Round: 166, Unk. prob.: 9.997e-01
Upper probs: 2.700e-04, Lower probs: 0.000e+00
No. of non-dominant refs: 7920, Survival refs: 7919, Failure refs: 1
Batch update: 48 refs added, 0 existing refs removed (0 new refs dominated)
Survival: 48 refs added, 0 removed (from 48 candidates)
Updated sys_vals: [0, 1]
---
Round: 167, Unk. prob.: 9.997e-01
Upper probs: 3.300e-04, Lower probs: 0.000e+00
No. of non-dominant refs: 7968, Survival refs: 7967, Failure refs: 1
Batch update: 48 refs added, 0 existing refs removed (0 new refs dominated)
Survival: 48 refs added, 0 removed (from 48 candidates)
Updated sys_vals: [0, 1]
---
Round: 168, Unk. prob.: 9.997e-01
Upper probs: 2.800e-04, Lower probs: 0.000e+00
No. of non-dominant refs: 8016, Survival refs: 8015, Failure refs: 1
Batch update: 48 refs added, 0 existing refs removed (0 new refs dominated)
Survival: 48 refs added, 0 removed (from 48 candidates)
Updated sys_vals: [0, 1]
---
Round: 169, Unk. prob.: 9.998e-01
Upper probs: 2.300e-04, Lower probs: 0.000e+00
No. of non-dominant refs: 8064, Survival refs: 8063, Failure refs: 1
Batch update: 48 refs added, 0 existing refs removed (0 new refs dominated)
Survival: 48 refs added, 0 removed (from 48 candidates)
Updated sys_vals: [0, 1]
---
Round: 170, Unk. prob.: 9.997e-01
Upper probs: 3.100e-04, Lower probs: 0.000e+00
No. of non-dominant refs: 8112, Survival refs: 8111, Failure refs: 1
Batch update: 48 refs added, 0 existing refs removed (0 new refs dominated)
Survival: 48 refs added, 0 removed (from 48 candidates)
Updated sys_vals: [0, 1]
---
Round: 171, Unk. prob.: 9.997e-01
Upper probs: 3.000e-04, Lower probs: 0.000e+00
No. of non-dominant refs: 8160, Survival refs: 8159, Failure refs: 1
Batch update: 48 refs added, 0 existing refs removed (0 new refs dominated)
Survival: 48 refs added, 0 removed (from 48 candidates)
Updated sys_vals: [0, 1]
---
Round: 172, Unk. prob.: 9.997e-01
Upper probs: 2.900e-04, Lower probs: 0.000e+00
No. of non-dominant refs: 8208, Survival refs: 8207, Failure refs: 1
Batch update: 48 refs added, 0 existing refs removed (0 new refs dominated)
Survival: 48 refs added, 0 removed (from 48 candidates)
Updated sys_vals: [0, 1]
---
Round: 173, Unk. prob.: 9.997e-01
Upper probs: 3.100e-04, Lower probs: 0.000e+00
No. of non-dominant refs: 8256, Survival refs: 8255, Failure refs: 1
Batch update: 48 refs added, 0 existing refs removed (0 new refs dominated)
Survival: 48 refs added, 0 removed (from 48 candidates)
Updated sys_vals: [0, 1]
---
Round: 174, Unk. prob.: 9.996e-01
Upper probs: 4.000e-04, Lower probs: 0.000e+00
No. of non-dominant refs: 8304, Survival refs: 8303, Failure refs: 1
Batch update: 48 refs added, 0 existing refs removed (0 new refs dominated)
Survival: 48 refs added, 0 removed (from 48 candidates)
Updated sys_vals: [0, 1]
---
Round: 175, Unk. prob.: 9.997e-01
Upper probs: 3.200e-04, Lower probs: 0.000e+00
No. of non-dominant refs: 8352, Survival refs: 8351, Failure refs: 1
Batch update: 48 refs added, 0 existing refs removed (0 new refs dominated)
Survival: 48 refs added, 0 removed (from 48 candidates)
Updated sys_vals: [0, 1]
---
Round: 176, Unk. prob.: 9.997e-01
Upper probs: 3.400e-04, Lower probs: 0.000e+00
No. of non-dominant refs: 8400, Survival refs: 8399, Failure refs: 1
Batch update: 48 refs added, 0 existing refs removed (0 new refs dominated)
Survival: 48 refs added, 0 removed (from 48 candidates)
Updated sys_vals: [0, 1]
---
Round: 177, Unk. prob.: 9.996e-01
Upper probs: 4.400e-04, Lower probs: 0.000e+00
No. of non-dominant refs: 8448, Survival refs: 8447, Failure refs: 1
Batch update: 48 refs added, 0 existing refs removed (0 new refs dominated)
Survival: 48 refs added, 0 removed (from 48 candidates)
Updated sys_vals: [0, 1]
---
Round: 178, Unk. prob.: 9.997e-01
Upper probs: 2.800e-04, Lower probs: 0.000e+00
No. of non-dominant refs: 8496, Survival refs: 8495, Failure refs: 1
Batch update: 48 refs added, 0 existing refs removed (0 new refs dominated)
Survival: 48 refs added, 0 removed (from 48 candidates)
Updated sys_vals: [0, 1]
---
Round: 179, Unk. prob.: 9.997e-01
Upper probs: 2.700e-04, Lower probs: 0.000e+00
No. of non-dominant refs: 8544, Survival refs: 8543, Failure refs: 1
Batch update: 48 refs added, 0 existing refs removed (0 new refs dominated)
Survival: 48 refs added, 0 removed (from 48 candidates)
Updated sys_vals: [0, 1]
---
Round: 180, Unk. prob.: 9.998e-01
Upper probs: 1.700e-04, Lower probs: 0.000e+00
No. of non-dominant refs: 8592, Survival refs: 8591, Failure refs: 1
Batch update: 48 refs added, 0 existing refs removed (0 new refs dominated)
Survival: 48 refs added, 0 removed (from 48 candidates)
Updated sys_vals: [0, 1]
---
Round: 181, Unk. prob.: 9.997e-01
Upper probs: 2.600e-04, Lower probs: 0.000e+00
No. of non-dominant refs: 8640, Survival refs: 8639, Failure refs: 1
Batch update: 48 refs added, 0 existing refs removed (0 new refs dominated)
Survival: 48 refs added, 0 removed (from 48 candidates)
Updated sys_vals: [0, 1]
---
Round: 182, Unk. prob.: 9.995e-01
Upper probs: 4.600e-04, Lower probs: 0.000e+00
No. of non-dominant refs: 8688, Survival refs: 8687, Failure refs: 1
Batch update: 48 refs added, 0 existing refs removed (0 new refs dominated)
Survival: 48 refs added, 0 removed (from 48 candidates)
Updated sys_vals: [0, 1]
---
Round: 183, Unk. prob.: 9.998e-01
Upper probs: 2.500e-04, Lower probs: 0.000e+00
No. of non-dominant refs: 8736, Survival refs: 8735, Failure refs: 1
Batch update: 48 refs added, 0 existing refs removed (0 new refs dominated)
Survival: 48 refs added, 0 removed (from 48 candidates)
Updated sys_vals: [0, 1]
---
Round: 184, Unk. prob.: 9.997e-01
Upper probs: 3.500e-04, Lower probs: 0.000e+00
No. of non-dominant refs: 8784, Survival refs: 8783, Failure refs: 1
Batch update: 48 refs added, 0 existing refs removed (0 new refs dominated)
Survival: 48 refs added, 0 removed (from 48 candidates)
Updated sys_vals: [0, 1]
---
Round: 185, Unk. prob.: 9.998e-01
Upper probs: 2.000e-04, Lower probs: 0.000e+00
No. of non-dominant refs: 8832, Survival refs: 8831, Failure refs: 1
Batch update: 48 refs added, 0 existing refs removed (0 new refs dominated)
Survival: 48 refs added, 0 removed (from 48 candidates)
Updated sys_vals: [0, 1]
---
Round: 186, Unk. prob.: 9.996e-01
Upper probs: 3.900e-04, Lower probs: 0.000e+00
No. of non-dominant refs: 8880, Survival refs: 8879, Failure refs: 1
Batch update: 48 refs added, 0 existing refs removed (0 new refs dominated)
Survival: 48 refs added, 0 removed (from 48 candidates)
Updated sys_vals: [0, 1]
---
Round: 187, Unk. prob.: 9.997e-01
Upper probs: 3.300e-04, Lower probs: 0.000e+00
No. of non-dominant refs: 8928, Survival refs: 8927, Failure refs: 1
Batch update: 48 refs added, 0 existing refs removed (0 new refs dominated)
Survival: 48 refs added, 0 removed (from 48 candidates)
Updated sys_vals: [0, 1]
---
Round: 188, Unk. prob.: 9.996e-01
Upper probs: 4.000e-04, Lower probs: 0.000e+00
No. of non-dominant refs: 8976, Survival refs: 8975, Failure refs: 1
Batch update: 48 refs added, 0 existing refs removed (0 new refs dominated)
Survival: 48 refs added, 0 removed (from 48 candidates)
Updated sys_vals: [0, 1]
---
Round: 189, Unk. prob.: 9.997e-01
Upper probs: 3.200e-04, Lower probs: 0.000e+00
No. of non-dominant refs: 9024, Survival refs: 9023, Failure refs: 1
Batch update: 48 refs added, 0 existing refs removed (0 new refs dominated)
Survival: 48 refs added, 0 removed (from 48 candidates)
Updated sys_vals: [0, 1]
---
Round: 190, Unk. prob.: 9.996e-01
Upper probs: 3.600e-04, Lower probs: 0.000e+00
No. of non-dominant refs: 9072, Survival refs: 9071, Failure refs: 1
Batch update: 47 refs added, 0 existing refs removed (0 new refs dominated)
Survival: 47 refs added, 0 removed (from 47 candidates)
Batch update: 1 refs added, 0 existing refs removed (0 new refs dominated)
Failure: 1 refs added, 0 removed (from 1 candidates)
Updated sys_vals: [0, 1]
---
Round: 191, Unk. prob.: 9.997e-01
Upper probs: 3.500e-04, Lower probs: 0.000e+00
No. of non-dominant refs: 9120, Survival refs: 9118, Failure refs: 2
Batch update: 48 refs added, 0 existing refs removed (0 new refs dominated)
Survival: 48 refs added, 0 removed (from 48 candidates)
Updated sys_vals: [0, 1]
---
Round: 192, Unk. prob.: 9.997e-01
Upper probs: 3.300e-04, Lower probs: 0.000e+00
No. of non-dominant refs: 9168, Survival refs: 9166, Failure refs: 2
Batch update: 48 refs added, 0 existing refs removed (0 new refs dominated)
Survival: 48 refs added, 0 removed (from 48 candidates)
Updated sys_vals: [0, 1]
---
Round: 193, Unk. prob.: 9.997e-01
Upper probs: 3.200e-04, Lower probs: 0.000e+00
No. of non-dominant refs: 9216, Survival refs: 9214, Failure refs: 2
Batch update: 48 refs added, 0 existing refs removed (0 new refs dominated)
Survival: 48 refs added, 0 removed (from 48 candidates)
Updated sys_vals: [0, 1]
---
Round: 194, Unk. prob.: 9.996e-01
Upper probs: 3.600e-04, Lower probs: 0.000e+00
No. of non-dominant refs: 9264, Survival refs: 9262, Failure refs: 2
Batch update: 48 refs added, 0 existing refs removed (0 new refs dominated)
Survival: 48 refs added, 0 removed (from 48 candidates)
Updated sys_vals: [0, 1]
---
Round: 195, Unk. prob.: 9.996e-01
Upper probs: 3.700e-04, Lower probs: 0.000e+00
No. of non-dominant refs: 9312, Survival refs: 9310, Failure refs: 2
Batch update: 48 refs added, 0 existing refs removed (0 new refs dominated)
Survival: 48 refs added, 0 removed (from 48 candidates)
Updated sys_vals: [0, 1]
---
Round: 196, Unk. prob.: 9.997e-01
Upper probs: 2.900e-04, Lower probs: 0.000e+00
No. of non-dominant refs: 9360, Survival refs: 9358, Failure refs: 2
Batch update: 48 refs added, 0 existing refs removed (0 new refs dominated)
Survival: 48 refs added, 0 removed (from 48 candidates)
Updated sys_vals: [0, 1]
---
Round: 197, Unk. prob.: 9.997e-01
Upper probs: 3.300e-04, Lower probs: 0.000e+00
No. of non-dominant refs: 9408, Survival refs: 9406, Failure refs: 2
Batch update: 48 refs added, 0 existing refs removed (0 new refs dominated)
Survival: 48 refs added, 0 removed (from 48 candidates)
Updated sys_vals: [0, 1]
---
Round: 198, Unk. prob.: 9.997e-01
Upper probs: 3.000e-04, Lower probs: 0.000e+00
No. of non-dominant refs: 9456, Survival refs: 9454, Failure refs: 2
Batch update: 48 refs added, 0 existing refs removed (0 new refs dominated)
Survival: 48 refs added, 0 removed (from 48 candidates)
Updated sys_vals: [0, 1]
---
Round: 199, Unk. prob.: 9.997e-01
Upper probs: 2.800e-04, Lower probs: 0.000e+00
No. of non-dominant refs: 9504, Survival refs: 9502, Failure refs: 2
Batch update: 48 refs added, 0 existing refs removed (0 new refs dominated)
Survival: 48 refs added, 0 removed (from 48 candidates)
Updated sys_vals: [0, 1]
---
Round: 200, Unk. prob.: 9.995e-01
Upper probs: 4.700e-04, Lower probs: 0.000e+00
No. of non-dominant refs: 9552, Survival refs: 9550, Failure refs: 2
Batch update: 48 refs added, 0 existing refs removed (0 new refs dominated)
Survival: 48 refs added, 0 removed (from 48 candidates)
Updated sys_vals: [0, 1]
---
Round: 201, Unk. prob.: 9.997e-01
Upper probs: 3.500e-04, Lower probs: 0.000e+00
No. of non-dominant refs: 9600, Survival refs: 9598, Failure refs: 2
Batch update: 48 refs added, 0 existing refs removed (0 new refs dominated)
Survival: 48 refs added, 0 removed (from 48 candidates)
Updated sys_vals: [0, 1]
---
Round: 202, Unk. prob.: 9.997e-01
Upper probs: 3.400e-04, Lower probs: 0.000e+00
No. of non-dominant refs: 9648, Survival refs: 9646, Failure refs: 2
Batch update: 48 refs added, 0 existing refs removed (0 new refs dominated)
Survival: 48 refs added, 0 removed (from 48 candidates)
Updated sys_vals: [0, 1]
---
Round: 203, Unk. prob.: 9.997e-01
Upper probs: 3.100e-04, Lower probs: 0.000e+00
No. of non-dominant refs: 9696, Survival refs: 9694, Failure refs: 2
Batch update: 48 refs added, 0 existing refs removed (0 new refs dominated)
Survival: 48 refs added, 0 removed (from 48 candidates)
Updated sys_vals: [0, 1]
---
Round: 204, Unk. prob.: 9.996e-01
Upper probs: 3.700e-04, Lower probs: 0.000e+00
No. of non-dominant refs: 9744, Survival refs: 9742, Failure refs: 2
Batch update: 48 refs added, 0 existing refs removed (0 new refs dominated)
Survival: 48 refs added, 0 removed (from 48 candidates)
Updated sys_vals: [0, 1]
---
Round: 205, Unk. prob.: 9.997e-01
Upper probs: 3.500e-04, Lower probs: 0.000e+00
No. of non-dominant refs: 9792, Survival refs: 9790, Failure refs: 2
Batch update: 48 refs added, 0 existing refs removed (0 new refs dominated)
Survival: 48 refs added, 0 removed (from 48 candidates)
Updated sys_vals: [0, 1]
---
Round: 206, Unk. prob.: 9.997e-01
Upper probs: 3.200e-04, Lower probs: 0.000e+00
No. of non-dominant refs: 9840, Survival refs: 9838, Failure refs: 2
Batch update: 48 refs added, 0 existing refs removed (0 new refs dominated)
Survival: 48 refs added, 0 removed (from 48 candidates)
Updated sys_vals: [0, 1]
---
Round: 207, Unk. prob.: 9.996e-01
Upper probs: 3.800e-04, Lower probs: 0.000e+00
No. of non-dominant refs: 9888, Survival refs: 9886, Failure refs: 2
Batch update: 48 refs added, 0 existing refs removed (0 new refs dominated)
Survival: 48 refs added, 0 removed (from 48 candidates)
Updated sys_vals: [0, 1]
---
Round: 208, Unk. prob.: 9.997e-01
Upper probs: 3.200e-04, Lower probs: 0.000e+00
No. of non-dominant refs: 9936, Survival refs: 9934, Failure refs: 2
Batch update: 48 refs added, 0 existing refs removed (0 new refs dominated)
Survival: 48 refs added, 0 removed (from 48 candidates)
Updated sys_vals: [0, 1]
---
Round: 209, Unk. prob.: 9.998e-01
Upper probs: 2.300e-04, Lower probs: 0.000e+00
No. of non-dominant refs: 9984, Survival refs: 9982, Failure refs: 2
Batch update: 48 refs added, 0 existing refs removed (0 new refs dominated)
Survival: 48 refs added, 0 removed (from 48 candidates)
Updated sys_vals: [0, 1]
---
Round: 210, Unk. prob.: 9.997e-01
Upper probs: 2.900e-04, Lower probs: 0.000e+00
No. of non-dominant refs: 10032, Survival refs: 10030, Failure refs: 2
Batch update: 48 refs added, 0 existing refs removed (0 new refs dominated)
Survival: 48 refs added, 0 removed (from 48 candidates)
Updated sys_vals: [0, 1]
---
Round: 211, Unk. prob.: 9.997e-01
Upper probs: 2.600e-04, Lower probs: 0.000e+00
No. of non-dominant refs: 10080, Survival refs: 10078, Failure refs: 2
Batch update: 48 refs added, 0 existing refs removed (0 new refs dominated)
Survival: 48 refs added, 0 removed (from 48 candidates)
Updated sys_vals: [0, 1]
---
Round: 212, Unk. prob.: 9.998e-01
Upper probs: 2.500e-04, Lower probs: 0.000e+00
No. of non-dominant refs: 10128, Survival refs: 10126, Failure refs: 2
Batch update: 48 refs added, 0 existing refs removed (0 new refs dominated)
Survival: 48 refs added, 0 removed (from 48 candidates)
Updated sys_vals: [0, 1]
---
Round: 213, Unk. prob.: 9.996e-01
Upper probs: 4.000e-04, Lower probs: 0.000e+00
No. of non-dominant refs: 10176, Survival refs: 10174, Failure refs: 2
Batch update: 48 refs added, 0 existing refs removed (0 new refs dominated)
Survival: 48 refs added, 0 removed (from 48 candidates)
Updated sys_vals: [0, 1]
---
Round: 214, Unk. prob.: 9.997e-01
Upper probs: 3.300e-04, Lower probs: 0.000e+00
No. of non-dominant refs: 10224, Survival refs: 10222, Failure refs: 2
Batch update: 48 refs added, 0 existing refs removed (0 new refs dominated)
Survival: 48 refs added, 0 removed (from 48 candidates)
Updated sys_vals: [0, 1]
---
Round: 215, Unk. prob.: 9.996e-01
Upper probs: 3.600e-04, Lower probs: 0.000e+00
No. of non-dominant refs: 10272, Survival refs: 10270, Failure refs: 2
Batch update: 48 refs added, 0 existing refs removed (0 new refs dominated)
Survival: 48 refs added, 0 removed (from 48 candidates)
Updated sys_vals: [0, 1]
---
Round: 216, Unk. prob.: 9.996e-01
Upper probs: 4.300e-04, Lower probs: 0.000e+00
No. of non-dominant refs: 10320, Survival refs: 10318, Failure refs: 2
Batch update: 48 refs added, 0 existing refs removed (0 new refs dominated)
Survival: 48 refs added, 0 removed (from 48 candidates)
Updated sys_vals: [0, 1]
---
Round: 217, Unk. prob.: 9.996e-01
Upper probs: 3.600e-04, Lower probs: 0.000e+00
No. of non-dominant refs: 10368, Survival refs: 10366, Failure refs: 2
Batch update: 48 refs added, 0 existing refs removed (0 new refs dominated)
Survival: 48 refs added, 0 removed (from 48 candidates)
Updated sys_vals: [0, 1]
---
Round: 218, Unk. prob.: 9.997e-01
Upper probs: 3.400e-04, Lower probs: 0.000e+00
No. of non-dominant refs: 10416, Survival refs: 10414, Failure refs: 2
Batch update: 48 refs added, 0 existing refs removed (0 new refs dominated)
Survival: 48 refs added, 0 removed (from 48 candidates)
Updated sys_vals: [0, 1]
---
Round: 219, Unk. prob.: 9.996e-01
Upper probs: 3.700e-04, Lower probs: 0.000e+00
No. of non-dominant refs: 10464, Survival refs: 10462, Failure refs: 2
Batch update: 48 refs added, 0 existing refs removed (0 new refs dominated)
Survival: 48 refs added, 0 removed (from 48 candidates)
Updated sys_vals: [0, 1]
---
Round: 220, Unk. prob.: 9.996e-01
Upper probs: 4.300e-04, Lower probs: 0.000e+00
No. of non-dominant refs: 10512, Survival refs: 10510, Failure refs: 2
Batch update: 48 refs added, 0 existing refs removed (0 new refs dominated)
Survival: 48 refs added, 0 removed (from 48 candidates)
Updated sys_vals: [0, 1]
---
Round: 221, Unk. prob.: 9.997e-01
Upper probs: 2.600e-04, Lower probs: 0.000e+00
No. of non-dominant refs: 10560, Survival refs: 10558, Failure refs: 2
Batch update: 48 refs added, 0 existing refs removed (0 new refs dominated)
Survival: 48 refs added, 0 removed (from 48 candidates)
Updated sys_vals: [0, 1]
---
Round: 222, Unk. prob.: 9.995e-01
Upper probs: 4.700e-04, Lower probs: 0.000e+00
No. of non-dominant refs: 10608, Survival refs: 10606, Failure refs: 2
Batch update: 48 refs added, 0 existing refs removed (0 new refs dominated)
Survival: 48 refs added, 0 removed (from 48 candidates)
Updated sys_vals: [0, 1]
---
Round: 223, Unk. prob.: 9.996e-01
Upper probs: 3.900e-04, Lower probs: 0.000e+00
No. of non-dominant refs: 10656, Survival refs: 10654, Failure refs: 2
Batch update: 48 refs added, 0 existing refs removed (0 new refs dominated)
Survival: 48 refs added, 0 removed (from 48 candidates)
Updated sys_vals: [0, 1]
---
Round: 224, Unk. prob.: 9.996e-01
Upper probs: 3.600e-04, Lower probs: 0.000e+00
No. of non-dominant refs: 10704, Survival refs: 10702, Failure refs: 2
Batch update: 48 refs added, 0 existing refs removed (0 new refs dominated)
Survival: 48 refs added, 0 removed (from 48 candidates)
Updated sys_vals: [0, 1]
---
Round: 225, Unk. prob.: 9.996e-01
Upper probs: 3.700e-04, Lower probs: 0.000e+00
No. of non-dominant refs: 10752, Survival refs: 10750, Failure refs: 2
Batch update: 48 refs added, 0 existing refs removed (0 new refs dominated)
Survival: 48 refs added, 0 removed (from 48 candidates)
Updated sys_vals: [0, 1]
---
Round: 226, Unk. prob.: 9.996e-01
Upper probs: 3.600e-04, Lower probs: 0.000e+00
No. of non-dominant refs: 10800, Survival refs: 10798, Failure refs: 2
Batch update: 48 refs added, 0 existing refs removed (0 new refs dominated)
Survival: 48 refs added, 0 removed (from 48 candidates)
Updated sys_vals: [0, 1]
---
Round: 227, Unk. prob.: 9.997e-01
Upper probs: 3.200e-04, Lower probs: 0.000e+00
No. of non-dominant refs: 10848, Survival refs: 10846, Failure refs: 2
Batch update: 48 refs added, 0 existing refs removed (0 new refs dominated)
Survival: 48 refs added, 0 removed (from 48 candidates)
Updated sys_vals: [0, 1]
---
Round: 228, Unk. prob.: 9.996e-01
Upper probs: 4.200e-04, Lower probs: 0.000e+00
No. of non-dominant refs: 10896, Survival refs: 10894, Failure refs: 2
Batch update: 48 refs added, 0 existing refs removed (0 new refs dominated)
Survival: 48 refs added, 0 removed (from 48 candidates)
Updated sys_vals: [0, 1]
---
Round: 229, Unk. prob.: 9.996e-01
Upper probs: 4.000e-04, Lower probs: 0.000e+00
No. of non-dominant refs: 10944, Survival refs: 10942, Failure refs: 2
Batch update: 48 refs added, 0 existing refs removed (0 new refs dominated)
Survival: 48 refs added, 0 removed (from 48 candidates)
Updated sys_vals: [0, 1]
---
Round: 230, Unk. prob.: 9.997e-01
Upper probs: 3.100e-04, Lower probs: 0.000e+00
No. of non-dominant refs: 10992, Survival refs: 10990, Failure refs: 2
Batch update: 48 refs added, 0 existing refs removed (0 new refs dominated)
Survival: 48 refs added, 0 removed (from 48 candidates)
Updated sys_vals: [0, 1]
---
Round: 231, Unk. prob.: 9.996e-01
Upper probs: 4.500e-04, Lower probs: 0.000e+00
No. of non-dominant refs: 11040, Survival refs: 11038, Failure refs: 2
Batch update: 48 refs added, 0 existing refs removed (0 new refs dominated)
Survival: 48 refs added, 0 removed (from 48 candidates)
Updated sys_vals: [0, 1]
---
Round: 232, Unk. prob.: 9.995e-01
Upper probs: 4.600e-04, Lower probs: 0.000e+00
No. of non-dominant refs: 11088, Survival refs: 11086, Failure refs: 2
Batch update: 48 refs added, 0 existing refs removed (0 new refs dominated)
Survival: 48 refs added, 0 removed (from 48 candidates)
Updated sys_vals: [0, 1]
---
Round: 233, Unk. prob.: 9.998e-01
Upper probs: 2.500e-04, Lower probs: 0.000e+00
No. of non-dominant refs: 11136, Survival refs: 11134, Failure refs: 2
Batch update: 48 refs added, 0 existing refs removed (0 new refs dominated)
Survival: 48 refs added, 0 removed (from 48 candidates)
Updated sys_vals: [0, 1]
---
Round: 234, Unk. prob.: 9.996e-01
Upper probs: 4.400e-04, Lower probs: 0.000e+00
No. of non-dominant refs: 11184, Survival refs: 11182, Failure refs: 2
Batch update: 48 refs added, 0 existing refs removed (0 new refs dominated)
Survival: 48 refs added, 0 removed (from 48 candidates)
Updated sys_vals: [0, 1]
---
Round: 235, Unk. prob.: 9.998e-01
Upper probs: 2.300e-04, Lower probs: 0.000e+00
No. of non-dominant refs: 11232, Survival refs: 11230, Failure refs: 2
Batch update: 48 refs added, 0 existing refs removed (0 new refs dominated)
Survival: 48 refs added, 0 removed (from 48 candidates)
Updated sys_vals: [0, 1]
---
Round: 236, Unk. prob.: 9.995e-01
Upper probs: 4.800e-04, Lower probs: 0.000e+00
No. of non-dominant refs: 11280, Survival refs: 11278, Failure refs: 2
Batch update: 48 refs added, 0 existing refs removed (0 new refs dominated)
Survival: 48 refs added, 0 removed (from 48 candidates)
Updated sys_vals: [0, 1]
---
Round: 237, Unk. prob.: 9.996e-01
Upper probs: 4.100e-04, Lower probs: 0.000e+00
No. of non-dominant refs: 11328, Survival refs: 11326, Failure refs: 2
Batch update: 48 refs added, 0 existing refs removed (0 new refs dominated)
Survival: 48 refs added, 0 removed (from 48 candidates)
Updated sys_vals: [0, 1]
---
Round: 238, Unk. prob.: 9.996e-01
Upper probs: 3.700e-04, Lower probs: 0.000e+00
No. of non-dominant refs: 11376, Survival refs: 11374, Failure refs: 2
Batch update: 48 refs added, 0 existing refs removed (0 new refs dominated)
Survival: 48 refs added, 0 removed (from 48 candidates)
Updated sys_vals: [0, 1]
---
Round: 239, Unk. prob.: 9.996e-01
Upper probs: 3.900e-04, Lower probs: 0.000e+00
No. of non-dominant refs: 11424, Survival refs: 11422, Failure refs: 2
Batch update: 48 refs added, 0 existing refs removed (0 new refs dominated)
Survival: 48 refs added, 0 removed (from 48 candidates)
Updated sys_vals: [0, 1]
---
Round: 240, Unk. prob.: 9.995e-01
Upper probs: 4.800e-04, Lower probs: 0.000e+00
No. of non-dominant refs: 11472, Survival refs: 11470, Failure refs: 2
Batch update: 48 refs added, 0 existing refs removed (0 new refs dominated)
Survival: 48 refs added, 0 removed (from 48 candidates)
Updated sys_vals: [0, 1]
---
Round: 241, Unk. prob.: 9.996e-01
Upper probs: 3.700e-04, Lower probs: 0.000e+00
No. of non-dominant refs: 11520, Survival refs: 11518, Failure refs: 2
Batch update: 48 refs added, 0 existing refs removed (0 new refs dominated)
Survival: 48 refs added, 0 removed (from 48 candidates)
Updated sys_vals: [0, 1]
---
Round: 242, Unk. prob.: 9.996e-01
Upper probs: 3.600e-04, Lower probs: 0.000e+00
No. of non-dominant refs: 11568, Survival refs: 11566, Failure refs: 2
Batch update: 48 refs added, 0 existing refs removed (0 new refs dominated)
Survival: 48 refs added, 0 removed (from 48 candidates)
Updated sys_vals: [0, 1]
---
Round: 243, Unk. prob.: 9.996e-01
Upper probs: 4.400e-04, Lower probs: 0.000e+00
No. of non-dominant refs: 11616, Survival refs: 11614, Failure refs: 2
Batch update: 48 refs added, 0 existing refs removed (0 new refs dominated)
Survival: 48 refs added, 0 removed (from 48 candidates)
Updated sys_vals: [0, 1]
---
Round: 244, Unk. prob.: 9.995e-01
Upper probs: 5.100e-04, Lower probs: 0.000e+00
No. of non-dominant refs: 11664, Survival refs: 11662, Failure refs: 2
Batch update: 48 refs added, 0 existing refs removed (0 new refs dominated)
Survival: 48 refs added, 0 removed (from 48 candidates)
Updated sys_vals: [0, 1]
---
Round: 245, Unk. prob.: 9.996e-01
Upper probs: 4.400e-04, Lower probs: 0.000e+00
No. of non-dominant refs: 11712, Survival refs: 11710, Failure refs: 2
Batch update: 48 refs added, 0 existing refs removed (0 new refs dominated)
Survival: 48 refs added, 0 removed (from 48 candidates)
Updated sys_vals: [0, 1]
---
Round: 246, Unk. prob.: 9.996e-01
Upper probs: 4.100e-04, Lower probs: 0.000e+00
No. of non-dominant refs: 11760, Survival refs: 11758, Failure refs: 2
Batch update: 48 refs added, 0 existing refs removed (0 new refs dominated)
Survival: 48 refs added, 0 removed (from 48 candidates)
Updated sys_vals: [0, 1]
---
Round: 247, Unk. prob.: 9.996e-01
Upper probs: 4.500e-04, Lower probs: 0.000e+00
No. of non-dominant refs: 11808, Survival refs: 11806, Failure refs: 2
Batch update: 48 refs added, 0 existing refs removed (0 new refs dominated)
Survival: 48 refs added, 0 removed (from 48 candidates)
Updated sys_vals: [0, 1]
---
Round: 248, Unk. prob.: 9.995e-01
Upper probs: 4.800e-04, Lower probs: 0.000e+00
No. of non-dominant refs: 11856, Survival refs: 11854, Failure refs: 2
Batch update: 48 refs added, 0 existing refs removed (0 new refs dominated)
Survival: 48 refs added, 0 removed (from 48 candidates)
Updated sys_vals: [0, 1]
---
Round: 249, Unk. prob.: 9.995e-01
Upper probs: 5.100e-04, Lower probs: 0.000e+00
No. of non-dominant refs: 11904, Survival refs: 11902, Failure refs: 2
Batch update: 48 refs added, 0 existing refs removed (0 new refs dominated)
Survival: 48 refs added, 0 removed (from 48 candidates)
Updated sys_vals: [0, 1]
---
Round: 250, Unk. prob.: 9.997e-01
Upper probs: 3.500e-04, Lower probs: 0.000e+00
No. of non-dominant refs: 11952, Survival refs: 11950, Failure refs: 2
Batch update: 48 refs added, 0 existing refs removed (0 new refs dominated)
Survival: 48 refs added, 0 removed (from 48 candidates)
Updated sys_vals: [0, 1]
---
Round: 251, Unk. prob.: 9.996e-01
Upper probs: 3.600e-04, Lower probs: 0.000e+00
No. of non-dominant refs: 12000, Survival refs: 11998, Failure refs: 2
Batch update: 48 refs added, 0 existing refs removed (0 new refs dominated)
Survival: 48 refs added, 0 removed (from 48 candidates)
Updated sys_vals: [0, 1]
---
Round: 252, Unk. prob.: 9.995e-01
Upper probs: 4.900e-04, Lower probs: 0.000e+00
No. of non-dominant refs: 12048, Survival refs: 12046, Failure refs: 2
Batch update: 48 refs added, 0 existing refs removed (0 new refs dominated)
Survival: 48 refs added, 0 removed (from 48 candidates)
Updated sys_vals: [0, 1]
---
Round: 253, Unk. prob.: 9.995e-01
Upper probs: 4.800e-04, Lower probs: 0.000e+00
No. of non-dominant refs: 12096, Survival refs: 12094, Failure refs: 2
Batch update: 48 refs added, 0 existing refs removed (0 new refs dominated)
Survival: 48 refs added, 0 removed (from 48 candidates)
Updated sys_vals: [0, 1]
---
Round: 254, Unk. prob.: 9.995e-01
Upper probs: 4.900e-04, Lower probs: 0.000e+00
No. of non-dominant refs: 12144, Survival refs: 12142, Failure refs: 2
Batch update: 48 refs added, 0 existing refs removed (0 new refs dominated)
Survival: 48 refs added, 0 removed (from 48 candidates)
Updated sys_vals: [0, 1]
---
Round: 255, Unk. prob.: 9.996e-01
Upper probs: 3.900e-04, Lower probs: 0.000e+00
No. of non-dominant refs: 12192, Survival refs: 12190, Failure refs: 2
Batch update: 48 refs added, 0 existing refs removed (0 new refs dominated)
Survival: 48 refs added, 0 removed (from 48 candidates)
Updated sys_vals: [0, 1]
---
Round: 256, Unk. prob.: 9.996e-01
Upper probs: 4.200e-04, Lower probs: 0.000e+00
No. of non-dominant refs: 12240, Survival refs: 12238, Failure refs: 2
Batch update: 48 refs added, 0 existing refs removed (0 new refs dominated)
Survival: 48 refs added, 0 removed (from 48 candidates)
Updated sys_vals: [0, 1]
---
Round: 257, Unk. prob.: 9.996e-01
Upper probs: 4.500e-04, Lower probs: 0.000e+00
No. of non-dominant refs: 12288, Survival refs: 12286, Failure refs: 2
Batch update: 48 refs added, 0 existing refs removed (0 new refs dominated)
Survival: 48 refs added, 0 removed (from 48 candidates)
Updated sys_vals: [0, 1]
---
Round: 258, Unk. prob.: 9.995e-01
Upper probs: 4.700e-04, Lower probs: 0.000e+00
No. of non-dominant refs: 12336, Survival refs: 12334, Failure refs: 2
Batch update: 48 refs added, 0 existing refs removed (0 new refs dominated)
Survival: 48 refs added, 0 removed (from 48 candidates)
Updated sys_vals: [0, 1]
---
Round: 259, Unk. prob.: 9.995e-01
Upper probs: 4.900e-04, Lower probs: 0.000e+00
No. of non-dominant refs: 12384, Survival refs: 12382, Failure refs: 2
Batch update: 48 refs added, 0 existing refs removed (0 new refs dominated)
Survival: 48 refs added, 0 removed (from 48 candidates)
Updated sys_vals: [0, 1]
---
Round: 260, Unk. prob.: 9.995e-01
Upper probs: 5.000e-04, Lower probs: 0.000e+00
No. of non-dominant refs: 12432, Survival refs: 12430, Failure refs: 2
Batch update: 48 refs added, 0 existing refs removed (0 new refs dominated)
Survival: 48 refs added, 0 removed (from 48 candidates)
Updated sys_vals: [0, 1]
---
Round: 261, Unk. prob.: 9.995e-01
Upper probs: 4.600e-04, Lower probs: 0.000e+00
No. of non-dominant refs: 12480, Survival refs: 12478, Failure refs: 2
Batch update: 48 refs added, 0 existing refs removed (0 new refs dominated)
Survival: 48 refs added, 0 removed (from 48 candidates)
Updated sys_vals: [0, 1]
---
Round: 262, Unk. prob.: 9.997e-01
Upper probs: 3.500e-04, Lower probs: 0.000e+00
No. of non-dominant refs: 12528, Survival refs: 12526, Failure refs: 2
Batch update: 48 refs added, 0 existing refs removed (0 new refs dominated)
Survival: 48 refs added, 0 removed (from 48 candidates)
Updated sys_vals: [0, 1]
---
Round: 263, Unk. prob.: 9.995e-01
Upper probs: 5.300e-04, Lower probs: 0.000e+00
No. of non-dominant refs: 12576, Survival refs: 12574, Failure refs: 2
Batch update: 48 refs added, 0 existing refs removed (0 new refs dominated)
Survival: 48 refs added, 0 removed (from 48 candidates)
Updated sys_vals: [0, 1]
---
Round: 264, Unk. prob.: 9.995e-01
Upper probs: 4.600e-04, Lower probs: 0.000e+00
No. of non-dominant refs: 12624, Survival refs: 12622, Failure refs: 2
Batch update: 48 refs added, 0 existing refs removed (0 new refs dominated)
Survival: 48 refs added, 0 removed (from 48 candidates)
Updated sys_vals: [0, 1]
---
Round: 265, Unk. prob.: 9.995e-01
Upper probs: 4.800e-04, Lower probs: 0.000e+00
No. of non-dominant refs: 12672, Survival refs: 12670, Failure refs: 2
Batch update: 48 refs added, 0 existing refs removed (0 new refs dominated)
Survival: 48 refs added, 0 removed (from 48 candidates)
Updated sys_vals: [0, 1]
---
Round: 266, Unk. prob.: 9.996e-01
Upper probs: 3.800e-04, Lower probs: 0.000e+00
No. of non-dominant refs: 12720, Survival refs: 12718, Failure refs: 2
Batch update: 48 refs added, 0 existing refs removed (0 new refs dominated)
Survival: 48 refs added, 0 removed (from 48 candidates)
Updated sys_vals: [0, 1]
---
Round: 267, Unk. prob.: 9.997e-01
Upper probs: 3.500e-04, Lower probs: 0.000e+00
No. of non-dominant refs: 12768, Survival refs: 12766, Failure refs: 2
Batch update: 48 refs added, 0 existing refs removed (0 new refs dominated)
Survival: 48 refs added, 0 removed (from 48 candidates)
Updated sys_vals: [0, 1]
---
Round: 268, Unk. prob.: 9.996e-01
Upper probs: 4.300e-04, Lower probs: 0.000e+00
No. of non-dominant refs: 12816, Survival refs: 12814, Failure refs: 2
Batch update: 48 refs added, 0 existing refs removed (0 new refs dominated)
Survival: 48 refs added, 0 removed (from 48 candidates)
Updated sys_vals: [0, 1]
---
Round: 269, Unk. prob.: 9.995e-01
Upper probs: 5.000e-04, Lower probs: 0.000e+00
No. of non-dominant refs: 12864, Survival refs: 12862, Failure refs: 2
Batch update: 48 refs added, 0 existing refs removed (0 new refs dominated)
Survival: 48 refs added, 0 removed (from 48 candidates)
Updated sys_vals: [0, 1]
---
Round: 270, Unk. prob.: 9.996e-01
Upper probs: 4.300e-04, Lower probs: 0.000e+00
No. of non-dominant refs: 12912, Survival refs: 12910, Failure refs: 2
Batch update: 47 refs added, 0 existing refs removed (0 new refs dominated)
Survival: 47 refs added, 0 removed (from 47 candidates)
Batch update: 1 refs added, 0 existing refs removed (0 new refs dominated)
Failure: 1 refs added, 0 removed (from 1 candidates)
Updated sys_vals: [0, 1]
---
Round: 271, Unk. prob.: 9.995e-01
Upper probs: 4.900e-04, Lower probs: 0.000e+00
No. of non-dominant refs: 12960, Survival refs: 12957, Failure refs: 3
Batch update: 48 refs added, 0 existing refs removed (0 new refs dominated)
Survival: 48 refs added, 0 removed (from 48 candidates)
Updated sys_vals: [0, 1]
---
Round: 272, Unk. prob.: 9.995e-01
Upper probs: 5.100e-04, Lower probs: 0.000e+00
No. of non-dominant refs: 13008, Survival refs: 13005, Failure refs: 3
Batch update: 48 refs added, 0 existing refs removed (0 new refs dominated)
Survival: 48 refs added, 0 removed (from 48 candidates)
Updated sys_vals: [0, 1]
---
Round: 273, Unk. prob.: 9.995e-01
Upper probs: 5.300e-04, Lower probs: 0.000e+00
No. of non-dominant refs: 13056, Survival refs: 13053, Failure refs: 3
Batch update: 48 refs added, 0 existing refs removed (0 new refs dominated)
Survival: 48 refs added, 0 removed (from 48 candidates)
Updated sys_vals: [0, 1]
---
Round: 274, Unk. prob.: 9.997e-01
Upper probs: 3.400e-04, Lower probs: 0.000e+00
No. of non-dominant refs: 13104, Survival refs: 13101, Failure refs: 3
Batch update: 48 refs added, 0 existing refs removed (0 new refs dominated)
Survival: 48 refs added, 0 removed (from 48 candidates)
Updated sys_vals: [0, 1]
---
Round: 275, Unk. prob.: 9.995e-01
Upper probs: 5.000e-04, Lower probs: 0.000e+00
No. of non-dominant refs: 13152, Survival refs: 13149, Failure refs: 3
Batch update: 48 refs added, 0 existing refs removed (0 new refs dominated)
Survival: 48 refs added, 0 removed (from 48 candidates)
Updated sys_vals: [0, 1]
---
Round: 276, Unk. prob.: 9.995e-01
Upper probs: 4.900e-04, Lower probs: 0.000e+00
No. of non-dominant refs: 13200, Survival refs: 13197, Failure refs: 3
Batch update: 48 refs added, 0 existing refs removed (0 new refs dominated)
Survival: 48 refs added, 0 removed (from 48 candidates)
Updated sys_vals: [0, 1]
---
Round: 277, Unk. prob.: 9.994e-01
Upper probs: 5.700e-04, Lower probs: 0.000e+00
No. of non-dominant refs: 13248, Survival refs: 13245, Failure refs: 3
Batch update: 48 refs added, 0 existing refs removed (0 new refs dominated)
Survival: 48 refs added, 0 removed (from 48 candidates)
Updated sys_vals: [0, 1]
---
Round: 278, Unk. prob.: 9.994e-01
Upper probs: 6.000e-04, Lower probs: 0.000e+00
No. of non-dominant refs: 13296, Survival refs: 13293, Failure refs: 3
Batch update: 48 refs added, 0 existing refs removed (0 new refs dominated)
Survival: 48 refs added, 0 removed (from 48 candidates)
Updated sys_vals: [0, 1]
---
Round: 279, Unk. prob.: 9.994e-01
Upper probs: 5.600e-04, Lower probs: 0.000e+00
No. of non-dominant refs: 13344, Survival refs: 13341, Failure refs: 3
Batch update: 48 refs added, 0 existing refs removed (0 new refs dominated)
Survival: 48 refs added, 0 removed (from 48 candidates)
Updated sys_vals: [0, 1]
---
Round: 280, Unk. prob.: 9.993e-01
Upper probs: 6.500e-04, Lower probs: 0.000e+00
No. of non-dominant refs: 13392, Survival refs: 13389, Failure refs: 3
Batch update: 48 refs added, 0 existing refs removed (0 new refs dominated)
Survival: 48 refs added, 0 removed (from 48 candidates)
Updated sys_vals: [0, 1]
---
Round: 281, Unk. prob.: 9.996e-01
Upper probs: 3.800e-04, Lower probs: 0.000e+00
No. of non-dominant refs: 13440, Survival refs: 13437, Failure refs: 3
Batch update: 48 refs added, 0 existing refs removed (0 new refs dominated)
Survival: 48 refs added, 0 removed (from 48 candidates)
Updated sys_vals: [0, 1]
---
Round: 282, Unk. prob.: 9.996e-01
Upper probs: 4.000e-04, Lower probs: 0.000e+00
No. of non-dominant refs: 13488, Survival refs: 13485, Failure refs: 3
Batch update: 47 refs added, 0 existing refs removed (0 new refs dominated)
Survival: 47 refs added, 0 removed (from 47 candidates)
Batch update: 1 refs added, 0 existing refs removed (0 new refs dominated)
Failure: 1 refs added, 0 removed (from 1 candidates)
Updated sys_vals: [0, 1]
---
Round: 283, Unk. prob.: 9.996e-01
Upper probs: 4.400e-04, Lower probs: 0.000e+00
No. of non-dominant refs: 13536, Survival refs: 13532, Failure refs: 4
Batch update: 48 refs added, 0 existing refs removed (0 new refs dominated)
Survival: 48 refs added, 0 removed (from 48 candidates)
Updated sys_vals: [0, 1]
---
Round: 284, Unk. prob.: 9.994e-01
Upper probs: 5.500e-04, Lower probs: 0.000e+00
No. of non-dominant refs: 13584, Survival refs: 13580, Failure refs: 4
Batch update: 48 refs added, 0 existing refs removed (0 new refs dominated)
Survival: 48 refs added, 0 removed (from 48 candidates)
Updated sys_vals: [0, 1]
---
Round: 285, Unk. prob.: 9.994e-01
Upper probs: 5.800e-04, Lower probs: 0.000e+00
No. of non-dominant refs: 13632, Survival refs: 13628, Failure refs: 4
Batch update: 48 refs added, 0 existing refs removed (0 new refs dominated)
Survival: 48 refs added, 0 removed (from 48 candidates)
Updated sys_vals: [0, 1]
---
Round: 286, Unk. prob.: 9.994e-01
Upper probs: 5.600e-04, Lower probs: 0.000e+00
No. of non-dominant refs: 13680, Survival refs: 13676, Failure refs: 4
Batch update: 48 refs added, 0 existing refs removed (0 new refs dominated)
Survival: 48 refs added, 0 removed (from 48 candidates)
Updated sys_vals: [0, 1]
---
Round: 287, Unk. prob.: 9.995e-01
Upper probs: 5.200e-04, Lower probs: 0.000e+00
No. of non-dominant refs: 13728, Survival refs: 13724, Failure refs: 4
Batch update: 48 refs added, 0 existing refs removed (0 new refs dominated)
Survival: 48 refs added, 0 removed (from 48 candidates)
Updated sys_vals: [0, 1]
---
Round: 288, Unk. prob.: 9.996e-01
Upper probs: 4.200e-04, Lower probs: 0.000e+00
No. of non-dominant refs: 13776, Survival refs: 13772, Failure refs: 4
Batch update: 48 refs added, 0 existing refs removed (0 new refs dominated)
Survival: 48 refs added, 0 removed (from 48 candidates)
Updated sys_vals: [0, 1]
---
Round: 289, Unk. prob.: 9.995e-01
Upper probs: 4.900e-04, Lower probs: 0.000e+00
No. of non-dominant refs: 13824, Survival refs: 13820, Failure refs: 4
Batch update: 48 refs added, 0 existing refs removed (0 new refs dominated)
Survival: 48 refs added, 0 removed (from 48 candidates)
Updated sys_vals: [0, 1]
---
Round: 290, Unk. prob.: 9.994e-01
Upper probs: 5.700e-04, Lower probs: 0.000e+00
No. of non-dominant refs: 13872, Survival refs: 13868, Failure refs: 4
Batch update: 48 refs added, 0 existing refs removed (0 new refs dominated)
Survival: 48 refs added, 0 removed (from 48 candidates)
Updated sys_vals: [0, 1]
---
Round: 291, Unk. prob.: 9.995e-01
Upper probs: 4.900e-04, Lower probs: 0.000e+00
No. of non-dominant refs: 13920, Survival refs: 13916, Failure refs: 4
Batch update: 48 refs added, 0 existing refs removed (0 new refs dominated)
Survival: 48 refs added, 0 removed (from 48 candidates)
Updated sys_vals: [0, 1]
---
Round: 292, Unk. prob.: 9.996e-01
Upper probs: 3.600e-04, Lower probs: 0.000e+00
No. of non-dominant refs: 13968, Survival refs: 13964, Failure refs: 4
Batch update: 48 refs added, 0 existing refs removed (0 new refs dominated)
Survival: 48 refs added, 0 removed (from 48 candidates)
Updated sys_vals: [0, 1]
---
Round: 293, Unk. prob.: 9.996e-01
Upper probs: 4.300e-04, Lower probs: 0.000e+00
No. of non-dominant refs: 14016, Survival refs: 14012, Failure refs: 4
Batch update: 48 refs added, 0 existing refs removed (0 new refs dominated)
Survival: 48 refs added, 0 removed (from 48 candidates)
Updated sys_vals: [0, 1]
---
Round: 294, Unk. prob.: 9.996e-01
Upper probs: 3.900e-04, Lower probs: 0.000e+00
No. of non-dominant refs: 14064, Survival refs: 14060, Failure refs: 4
Batch update: 48 refs added, 0 existing refs removed (0 new refs dominated)
Survival: 48 refs added, 0 removed (from 48 candidates)
Updated sys_vals: [0, 1]
---
Round: 295, Unk. prob.: 9.994e-01
Upper probs: 5.500e-04, Lower probs: 0.000e+00
No. of non-dominant refs: 14112, Survival refs: 14108, Failure refs: 4
Batch update: 48 refs added, 0 existing refs removed (0 new refs dominated)
Survival: 48 refs added, 0 removed (from 48 candidates)
Updated sys_vals: [0, 1]
---
Round: 296, Unk. prob.: 9.995e-01
Upper probs: 5.300e-04, Lower probs: 0.000e+00
No. of non-dominant refs: 14160, Survival refs: 14156, Failure refs: 4
Batch update: 48 refs added, 0 existing refs removed (0 new refs dominated)
Survival: 48 refs added, 0 removed (from 48 candidates)
Updated sys_vals: [0, 1]
---
Round: 297, Unk. prob.: 9.996e-01
Upper probs: 4.300e-04, Lower probs: 0.000e+00
No. of non-dominant refs: 14208, Survival refs: 14204, Failure refs: 4
Batch update: 48 refs added, 0 existing refs removed (0 new refs dominated)
Survival: 48 refs added, 0 removed (from 48 candidates)
Updated sys_vals: [0, 1]
---
Round: 298, Unk. prob.: 9.995e-01
Upper probs: 4.600e-04, Lower probs: 0.000e+00
No. of non-dominant refs: 14256, Survival refs: 14252, Failure refs: 4
Batch update: 48 refs added, 0 existing refs removed (0 new refs dominated)
Survival: 48 refs added, 0 removed (from 48 candidates)
Updated sys_vals: [0, 1]
---
Round: 299, Unk. prob.: 9.995e-01
Upper probs: 5.300e-04, Lower probs: 0.000e+00
No. of non-dominant refs: 14304, Survival refs: 14300, Failure refs: 4
Batch update: 48 refs added, 0 existing refs removed (0 new refs dominated)
Survival: 48 refs added, 0 removed (from 48 candidates)
Updated sys_vals: [0, 1]
---
Round: 300, Unk. prob.: 9.995e-01
Upper probs: 4.800e-04, Lower probs: 0.000e+00
No. of non-dominant refs: 14352, Survival refs: 14348, Failure refs: 4
Batch update: 48 refs added, 0 existing refs removed (0 new refs dominated)
Survival: 48 refs added, 0 removed (from 48 candidates)
Updated sys_vals: [0, 1]
---
Round: 301, Unk. prob.: 9.994e-01
Upper probs: 6.400e-04, Lower probs: 0.000e+00
No. of non-dominant refs: 14400, Survival refs: 14396, Failure refs: 4
Batch update: 48 refs added, 0 existing refs removed (0 new refs dominated)
Survival: 48 refs added, 0 removed (from 48 candidates)
Updated sys_vals: [0, 1]
---
Round: 302, Unk. prob.: 9.996e-01
Upper probs: 4.400e-04, Lower probs: 0.000e+00
No. of non-dominant refs: 14448, Survival refs: 14444, Failure refs: 4
Batch update: 48 refs added, 0 existing refs removed (0 new refs dominated)
Survival: 48 refs added, 0 removed (from 48 candidates)
Updated sys_vals: [0, 1]
---
Round: 303, Unk. prob.: 9.996e-01
Upper probs: 4.300e-04, Lower probs: 0.000e+00
No. of non-dominant refs: 14496, Survival refs: 14492, Failure refs: 4
Batch update: 48 refs added, 0 existing refs removed (0 new refs dominated)
Survival: 48 refs added, 0 removed (from 48 candidates)
Updated sys_vals: [0, 1]
---
Round: 304, Unk. prob.: 9.995e-01
Upper probs: 4.600e-04, Lower probs: 0.000e+00
No. of non-dominant refs: 14544, Survival refs: 14540, Failure refs: 4
Batch update: 48 refs added, 0 existing refs removed (0 new refs dominated)
Survival: 48 refs added, 0 removed (from 48 candidates)
Updated sys_vals: [0, 1]
---
Round: 305, Unk. prob.: 9.995e-01
Upper probs: 4.600e-04, Lower probs: 0.000e+00
No. of non-dominant refs: 14592, Survival refs: 14588, Failure refs: 4
Batch update: 48 refs added, 0 existing refs removed (0 new refs dominated)
Survival: 48 refs added, 0 removed (from 48 candidates)
Updated sys_vals: [0, 1]
---
Round: 306, Unk. prob.: 9.997e-01
Upper probs: 3.400e-04, Lower probs: 0.000e+00
No. of non-dominant refs: 14640, Survival refs: 14636, Failure refs: 4
Batch update: 48 refs added, 0 existing refs removed (0 new refs dominated)
Survival: 48 refs added, 0 removed (from 48 candidates)
Updated sys_vals: [0, 1]
---
Round: 307, Unk. prob.: 9.995e-01
Upper probs: 5.100e-04, Lower probs: 0.000e+00
No. of non-dominant refs: 14688, Survival refs: 14684, Failure refs: 4
Batch update: 48 refs added, 0 existing refs removed (0 new refs dominated)
Survival: 48 refs added, 0 removed (from 48 candidates)
Updated sys_vals: [0, 1]
---
Round: 308, Unk. prob.: 9.994e-01
Upper probs: 5.700e-04, Lower probs: 0.000e+00
No. of non-dominant refs: 14736, Survival refs: 14732, Failure refs: 4
Batch update: 48 refs added, 0 existing refs removed (0 new refs dominated)
Survival: 48 refs added, 0 removed (from 48 candidates)
Updated sys_vals: [0, 1]
---
Round: 309, Unk. prob.: 9.995e-01
Upper probs: 5.000e-04, Lower probs: 0.000e+00
No. of non-dominant refs: 14784, Survival refs: 14780, Failure refs: 4
Batch update: 48 refs added, 0 existing refs removed (0 new refs dominated)
Survival: 48 refs added, 0 removed (from 48 candidates)
Updated sys_vals: [0, 1]
---
Round: 310, Unk. prob.: 9.995e-01
Upper probs: 4.900e-04, Lower probs: 0.000e+00
No. of non-dominant refs: 14832, Survival refs: 14828, Failure refs: 4
Batch update: 48 refs added, 0 existing refs removed (0 new refs dominated)
Survival: 48 refs added, 0 removed (from 48 candidates)
Updated sys_vals: [0, 1]
---
Round: 311, Unk. prob.: 9.995e-01
Upper probs: 4.900e-04, Lower probs: 0.000e+00
No. of non-dominant refs: 14880, Survival refs: 14876, Failure refs: 4
Batch update: 48 refs added, 0 existing refs removed (0 new refs dominated)
Survival: 48 refs added, 0 removed (from 48 candidates)
Updated sys_vals: [0, 1]
---
Round: 312, Unk. prob.: 9.995e-01
Upper probs: 4.700e-04, Lower probs: 0.000e+00
No. of non-dominant refs: 14928, Survival refs: 14924, Failure refs: 4
Batch update: 48 refs added, 0 existing refs removed (0 new refs dominated)
Survival: 48 refs added, 0 removed (from 48 candidates)
Updated sys_vals: [0, 1]
---
Round: 313, Unk. prob.: 9.995e-01
Upper probs: 4.700e-04, Lower probs: 0.000e+00
No. of non-dominant refs: 14976, Survival refs: 14972, Failure refs: 4
Batch update: 48 refs added, 0 existing refs removed (0 new refs dominated)
Survival: 48 refs added, 0 removed (from 48 candidates)
Updated sys_vals: [0, 1]
---
Round: 314, Unk. prob.: 9.995e-01
Upper probs: 5.200e-04, Lower probs: 0.000e+00
No. of non-dominant refs: 15024, Survival refs: 15020, Failure refs: 4
Batch update: 48 refs added, 0 existing refs removed (0 new refs dominated)
Survival: 48 refs added, 0 removed (from 48 candidates)
Updated sys_vals: [0, 1]
---
Round: 315, Unk. prob.: 9.995e-01
Upper probs: 5.200e-04, Lower probs: 0.000e+00
No. of non-dominant refs: 15072, Survival refs: 15068, Failure refs: 4
Batch update: 48 refs added, 0 existing refs removed (0 new refs dominated)
Survival: 48 refs added, 0 removed (from 48 candidates)
Updated sys_vals: [0, 1]
---
Round: 316, Unk. prob.: 9.994e-01
Upper probs: 6.000e-04, Lower probs: 0.000e+00
No. of non-dominant refs: 15120, Survival refs: 15116, Failure refs: 4
Batch update: 47 refs added, 0 existing refs removed (0 new refs dominated)
Survival: 47 refs added, 0 removed (from 47 candidates)
Batch update: 1 refs added, 0 existing refs removed (0 new refs dominated)
Failure: 1 refs added, 0 removed (from 1 candidates)
Updated sys_vals: [0, 1]
---
Round: 317, Unk. prob.: 9.996e-01
Upper probs: 4.500e-04, Lower probs: 0.000e+00
No. of non-dominant refs: 15168, Survival refs: 15163, Failure refs: 5
Batch update: 48 refs added, 0 existing refs removed (0 new refs dominated)
Survival: 48 refs added, 0 removed (from 48 candidates)
Updated sys_vals: [0, 1]
---
Round: 318, Unk. prob.: 9.994e-01
Upper probs: 5.800e-04, Lower probs: 0.000e+00
No. of non-dominant refs: 15216, Survival refs: 15211, Failure refs: 5
Batch update: 48 refs added, 0 existing refs removed (0 new refs dominated)
Survival: 48 refs added, 0 removed (from 48 candidates)
Updated sys_vals: [0, 1]
---
Round: 319, Unk. prob.: 9.994e-01
Upper probs: 6.000e-04, Lower probs: 0.000e+00
No. of non-dominant refs: 15264, Survival refs: 15259, Failure refs: 5
Batch update: 48 refs added, 0 existing refs removed (0 new refs dominated)
Survival: 48 refs added, 0 removed (from 48 candidates)
Updated sys_vals: [0, 1]
---
Round: 320, Unk. prob.: 9.996e-01
Upper probs: 4.400e-04, Lower probs: 0.000e+00
No. of non-dominant refs: 15312, Survival refs: 15307, Failure refs: 5
Batch update: 48 refs added, 0 existing refs removed (0 new refs dominated)
Survival: 48 refs added, 0 removed (from 48 candidates)
Updated sys_vals: [0, 1]
---
Round: 321, Unk. prob.: 9.995e-01
Upper probs: 4.700e-04, Lower probs: 0.000e+00
No. of non-dominant refs: 15360, Survival refs: 15355, Failure refs: 5
Batch update: 48 refs added, 0 existing refs removed (0 new refs dominated)
Survival: 48 refs added, 0 removed (from 48 candidates)
Updated sys_vals: [0, 1]
---
Round: 322, Unk. prob.: 9.995e-01
Upper probs: 4.900e-04, Lower probs: 0.000e+00
No. of non-dominant refs: 15408, Survival refs: 15403, Failure refs: 5
Batch update: 48 refs added, 0 existing refs removed (0 new refs dominated)
Survival: 48 refs added, 0 removed (from 48 candidates)
Updated sys_vals: [0, 1]
---
Round: 323, Unk. prob.: 9.994e-01
Upper probs: 6.100e-04, Lower probs: 0.000e+00
No. of non-dominant refs: 15456, Survival refs: 15451, Failure refs: 5
Batch update: 48 refs added, 0 existing refs removed (0 new refs dominated)
Survival: 48 refs added, 0 removed (from 48 candidates)
Updated sys_vals: [0, 1]
---
Round: 324, Unk. prob.: 9.995e-01
Upper probs: 5.300e-04, Lower probs: 0.000e+00
No. of non-dominant refs: 15504, Survival refs: 15499, Failure refs: 5
Batch update: 48 refs added, 0 existing refs removed (0 new refs dominated)
Survival: 48 refs added, 0 removed (from 48 candidates)
Updated sys_vals: [0, 1]
---
Round: 325, Unk. prob.: 9.993e-01
Upper probs: 6.700e-04, Lower probs: 0.000e+00
No. of non-dominant refs: 15552, Survival refs: 15547, Failure refs: 5
Batch update: 48 refs added, 0 existing refs removed (0 new refs dominated)
Survival: 48 refs added, 0 removed (from 48 candidates)
Updated sys_vals: [0, 1]
---
Round: 326, Unk. prob.: 9.995e-01
Upper probs: 5.100e-04, Lower probs: 0.000e+00
No. of non-dominant refs: 15600, Survival refs: 15595, Failure refs: 5
Batch update: 48 refs added, 0 existing refs removed (0 new refs dominated)
Survival: 48 refs added, 0 removed (from 48 candidates)
Updated sys_vals: [0, 1]
---
Round: 327, Unk. prob.: 9.995e-01
Upper probs: 5.400e-04, Lower probs: 0.000e+00
No. of non-dominant refs: 15648, Survival refs: 15643, Failure refs: 5
Batch update: 48 refs added, 0 existing refs removed (0 new refs dominated)
Survival: 48 refs added, 0 removed (from 48 candidates)
Updated sys_vals: [0, 1]
---
Round: 328, Unk. prob.: 9.996e-01
Upper probs: 4.300e-04, Lower probs: 0.000e+00
No. of non-dominant refs: 15696, Survival refs: 15691, Failure refs: 5
Batch update: 48 refs added, 0 existing refs removed (0 new refs dominated)
Survival: 48 refs added, 0 removed (from 48 candidates)
Updated sys_vals: [0, 1]
---
Round: 329, Unk. prob.: 9.995e-01
Upper probs: 5.400e-04, Lower probs: 0.000e+00
No. of non-dominant refs: 15744, Survival refs: 15739, Failure refs: 5
Batch update: 48 refs added, 0 existing refs removed (0 new refs dominated)
Survival: 48 refs added, 0 removed (from 48 candidates)
Updated sys_vals: [0, 1]
---
Round: 330, Unk. prob.: 9.995e-01
Upper probs: 4.900e-04, Lower probs: 0.000e+00
No. of non-dominant refs: 15792, Survival refs: 15787, Failure refs: 5
Batch update: 48 refs added, 0 existing refs removed (0 new refs dominated)
Survival: 48 refs added, 0 removed (from 48 candidates)
Updated sys_vals: [0, 1]
---
Round: 331, Unk. prob.: 9.995e-01
Upper probs: 4.800e-04, Lower probs: 0.000e+00
No. of non-dominant refs: 15840, Survival refs: 15835, Failure refs: 5
Batch update: 48 refs added, 0 existing refs removed (0 new refs dominated)
Survival: 48 refs added, 0 removed (from 48 candidates)
Updated sys_vals: [0, 1]
---
Round: 332, Unk. prob.: 9.996e-01
Upper probs: 4.100e-04, Lower probs: 0.000e+00
No. of non-dominant refs: 15888, Survival refs: 15883, Failure refs: 5
Batch update: 48 refs added, 0 existing refs removed (0 new refs dominated)
Survival: 48 refs added, 0 removed (from 48 candidates)
Updated sys_vals: [0, 1]
---
Round: 333, Unk. prob.: 9.996e-01
Upper probs: 4.400e-04, Lower probs: 0.000e+00
No. of non-dominant refs: 15936, Survival refs: 15931, Failure refs: 5
Batch update: 48 refs added, 0 existing refs removed (0 new refs dominated)
Survival: 48 refs added, 0 removed (from 48 candidates)
Updated sys_vals: [0, 1]
---
Round: 334, Unk. prob.: 9.994e-01
Upper probs: 6.400e-04, Lower probs: 0.000e+00
No. of non-dominant refs: 15984, Survival refs: 15979, Failure refs: 5
Batch update: 48 refs added, 0 existing refs removed (0 new refs dominated)
Survival: 48 refs added, 0 removed (from 48 candidates)
Updated sys_vals: [0, 1]
---
Round: 335, Unk. prob.: 9.994e-01
Upper probs: 6.300e-04, Lower probs: 0.000e+00
No. of non-dominant refs: 16032, Survival refs: 16027, Failure refs: 5
Batch update: 48 refs added, 0 existing refs removed (0 new refs dominated)
Survival: 48 refs added, 0 removed (from 48 candidates)
Updated sys_vals: [0, 1]
---
Round: 336, Unk. prob.: 9.995e-01
Upper probs: 5.000e-04, Lower probs: 0.000e+00
No. of non-dominant refs: 16080, Survival refs: 16075, Failure refs: 5
Batch update: 48 refs added, 0 existing refs removed (0 new refs dominated)
Survival: 48 refs added, 0 removed (from 48 candidates)
Updated sys_vals: [0, 1]
---
Round: 337, Unk. prob.: 9.996e-01
Upper probs: 4.100e-04, Lower probs: 0.000e+00
No. of non-dominant refs: 16128, Survival refs: 16123, Failure refs: 5
Batch update: 48 refs added, 0 existing refs removed (0 new refs dominated)
Survival: 48 refs added, 0 removed (from 48 candidates)
Updated sys_vals: [0, 1]
---
Round: 338, Unk. prob.: 9.994e-01
Upper probs: 5.700e-04, Lower probs: 0.000e+00
No. of non-dominant refs: 16176, Survival refs: 16171, Failure refs: 5
Batch update: 48 refs added, 0 existing refs removed (0 new refs dominated)
Survival: 48 refs added, 0 removed (from 48 candidates)
Updated sys_vals: [0, 1]
---
Round: 339, Unk. prob.: 9.993e-01
Upper probs: 6.500e-04, Lower probs: 0.000e+00
No. of non-dominant refs: 16224, Survival refs: 16219, Failure refs: 5
Batch update: 48 refs added, 0 existing refs removed (0 new refs dominated)
Survival: 48 refs added, 0 removed (from 48 candidates)
Updated sys_vals: [0, 1]
---
Round: 340, Unk. prob.: 9.994e-01
Upper probs: 6.100e-04, Lower probs: 0.000e+00
No. of non-dominant refs: 16272, Survival refs: 16267, Failure refs: 5
Batch update: 48 refs added, 0 existing refs removed (0 new refs dominated)
Survival: 48 refs added, 0 removed (from 48 candidates)
Updated sys_vals: [0, 1]
---
Round: 341, Unk. prob.: 9.994e-01
Upper probs: 6.200e-04, Lower probs: 0.000e+00
No. of non-dominant refs: 16320, Survival refs: 16315, Failure refs: 5
Batch update: 48 refs added, 0 existing refs removed (0 new refs dominated)
Survival: 48 refs added, 0 removed (from 48 candidates)
Updated sys_vals: [0, 1]
---
Round: 342, Unk. prob.: 9.994e-01
Upper probs: 5.500e-04, Lower probs: 0.000e+00
No. of non-dominant refs: 16368, Survival refs: 16363, Failure refs: 5
Batch update: 48 refs added, 0 existing refs removed (0 new refs dominated)
Survival: 48 refs added, 0 removed (from 48 candidates)
Updated sys_vals: [0, 1]
---
Round: 343, Unk. prob.: 9.994e-01
Upper probs: 6.100e-04, Lower probs: 0.000e+00
No. of non-dominant refs: 16416, Survival refs: 16411, Failure refs: 5
Batch update: 48 refs added, 0 existing refs removed (0 new refs dominated)
Survival: 48 refs added, 0 removed (from 48 candidates)
Updated sys_vals: [0, 1]
---
Round: 344, Unk. prob.: 9.994e-01
Upper probs: 5.500e-04, Lower probs: 0.000e+00
No. of non-dominant refs: 16464, Survival refs: 16459, Failure refs: 5
Batch update: 48 refs added, 0 existing refs removed (0 new refs dominated)
Survival: 48 refs added, 0 removed (from 48 candidates)
Updated sys_vals: [0, 1]
---
Round: 345, Unk. prob.: 9.993e-01
Upper probs: 7.200e-04, Lower probs: 0.000e+00
No. of non-dominant refs: 16512, Survival refs: 16507, Failure refs: 5
Batch update: 48 refs added, 0 existing refs removed (0 new refs dominated)
Survival: 48 refs added, 0 removed (from 48 candidates)
Updated sys_vals: [0, 1]
---
Round: 346, Unk. prob.: 9.995e-01
Upper probs: 4.700e-04, Lower probs: 0.000e+00
No. of non-dominant refs: 16560, Survival refs: 16555, Failure refs: 5
Batch update: 48 refs added, 0 existing refs removed (0 new refs dominated)
Survival: 48 refs added, 0 removed (from 48 candidates)
Updated sys_vals: [0, 1]
---
Round: 347, Unk. prob.: 9.992e-01
Upper probs: 8.300e-04, Lower probs: 0.000e+00
No. of non-dominant refs: 16608, Survival refs: 16603, Failure refs: 5
Batch update: 48 refs added, 0 existing refs removed (0 new refs dominated)
Survival: 48 refs added, 0 removed (from 48 candidates)
Updated sys_vals: [0, 1]
---
Round: 348, Unk. prob.: 9.995e-01
Upper probs: 5.400e-04, Lower probs: 0.000e+00
No. of non-dominant refs: 16656, Survival refs: 16651, Failure refs: 5
Batch update: 48 refs added, 0 existing refs removed (0 new refs dominated)
Survival: 48 refs added, 0 removed (from 48 candidates)
Updated sys_vals: [0, 1]
---
Round: 349, Unk. prob.: 9.994e-01
Upper probs: 5.700e-04, Lower probs: 0.000e+00
No. of non-dominant refs: 16704, Survival refs: 16699, Failure refs: 5
Batch update: 48 refs added, 0 existing refs removed (0 new refs dominated)
Survival: 48 refs added, 0 removed (from 48 candidates)
Updated sys_vals: [0, 1]
---
Round: 350, Unk. prob.: 9.994e-01
Upper probs: 6.400e-04, Lower probs: 0.000e+00
No. of non-dominant refs: 16752, Survival refs: 16747, Failure refs: 5
Batch update: 48 refs added, 0 existing refs removed (0 new refs dominated)
Survival: 48 refs added, 0 removed (from 48 candidates)
Updated sys_vals: [0, 1]
---
Round: 351, Unk. prob.: 9.995e-01
Upper probs: 5.400e-04, Lower probs: 0.000e+00
No. of non-dominant refs: 16800, Survival refs: 16795, Failure refs: 5
Batch update: 48 refs added, 0 existing refs removed (0 new refs dominated)
Survival: 48 refs added, 0 removed (from 48 candidates)
Updated sys_vals: [0, 1]
---
Round: 352, Unk. prob.: 9.994e-01
Upper probs: 6.100e-04, Lower probs: 0.000e+00
No. of non-dominant refs: 16848, Survival refs: 16843, Failure refs: 5
Batch update: 48 refs added, 0 existing refs removed (0 new refs dominated)
Survival: 48 refs added, 0 removed (from 48 candidates)
Updated sys_vals: [0, 1]
---
Round: 353, Unk. prob.: 9.994e-01
Upper probs: 5.600e-04, Lower probs: 0.000e+00
No. of non-dominant refs: 16896, Survival refs: 16891, Failure refs: 5
Batch update: 48 refs added, 0 existing refs removed (0 new refs dominated)
Survival: 48 refs added, 0 removed (from 48 candidates)
Updated sys_vals: [0, 1]
---
Round: 354, Unk. prob.: 9.995e-01
Upper probs: 5.400e-04, Lower probs: 0.000e+00
No. of non-dominant refs: 16944, Survival refs: 16939, Failure refs: 5
Batch update: 48 refs added, 0 existing refs removed (0 new refs dominated)
Survival: 48 refs added, 0 removed (from 48 candidates)
Updated sys_vals: [0, 1]
---
Round: 355, Unk. prob.: 9.994e-01
Upper probs: 6.300e-04, Lower probs: 0.000e+00
No. of non-dominant refs: 16992, Survival refs: 16987, Failure refs: 5
Batch update: 48 refs added, 0 existing refs removed (0 new refs dominated)
Survival: 48 refs added, 0 removed (from 48 candidates)
Updated sys_vals: [0, 1]
---
Round: 356, Unk. prob.: 9.995e-01
Upper probs: 5.100e-04, Lower probs: 0.000e+00
No. of non-dominant refs: 17040, Survival refs: 17035, Failure refs: 5
Batch update: 48 refs added, 0 existing refs removed (0 new refs dominated)
Survival: 48 refs added, 0 removed (from 48 candidates)
Updated sys_vals: [0, 1]
---
Round: 357, Unk. prob.: 9.993e-01
Upper probs: 6.700e-04, Lower probs: 0.000e+00
No. of non-dominant refs: 17088, Survival refs: 17083, Failure refs: 5
Batch update: 48 refs added, 0 existing refs removed (0 new refs dominated)
Survival: 48 refs added, 0 removed (from 48 candidates)
Updated sys_vals: [0, 1]
---
Round: 358, Unk. prob.: 9.992e-01
Upper probs: 7.600e-04, Lower probs: 0.000e+00
No. of non-dominant refs: 17136, Survival refs: 17131, Failure refs: 5
Batch update: 48 refs added, 0 existing refs removed (0 new refs dominated)
Survival: 48 refs added, 0 removed (from 48 candidates)
Updated sys_vals: [0, 1]
---
Round: 359, Unk. prob.: 9.995e-01
Upper probs: 5.400e-04, Lower probs: 0.000e+00
No. of non-dominant refs: 17184, Survival refs: 17179, Failure refs: 5
Batch update: 48 refs added, 0 existing refs removed (0 new refs dominated)
Survival: 48 refs added, 0 removed (from 48 candidates)
Updated sys_vals: [0, 1]
---
Round: 360, Unk. prob.: 9.995e-01
Upper probs: 4.900e-04, Lower probs: 0.000e+00
No. of non-dominant refs: 17232, Survival refs: 17227, Failure refs: 5
Batch update: 48 refs added, 0 existing refs removed (0 new refs dominated)
Survival: 48 refs added, 0 removed (from 48 candidates)
Updated sys_vals: [0, 1]
---
Round: 361, Unk. prob.: 9.994e-01
Upper probs: 5.800e-04, Lower probs: 0.000e+00
No. of non-dominant refs: 17280, Survival refs: 17275, Failure refs: 5
Batch update: 48 refs added, 0 existing refs removed (0 new refs dominated)
Survival: 48 refs added, 0 removed (from 48 candidates)
Updated sys_vals: [0, 1]
---
Round: 362, Unk. prob.: 9.994e-01
Upper probs: 6.400e-04, Lower probs: 0.000e+00
No. of non-dominant refs: 17328, Survival refs: 17323, Failure refs: 5
Batch update: 48 refs added, 0 existing refs removed (0 new refs dominated)
Survival: 48 refs added, 0 removed (from 48 candidates)
Updated sys_vals: [0, 1]
---
Round: 363, Unk. prob.: 9.995e-01
Upper probs: 5.300e-04, Lower probs: 0.000e+00
No. of non-dominant refs: 17376, Survival refs: 17371, Failure refs: 5
Batch update: 48 refs added, 0 existing refs removed (0 new refs dominated)
Survival: 48 refs added, 0 removed (from 48 candidates)
Updated sys_vals: [0, 1]
---
Round: 364, Unk. prob.: 9.994e-01
Upper probs: 6.100e-04, Lower probs: 0.000e+00
No. of non-dominant refs: 17424, Survival refs: 17419, Failure refs: 5
Batch update: 48 refs added, 0 existing refs removed (0 new refs dominated)
Survival: 48 refs added, 0 removed (from 48 candidates)
Updated sys_vals: [0, 1]
---
Round: 365, Unk. prob.: 9.994e-01
Upper probs: 5.900e-04, Lower probs: 0.000e+00
No. of non-dominant refs: 17472, Survival refs: 17467, Failure refs: 5
Batch update: 48 refs added, 0 existing refs removed (0 new refs dominated)
Survival: 48 refs added, 0 removed (from 48 candidates)
Updated sys_vals: [0, 1]
---
Round: 366, Unk. prob.: 9.994e-01
Upper probs: 5.800e-04, Lower probs: 0.000e+00
No. of non-dominant refs: 17520, Survival refs: 17515, Failure refs: 5
Batch update: 48 refs added, 0 existing refs removed (0 new refs dominated)
Survival: 48 refs added, 0 removed (from 48 candidates)
Updated sys_vals: [0, 1]
---
Round: 367, Unk. prob.: 9.994e-01
Upper probs: 5.500e-04, Lower probs: 0.000e+00
No. of non-dominant refs: 17568, Survival refs: 17563, Failure refs: 5
Batch update: 48 refs added, 0 existing refs removed (0 new refs dominated)
Survival: 48 refs added, 0 removed (from 48 candidates)
Updated sys_vals: [0, 1]
---
Round: 368, Unk. prob.: 9.992e-01
Upper probs: 7.600e-04, Lower probs: 0.000e+00
No. of non-dominant refs: 17616, Survival refs: 17611, Failure refs: 5
Batch update: 48 refs added, 0 existing refs removed (0 new refs dominated)
Survival: 48 refs added, 0 removed (from 48 candidates)
Updated sys_vals: [0, 1]
---
Round: 369, Unk. prob.: 9.992e-01
Upper probs: 7.900e-04, Lower probs: 0.000e+00
No. of non-dominant refs: 17664, Survival refs: 17659, Failure refs: 5
Batch update: 48 refs added, 0 existing refs removed (0 new refs dominated)
Survival: 48 refs added, 0 removed (from 48 candidates)
Updated sys_vals: [0, 1]
---
Round: 370, Unk. prob.: 9.994e-01
Upper probs: 5.800e-04, Lower probs: 0.000e+00
No. of non-dominant refs: 17712, Survival refs: 17707, Failure refs: 5
Batch update: 48 refs added, 0 existing refs removed (0 new refs dominated)
Survival: 48 refs added, 0 removed (from 48 candidates)
Updated sys_vals: [0, 1]
---
Round: 371, Unk. prob.: 9.993e-01
Upper probs: 6.900e-04, Lower probs: 0.000e+00
No. of non-dominant refs: 17760, Survival refs: 17755, Failure refs: 5
Batch update: 48 refs added, 0 existing refs removed (0 new refs dominated)
Survival: 48 refs added, 0 removed (from 48 candidates)
Updated sys_vals: [0, 1]
---
Round: 372, Unk. prob.: 9.994e-01
Upper probs: 6.000e-04, Lower probs: 0.000e+00
No. of non-dominant refs: 17808, Survival refs: 17803, Failure refs: 5
Batch update: 48 refs added, 0 existing refs removed (0 new refs dominated)
Survival: 48 refs added, 0 removed (from 48 candidates)
Updated sys_vals: [0, 1]
---
Round: 373, Unk. prob.: 9.995e-01
Upper probs: 5.100e-04, Lower probs: 0.000e+00
No. of non-dominant refs: 17856, Survival refs: 17851, Failure refs: 5
Batch update: 48 refs added, 0 existing refs removed (0 new refs dominated)
Survival: 48 refs added, 0 removed (from 48 candidates)
Updated sys_vals: [0, 1]
---
Round: 374, Unk. prob.: 9.994e-01
Upper probs: 5.800e-04, Lower probs: 0.000e+00
No. of non-dominant refs: 17904, Survival refs: 17899, Failure refs: 5
Batch update: 48 refs added, 0 existing refs removed (0 new refs dominated)
Survival: 48 refs added, 0 removed (from 48 candidates)
Updated sys_vals: [0, 1]
---
Round: 375, Unk. prob.: 9.994e-01
Upper probs: 6.400e-04, Lower probs: 0.000e+00
No. of non-dominant refs: 17952, Survival refs: 17947, Failure refs: 5
Batch update: 48 refs added, 0 existing refs removed (0 new refs dominated)
Survival: 48 refs added, 0 removed (from 48 candidates)
Updated sys_vals: [0, 1]
---
Round: 376, Unk. prob.: 9.995e-01
Upper probs: 5.400e-04, Lower probs: 0.000e+00
No. of non-dominant refs: 18000, Survival refs: 17995, Failure refs: 5
Batch update: 48 refs added, 0 existing refs removed (0 new refs dominated)
Survival: 48 refs added, 0 removed (from 48 candidates)
Updated sys_vals: [0, 1]
---
Round: 377, Unk. prob.: 9.994e-01
Upper probs: 5.600e-04, Lower probs: 0.000e+00
No. of non-dominant refs: 18048, Survival refs: 18043, Failure refs: 5
Batch update: 48 refs added, 0 existing refs removed (0 new refs dominated)
Survival: 48 refs added, 0 removed (from 48 candidates)
Updated sys_vals: [0, 1]
---
Round: 378, Unk. prob.: 9.994e-01
Upper probs: 6.200e-04, Lower probs: 0.000e+00
No. of non-dominant refs: 18096, Survival refs: 18091, Failure refs: 5
Batch update: 48 refs added, 0 existing refs removed (0 new refs dominated)
Survival: 48 refs added, 0 removed (from 48 candidates)
Updated sys_vals: [0, 1]
---
Round: 379, Unk. prob.: 9.994e-01
Upper probs: 5.500e-04, Lower probs: 0.000e+00
No. of non-dominant refs: 18144, Survival refs: 18139, Failure refs: 5
Batch update: 48 refs added, 0 existing refs removed (0 new refs dominated)
Survival: 48 refs added, 0 removed (from 48 candidates)
Updated sys_vals: [0, 1]
---
Round: 380, Unk. prob.: 9.994e-01
Upper probs: 5.800e-04, Lower probs: 0.000e+00
No. of non-dominant refs: 18192, Survival refs: 18187, Failure refs: 5
Batch update: 48 refs added, 0 existing refs removed (0 new refs dominated)
Survival: 48 refs added, 0 removed (from 48 candidates)
Updated sys_vals: [0, 1]
---
Round: 381, Unk. prob.: 9.994e-01
Upper probs: 5.700e-04, Lower probs: 0.000e+00
No. of non-dominant refs: 18240, Survival refs: 18235, Failure refs: 5
Batch update: 48 refs added, 0 existing refs removed (0 new refs dominated)
Survival: 48 refs added, 0 removed (from 48 candidates)
Updated sys_vals: [0, 1]
---
Round: 382, Unk. prob.: 9.994e-01
Upper probs: 6.200e-04, Lower probs: 0.000e+00
No. of non-dominant refs: 18288, Survival refs: 18283, Failure refs: 5
Batch update: 48 refs added, 0 existing refs removed (0 new refs dominated)
Survival: 48 refs added, 0 removed (from 48 candidates)
Updated sys_vals: [0, 1]
---
Round: 383, Unk. prob.: 9.992e-01
Upper probs: 8.000e-04, Lower probs: 0.000e+00
No. of non-dominant refs: 18336, Survival refs: 18331, Failure refs: 5
Batch update: 48 refs added, 0 existing refs removed (0 new refs dominated)
Survival: 48 refs added, 0 removed (from 48 candidates)
Updated sys_vals: [0, 1]
---
Round: 384, Unk. prob.: 9.993e-01
Upper probs: 6.900e-04, Lower probs: 0.000e+00
No. of non-dominant refs: 18384, Survival refs: 18379, Failure refs: 5
Batch update: 48 refs added, 0 existing refs removed (0 new refs dominated)
Survival: 48 refs added, 0 removed (from 48 candidates)
Updated sys_vals: [0, 1]
---
Round: 385, Unk. prob.: 9.994e-01
Upper probs: 6.300e-04, Lower probs: 0.000e+00
No. of non-dominant refs: 18432, Survival refs: 18427, Failure refs: 5
Batch update: 48 refs added, 0 existing refs removed (0 new refs dominated)
Survival: 48 refs added, 0 removed (from 48 candidates)
Updated sys_vals: [0, 1]
---
Round: 386, Unk. prob.: 9.995e-01
Upper probs: 5.200e-04, Lower probs: 0.000e+00
No. of non-dominant refs: 18480, Survival refs: 18475, Failure refs: 5
Batch update: 48 refs added, 0 existing refs removed (0 new refs dominated)
Survival: 48 refs added, 0 removed (from 48 candidates)
Updated sys_vals: [0, 1]
---
Round: 387, Unk. prob.: 9.992e-01
Upper probs: 8.000e-04, Lower probs: 0.000e+00
No. of non-dominant refs: 18528, Survival refs: 18523, Failure refs: 5
Batch update: 48 refs added, 0 existing refs removed (0 new refs dominated)
Survival: 48 refs added, 0 removed (from 48 candidates)
Updated sys_vals: [0, 1]
---
Round: 388, Unk. prob.: 9.994e-01
Upper probs: 5.500e-04, Lower probs: 0.000e+00
No. of non-dominant refs: 18576, Survival refs: 18571, Failure refs: 5
Batch update: 48 refs added, 0 existing refs removed (0 new refs dominated)
Survival: 48 refs added, 0 removed (from 48 candidates)
Updated sys_vals: [0, 1]
---
Round: 389, Unk. prob.: 9.993e-01
Upper probs: 6.500e-04, Lower probs: 0.000e+00
No. of non-dominant refs: 18624, Survival refs: 18619, Failure refs: 5
Batch update: 48 refs added, 0 existing refs removed (0 new refs dominated)
Survival: 48 refs added, 0 removed (from 48 candidates)
Updated sys_vals: [0, 1]
---
Round: 390, Unk. prob.: 9.994e-01
Upper probs: 5.500e-04, Lower probs: 0.000e+00
No. of non-dominant refs: 18672, Survival refs: 18667, Failure refs: 5
Batch update: 48 refs added, 0 existing refs removed (0 new refs dominated)
Survival: 48 refs added, 0 removed (from 48 candidates)
Updated sys_vals: [0, 1]
---
Round: 391, Unk. prob.: 9.994e-01
Upper probs: 6.400e-04, Lower probs: 0.000e+00
No. of non-dominant refs: 18720, Survival refs: 18715, Failure refs: 5
Batch update: 48 refs added, 0 existing refs removed (0 new refs dominated)
Survival: 48 refs added, 0 removed (from 48 candidates)
Updated sys_vals: [0, 1]
---
Round: 392, Unk. prob.: 9.993e-01
Upper probs: 7.300e-04, Lower probs: 0.000e+00
No. of non-dominant refs: 18768, Survival refs: 18763, Failure refs: 5
Batch update: 48 refs added, 0 existing refs removed (0 new refs dominated)
Survival: 48 refs added, 0 removed (from 48 candidates)
Updated sys_vals: [0, 1]
---
Round: 393, Unk. prob.: 9.995e-01
Upper probs: 5.100e-04, Lower probs: 0.000e+00
No. of non-dominant refs: 18816, Survival refs: 18811, Failure refs: 5
Batch update: 48 refs added, 0 existing refs removed (0 new refs dominated)
Survival: 48 refs added, 0 removed (from 48 candidates)
Updated sys_vals: [0, 1]
---
Round: 394, Unk. prob.: 9.995e-01
Upper probs: 5.100e-04, Lower probs: 0.000e+00
No. of non-dominant refs: 18864, Survival refs: 18859, Failure refs: 5
Batch update: 48 refs added, 0 existing refs removed (0 new refs dominated)
Survival: 48 refs added, 0 removed (from 48 candidates)
Updated sys_vals: [0, 1]
---
Round: 395, Unk. prob.: 9.994e-01
Upper probs: 5.600e-04, Lower probs: 0.000e+00
No. of non-dominant refs: 18912, Survival refs: 18907, Failure refs: 5
Batch update: 48 refs added, 0 existing refs removed (0 new refs dominated)
Survival: 48 refs added, 0 removed (from 48 candidates)
Updated sys_vals: [0, 1]
---
Round: 396, Unk. prob.: 9.994e-01
Upper probs: 5.900e-04, Lower probs: 0.000e+00
No. of non-dominant refs: 18960, Survival refs: 18955, Failure refs: 5
Batch update: 48 refs added, 0 existing refs removed (0 new refs dominated)
Survival: 48 refs added, 0 removed (from 48 candidates)
Updated sys_vals: [0, 1]
---
Round: 397, Unk. prob.: 9.992e-01
Upper probs: 7.700e-04, Lower probs: 0.000e+00
No. of non-dominant refs: 19008, Survival refs: 19003, Failure refs: 5
Batch update: 48 refs added, 0 existing refs removed (0 new refs dominated)
Survival: 48 refs added, 0 removed (from 48 candidates)
Updated sys_vals: [0, 1]
---
Round: 398, Unk. prob.: 9.994e-01
Upper probs: 6.400e-04, Lower probs: 0.000e+00
No. of non-dominant refs: 19056, Survival refs: 19051, Failure refs: 5
Batch update: 48 refs added, 0 existing refs removed (0 new refs dominated)
Survival: 48 refs added, 0 removed (from 48 candidates)
Updated sys_vals: [0, 1]
---
Round: 399, Unk. prob.: 9.993e-01
Upper probs: 7.300e-04, Lower probs: 0.000e+00
No. of non-dominant refs: 19104, Survival refs: 19099, Failure refs: 5
Batch update: 48 refs added, 0 existing refs removed (0 new refs dominated)
Survival: 48 refs added, 0 removed (from 48 candidates)
Updated sys_vals: [0, 1]
---
Round: 400, Unk. prob.: 9.994e-01
Upper probs: 6.000e-04, Lower probs: 0.000e+00
No. of non-dominant refs: 19152, Survival refs: 19147, Failure refs: 5
Batch update: 48 refs added, 0 existing refs removed (0 new refs dominated)
Survival: 48 refs added, 0 removed (from 48 candidates)
Updated sys_vals: [0, 1]
---
Round: 401, Unk. prob.: 9.994e-01
Upper probs: 5.800e-04, Lower probs: 0.000e+00
No. of non-dominant refs: 19200, Survival refs: 19195, Failure refs: 5
Batch update: 48 refs added, 0 existing refs removed (0 new refs dominated)
Survival: 48 refs added, 0 removed (from 48 candidates)
Updated sys_vals: [0, 1]
---
Round: 402, Unk. prob.: 9.993e-01
Upper probs: 6.800e-04, Lower probs: 0.000e+00
No. of non-dominant refs: 19248, Survival refs: 19243, Failure refs: 5
Batch update: 48 refs added, 0 existing refs removed (0 new refs dominated)
Survival: 48 refs added, 0 removed (from 48 candidates)
Updated sys_vals: [0, 1]
---
Round: 403, Unk. prob.: 9.995e-01
Upper probs: 5.400e-04, Lower probs: 0.000e+00
No. of non-dominant refs: 19296, Survival refs: 19291, Failure refs: 5
Batch update: 48 refs added, 0 existing refs removed (0 new refs dominated)
Survival: 48 refs added, 0 removed (from 48 candidates)
Updated sys_vals: [0, 1]
---
Round: 404, Unk. prob.: 9.994e-01
Upper probs: 6.100e-04, Lower probs: 0.000e+00
No. of non-dominant refs: 19344, Survival refs: 19339, Failure refs: 5
Batch update: 48 refs added, 0 existing refs removed (0 new refs dominated)
Survival: 48 refs added, 0 removed (from 48 candidates)
Updated sys_vals: [0, 1]
---
Round: 405, Unk. prob.: 9.994e-01
Upper probs: 6.300e-04, Lower probs: 0.000e+00
No. of non-dominant refs: 19392, Survival refs: 19387, Failure refs: 5
Batch update: 48 refs added, 0 existing refs removed (0 new refs dominated)
Survival: 48 refs added, 0 removed (from 48 candidates)
Updated sys_vals: [0, 1]
---
Round: 406, Unk. prob.: 9.994e-01
Upper probs: 6.200e-04, Lower probs: 0.000e+00
No. of non-dominant refs: 19440, Survival refs: 19435, Failure refs: 5
Batch update: 48 refs added, 0 existing refs removed (0 new refs dominated)
Survival: 48 refs added, 0 removed (from 48 candidates)
Updated sys_vals: [0, 1]
---
Round: 407, Unk. prob.: 9.994e-01
Upper probs: 6.200e-04, Lower probs: 0.000e+00
No. of non-dominant refs: 19488, Survival refs: 19483, Failure refs: 5
Batch update: 48 refs added, 0 existing refs removed (0 new refs dominated)
Survival: 48 refs added, 0 removed (from 48 candidates)
Updated sys_vals: [0, 1]
---
Round: 408, Unk. prob.: 9.993e-01
Upper probs: 6.800e-04, Lower probs: 0.000e+00
No. of non-dominant refs: 19536, Survival refs: 19531, Failure refs: 5
Batch update: 48 refs added, 0 existing refs removed (0 new refs dominated)
Survival: 48 refs added, 0 removed (from 48 candidates)
Updated sys_vals: [0, 1]
---
Round: 409, Unk. prob.: 9.994e-01
Upper probs: 5.800e-04, Lower probs: 0.000e+00
No. of non-dominant refs: 19584, Survival refs: 19579, Failure refs: 5
Batch update: 48 refs added, 0 existing refs removed (0 new refs dominated)
Survival: 48 refs added, 0 removed (from 48 candidates)
Updated sys_vals: [0, 1]
---
Round: 410, Unk. prob.: 9.993e-01
Upper probs: 6.900e-04, Lower probs: 0.000e+00
No. of non-dominant refs: 19632, Survival refs: 19627, Failure refs: 5
Batch update: 48 refs added, 0 existing refs removed (0 new refs dominated)
Survival: 48 refs added, 0 removed (from 48 candidates)
Updated sys_vals: [0, 1]
---
Round: 411, Unk. prob.: 9.994e-01
Upper probs: 6.000e-04, Lower probs: 0.000e+00
No. of non-dominant refs: 19680, Survival refs: 19675, Failure refs: 5
Batch update: 48 refs added, 0 existing refs removed (0 new refs dominated)
Survival: 48 refs added, 0 removed (from 48 candidates)
Updated sys_vals: [0, 1]
---
Round: 412, Unk. prob.: 9.994e-01
Upper probs: 6.000e-04, Lower probs: 0.000e+00
No. of non-dominant refs: 19728, Survival refs: 19723, Failure refs: 5
Batch update: 48 refs added, 0 existing refs removed (0 new refs dominated)
Survival: 48 refs added, 0 removed (from 48 candidates)
Updated sys_vals: [0, 1]
---
Round: 413, Unk. prob.: 9.993e-01
Upper probs: 7.100e-04, Lower probs: 0.000e+00
No. of non-dominant refs: 19776, Survival refs: 19771, Failure refs: 5
Batch update: 48 refs added, 0 existing refs removed (0 new refs dominated)
Survival: 48 refs added, 0 removed (from 48 candidates)
Updated sys_vals: [0, 1]
---
Round: 414, Unk. prob.: 9.993e-01
Upper probs: 7.200e-04, Lower probs: 0.000e+00
No. of non-dominant refs: 19824, Survival refs: 19819, Failure refs: 5
Batch update: 48 refs added, 0 existing refs removed (0 new refs dominated)
Survival: 48 refs added, 0 removed (from 48 candidates)
Updated sys_vals: [0, 1]
---
Round: 415, Unk. prob.: 9.994e-01
Upper probs: 5.800e-04, Lower probs: 0.000e+00
No. of non-dominant refs: 19872, Survival refs: 19867, Failure refs: 5
Batch update: 48 refs added, 0 existing refs removed (0 new refs dominated)
Survival: 48 refs added, 0 removed (from 48 candidates)
Updated sys_vals: [0, 1]
---
Round: 416, Unk. prob.: 9.993e-01
Upper probs: 7.100e-04, Lower probs: 0.000e+00
No. of non-dominant refs: 19920, Survival refs: 19915, Failure refs: 5
Batch update: 48 refs added, 0 existing refs removed (0 new refs dominated)
Survival: 48 refs added, 0 removed (from 48 candidates)
Updated sys_vals: [0, 1]
---
Round: 417, Unk. prob.: 9.993e-01
Upper probs: 7.000e-04, Lower probs: 0.000e+00
No. of non-dominant refs: 19968, Survival refs: 19963, Failure refs: 5
Batch update: 48 refs added, 0 existing refs removed (0 new refs dominated)
Survival: 48 refs added, 0 removed (from 48 candidates)
Updated sys_vals: [0, 1]
---
Round: 418, Unk. prob.: 9.992e-01
Upper probs: 7.800e-04, Lower probs: 0.000e+00
No. of non-dominant refs: 20016, Survival refs: 20011, Failure refs: 5
Batch update: 48 refs added, 0 existing refs removed (0 new refs dominated)
Survival: 48 refs added, 0 removed (from 48 candidates)
Updated sys_vals: [0, 1]
---
Round: 419, Unk. prob.: 9.991e-01
Upper probs: 8.800e-04, Lower probs: 0.000e+00
No. of non-dominant refs: 20064, Survival refs: 20059, Failure refs: 5
Batch update: 48 refs added, 0 existing refs removed (0 new refs dominated)
Survival: 48 refs added, 0 removed (from 48 candidates)
Updated sys_vals: [0, 1]
---
Round: 420, Unk. prob.: 9.992e-01
Upper probs: 8.300e-04, Lower probs: 0.000e+00
No. of non-dominant refs: 20112, Survival refs: 20107, Failure refs: 5
Batch update: 48 refs added, 0 existing refs removed (0 new refs dominated)
Survival: 48 refs added, 0 removed (from 48 candidates)
Updated sys_vals: [0, 1]
---
Round: 421, Unk. prob.: 9.993e-01
Upper probs: 7.000e-04, Lower probs: 0.000e+00
No. of non-dominant refs: 20160, Survival refs: 20155, Failure refs: 5
Batch update: 48 refs added, 0 existing refs removed (0 new refs dominated)
Survival: 48 refs added, 0 removed (from 48 candidates)
Updated sys_vals: [0, 1]
---
Round: 422, Unk. prob.: 9.994e-01
Upper probs: 6.200e-04, Lower probs: 0.000e+00
No. of non-dominant refs: 20208, Survival refs: 20203, Failure refs: 5
Batch update: 48 refs added, 0 existing refs removed (0 new refs dominated)
Survival: 48 refs added, 0 removed (from 48 candidates)
Updated sys_vals: [0, 1]
---
Round: 423, Unk. prob.: 9.992e-01
Upper probs: 7.700e-04, Lower probs: 0.000e+00
No. of non-dominant refs: 20256, Survival refs: 20251, Failure refs: 5
Batch update: 48 refs added, 0 existing refs removed (0 new refs dominated)
Survival: 48 refs added, 0 removed (from 48 candidates)
Updated sys_vals: [0, 1]
---
Round: 424, Unk. prob.: 9.992e-01
Upper probs: 7.700e-04, Lower probs: 0.000e+00
No. of non-dominant refs: 20304, Survival refs: 20299, Failure refs: 5
Batch update: 48 refs added, 0 existing refs removed (0 new refs dominated)
Survival: 48 refs added, 0 removed (from 48 candidates)
Updated sys_vals: [0, 1]
---
Round: 425, Unk. prob.: 9.994e-01
Upper probs: 6.000e-04, Lower probs: 0.000e+00
No. of non-dominant refs: 20352, Survival refs: 20347, Failure refs: 5
Batch update: 48 refs added, 0 existing refs removed (0 new refs dominated)
Survival: 48 refs added, 0 removed (from 48 candidates)
Updated sys_vals: [0, 1]
---
Round: 426, Unk. prob.: 9.994e-01
Upper probs: 6.100e-04, Lower probs: 0.000e+00
No. of non-dominant refs: 20400, Survival refs: 20395, Failure refs: 5
Batch update: 48 refs added, 0 existing refs removed (0 new refs dominated)
Survival: 48 refs added, 0 removed (from 48 candidates)
Updated sys_vals: [0, 1]
---
Round: 427, Unk. prob.: 9.992e-01
Upper probs: 7.500e-04, Lower probs: 0.000e+00
No. of non-dominant refs: 20448, Survival refs: 20443, Failure refs: 5
Batch update: 48 refs added, 0 existing refs removed (0 new refs dominated)
Survival: 48 refs added, 0 removed (from 48 candidates)
Updated sys_vals: [0, 1]
---
Round: 428, Unk. prob.: 9.994e-01
Upper probs: 5.500e-04, Lower probs: 0.000e+00
No. of non-dominant refs: 20496, Survival refs: 20491, Failure refs: 5
Batch update: 48 refs added, 0 existing refs removed (0 new refs dominated)
Survival: 48 refs added, 0 removed (from 48 candidates)
Updated sys_vals: [0, 1]
---
Round: 429, Unk. prob.: 9.992e-01
Upper probs: 7.800e-04, Lower probs: 0.000e+00
No. of non-dominant refs: 20544, Survival refs: 20539, Failure refs: 5
Batch update: 48 refs added, 0 existing refs removed (0 new refs dominated)
Survival: 48 refs added, 0 removed (from 48 candidates)
Updated sys_vals: [0, 1]
---
Round: 430, Unk. prob.: 9.994e-01
Upper probs: 5.800e-04, Lower probs: 0.000e+00
No. of non-dominant refs: 20592, Survival refs: 20587, Failure refs: 5
Batch update: 48 refs added, 0 existing refs removed (0 new refs dominated)
Survival: 48 refs added, 0 removed (from 48 candidates)
Updated sys_vals: [0, 1]
---
Round: 431, Unk. prob.: 9.993e-01
Upper probs: 6.800e-04, Lower probs: 0.000e+00
No. of non-dominant refs: 20640, Survival refs: 20635, Failure refs: 5
Batch update: 48 refs added, 0 existing refs removed (0 new refs dominated)
Survival: 48 refs added, 0 removed (from 48 candidates)
Updated sys_vals: [0, 1]
---
Round: 432, Unk. prob.: 9.993e-01
Upper probs: 6.700e-04, Lower probs: 0.000e+00
No. of non-dominant refs: 20688, Survival refs: 20683, Failure refs: 5
Batch update: 48 refs added, 0 existing refs removed (0 new refs dominated)
Survival: 48 refs added, 0 removed (from 48 candidates)
Updated sys_vals: [0, 1]
---
Round: 433, Unk. prob.: 9.992e-01
Upper probs: 7.900e-04, Lower probs: 0.000e+00
No. of non-dominant refs: 20736, Survival refs: 20731, Failure refs: 5
Batch update: 48 refs added, 0 existing refs removed (0 new refs dominated)
Survival: 48 refs added, 0 removed (from 48 candidates)
Updated sys_vals: [0, 1]
---
Round: 434, Unk. prob.: 9.993e-01
Upper probs: 7.000e-04, Lower probs: 0.000e+00
No. of non-dominant refs: 20784, Survival refs: 20779, Failure refs: 5
Batch update: 48 refs added, 0 existing refs removed (0 new refs dominated)
Survival: 48 refs added, 0 removed (from 48 candidates)
Updated sys_vals: [0, 1]
---
Round: 435, Unk. prob.: 9.992e-01
Upper probs: 8.400e-04, Lower probs: 0.000e+00
No. of non-dominant refs: 20832, Survival refs: 20827, Failure refs: 5
Batch update: 48 refs added, 0 existing refs removed (0 new refs dominated)
Survival: 48 refs added, 0 removed (from 48 candidates)
Updated sys_vals: [0, 1]
---
Round: 436, Unk. prob.: 9.994e-01
Upper probs: 6.000e-04, Lower probs: 0.000e+00
No. of non-dominant refs: 20880, Survival refs: 20875, Failure refs: 5
Batch update: 48 refs added, 0 existing refs removed (0 new refs dominated)
Survival: 48 refs added, 0 removed (from 48 candidates)
Updated sys_vals: [0, 1]
---
Round: 437, Unk. prob.: 9.992e-01
Upper probs: 8.300e-04, Lower probs: 0.000e+00
No. of non-dominant refs: 20928, Survival refs: 20923, Failure refs: 5
Batch update: 48 refs added, 0 existing refs removed (0 new refs dominated)
Survival: 48 refs added, 0 removed (from 48 candidates)
Updated sys_vals: [0, 1]
---
Round: 438, Unk. prob.: 9.993e-01
Upper probs: 7.100e-04, Lower probs: 0.000e+00
No. of non-dominant refs: 20976, Survival refs: 20971, Failure refs: 5
Batch update: 48 refs added, 0 existing refs removed (0 new refs dominated)
Survival: 48 refs added, 0 removed (from 48 candidates)
Updated sys_vals: [0, 1]
---
Round: 439, Unk. prob.: 9.994e-01
Upper probs: 5.900e-04, Lower probs: 0.000e+00
No. of non-dominant refs: 21024, Survival refs: 21019, Failure refs: 5
Batch update: 47 refs added, 0 existing refs removed (0 new refs dominated)
Survival: 47 refs added, 0 removed (from 47 candidates)
Batch update: 1 refs added, 0 existing refs removed (0 new refs dominated)
Failure: 1 refs added, 0 removed (from 1 candidates)
Updated sys_vals: [0, 1]
---
Round: 440, Unk. prob.: 9.993e-01
Upper probs: 6.700e-04, Lower probs: 0.000e+00
No. of non-dominant refs: 21072, Survival refs: 21066, Failure refs: 6
Batch update: 48 refs added, 0 existing refs removed (0 new refs dominated)
Survival: 48 refs added, 0 removed (from 48 candidates)
Updated sys_vals: [0, 1]
---
Round: 441, Unk. prob.: 9.991e-01
Upper probs: 9.000e-04, Lower probs: 0.000e+00
No. of non-dominant refs: 21120, Survival refs: 21114, Failure refs: 6
Batch update: 48 refs added, 0 existing refs removed (0 new refs dominated)
Survival: 48 refs added, 0 removed (from 48 candidates)
Updated sys_vals: [0, 1]
---
Round: 442, Unk. prob.: 9.992e-01
Upper probs: 7.700e-04, Lower probs: 0.000e+00
No. of non-dominant refs: 21168, Survival refs: 21162, Failure refs: 6
Batch update: 48 refs added, 0 existing refs removed (0 new refs dominated)
Survival: 48 refs added, 0 removed (from 48 candidates)
Updated sys_vals: [0, 1]
---
Round: 443, Unk. prob.: 9.992e-01
Upper probs: 8.200e-04, Lower probs: 0.000e+00
No. of non-dominant refs: 21216, Survival refs: 21210, Failure refs: 6
Batch update: 48 refs added, 0 existing refs removed (0 new refs dominated)
Survival: 48 refs added, 0 removed (from 48 candidates)
Updated sys_vals: [0, 1]
---
Round: 444, Unk. prob.: 9.992e-01
Upper probs: 7.600e-04, Lower probs: 0.000e+00
No. of non-dominant refs: 21264, Survival refs: 21258, Failure refs: 6
Batch update: 48 refs added, 0 existing refs removed (0 new refs dominated)
Survival: 48 refs added, 0 removed (from 48 candidates)
Updated sys_vals: [0, 1]
---
Round: 445, Unk. prob.: 9.992e-01
Upper probs: 7.500e-04, Lower probs: 0.000e+00
No. of non-dominant refs: 21312, Survival refs: 21306, Failure refs: 6
Batch update: 48 refs added, 0 existing refs removed (0 new refs dominated)
Survival: 48 refs added, 0 removed (from 48 candidates)
Updated sys_vals: [0, 1]
---
Round: 446, Unk. prob.: 9.993e-01
Upper probs: 6.500e-04, Lower probs: 0.000e+00
No. of non-dominant refs: 21360, Survival refs: 21354, Failure refs: 6
Batch update: 48 refs added, 0 existing refs removed (0 new refs dominated)
Survival: 48 refs added, 0 removed (from 48 candidates)
Updated sys_vals: [0, 1]
---
Round: 447, Unk. prob.: 9.993e-01
Upper probs: 7.000e-04, Lower probs: 0.000e+00
No. of non-dominant refs: 21408, Survival refs: 21402, Failure refs: 6
Batch update: 48 refs added, 0 existing refs removed (0 new refs dominated)
Survival: 48 refs added, 0 removed (from 48 candidates)
Updated sys_vals: [0, 1]
---
Round: 448, Unk. prob.: 9.993e-01
Upper probs: 7.200e-04, Lower probs: 0.000e+00
No. of non-dominant refs: 21456, Survival refs: 21450, Failure refs: 6
Batch update: 48 refs added, 0 existing refs removed (0 new refs dominated)
Survival: 48 refs added, 0 removed (from 48 candidates)
Updated sys_vals: [0, 1]
---
Round: 449, Unk. prob.: 9.993e-01
Upper probs: 7.100e-04, Lower probs: 0.000e+00
No. of non-dominant refs: 21504, Survival refs: 21498, Failure refs: 6
Batch update: 48 refs added, 0 existing refs removed (0 new refs dominated)
Survival: 48 refs added, 0 removed (from 48 candidates)
Updated sys_vals: [0, 1]
---
Round: 450, Unk. prob.: 9.991e-01
Upper probs: 8.800e-04, Lower probs: 0.000e+00
No. of non-dominant refs: 21552, Survival refs: 21546, Failure refs: 6
Batch update: 48 refs added, 0 existing refs removed (0 new refs dominated)
Survival: 48 refs added, 0 removed (from 48 candidates)
Updated sys_vals: [0, 1]
---
Round: 451, Unk. prob.: 9.993e-01
Upper probs: 7.100e-04, Lower probs: 0.000e+00
No. of non-dominant refs: 21600, Survival refs: 21594, Failure refs: 6
Batch update: 48 refs added, 0 existing refs removed (0 new refs dominated)
Survival: 48 refs added, 0 removed (from 48 candidates)
Updated sys_vals: [0, 1]
---
Round: 452, Unk. prob.: 9.991e-01
Upper probs: 9.000e-04, Lower probs: 0.000e+00
No. of non-dominant refs: 21648, Survival refs: 21642, Failure refs: 6
Batch update: 48 refs added, 0 existing refs removed (0 new refs dominated)
Survival: 48 refs added, 0 removed (from 48 candidates)
Updated sys_vals: [0, 1]
---
Round: 453, Unk. prob.: 9.992e-01
Upper probs: 8.100e-04, Lower probs: 0.000e+00
No. of non-dominant refs: 21696, Survival refs: 21690, Failure refs: 6
Batch update: 48 refs added, 0 existing refs removed (0 new refs dominated)
Survival: 48 refs added, 0 removed (from 48 candidates)
Updated sys_vals: [0, 1]
---
Round: 454, Unk. prob.: 9.995e-01
Upper probs: 5.100e-04, Lower probs: 0.000e+00
No. of non-dominant refs: 21744, Survival refs: 21738, Failure refs: 6
Batch update: 48 refs added, 0 existing refs removed (0 new refs dominated)
Survival: 48 refs added, 0 removed (from 48 candidates)
Updated sys_vals: [0, 1]
---
Round: 455, Unk. prob.: 9.993e-01
Upper probs: 6.900e-04, Lower probs: 0.000e+00
No. of non-dominant refs: 21792, Survival refs: 21786, Failure refs: 6
Batch update: 48 refs added, 0 existing refs removed (0 new refs dominated)
Survival: 48 refs added, 0 removed (from 48 candidates)
Updated sys_vals: [0, 1]
---
Round: 456, Unk. prob.: 9.993e-01
Upper probs: 6.500e-04, Lower probs: 0.000e+00
No. of non-dominant refs: 21840, Survival refs: 21834, Failure refs: 6
Batch update: 48 refs added, 0 existing refs removed (0 new refs dominated)
Survival: 48 refs added, 0 removed (from 48 candidates)
Updated sys_vals: [0, 1]
---
Round: 457, Unk. prob.: 9.991e-01
Upper probs: 8.500e-04, Lower probs: 0.000e+00
No. of non-dominant refs: 21888, Survival refs: 21882, Failure refs: 6
Batch update: 48 refs added, 0 existing refs removed (0 new refs dominated)
Survival: 48 refs added, 0 removed (from 48 candidates)
Updated sys_vals: [0, 1]
---
Round: 458, Unk. prob.: 9.994e-01
Upper probs: 6.400e-04, Lower probs: 0.000e+00
No. of non-dominant refs: 21936, Survival refs: 21930, Failure refs: 6
Batch update: 48 refs added, 0 existing refs removed (0 new refs dominated)
Survival: 48 refs added, 0 removed (from 48 candidates)
Updated sys_vals: [0, 1]
---
Round: 459, Unk. prob.: 9.992e-01
Upper probs: 7.800e-04, Lower probs: 0.000e+00
No. of non-dominant refs: 21984, Survival refs: 21978, Failure refs: 6
Batch update: 48 refs added, 0 existing refs removed (0 new refs dominated)
Survival: 48 refs added, 0 removed (from 48 candidates)
Updated sys_vals: [0, 1]
---
Round: 460, Unk. prob.: 9.992e-01
Upper probs: 7.500e-04, Lower probs: 0.000e+00
No. of non-dominant refs: 22032, Survival refs: 22026, Failure refs: 6
Batch update: 48 refs added, 0 existing refs removed (0 new refs dominated)
Survival: 48 refs added, 0 removed (from 48 candidates)
Updated sys_vals: [0, 1]
---
Round: 461, Unk. prob.: 9.992e-01
Upper probs: 7.800e-04, Lower probs: 0.000e+00
No. of non-dominant refs: 22080, Survival refs: 22074, Failure refs: 6
Batch update: 48 refs added, 0 existing refs removed (0 new refs dominated)
Survival: 48 refs added, 0 removed (from 48 candidates)
Updated sys_vals: [0, 1]
---
Round: 462, Unk. prob.: 9.991e-01
Upper probs: 8.600e-04, Lower probs: 0.000e+00
No. of non-dominant refs: 22128, Survival refs: 22122, Failure refs: 6
Batch update: 48 refs added, 0 existing refs removed (0 new refs dominated)
Survival: 48 refs added, 0 removed (from 48 candidates)
Updated sys_vals: [0, 1]
---
Round: 463, Unk. prob.: 9.993e-01
Upper probs: 6.700e-04, Lower probs: 0.000e+00
No. of non-dominant refs: 22176, Survival refs: 22170, Failure refs: 6
Batch update: 48 refs added, 0 existing refs removed (0 new refs dominated)
Survival: 48 refs added, 0 removed (from 48 candidates)
Updated sys_vals: [0, 1]
---
Round: 464, Unk. prob.: 9.993e-01
Upper probs: 7.100e-04, Lower probs: 0.000e+00
No. of non-dominant refs: 22224, Survival refs: 22218, Failure refs: 6
Batch update: 48 refs added, 0 existing refs removed (0 new refs dominated)
Survival: 48 refs added, 0 removed (from 48 candidates)
Updated sys_vals: [0, 1]
---
Round: 465, Unk. prob.: 9.993e-01
Upper probs: 7.400e-04, Lower probs: 0.000e+00
No. of non-dominant refs: 22272, Survival refs: 22266, Failure refs: 6
Batch update: 48 refs added, 0 existing refs removed (0 new refs dominated)
Survival: 48 refs added, 0 removed (from 48 candidates)
Updated sys_vals: [0, 1]
---
Round: 466, Unk. prob.: 9.993e-01
Upper probs: 6.700e-04, Lower probs: 0.000e+00
No. of non-dominant refs: 22320, Survival refs: 22314, Failure refs: 6
Batch update: 48 refs added, 0 existing refs removed (0 new refs dominated)
Survival: 48 refs added, 0 removed (from 48 candidates)
Updated sys_vals: [0, 1]
---
Round: 467, Unk. prob.: 9.992e-01
Upper probs: 7.800e-04, Lower probs: 0.000e+00
No. of non-dominant refs: 22368, Survival refs: 22362, Failure refs: 6
Batch update: 48 refs added, 0 existing refs removed (0 new refs dominated)
Survival: 48 refs added, 0 removed (from 48 candidates)
Updated sys_vals: [0, 1]
---
Round: 468, Unk. prob.: 9.991e-01
Upper probs: 8.500e-04, Lower probs: 0.000e+00
No. of non-dominant refs: 22416, Survival refs: 22410, Failure refs: 6
Batch update: 48 refs added, 0 existing refs removed (0 new refs dominated)
Survival: 48 refs added, 0 removed (from 48 candidates)
Updated sys_vals: [0, 1]
---
Round: 469, Unk. prob.: 9.992e-01
Upper probs: 8.200e-04, Lower probs: 0.000e+00
No. of non-dominant refs: 22464, Survival refs: 22458, Failure refs: 6
Batch update: 48 refs added, 0 existing refs removed (0 new refs dominated)
Survival: 48 refs added, 0 removed (from 48 candidates)
Updated sys_vals: [0, 1]
---
Round: 470, Unk. prob.: 9.993e-01
Upper probs: 7.000e-04, Lower probs: 0.000e+00
No. of non-dominant refs: 22512, Survival refs: 22506, Failure refs: 6
Batch update: 48 refs added, 0 existing refs removed (0 new refs dominated)
Survival: 48 refs added, 0 removed (from 48 candidates)
Updated sys_vals: [0, 1]
---
Round: 471, Unk. prob.: 9.992e-01
Upper probs: 7.600e-04, Lower probs: 0.000e+00
No. of non-dominant refs: 22560, Survival refs: 22554, Failure refs: 6
Batch update: 48 refs added, 0 existing refs removed (0 new refs dominated)
Survival: 48 refs added, 0 removed (from 48 candidates)
Updated sys_vals: [0, 1]
---
Round: 472, Unk. prob.: 9.993e-01
Upper probs: 7.000e-04, Lower probs: 0.000e+00
No. of non-dominant refs: 22608, Survival refs: 22602, Failure refs: 6
Batch update: 48 refs added, 0 existing refs removed (0 new refs dominated)
Survival: 48 refs added, 0 removed (from 48 candidates)
Updated sys_vals: [0, 1]
---
Round: 473, Unk. prob.: 9.990e-01
Upper probs: 9.800e-04, Lower probs: 0.000e+00
No. of non-dominant refs: 22656, Survival refs: 22650, Failure refs: 6
Batch update: 48 refs added, 0 existing refs removed (0 new refs dominated)
Survival: 48 refs added, 0 removed (from 48 candidates)
Updated sys_vals: [0, 1]
---
Round: 474, Unk. prob.: 9.992e-01
Upper probs: 8.000e-04, Lower probs: 0.000e+00
No. of non-dominant refs: 22704, Survival refs: 22698, Failure refs: 6
Batch update: 48 refs added, 0 existing refs removed (0 new refs dominated)
Survival: 48 refs added, 0 removed (from 48 candidates)
Updated sys_vals: [0, 1]
---
Round: 475, Unk. prob.: 9.992e-01
Upper probs: 8.100e-04, Lower probs: 0.000e+00
No. of non-dominant refs: 22752, Survival refs: 22746, Failure refs: 6
Batch update: 48 refs added, 0 existing refs removed (0 new refs dominated)
Survival: 48 refs added, 0 removed (from 48 candidates)
Updated sys_vals: [0, 1]
---
Round: 476, Unk. prob.: 9.992e-01
Upper probs: 8.400e-04, Lower probs: 0.000e+00
No. of non-dominant refs: 22800, Survival refs: 22794, Failure refs: 6
Batch update: 48 refs added, 0 existing refs removed (0 new refs dominated)
Survival: 48 refs added, 0 removed (from 48 candidates)
Updated sys_vals: [0, 1]
---
Round: 477, Unk. prob.: 9.991e-01
Upper probs: 8.500e-04, Lower probs: 0.000e+00
No. of non-dominant refs: 22848, Survival refs: 22842, Failure refs: 6
Batch update: 48 refs added, 0 existing refs removed (0 new refs dominated)
Survival: 48 refs added, 0 removed (from 48 candidates)
Updated sys_vals: [0, 1]
---
Round: 478, Unk. prob.: 9.992e-01
Upper probs: 8.400e-04, Lower probs: 0.000e+00
No. of non-dominant refs: 22896, Survival refs: 22890, Failure refs: 6
Batch update: 48 refs added, 0 existing refs removed (0 new refs dominated)
Survival: 48 refs added, 0 removed (from 48 candidates)
Updated sys_vals: [0, 1]
---
Round: 479, Unk. prob.: 9.992e-01
Upper probs: 8.400e-04, Lower probs: 0.000e+00
No. of non-dominant refs: 22944, Survival refs: 22938, Failure refs: 6
Batch update: 48 refs added, 0 existing refs removed (0 new refs dominated)
Survival: 48 refs added, 0 removed (from 48 candidates)
Updated sys_vals: [0, 1]
---
Round: 480, Unk. prob.: 9.992e-01
Upper probs: 7.800e-04, Lower probs: 0.000e+00
No. of non-dominant refs: 22992, Survival refs: 22986, Failure refs: 6
Batch update: 48 refs added, 0 existing refs removed (0 new refs dominated)
Survival: 48 refs added, 0 removed (from 48 candidates)
Updated sys_vals: [0, 1]
---
Round: 481, Unk. prob.: 9.992e-01
Upper probs: 8.400e-04, Lower probs: 0.000e+00
No. of non-dominant refs: 23040, Survival refs: 23034, Failure refs: 6
Batch update: 48 refs added, 0 existing refs removed (0 new refs dominated)
Survival: 48 refs added, 0 removed (from 48 candidates)
Updated sys_vals: [0, 1]
---
Round: 482, Unk. prob.: 9.993e-01
Upper probs: 7.100e-04, Lower probs: 0.000e+00
No. of non-dominant refs: 23088, Survival refs: 23082, Failure refs: 6
Batch update: 48 refs added, 0 existing refs removed (0 new refs dominated)
Survival: 48 refs added, 0 removed (from 48 candidates)
Updated sys_vals: [0, 1]
---
Round: 483, Unk. prob.: 9.992e-01
Upper probs: 8.300e-04, Lower probs: 0.000e+00
No. of non-dominant refs: 23136, Survival refs: 23130, Failure refs: 6
Batch update: 48 refs added, 0 existing refs removed (0 new refs dominated)
Survival: 48 refs added, 0 removed (from 48 candidates)
Updated sys_vals: [0, 1]
---
Round: 484, Unk. prob.: 9.992e-01
Upper probs: 8.400e-04, Lower probs: 0.000e+00
No. of non-dominant refs: 23184, Survival refs: 23178, Failure refs: 6
Batch update: 48 refs added, 0 existing refs removed (0 new refs dominated)
Survival: 48 refs added, 0 removed (from 48 candidates)
Updated sys_vals: [0, 1]
---
Round: 485, Unk. prob.: 9.993e-01
Upper probs: 7.400e-04, Lower probs: 0.000e+00
No. of non-dominant refs: 23232, Survival refs: 23226, Failure refs: 6
Batch update: 48 refs added, 0 existing refs removed (0 new refs dominated)
Survival: 48 refs added, 0 removed (from 48 candidates)
Updated sys_vals: [0, 1]
---
Round: 486, Unk. prob.: 9.991e-01
Upper probs: 8.900e-04, Lower probs: 0.000e+00
No. of non-dominant refs: 23280, Survival refs: 23274, Failure refs: 6
Batch update: 48 refs added, 0 existing refs removed (0 new refs dominated)
Survival: 48 refs added, 0 removed (from 48 candidates)
Updated sys_vals: [0, 1]
---
Round: 487, Unk. prob.: 9.994e-01
Upper probs: 6.300e-04, Lower probs: 0.000e+00
No. of non-dominant refs: 23328, Survival refs: 23322, Failure refs: 6
Batch update: 48 refs added, 0 existing refs removed (0 new refs dominated)
Survival: 48 refs added, 0 removed (from 48 candidates)
Updated sys_vals: [0, 1]
---
Round: 488, Unk. prob.: 9.992e-01
Upper probs: 7.900e-04, Lower probs: 0.000e+00
No. of non-dominant refs: 23376, Survival refs: 23370, Failure refs: 6
Batch update: 48 refs added, 0 existing refs removed (0 new refs dominated)
Survival: 48 refs added, 0 removed (from 48 candidates)
Updated sys_vals: [0, 1]
---
Round: 489, Unk. prob.: 9.991e-01
Upper probs: 8.700e-04, Lower probs: 0.000e+00
No. of non-dominant refs: 23424, Survival refs: 23418, Failure refs: 6
Batch update: 48 refs added, 0 existing refs removed (0 new refs dominated)
Survival: 48 refs added, 0 removed (from 48 candidates)
Updated sys_vals: [0, 1]
---
Round: 490, Unk. prob.: 9.992e-01
Upper probs: 8.300e-04, Lower probs: 0.000e+00
No. of non-dominant refs: 23472, Survival refs: 23466, Failure refs: 6
Batch update: 48 refs added, 0 existing refs removed (0 new refs dominated)
Survival: 48 refs added, 0 removed (from 48 candidates)
Updated sys_vals: [0, 1]
---
Round: 491, Unk. prob.: 9.993e-01
Upper probs: 6.500e-04, Lower probs: 0.000e+00
No. of non-dominant refs: 23520, Survival refs: 23514, Failure refs: 6
Batch update: 48 refs added, 0 existing refs removed (0 new refs dominated)
Survival: 48 refs added, 0 removed (from 48 candidates)
Updated sys_vals: [0, 1]
---
Round: 492, Unk. prob.: 9.991e-01
Upper probs: 8.500e-04, Lower probs: 0.000e+00
No. of non-dominant refs: 23568, Survival refs: 23562, Failure refs: 6
Batch update: 48 refs added, 0 existing refs removed (0 new refs dominated)
Survival: 48 refs added, 0 removed (from 48 candidates)
Updated sys_vals: [0, 1]
---
Round: 493, Unk. prob.: 9.992e-01
Upper probs: 7.800e-04, Lower probs: 0.000e+00
No. of non-dominant refs: 23616, Survival refs: 23610, Failure refs: 6
Batch update: 48 refs added, 0 existing refs removed (0 new refs dominated)
Survival: 48 refs added, 0 removed (from 48 candidates)
Updated sys_vals: [0, 1]
---
Round: 494, Unk. prob.: 9.991e-01
Upper probs: 8.800e-04, Lower probs: 0.000e+00
No. of non-dominant refs: 23664, Survival refs: 23658, Failure refs: 6
Batch update: 48 refs added, 0 existing refs removed (0 new refs dominated)
Survival: 48 refs added, 0 removed (from 48 candidates)
Updated sys_vals: [0, 1]
---
Round: 495, Unk. prob.: 9.992e-01
Upper probs: 8.200e-04, Lower probs: 0.000e+00
No. of non-dominant refs: 23712, Survival refs: 23706, Failure refs: 6
Batch update: 48 refs added, 0 existing refs removed (0 new refs dominated)
Survival: 48 refs added, 0 removed (from 48 candidates)
Updated sys_vals: [0, 1]
---
Round: 496, Unk. prob.: 9.993e-01
Upper probs: 7.000e-04, Lower probs: 0.000e+00
No. of non-dominant refs: 23760, Survival refs: 23754, Failure refs: 6
Batch update: 48 refs added, 0 existing refs removed (0 new refs dominated)
Survival: 48 refs added, 0 removed (from 48 candidates)
Updated sys_vals: [0, 1]
---
Round: 497, Unk. prob.: 9.993e-01
Upper probs: 7.200e-04, Lower probs: 0.000e+00
No. of non-dominant refs: 23808, Survival refs: 23802, Failure refs: 6
Batch update: 48 refs added, 0 existing refs removed (0 new refs dominated)
Survival: 48 refs added, 0 removed (from 48 candidates)
Updated sys_vals: [0, 1]
---
Round: 498, Unk. prob.: 9.992e-01
Upper probs: 8.400e-04, Lower probs: 0.000e+00
No. of non-dominant refs: 23856, Survival refs: 23850, Failure refs: 6
Batch update: 48 refs added, 0 existing refs removed (0 new refs dominated)
Survival: 48 refs added, 0 removed (from 48 candidates)
Updated sys_vals: [0, 1]
---
Round: 499, Unk. prob.: 9.992e-01
Upper probs: 8.100e-04, Lower probs: 0.000e+00
No. of non-dominant refs: 23904, Survival refs: 23898, Failure refs: 6
Batch update: 48 refs added, 0 existing refs removed (0 new refs dominated)
Survival: 48 refs added, 0 removed (from 48 candidates)
Updated sys_vals: [0, 1]
---
Round: 500, Unk. prob.: 9.992e-01
Upper probs: 8.100e-04, Lower probs: 0.000e+00
No. of non-dominant refs: 23952, Survival refs: 23946, Failure refs: 6
Batch update: 48 refs added, 0 existing refs removed (0 new refs dominated)
Survival: 48 refs added, 0 removed (from 48 candidates)
Updated sys_vals: [0, 1]
---
Probs: 'upper':  8.203e-04, 'lower':  0.000e+00, 'unkn':  9.992e-01
---
Round: 501, Unk. prob.: 9.992e-01
Upper probs: 8.203e-04, Lower probs: 0.000e+00
No. of non-dominant refs: 24000, Survival refs: 23994, Failure refs: 6
Batch update: 48 refs added, 0 existing refs removed (0 new refs dominated)
Survival: 48 refs added, 0 removed (from 48 candidates)
Updated sys_vals: [0, 1]
---
Round: 502, Unk. prob.: 9.991e-01
Upper probs: 8.500e-04, Lower probs: 0.000e+00
No. of non-dominant refs: 24048, Survival refs: 24042, Failure refs: 6
Batch update: 48 refs added, 0 existing refs removed (0 new refs dominated)
Survival: 48 refs added, 0 removed (from 48 candidates)
Updated sys_vals: [0, 1]
---
Round: 503, Unk. prob.: 9.991e-01
Upper probs: 9.100e-04, Lower probs: 0.000e+00
No. of non-dominant refs: 24096, Survival refs: 24090, Failure refs: 6
Batch update: 48 refs added, 0 existing refs removed (0 new refs dominated)
Survival: 48 refs added, 0 removed (from 48 candidates)
Updated sys_vals: [0, 1]
---
Round: 504, Unk. prob.: 9.993e-01
Upper probs: 6.700e-04, Lower probs: 0.000e+00
No. of non-dominant refs: 24144, Survival refs: 24138, Failure refs: 6
Batch update: 48 refs added, 0 existing refs removed (0 new refs dominated)
Survival: 48 refs added, 0 removed (from 48 candidates)
Updated sys_vals: [0, 1]
---
Round: 505, Unk. prob.: 9.990e-01
Upper probs: 1.040e-03, Lower probs: 0.000e+00
No. of non-dominant refs: 24192, Survival refs: 24186, Failure refs: 6
Batch update: 48 refs added, 0 existing refs removed (0 new refs dominated)
Survival: 48 refs added, 0 removed (from 48 candidates)
Updated sys_vals: [0, 1]
---
Round: 506, Unk. prob.: 9.992e-01
Upper probs: 7.600e-04, Lower probs: 0.000e+00
No. of non-dominant refs: 24240, Survival refs: 24234, Failure refs: 6
Batch update: 48 refs added, 0 existing refs removed (0 new refs dominated)
Survival: 48 refs added, 0 removed (from 48 candidates)
Updated sys_vals: [0, 1]
---
Round: 507, Unk. prob.: 9.993e-01
Upper probs: 7.200e-04, Lower probs: 0.000e+00
No. of non-dominant refs: 24288, Survival refs: 24282, Failure refs: 6
Batch update: 48 refs added, 0 existing refs removed (0 new refs dominated)
Survival: 48 refs added, 0 removed (from 48 candidates)
Updated sys_vals: [0, 1]
---
Round: 508, Unk. prob.: 9.993e-01
Upper probs: 7.300e-04, Lower probs: 0.000e+00
No. of non-dominant refs: 24336, Survival refs: 24330, Failure refs: 6
Batch update: 48 refs added, 0 existing refs removed (0 new refs dominated)
Survival: 48 refs added, 0 removed (from 48 candidates)
Updated sys_vals: [0, 1]
---
Round: 509, Unk. prob.: 9.992e-01
Upper probs: 8.300e-04, Lower probs: 0.000e+00
No. of non-dominant refs: 24384, Survival refs: 24378, Failure refs: 6
Batch update: 48 refs added, 0 existing refs removed (0 new refs dominated)
Survival: 48 refs added, 0 removed (from 48 candidates)
Updated sys_vals: [0, 1]
---
Round: 510, Unk. prob.: 9.991e-01
Upper probs: 8.800e-04, Lower probs: 0.000e+00
No. of non-dominant refs: 24432, Survival refs: 24426, Failure refs: 6
Batch update: 48 refs added, 0 existing refs removed (0 new refs dominated)
Survival: 48 refs added, 0 removed (from 48 candidates)
Updated sys_vals: [0, 1]
---
Round: 511, Unk. prob.: 9.992e-01
Upper probs: 7.500e-04, Lower probs: 0.000e+00
No. of non-dominant refs: 24480, Survival refs: 24474, Failure refs: 6
Batch update: 48 refs added, 0 existing refs removed (0 new refs dominated)
Survival: 48 refs added, 0 removed (from 48 candidates)
Updated sys_vals: [0, 1]
---
Round: 512, Unk. prob.: 9.991e-01
Upper probs: 8.500e-04, Lower probs: 0.000e+00
No. of non-dominant refs: 24528, Survival refs: 24522, Failure refs: 6
Batch update: 48 refs added, 0 existing refs removed (0 new refs dominated)
Survival: 48 refs added, 0 removed (from 48 candidates)
Updated sys_vals: [0, 1]
---
Round: 513, Unk. prob.: 9.992e-01
Upper probs: 7.700e-04, Lower probs: 0.000e+00
No. of non-dominant refs: 24576, Survival refs: 24570, Failure refs: 6
Batch update: 48 refs added, 0 existing refs removed (0 new refs dominated)
Survival: 48 refs added, 0 removed (from 48 candidates)
Updated sys_vals: [0, 1]
---
Round: 514, Unk. prob.: 9.992e-01
Upper probs: 7.700e-04, Lower probs: 0.000e+00
No. of non-dominant refs: 24624, Survival refs: 24618, Failure refs: 6
Batch update: 48 refs added, 0 existing refs removed (0 new refs dominated)
Survival: 48 refs added, 0 removed (from 48 candidates)
Updated sys_vals: [0, 1]
---
Round: 515, Unk. prob.: 9.993e-01
Upper probs: 7.400e-04, Lower probs: 0.000e+00
No. of non-dominant refs: 24672, Survival refs: 24666, Failure refs: 6
Batch update: 48 refs added, 0 existing refs removed (0 new refs dominated)
Survival: 48 refs added, 0 removed (from 48 candidates)
Updated sys_vals: [0, 1]
---
Round: 516, Unk. prob.: 9.991e-01
Upper probs: 9.200e-04, Lower probs: 0.000e+00
No. of non-dominant refs: 24720, Survival refs: 24714, Failure refs: 6
Batch update: 48 refs added, 0 existing refs removed (0 new refs dominated)
Survival: 48 refs added, 0 removed (from 48 candidates)
Updated sys_vals: [0, 1]
---
Round: 517, Unk. prob.: 9.991e-01
Upper probs: 8.900e-04, Lower probs: 0.000e+00
No. of non-dominant refs: 24768, Survival refs: 24762, Failure refs: 6
Batch update: 48 refs added, 0 existing refs removed (0 new refs dominated)
Survival: 48 refs added, 0 removed (from 48 candidates)
Updated sys_vals: [0, 1]
---
Round: 518, Unk. prob.: 9.991e-01
Upper probs: 8.600e-04, Lower probs: 0.000e+00
No. of non-dominant refs: 24816, Survival refs: 24810, Failure refs: 6
Batch update: 48 refs added, 0 existing refs removed (0 new refs dominated)
Survival: 48 refs added, 0 removed (from 48 candidates)
Updated sys_vals: [0, 1]
---
Round: 519, Unk. prob.: 9.991e-01
Upper probs: 9.300e-04, Lower probs: 0.000e+00
No. of non-dominant refs: 24864, Survival refs: 24858, Failure refs: 6
Batch update: 48 refs added, 0 existing refs removed (0 new refs dominated)
Survival: 48 refs added, 0 removed (from 48 candidates)
Updated sys_vals: [0, 1]
---
Round: 520, Unk. prob.: 9.989e-01
Upper probs: 1.070e-03, Lower probs: 0.000e+00
No. of non-dominant refs: 24912, Survival refs: 24906, Failure refs: 6
Batch update: 48 refs added, 0 existing refs removed (0 new refs dominated)
Survival: 48 refs added, 0 removed (from 48 candidates)
Updated sys_vals: [0, 1]
---
Round: 521, Unk. prob.: 9.992e-01
Upper probs: 7.700e-04, Lower probs: 0.000e+00
No. of non-dominant refs: 24960, Survival refs: 24954, Failure refs: 6
Batch update: 48 refs added, 0 existing refs removed (0 new refs dominated)
Survival: 48 refs added, 0 removed (from 48 candidates)
Updated sys_vals: [0, 1]
---
Round: 522, Unk. prob.: 9.992e-01
Upper probs: 7.900e-04, Lower probs: 0.000e+00
No. of non-dominant refs: 25008, Survival refs: 25002, Failure refs: 6
Batch update: 48 refs added, 0 existing refs removed (0 new refs dominated)
Survival: 48 refs added, 0 removed (from 48 candidates)
Updated sys_vals: [0, 1]
---
Round: 523, Unk. prob.: 9.991e-01
Upper probs: 8.900e-04, Lower probs: 0.000e+00
No. of non-dominant refs: 25056, Survival refs: 25050, Failure refs: 6
Batch update: 48 refs added, 0 existing refs removed (0 new refs dominated)
Survival: 48 refs added, 0 removed (from 48 candidates)
Updated sys_vals: [0, 1]
---
Round: 524, Unk. prob.: 9.992e-01
Upper probs: 8.000e-04, Lower probs: 0.000e+00
No. of non-dominant refs: 25104, Survival refs: 25098, Failure refs: 6
Batch update: 48 refs added, 0 existing refs removed (0 new refs dominated)
Survival: 48 refs added, 0 removed (from 48 candidates)
Updated sys_vals: [0, 1]
---
Round: 525, Unk. prob.: 9.991e-01
Upper probs: 8.500e-04, Lower probs: 0.000e+00
No. of non-dominant refs: 25152, Survival refs: 25146, Failure refs: 6
Batch update: 48 refs added, 0 existing refs removed (0 new refs dominated)
Survival: 48 refs added, 0 removed (from 48 candidates)
Updated sys_vals: [0, 1]
---
Round: 526, Unk. prob.: 9.991e-01
Upper probs: 9.100e-04, Lower probs: 0.000e+00
No. of non-dominant refs: 25200, Survival refs: 25194, Failure refs: 6
Batch update: 48 refs added, 0 existing refs removed (0 new refs dominated)
Survival: 48 refs added, 0 removed (from 48 candidates)
Updated sys_vals: [0, 1]
---
Round: 527, Unk. prob.: 9.990e-01
Upper probs: 9.700e-04, Lower probs: 0.000e+00
No. of non-dominant refs: 25248, Survival refs: 25242, Failure refs: 6
Batch update: 48 refs added, 0 existing refs removed (0 new refs dominated)
Survival: 48 refs added, 0 removed (from 48 candidates)
Updated sys_vals: [0, 1]
---
Round: 528, Unk. prob.: 9.992e-01
Upper probs: 8.000e-04, Lower probs: 0.000e+00
No. of non-dominant refs: 25296, Survival refs: 25290, Failure refs: 6
Batch update: 48 refs added, 0 existing refs removed (0 new refs dominated)
Survival: 48 refs added, 0 removed (from 48 candidates)
Updated sys_vals: [0, 1]
---
Round: 529, Unk. prob.: 9.992e-01
Upper probs: 7.900e-04, Lower probs: 0.000e+00
No. of non-dominant refs: 25344, Survival refs: 25338, Failure refs: 6
Batch update: 48 refs added, 0 existing refs removed (0 new refs dominated)
Survival: 48 refs added, 0 removed (from 48 candidates)
Updated sys_vals: [0, 1]
---
Round: 530, Unk. prob.: 9.993e-01
Upper probs: 7.000e-04, Lower probs: 0.000e+00
No. of non-dominant refs: 25392, Survival refs: 25386, Failure refs: 6
Batch update: 48 refs added, 0 existing refs removed (0 new refs dominated)
Survival: 48 refs added, 0 removed (from 48 candidates)
Updated sys_vals: [0, 1]
---
Round: 531, Unk. prob.: 9.991e-01
Upper probs: 9.200e-04, Lower probs: 0.000e+00
No. of non-dominant refs: 25440, Survival refs: 25434, Failure refs: 6
Batch update: 48 refs added, 0 existing refs removed (0 new refs dominated)
Survival: 48 refs added, 0 removed (from 48 candidates)
Updated sys_vals: [0, 1]
---
Round: 532, Unk. prob.: 9.991e-01
Upper probs: 9.300e-04, Lower probs: 0.000e+00
No. of non-dominant refs: 25488, Survival refs: 25482, Failure refs: 6
Batch update: 48 refs added, 0 existing refs removed (0 new refs dominated)
Survival: 48 refs added, 0 removed (from 48 candidates)
Updated sys_vals: [0, 1]
---
Round: 533, Unk. prob.: 9.990e-01
Upper probs: 9.500e-04, Lower probs: 0.000e+00
No. of non-dominant refs: 25536, Survival refs: 25530, Failure refs: 6
Batch update: 48 refs added, 0 existing refs removed (0 new refs dominated)
Survival: 48 refs added, 0 removed (from 48 candidates)
Updated sys_vals: [0, 1]
---
Round: 534, Unk. prob.: 9.992e-01
Upper probs: 8.200e-04, Lower probs: 0.000e+00
No. of non-dominant refs: 25584, Survival refs: 25578, Failure refs: 6
Batch update: 48 refs added, 0 existing refs removed (0 new refs dominated)
Survival: 48 refs added, 0 removed (from 48 candidates)
Updated sys_vals: [0, 1]
---
Round: 535, Unk. prob.: 9.992e-01
Upper probs: 8.000e-04, Lower probs: 0.000e+00
No. of non-dominant refs: 25632, Survival refs: 25626, Failure refs: 6
Batch update: 48 refs added, 0 existing refs removed (0 new refs dominated)
Survival: 48 refs added, 0 removed (from 48 candidates)
Updated sys_vals: [0, 1]
---
Round: 536, Unk. prob.: 9.990e-01
Upper probs: 9.600e-04, Lower probs: 0.000e+00
No. of non-dominant refs: 25680, Survival refs: 25674, Failure refs: 6
Batch update: 48 refs added, 0 existing refs removed (0 new refs dominated)
Survival: 48 refs added, 0 removed (from 48 candidates)
Updated sys_vals: [0, 1]
---
Round: 537, Unk. prob.: 9.993e-01
Upper probs: 7.400e-04, Lower probs: 0.000e+00
No. of non-dominant refs: 25728, Survival refs: 25722, Failure refs: 6
Batch update: 48 refs added, 0 existing refs removed (0 new refs dominated)
Survival: 48 refs added, 0 removed (from 48 candidates)
Updated sys_vals: [0, 1]
---
Round: 538, Unk. prob.: 9.991e-01
Upper probs: 8.600e-04, Lower probs: 0.000e+00
No. of non-dominant refs: 25776, Survival refs: 25770, Failure refs: 6
Batch update: 48 refs added, 0 existing refs removed (0 new refs dominated)
Survival: 48 refs added, 0 removed (from 48 candidates)
Updated sys_vals: [0, 1]
---
Round: 539, Unk. prob.: 9.991e-01
Upper probs: 8.500e-04, Lower probs: 0.000e+00
No. of non-dominant refs: 25824, Survival refs: 25818, Failure refs: 6
Batch update: 48 refs added, 0 existing refs removed (0 new refs dominated)
Survival: 48 refs added, 0 removed (from 48 candidates)
Updated sys_vals: [0, 1]
---
Round: 540, Unk. prob.: 9.992e-01
Upper probs: 8.300e-04, Lower probs: 0.000e+00
No. of non-dominant refs: 25872, Survival refs: 25866, Failure refs: 6
Batch update: 48 refs added, 0 existing refs removed (0 new refs dominated)
Survival: 48 refs added, 0 removed (from 48 candidates)
Updated sys_vals: [0, 1]
---
Round: 541, Unk. prob.: 9.990e-01
Upper probs: 9.800e-04, Lower probs: 0.000e+00
No. of non-dominant refs: 25920, Survival refs: 25914, Failure refs: 6
Batch update: 48 refs added, 0 existing refs removed (0 new refs dominated)
Survival: 48 refs added, 0 removed (from 48 candidates)
Updated sys_vals: [0, 1]
---
Round: 542, Unk. prob.: 9.991e-01
Upper probs: 8.500e-04, Lower probs: 0.000e+00
No. of non-dominant refs: 25968, Survival refs: 25962, Failure refs: 6
Batch update: 48 refs added, 0 existing refs removed (0 new refs dominated)
Survival: 48 refs added, 0 removed (from 48 candidates)
Updated sys_vals: [0, 1]
---
Round: 543, Unk. prob.: 9.991e-01
Upper probs: 9.400e-04, Lower probs: 0.000e+00
No. of non-dominant refs: 26016, Survival refs: 26010, Failure refs: 6
Batch update: 48 refs added, 0 existing refs removed (0 new refs dominated)
Survival: 48 refs added, 0 removed (from 48 candidates)
Updated sys_vals: [0, 1]
---
Round: 544, Unk. prob.: 9.990e-01
Upper probs: 9.700e-04, Lower probs: 0.000e+00
No. of non-dominant refs: 26064, Survival refs: 26058, Failure refs: 6
Batch update: 48 refs added, 0 existing refs removed (0 new refs dominated)
Survival: 48 refs added, 0 removed (from 48 candidates)
Updated sys_vals: [0, 1]
---
Round: 545, Unk. prob.: 9.990e-01
Upper probs: 9.800e-04, Lower probs: 0.000e+00
No. of non-dominant refs: 26112, Survival refs: 26106, Failure refs: 6
Batch update: 48 refs added, 0 existing refs removed (0 new refs dominated)
Survival: 48 refs added, 0 removed (from 48 candidates)
Updated sys_vals: [0, 1]
---
Round: 546, Unk. prob.: 9.991e-01
Upper probs: 9.000e-04, Lower probs: 0.000e+00
No. of non-dominant refs: 26160, Survival refs: 26154, Failure refs: 6
Batch update: 48 refs added, 0 existing refs removed (0 new refs dominated)
Survival: 48 refs added, 0 removed (from 48 candidates)
Updated sys_vals: [0, 1]
---
Round: 547, Unk. prob.: 9.991e-01
Upper probs: 9.000e-04, Lower probs: 0.000e+00
No. of non-dominant refs: 26208, Survival refs: 26202, Failure refs: 6
Batch update: 48 refs added, 0 existing refs removed (0 new refs dominated)
Survival: 48 refs added, 0 removed (from 48 candidates)
Updated sys_vals: [0, 1]
---
Round: 548, Unk. prob.: 9.993e-01
Upper probs: 6.800e-04, Lower probs: 0.000e+00
No. of non-dominant refs: 26256, Survival refs: 26250, Failure refs: 6
Batch update: 48 refs added, 0 existing refs removed (0 new refs dominated)
Survival: 48 refs added, 0 removed (from 48 candidates)
Updated sys_vals: [0, 1]
---
Round: 549, Unk. prob.: 9.992e-01
Upper probs: 8.300e-04, Lower probs: 0.000e+00
No. of non-dominant refs: 26304, Survival refs: 26298, Failure refs: 6
Batch update: 48 refs added, 0 existing refs removed (0 new refs dominated)
Survival: 48 refs added, 0 removed (from 48 candidates)
Updated sys_vals: [0, 1]
---
Round: 550, Unk. prob.: 9.991e-01
Upper probs: 9.000e-04, Lower probs: 0.000e+00
No. of non-dominant refs: 26352, Survival refs: 26346, Failure refs: 6
Batch update: 48 refs added, 0 existing refs removed (0 new refs dominated)
Survival: 48 refs added, 0 removed (from 48 candidates)
Updated sys_vals: [0, 1]
---
Round: 551, Unk. prob.: 9.992e-01
Upper probs: 7.700e-04, Lower probs: 0.000e+00
No. of non-dominant refs: 26400, Survival refs: 26394, Failure refs: 6
Batch update: 48 refs added, 0 existing refs removed (0 new refs dominated)
Survival: 48 refs added, 0 removed (from 48 candidates)
Updated sys_vals: [0, 1]
---
Round: 552, Unk. prob.: 9.991e-01
Upper probs: 9.000e-04, Lower probs: 0.000e+00
No. of non-dominant refs: 26448, Survival refs: 26442, Failure refs: 6
Batch update: 48 refs added, 0 existing refs removed (0 new refs dominated)
Survival: 48 refs added, 0 removed (from 48 candidates)
Updated sys_vals: [0, 1]
---
Round: 553, Unk. prob.: 9.992e-01
Upper probs: 7.800e-04, Lower probs: 0.000e+00
No. of non-dominant refs: 26496, Survival refs: 26490, Failure refs: 6
Batch update: 48 refs added, 0 existing refs removed (0 new refs dominated)
Survival: 48 refs added, 0 removed (from 48 candidates)
Updated sys_vals: [0, 1]
---
Round: 554, Unk. prob.: 9.990e-01
Upper probs: 1.000e-03, Lower probs: 0.000e+00
No. of non-dominant refs: 26544, Survival refs: 26538, Failure refs: 6
Batch update: 48 refs added, 0 existing refs removed (0 new refs dominated)
Survival: 48 refs added, 0 removed (from 48 candidates)
Updated sys_vals: [0, 1]
---
Round: 555, Unk. prob.: 9.991e-01
Upper probs: 9.000e-04, Lower probs: 0.000e+00
No. of non-dominant refs: 26592, Survival refs: 26586, Failure refs: 6
Batch update: 48 refs added, 0 existing refs removed (0 new refs dominated)
Survival: 48 refs added, 0 removed (from 48 candidates)
Updated sys_vals: [0, 1]
---
Round: 556, Unk. prob.: 9.991e-01
Upper probs: 8.800e-04, Lower probs: 0.000e+00
No. of non-dominant refs: 26640, Survival refs: 26634, Failure refs: 6
Batch update: 48 refs added, 0 existing refs removed (0 new refs dominated)
Survival: 48 refs added, 0 removed (from 48 candidates)
Updated sys_vals: [0, 1]
---
Round: 557, Unk. prob.: 9.992e-01
Upper probs: 8.400e-04, Lower probs: 0.000e+00
No. of non-dominant refs: 26688, Survival refs: 26682, Failure refs: 6
Batch update: 48 refs added, 0 existing refs removed (0 new refs dominated)
Survival: 48 refs added, 0 removed (from 48 candidates)
Updated sys_vals: [0, 1]
---
Round: 558, Unk. prob.: 9.991e-01
Upper probs: 8.900e-04, Lower probs: 0.000e+00
No. of non-dominant refs: 26736, Survival refs: 26730, Failure refs: 6
Batch update: 48 refs added, 0 existing refs removed (0 new refs dominated)
Survival: 48 refs added, 0 removed (from 48 candidates)
Updated sys_vals: [0, 1]
---
Round: 559, Unk. prob.: 9.992e-01
Upper probs: 8.400e-04, Lower probs: 0.000e+00
No. of non-dominant refs: 26784, Survival refs: 26778, Failure refs: 6
Batch update: 48 refs added, 0 existing refs removed (0 new refs dominated)
Survival: 48 refs added, 0 removed (from 48 candidates)
Updated sys_vals: [0, 1]
---
Round: 560, Unk. prob.: 9.990e-01
Upper probs: 1.010e-03, Lower probs: 0.000e+00
No. of non-dominant refs: 26832, Survival refs: 26826, Failure refs: 6
Batch update: 48 refs added, 0 existing refs removed (0 new refs dominated)
Survival: 48 refs added, 0 removed (from 48 candidates)
Updated sys_vals: [0, 1]
---
Round: 561, Unk. prob.: 9.989e-01
Upper probs: 1.070e-03, Lower probs: 0.000e+00
No. of non-dominant refs: 26880, Survival refs: 26874, Failure refs: 6
Batch update: 48 refs added, 0 existing refs removed (0 new refs dominated)
Survival: 48 refs added, 0 removed (from 48 candidates)
Updated sys_vals: [0, 1]
---
Round: 562, Unk. prob.: 9.992e-01
Upper probs: 8.000e-04, Lower probs: 0.000e+00
No. of non-dominant refs: 26928, Survival refs: 26922, Failure refs: 6
Batch update: 48 refs added, 0 existing refs removed (0 new refs dominated)
Survival: 48 refs added, 0 removed (from 48 candidates)
Updated sys_vals: [0, 1]
---
Round: 563, Unk. prob.: 9.989e-01
Upper probs: 1.090e-03, Lower probs: 0.000e+00
No. of non-dominant refs: 26976, Survival refs: 26970, Failure refs: 6
Batch update: 48 refs added, 0 existing refs removed (0 new refs dominated)
Survival: 48 refs added, 0 removed (from 48 candidates)
Updated sys_vals: [0, 1]
---
Round: 564, Unk. prob.: 9.989e-01
Upper probs: 1.060e-03, Lower probs: 0.000e+00
No. of non-dominant refs: 27024, Survival refs: 27018, Failure refs: 6
Batch update: 48 refs added, 0 existing refs removed (0 new refs dominated)
Survival: 48 refs added, 0 removed (from 48 candidates)
Updated sys_vals: [0, 1]
---
Round: 565, Unk. prob.: 9.991e-01
Upper probs: 8.800e-04, Lower probs: 0.000e+00
No. of non-dominant refs: 27072, Survival refs: 27066, Failure refs: 6
Batch update: 48 refs added, 0 existing refs removed (0 new refs dominated)
Survival: 48 refs added, 0 removed (from 48 candidates)
Updated sys_vals: [0, 1]
---
Round: 566, Unk. prob.: 9.991e-01
Upper probs: 8.600e-04, Lower probs: 0.000e+00
No. of non-dominant refs: 27120, Survival refs: 27114, Failure refs: 6
Batch update: 48 refs added, 0 existing refs removed (0 new refs dominated)
Survival: 48 refs added, 0 removed (from 48 candidates)
Updated sys_vals: [0, 1]
---
Round: 567, Unk. prob.: 9.991e-01
Upper probs: 9.100e-04, Lower probs: 0.000e+00
No. of non-dominant refs: 27168, Survival refs: 27162, Failure refs: 6
Batch update: 48 refs added, 0 existing refs removed (0 new refs dominated)
Survival: 48 refs added, 0 removed (from 48 candidates)
Updated sys_vals: [0, 1]
---
Round: 568, Unk. prob.: 9.991e-01
Upper probs: 9.300e-04, Lower probs: 0.000e+00
No. of non-dominant refs: 27216, Survival refs: 27210, Failure refs: 6
Batch update: 48 refs added, 0 existing refs removed (0 new refs dominated)
Survival: 48 refs added, 0 removed (from 48 candidates)
Updated sys_vals: [0, 1]
---
Round: 569, Unk. prob.: 9.990e-01
Upper probs: 1.030e-03, Lower probs: 0.000e+00
No. of non-dominant refs: 27264, Survival refs: 27258, Failure refs: 6
Batch update: 48 refs added, 0 existing refs removed (0 new refs dominated)
Survival: 48 refs added, 0 removed (from 48 candidates)
Updated sys_vals: [0, 1]
---
Round: 570, Unk. prob.: 9.990e-01
Upper probs: 1.010e-03, Lower probs: 0.000e+00
No. of non-dominant refs: 27312, Survival refs: 27306, Failure refs: 6
Batch update: 48 refs added, 0 existing refs removed (0 new refs dominated)
Survival: 48 refs added, 0 removed (from 48 candidates)
Updated sys_vals: [0, 1]
---
Round: 571, Unk. prob.: 9.991e-01
Upper probs: 9.100e-04, Lower probs: 0.000e+00
No. of non-dominant refs: 27360, Survival refs: 27354, Failure refs: 6
Batch update: 48 refs added, 0 existing refs removed (0 new refs dominated)
Survival: 48 refs added, 0 removed (from 48 candidates)
Updated sys_vals: [0, 1]
---
Round: 572, Unk. prob.: 9.991e-01
Upper probs: 8.900e-04, Lower probs: 0.000e+00
No. of non-dominant refs: 27408, Survival refs: 27402, Failure refs: 6
Batch update: 48 refs added, 0 existing refs removed (0 new refs dominated)
Survival: 48 refs added, 0 removed (from 48 candidates)
Updated sys_vals: [0, 1]
---
Round: 573, Unk. prob.: 9.992e-01
Upper probs: 7.900e-04, Lower probs: 0.000e+00
No. of non-dominant refs: 27456, Survival refs: 27450, Failure refs: 6
Batch update: 48 refs added, 0 existing refs removed (0 new refs dominated)
Survival: 48 refs added, 0 removed (from 48 candidates)
Updated sys_vals: [0, 1]
---
Round: 574, Unk. prob.: 9.990e-01
Upper probs: 9.700e-04, Lower probs: 0.000e+00
No. of non-dominant refs: 27504, Survival refs: 27498, Failure refs: 6
Batch update: 48 refs added, 0 existing refs removed (0 new refs dominated)
Survival: 48 refs added, 0 removed (from 48 candidates)
Updated sys_vals: [0, 1]
---
Round: 575, Unk. prob.: 9.991e-01
Upper probs: 8.700e-04, Lower probs: 0.000e+00
No. of non-dominant refs: 27552, Survival refs: 27546, Failure refs: 6
Batch update: 48 refs added, 0 existing refs removed (0 new refs dominated)
Survival: 48 refs added, 0 removed (from 48 candidates)
Updated sys_vals: [0, 1]
---
Round: 576, Unk. prob.: 9.990e-01
Upper probs: 1.030e-03, Lower probs: 0.000e+00
No. of non-dominant refs: 27600, Survival refs: 27594, Failure refs: 6
Batch update: 48 refs added, 0 existing refs removed (0 new refs dominated)
Survival: 48 refs added, 0 removed (from 48 candidates)
Updated sys_vals: [0, 1]
---
Round: 577, Unk. prob.: 9.990e-01
Upper probs: 1.050e-03, Lower probs: 0.000e+00
No. of non-dominant refs: 27648, Survival refs: 27642, Failure refs: 6
Batch update: 48 refs added, 0 existing refs removed (0 new refs dominated)
Survival: 48 refs added, 0 removed (from 48 candidates)
Updated sys_vals: [0, 1]
---
Round: 578, Unk. prob.: 9.991e-01
Upper probs: 9.000e-04, Lower probs: 0.000e+00
No. of non-dominant refs: 27696, Survival refs: 27690, Failure refs: 6
Batch update: 48 refs added, 0 existing refs removed (0 new refs dominated)
Survival: 48 refs added, 0 removed (from 48 candidates)
Updated sys_vals: [0, 1]
---
Round: 579, Unk. prob.: 9.990e-01
Upper probs: 9.900e-04, Lower probs: 0.000e+00
No. of non-dominant refs: 27744, Survival refs: 27738, Failure refs: 6
Batch update: 48 refs added, 0 existing refs removed (0 new refs dominated)
Survival: 48 refs added, 0 removed (from 48 candidates)
Updated sys_vals: [0, 1]
---
Round: 580, Unk. prob.: 9.992e-01
Upper probs: 8.400e-04, Lower probs: 0.000e+00
No. of non-dominant refs: 27792, Survival refs: 27786, Failure refs: 6
Batch update: 48 refs added, 0 existing refs removed (0 new refs dominated)
Survival: 48 refs added, 0 removed (from 48 candidates)
Updated sys_vals: [0, 1]
---
Round: 581, Unk. prob.: 9.992e-01
Upper probs: 8.200e-04, Lower probs: 0.000e+00
No. of non-dominant refs: 27840, Survival refs: 27834, Failure refs: 6
Batch update: 48 refs added, 0 existing refs removed (0 new refs dominated)
Survival: 48 refs added, 0 removed (from 48 candidates)
Updated sys_vals: [0, 1]
---
Round: 582, Unk. prob.: 9.993e-01
Upper probs: 7.100e-04, Lower probs: 0.000e+00
No. of non-dominant refs: 27888, Survival refs: 27882, Failure refs: 6
Batch update: 48 refs added, 0 existing refs removed (0 new refs dominated)
Survival: 48 refs added, 0 removed (from 48 candidates)
Updated sys_vals: [0, 1]
---
Round: 583, Unk. prob.: 9.991e-01
Upper probs: 9.000e-04, Lower probs: 0.000e+00
No. of non-dominant refs: 27936, Survival refs: 27930, Failure refs: 6
Batch update: 48 refs added, 0 existing refs removed (0 new refs dominated)
Survival: 48 refs added, 0 removed (from 48 candidates)
Updated sys_vals: [0, 1]
---
Round: 584, Unk. prob.: 9.993e-01
Upper probs: 7.300e-04, Lower probs: 0.000e+00
No. of non-dominant refs: 27984, Survival refs: 27978, Failure refs: 6
Batch update: 48 refs added, 0 existing refs removed (0 new refs dominated)
Survival: 48 refs added, 0 removed (from 48 candidates)
Updated sys_vals: [0, 1]
---
Round: 585, Unk. prob.: 9.992e-01
Upper probs: 7.900e-04, Lower probs: 0.000e+00
No. of non-dominant refs: 28032, Survival refs: 28026, Failure refs: 6
Batch update: 48 refs added, 0 existing refs removed (0 new refs dominated)
Survival: 48 refs added, 0 removed (from 48 candidates)
Updated sys_vals: [0, 1]
---
Round: 586, Unk. prob.: 9.990e-01
Upper probs: 9.900e-04, Lower probs: 0.000e+00
No. of non-dominant refs: 28080, Survival refs: 28074, Failure refs: 6
Batch update: 48 refs added, 0 existing refs removed (0 new refs dominated)
Survival: 48 refs added, 0 removed (from 48 candidates)
Updated sys_vals: [0, 1]
---
Round: 587, Unk. prob.: 9.992e-01
Upper probs: 8.200e-04, Lower probs: 0.000e+00
No. of non-dominant refs: 28128, Survival refs: 28122, Failure refs: 6
Batch update: 48 refs added, 0 existing refs removed (0 new refs dominated)
Survival: 48 refs added, 0 removed (from 48 candidates)
Updated sys_vals: [0, 1]
---
Round: 588, Unk. prob.: 9.991e-01
Upper probs: 8.500e-04, Lower probs: 0.000e+00
No. of non-dominant refs: 28176, Survival refs: 28170, Failure refs: 6
Batch update: 48 refs added, 0 existing refs removed (0 new refs dominated)
Survival: 48 refs added, 0 removed (from 48 candidates)
Updated sys_vals: [0, 1]
---
Round: 589, Unk. prob.: 9.989e-01
Upper probs: 1.070e-03, Lower probs: 0.000e+00
No. of non-dominant refs: 28224, Survival refs: 28218, Failure refs: 6
Batch update: 48 refs added, 0 existing refs removed (0 new refs dominated)
Survival: 48 refs added, 0 removed (from 48 candidates)
Updated sys_vals: [0, 1]
---
Round: 590, Unk. prob.: 9.989e-01
Upper probs: 1.130e-03, Lower probs: 0.000e+00
No. of non-dominant refs: 28272, Survival refs: 28266, Failure refs: 6
Batch update: 48 refs added, 0 existing refs removed (0 new refs dominated)
Survival: 48 refs added, 0 removed (from 48 candidates)
Updated sys_vals: [0, 1]
---
Round: 591, Unk. prob.: 9.991e-01
Upper probs: 9.000e-04, Lower probs: 0.000e+00
No. of non-dominant refs: 28320, Survival refs: 28314, Failure refs: 6
Batch update: 48 refs added, 0 existing refs removed (0 new refs dominated)
Survival: 48 refs added, 0 removed (from 48 candidates)
Updated sys_vals: [0, 1]
---
Round: 592, Unk. prob.: 9.992e-01
Upper probs: 8.200e-04, Lower probs: 0.000e+00
No. of non-dominant refs: 28368, Survival refs: 28362, Failure refs: 6
Batch update: 48 refs added, 0 existing refs removed (0 new refs dominated)
Survival: 48 refs added, 0 removed (from 48 candidates)
Updated sys_vals: [0, 1]
---
Round: 593, Unk. prob.: 9.992e-01
Upper probs: 8.100e-04, Lower probs: 0.000e+00
No. of non-dominant refs: 28416, Survival refs: 28410, Failure refs: 6
Batch update: 48 refs added, 0 existing refs removed (0 new refs dominated)
Survival: 48 refs added, 0 removed (from 48 candidates)
Updated sys_vals: [0, 1]
---
Round: 594, Unk. prob.: 9.990e-01
Upper probs: 9.500e-04, Lower probs: 0.000e+00
No. of non-dominant refs: 28464, Survival refs: 28458, Failure refs: 6
Batch update: 48 refs added, 0 existing refs removed (0 new refs dominated)
Survival: 48 refs added, 0 removed (from 48 candidates)
Updated sys_vals: [0, 1]
---
Round: 595, Unk. prob.: 9.992e-01
Upper probs: 8.300e-04, Lower probs: 0.000e+00
No. of non-dominant refs: 28512, Survival refs: 28506, Failure refs: 6
Batch update: 48 refs added, 0 existing refs removed (0 new refs dominated)
Survival: 48 refs added, 0 removed (from 48 candidates)
Updated sys_vals: [0, 1]
---
Round: 596, Unk. prob.: 9.992e-01
Upper probs: 8.200e-04, Lower probs: 0.000e+00
No. of non-dominant refs: 28560, Survival refs: 28554, Failure refs: 6
Batch update: 48 refs added, 0 existing refs removed (0 new refs dominated)
Survival: 48 refs added, 0 removed (from 48 candidates)
Updated sys_vals: [0, 1]
---
Round: 597, Unk. prob.: 9.990e-01
Upper probs: 1.020e-03, Lower probs: 0.000e+00
No. of non-dominant refs: 28608, Survival refs: 28602, Failure refs: 6
Batch update: 48 refs added, 0 existing refs removed (0 new refs dominated)
Survival: 48 refs added, 0 removed (from 48 candidates)
Updated sys_vals: [0, 1]
---
Round: 598, Unk. prob.: 9.989e-01
Upper probs: 1.060e-03, Lower probs: 0.000e+00
No. of non-dominant refs: 28656, Survival refs: 28650, Failure refs: 6
Batch update: 48 refs added, 0 existing refs removed (0 new refs dominated)
Survival: 48 refs added, 0 removed (from 48 candidates)
Updated sys_vals: [0, 1]
---
Round: 599, Unk. prob.: 9.991e-01
Upper probs: 9.400e-04, Lower probs: 0.000e+00
No. of non-dominant refs: 28704, Survival refs: 28698, Failure refs: 6
Batch update: 48 refs added, 0 existing refs removed (0 new refs dominated)
Survival: 48 refs added, 0 removed (from 48 candidates)
Updated sys_vals: [0, 1]
---
Round: 600, Unk. prob.: 9.990e-01
Upper probs: 1.010e-03, Lower probs: 0.000e+00
No. of non-dominant refs: 28752, Survival refs: 28746, Failure refs: 6
Batch update: 48 refs added, 0 existing refs removed (0 new refs dominated)
Survival: 48 refs added, 0 removed (from 48 candidates)
Updated sys_vals: [0, 1]
---
Round: 601, Unk. prob.: 9.990e-01
Upper probs: 9.600e-04, Lower probs: 0.000e+00
No. of non-dominant refs: 28800, Survival refs: 28794, Failure refs: 6
Batch update: 48 refs added, 0 existing refs removed (0 new refs dominated)
Survival: 48 refs added, 0 removed (from 48 candidates)
Updated sys_vals: [0, 1]
---
Round: 602, Unk. prob.: 9.992e-01
Upper probs: 8.400e-04, Lower probs: 0.000e+00
No. of non-dominant refs: 28848, Survival refs: 28842, Failure refs: 6
Batch update: 48 refs added, 0 existing refs removed (0 new refs dominated)
Survival: 48 refs added, 0 removed (from 48 candidates)
Updated sys_vals: [0, 1]
---
Round: 603, Unk. prob.: 9.990e-01
Upper probs: 9.900e-04, Lower probs: 0.000e+00
No. of non-dominant refs: 28896, Survival refs: 28890, Failure refs: 6
Batch update: 48 refs added, 0 existing refs removed (0 new refs dominated)
Survival: 48 refs added, 0 removed (from 48 candidates)
Updated sys_vals: [0, 1]
---
Round: 604, Unk. prob.: 9.991e-01
Upper probs: 8.500e-04, Lower probs: 0.000e+00
No. of non-dominant refs: 28944, Survival refs: 28938, Failure refs: 6
Batch update: 48 refs added, 0 existing refs removed (0 new refs dominated)
Survival: 48 refs added, 0 removed (from 48 candidates)
Updated sys_vals: [0, 1]
---
Round: 605, Unk. prob.: 9.991e-01
Upper probs: 9.000e-04, Lower probs: 0.000e+00
No. of non-dominant refs: 28992, Survival refs: 28986, Failure refs: 6
Batch update: 48 refs added, 0 existing refs removed (0 new refs dominated)
Survival: 48 refs added, 0 removed (from 48 candidates)
Updated sys_vals: [0, 1]
---
Round: 606, Unk. prob.: 9.991e-01
Upper probs: 9.300e-04, Lower probs: 0.000e+00
No. of non-dominant refs: 29040, Survival refs: 29034, Failure refs: 6
Batch update: 48 refs added, 0 existing refs removed (0 new refs dominated)
Survival: 48 refs added, 0 removed (from 48 candidates)
Updated sys_vals: [0, 1]
---
Round: 607, Unk. prob.: 9.991e-01
Upper probs: 8.900e-04, Lower probs: 0.000e+00
No. of non-dominant refs: 29088, Survival refs: 29082, Failure refs: 6
Batch update: 48 refs added, 0 existing refs removed (0 new refs dominated)
Survival: 48 refs added, 0 removed (from 48 candidates)
Updated sys_vals: [0, 1]
---
Round: 608, Unk. prob.: 9.991e-01
Upper probs: 9.400e-04, Lower probs: 0.000e+00
No. of non-dominant refs: 29136, Survival refs: 29130, Failure refs: 6
Batch update: 48 refs added, 0 existing refs removed (0 new refs dominated)
Survival: 48 refs added, 0 removed (from 48 candidates)
Updated sys_vals: [0, 1]
---
Round: 609, Unk. prob.: 9.990e-01
Upper probs: 1.040e-03, Lower probs: 0.000e+00
No. of non-dominant refs: 29184, Survival refs: 29178, Failure refs: 6
Batch update: 48 refs added, 0 existing refs removed (0 new refs dominated)
Survival: 48 refs added, 0 removed (from 48 candidates)
Updated sys_vals: [0, 1]
---
Round: 610, Unk. prob.: 9.991e-01
Upper probs: 8.900e-04, Lower probs: 0.000e+00
No. of non-dominant refs: 29232, Survival refs: 29226, Failure refs: 6
Batch update: 48 refs added, 0 existing refs removed (0 new refs dominated)
Survival: 48 refs added, 0 removed (from 48 candidates)
Updated sys_vals: [0, 1]
---
Round: 611, Unk. prob.: 9.991e-01
Upper probs: 9.000e-04, Lower probs: 0.000e+00
No. of non-dominant refs: 29280, Survival refs: 29274, Failure refs: 6
Batch update: 48 refs added, 0 existing refs removed (0 new refs dominated)
Survival: 48 refs added, 0 removed (from 48 candidates)
Updated sys_vals: [0, 1]
---
Round: 612, Unk. prob.: 9.992e-01
Upper probs: 8.300e-04, Lower probs: 0.000e+00
No. of non-dominant refs: 29328, Survival refs: 29322, Failure refs: 6
Batch update: 48 refs added, 0 existing refs removed (0 new refs dominated)
Survival: 48 refs added, 0 removed (from 48 candidates)
Updated sys_vals: [0, 1]
---
Round: 613, Unk. prob.: 9.991e-01
Upper probs: 8.600e-04, Lower probs: 0.000e+00
No. of non-dominant refs: 29376, Survival refs: 29370, Failure refs: 6
Batch update: 48 refs added, 0 existing refs removed (0 new refs dominated)
Survival: 48 refs added, 0 removed (from 48 candidates)
Updated sys_vals: [0, 1]
---
Round: 614, Unk. prob.: 9.990e-01
Upper probs: 9.900e-04, Lower probs: 0.000e+00
No. of non-dominant refs: 29424, Survival refs: 29418, Failure refs: 6
Batch update: 48 refs added, 0 existing refs removed (0 new refs dominated)
Survival: 48 refs added, 0 removed (from 48 candidates)
Updated sys_vals: [0, 1]
---
Round: 615, Unk. prob.: 9.991e-01
Upper probs: 9.400e-04, Lower probs: 0.000e+00
No. of non-dominant refs: 29472, Survival refs: 29466, Failure refs: 6
Batch update: 48 refs added, 0 existing refs removed (0 new refs dominated)
Survival: 48 refs added, 0 removed (from 48 candidates)
Updated sys_vals: [0, 1]
---
Round: 616, Unk. prob.: 9.990e-01
Upper probs: 1.040e-03, Lower probs: 0.000e+00
No. of non-dominant refs: 29520, Survival refs: 29514, Failure refs: 6
Batch update: 48 refs added, 0 existing refs removed (0 new refs dominated)
Survival: 48 refs added, 0 removed (from 48 candidates)
Updated sys_vals: [0, 1]
---
Round: 617, Unk. prob.: 9.991e-01
Upper probs: 8.600e-04, Lower probs: 0.000e+00
No. of non-dominant refs: 29568, Survival refs: 29562, Failure refs: 6
Batch update: 48 refs added, 0 existing refs removed (0 new refs dominated)
Survival: 48 refs added, 0 removed (from 48 candidates)
Updated sys_vals: [0, 1]
---
Round: 618, Unk. prob.: 9.990e-01
Upper probs: 9.800e-04, Lower probs: 0.000e+00
No. of non-dominant refs: 29616, Survival refs: 29610, Failure refs: 6
Batch update: 48 refs added, 0 existing refs removed (0 new refs dominated)
Survival: 48 refs added, 0 removed (from 48 candidates)
Updated sys_vals: [0, 1]
---
Round: 619, Unk. prob.: 9.991e-01
Upper probs: 9.000e-04, Lower probs: 0.000e+00
No. of non-dominant refs: 29664, Survival refs: 29658, Failure refs: 6
Batch update: 48 refs added, 0 existing refs removed (0 new refs dominated)
Survival: 48 refs added, 0 removed (from 48 candidates)
Updated sys_vals: [0, 1]
---
Round: 620, Unk. prob.: 9.991e-01
Upper probs: 9.100e-04, Lower probs: 0.000e+00
No. of non-dominant refs: 29712, Survival refs: 29706, Failure refs: 6
Batch update: 48 refs added, 0 existing refs removed (0 new refs dominated)
Survival: 48 refs added, 0 removed (from 48 candidates)
Updated sys_vals: [0, 1]
---
Round: 621, Unk. prob.: 9.990e-01
Upper probs: 1.030e-03, Lower probs: 0.000e+00
No. of non-dominant refs: 29760, Survival refs: 29754, Failure refs: 6
Batch update: 48 refs added, 0 existing refs removed (0 new refs dominated)
Survival: 48 refs added, 0 removed (from 48 candidates)
Updated sys_vals: [0, 1]
---
Round: 622, Unk. prob.: 9.990e-01
Upper probs: 1.020e-03, Lower probs: 0.000e+00
No. of non-dominant refs: 29808, Survival refs: 29802, Failure refs: 6
Batch update: 48 refs added, 0 existing refs removed (0 new refs dominated)
Survival: 48 refs added, 0 removed (from 48 candidates)
Updated sys_vals: [0, 1]
---
Round: 623, Unk. prob.: 9.992e-01
Upper probs: 8.300e-04, Lower probs: 0.000e+00
No. of non-dominant refs: 29856, Survival refs: 29850, Failure refs: 6
Batch update: 48 refs added, 0 existing refs removed (0 new refs dominated)
Survival: 48 refs added, 0 removed (from 48 candidates)
Updated sys_vals: [0, 1]
---
Round: 624, Unk. prob.: 9.990e-01
Upper probs: 1.030e-03, Lower probs: 0.000e+00
No. of non-dominant refs: 29904, Survival refs: 29898, Failure refs: 6
Batch update: 48 refs added, 0 existing refs removed (0 new refs dominated)
Survival: 48 refs added, 0 removed (from 48 candidates)
Updated sys_vals: [0, 1]
---
Round: 625, Unk. prob.: 9.992e-01
Upper probs: 8.300e-04, Lower probs: 0.000e+00
No. of non-dominant refs: 29952, Survival refs: 29946, Failure refs: 6
Batch update: 48 refs added, 0 existing refs removed (0 new refs dominated)
Survival: 48 refs added, 0 removed (from 48 candidates)
Updated sys_vals: [0, 1]
---
Round: 626, Unk. prob.: 9.990e-01
Upper probs: 9.800e-04, Lower probs: 0.000e+00
No. of non-dominant refs: 30000, Survival refs: 29994, Failure refs: 6
Batch update: 48 refs added, 0 existing refs removed (0 new refs dominated)
Survival: 48 refs added, 0 removed (from 48 candidates)
Updated sys_vals: [0, 1]
---
Round: 627, Unk. prob.: 9.989e-01
Upper probs: 1.080e-03, Lower probs: 0.000e+00
No. of non-dominant refs: 30048, Survival refs: 30042, Failure refs: 6
Batch update: 48 refs added, 0 existing refs removed (0 new refs dominated)
Survival: 48 refs added, 0 removed (from 48 candidates)
Updated sys_vals: [0, 1]
---
Round: 628, Unk. prob.: 9.991e-01
Upper probs: 9.300e-04, Lower probs: 0.000e+00
No. of non-dominant refs: 30096, Survival refs: 30090, Failure refs: 6
Batch update: 48 refs added, 0 existing refs removed (0 new refs dominated)
Survival: 48 refs added, 0 removed (from 48 candidates)
Updated sys_vals: [0, 1]
---
Round: 629, Unk. prob.: 9.990e-01
Upper probs: 9.500e-04, Lower probs: 0.000e+00
No. of non-dominant refs: 30144, Survival refs: 30138, Failure refs: 6
Batch update: 48 refs added, 0 existing refs removed (0 new refs dominated)
Survival: 48 refs added, 0 removed (from 48 candidates)
Updated sys_vals: [0, 1]
---
Round: 630, Unk. prob.: 9.988e-01
Upper probs: 1.190e-03, Lower probs: 0.000e+00
No. of non-dominant refs: 30192, Survival refs: 30186, Failure refs: 6
Batch update: 48 refs added, 0 existing refs removed (0 new refs dominated)
Survival: 48 refs added, 0 removed (from 48 candidates)
Updated sys_vals: [0, 1]
---
Round: 631, Unk. prob.: 9.991e-01
Upper probs: 8.900e-04, Lower probs: 0.000e+00
No. of non-dominant refs: 30240, Survival refs: 30234, Failure refs: 6
Batch update: 48 refs added, 0 existing refs removed (0 new refs dominated)
Survival: 48 refs added, 0 removed (from 48 candidates)
Updated sys_vals: [0, 1]
---
Round: 632, Unk. prob.: 9.991e-01
Upper probs: 8.900e-04, Lower probs: 0.000e+00
No. of non-dominant refs: 30288, Survival refs: 30282, Failure refs: 6
Batch update: 48 refs added, 0 existing refs removed (0 new refs dominated)
Survival: 48 refs added, 0 removed (from 48 candidates)
Updated sys_vals: [0, 1]
---
Round: 633, Unk. prob.: 9.988e-01
Upper probs: 1.160e-03, Lower probs: 0.000e+00
No. of non-dominant refs: 30336, Survival refs: 30330, Failure refs: 6
Batch update: 48 refs added, 0 existing refs removed (0 new refs dominated)
Survival: 48 refs added, 0 removed (from 48 candidates)
Updated sys_vals: [0, 1]
---
Round: 634, Unk. prob.: 9.990e-01
Upper probs: 1.010e-03, Lower probs: 0.000e+00
No. of non-dominant refs: 30384, Survival refs: 30378, Failure refs: 6
Batch update: 48 refs added, 0 existing refs removed (0 new refs dominated)
Survival: 48 refs added, 0 removed (from 48 candidates)
Updated sys_vals: [0, 1]
---
Round: 635, Unk. prob.: 9.990e-01
Upper probs: 1.010e-03, Lower probs: 0.000e+00
No. of non-dominant refs: 30432, Survival refs: 30426, Failure refs: 6
Batch update: 48 refs added, 0 existing refs removed (0 new refs dominated)
Survival: 48 refs added, 0 removed (from 48 candidates)
Updated sys_vals: [0, 1]
---
Round: 636, Unk. prob.: 9.990e-01
Upper probs: 9.700e-04, Lower probs: 0.000e+00
No. of non-dominant refs: 30480, Survival refs: 30474, Failure refs: 6
Batch update: 48 refs added, 0 existing refs removed (0 new refs dominated)
Survival: 48 refs added, 0 removed (from 48 candidates)
Updated sys_vals: [0, 1]
---
Round: 637, Unk. prob.: 9.989e-01
Upper probs: 1.110e-03, Lower probs: 0.000e+00
No. of non-dominant refs: 30528, Survival refs: 30522, Failure refs: 6
Batch update: 48 refs added, 0 existing refs removed (0 new refs dominated)
Survival: 48 refs added, 0 removed (from 48 candidates)
Updated sys_vals: [0, 1]
---
Round: 638, Unk. prob.: 9.990e-01
Upper probs: 9.700e-04, Lower probs: 0.000e+00
No. of non-dominant refs: 30576, Survival refs: 30570, Failure refs: 6
Batch update: 48 refs added, 0 existing refs removed (0 new refs dominated)
Survival: 48 refs added, 0 removed (from 48 candidates)
Updated sys_vals: [0, 1]
---
Round: 639, Unk. prob.: 9.990e-01
Upper probs: 1.010e-03, Lower probs: 0.000e+00
No. of non-dominant refs: 30624, Survival refs: 30618, Failure refs: 6
Batch update: 48 refs added, 0 existing refs removed (0 new refs dominated)
Survival: 48 refs added, 0 removed (from 48 candidates)
Updated sys_vals: [0, 1]
---
Round: 640, Unk. prob.: 9.989e-01
Upper probs: 1.060e-03, Lower probs: 0.000e+00
No. of non-dominant refs: 30672, Survival refs: 30666, Failure refs: 6
Batch update: 48 refs added, 0 existing refs removed (0 new refs dominated)
Survival: 48 refs added, 0 removed (from 48 candidates)
Updated sys_vals: [0, 1]
---
Round: 641, Unk. prob.: 9.990e-01
Upper probs: 1.030e-03, Lower probs: 0.000e+00
No. of non-dominant refs: 30720, Survival refs: 30714, Failure refs: 6
Batch update: 48 refs added, 0 existing refs removed (0 new refs dominated)
Survival: 48 refs added, 0 removed (from 48 candidates)
Updated sys_vals: [0, 1]
---
Round: 642, Unk. prob.: 9.989e-01
Upper probs: 1.140e-03, Lower probs: 0.000e+00
No. of non-dominant refs: 30768, Survival refs: 30762, Failure refs: 6
Batch update: 48 refs added, 0 existing refs removed (0 new refs dominated)
Survival: 48 refs added, 0 removed (from 48 candidates)
Updated sys_vals: [0, 1]
---
Round: 643, Unk. prob.: 9.991e-01
Upper probs: 9.000e-04, Lower probs: 0.000e+00
No. of non-dominant refs: 30816, Survival refs: 30810, Failure refs: 6
Batch update: 48 refs added, 0 existing refs removed (0 new refs dominated)
Survival: 48 refs added, 0 removed (from 48 candidates)
Updated sys_vals: [0, 1]
---
Round: 644, Unk. prob.: 9.990e-01
Upper probs: 1.010e-03, Lower probs: 0.000e+00
No. of non-dominant refs: 30864, Survival refs: 30858, Failure refs: 6
Batch update: 48 refs added, 0 existing refs removed (0 new refs dominated)
Survival: 48 refs added, 0 removed (from 48 candidates)
Updated sys_vals: [0, 1]
---
Round: 645, Unk. prob.: 9.990e-01
Upper probs: 9.900e-04, Lower probs: 0.000e+00
No. of non-dominant refs: 30912, Survival refs: 30906, Failure refs: 6
Batch update: 48 refs added, 0 existing refs removed (0 new refs dominated)
Survival: 48 refs added, 0 removed (from 48 candidates)
Updated sys_vals: [0, 1]
---
Round: 646, Unk. prob.: 9.991e-01
Upper probs: 9.400e-04, Lower probs: 0.000e+00
No. of non-dominant refs: 30960, Survival refs: 30954, Failure refs: 6
Batch update: 48 refs added, 0 existing refs removed (0 new refs dominated)
Survival: 48 refs added, 0 removed (from 48 candidates)
Updated sys_vals: [0, 1]
---
Round: 647, Unk. prob.: 9.991e-01
Upper probs: 9.200e-04, Lower probs: 0.000e+00
No. of non-dominant refs: 31008, Survival refs: 31002, Failure refs: 6
Batch update: 48 refs added, 0 existing refs removed (0 new refs dominated)
Survival: 48 refs added, 0 removed (from 48 candidates)
Updated sys_vals: [0, 1]
---
Round: 648, Unk. prob.: 9.989e-01
Upper probs: 1.090e-03, Lower probs: 0.000e+00
No. of non-dominant refs: 31056, Survival refs: 31050, Failure refs: 6
Batch update: 48 refs added, 0 existing refs removed (0 new refs dominated)
Survival: 48 refs added, 0 removed (from 48 candidates)
Updated sys_vals: [0, 1]
---
Round: 649, Unk. prob.: 9.990e-01
Upper probs: 9.500e-04, Lower probs: 0.000e+00
No. of non-dominant refs: 31104, Survival refs: 31098, Failure refs: 6
Batch update: 48 refs added, 0 existing refs removed (0 new refs dominated)
Survival: 48 refs added, 0 removed (from 48 candidates)
Updated sys_vals: [0, 1]
---
Round: 650, Unk. prob.: 9.990e-01
Upper probs: 1.030e-03, Lower probs: 0.000e+00
No. of non-dominant refs: 31152, Survival refs: 31146, Failure refs: 6
Batch update: 48 refs added, 0 existing refs removed (0 new refs dominated)
Survival: 48 refs added, 0 removed (from 48 candidates)
Updated sys_vals: [0, 1]
---
Round: 651, Unk. prob.: 9.989e-01
Upper probs: 1.140e-03, Lower probs: 0.000e+00
No. of non-dominant refs: 31200, Survival refs: 31194, Failure refs: 6
Batch update: 48 refs added, 0 existing refs removed (0 new refs dominated)
Survival: 48 refs added, 0 removed (from 48 candidates)
Updated sys_vals: [0, 1]
---
Round: 652, Unk. prob.: 9.990e-01
Upper probs: 9.600e-04, Lower probs: 0.000e+00
No. of non-dominant refs: 31248, Survival refs: 31242, Failure refs: 6
Batch update: 48 refs added, 0 existing refs removed (0 new refs dominated)
Survival: 48 refs added, 0 removed (from 48 candidates)
Updated sys_vals: [0, 1]
---
Round: 653, Unk. prob.: 9.990e-01
Upper probs: 9.900e-04, Lower probs: 0.000e+00
No. of non-dominant refs: 31296, Survival refs: 31290, Failure refs: 6
Batch update: 48 refs added, 0 existing refs removed (0 new refs dominated)
Survival: 48 refs added, 0 removed (from 48 candidates)
Updated sys_vals: [0, 1]
---
Round: 654, Unk. prob.: 9.991e-01
Upper probs: 9.300e-04, Lower probs: 0.000e+00
No. of non-dominant refs: 31344, Survival refs: 31338, Failure refs: 6
Batch update: 48 refs added, 0 existing refs removed (0 new refs dominated)
Survival: 48 refs added, 0 removed (from 48 candidates)
Updated sys_vals: [0, 1]
---
Round: 655, Unk. prob.: 9.990e-01
Upper probs: 1.000e-03, Lower probs: 0.000e+00
No. of non-dominant refs: 31392, Survival refs: 31386, Failure refs: 6
Batch update: 48 refs added, 0 existing refs removed (0 new refs dominated)
Survival: 48 refs added, 0 removed (from 48 candidates)
Updated sys_vals: [0, 1]
---
Round: 656, Unk. prob.: 9.990e-01
Upper probs: 9.900e-04, Lower probs: 0.000e+00
No. of non-dominant refs: 31440, Survival refs: 31434, Failure refs: 6
Batch update: 48 refs added, 0 existing refs removed (0 new refs dominated)
Survival: 48 refs added, 0 removed (from 48 candidates)
Updated sys_vals: [0, 1]
---
Round: 657, Unk. prob.: 9.990e-01
Upper probs: 9.900e-04, Lower probs: 0.000e+00
No. of non-dominant refs: 31488, Survival refs: 31482, Failure refs: 6
Batch update: 48 refs added, 0 existing refs removed (0 new refs dominated)
Survival: 48 refs added, 0 removed (from 48 candidates)
Updated sys_vals: [0, 1]
---
Round: 658, Unk. prob.: 9.990e-01
Upper probs: 1.000e-03, Lower probs: 0.000e+00
No. of non-dominant refs: 31536, Survival refs: 31530, Failure refs: 6
Batch update: 48 refs added, 0 existing refs removed (0 new refs dominated)
Survival: 48 refs added, 0 removed (from 48 candidates)
Updated sys_vals: [0, 1]
---
Round: 659, Unk. prob.: 9.990e-01
Upper probs: 9.600e-04, Lower probs: 0.000e+00
No. of non-dominant refs: 31584, Survival refs: 31578, Failure refs: 6
Batch update: 48 refs added, 0 existing refs removed (0 new refs dominated)
Survival: 48 refs added, 0 removed (from 48 candidates)
Updated sys_vals: [0, 1]
---
Round: 660, Unk. prob.: 9.991e-01
Upper probs: 9.400e-04, Lower probs: 0.000e+00
No. of non-dominant refs: 31632, Survival refs: 31626, Failure refs: 6
Batch update: 48 refs added, 0 existing refs removed (0 new refs dominated)
Survival: 48 refs added, 0 removed (from 48 candidates)
Updated sys_vals: [0, 1]
---
Round: 661, Unk. prob.: 9.990e-01
Upper probs: 9.500e-04, Lower probs: 0.000e+00
No. of non-dominant refs: 31680, Survival refs: 31674, Failure refs: 6
Batch update: 48 refs added, 0 existing refs removed (0 new refs dominated)
Survival: 48 refs added, 0 removed (from 48 candidates)
Updated sys_vals: [0, 1]
---
Round: 662, Unk. prob.: 9.991e-01
Upper probs: 9.100e-04, Lower probs: 0.000e+00
No. of non-dominant refs: 31728, Survival refs: 31722, Failure refs: 6
Batch update: 48 refs added, 0 existing refs removed (0 new refs dominated)
Survival: 48 refs added, 0 removed (from 48 candidates)
Updated sys_vals: [0, 1]
---
Round: 663, Unk. prob.: 9.989e-01
Upper probs: 1.080e-03, Lower probs: 0.000e+00
No. of non-dominant refs: 31776, Survival refs: 31770, Failure refs: 6
Batch update: 48 refs added, 0 existing refs removed (0 new refs dominated)
Survival: 48 refs added, 0 removed (from 48 candidates)
Updated sys_vals: [0, 1]
---
Round: 664, Unk. prob.: 9.989e-01
Upper probs: 1.110e-03, Lower probs: 0.000e+00
No. of non-dominant refs: 31824, Survival refs: 31818, Failure refs: 6
Batch update: 48 refs added, 0 existing refs removed (0 new refs dominated)
Survival: 48 refs added, 0 removed (from 48 candidates)
Updated sys_vals: [0, 1]
---
Round: 665, Unk. prob.: 9.991e-01
Upper probs: 8.800e-04, Lower probs: 0.000e+00
No. of non-dominant refs: 31872, Survival refs: 31866, Failure refs: 6
Batch update: 48 refs added, 0 existing refs removed (0 new refs dominated)
Survival: 48 refs added, 0 removed (from 48 candidates)
Updated sys_vals: [0, 1]
---
Round: 666, Unk. prob.: 9.991e-01
Upper probs: 9.200e-04, Lower probs: 0.000e+00
No. of non-dominant refs: 31920, Survival refs: 31914, Failure refs: 6
Batch update: 48 refs added, 0 existing refs removed (0 new refs dominated)
Survival: 48 refs added, 0 removed (from 48 candidates)
Updated sys_vals: [0, 1]
---
Round: 667, Unk. prob.: 9.989e-01
Upper probs: 1.090e-03, Lower probs: 0.000e+00
No. of non-dominant refs: 31968, Survival refs: 31962, Failure refs: 6
Batch update: 48 refs added, 0 existing refs removed (0 new refs dominated)
Survival: 48 refs added, 0 removed (from 48 candidates)
Updated sys_vals: [0, 1]
---
Round: 668, Unk. prob.: 9.991e-01
Upper probs: 8.700e-04, Lower probs: 0.000e+00
No. of non-dominant refs: 32016, Survival refs: 32010, Failure refs: 6
Batch update: 48 refs added, 0 existing refs removed (0 new refs dominated)
Survival: 48 refs added, 0 removed (from 48 candidates)
Updated sys_vals: [0, 1]
---
Round: 669, Unk. prob.: 9.990e-01
Upper probs: 1.020e-03, Lower probs: 0.000e+00
No. of non-dominant refs: 32064, Survival refs: 32058, Failure refs: 6
Batch update: 48 refs added, 0 existing refs removed (0 new refs dominated)
Survival: 48 refs added, 0 removed (from 48 candidates)
Updated sys_vals: [0, 1]
---
Round: 670, Unk. prob.: 9.988e-01
Upper probs: 1.160e-03, Lower probs: 0.000e+00
No. of non-dominant refs: 32112, Survival refs: 32106, Failure refs: 6
Batch update: 48 refs added, 0 existing refs removed (0 new refs dominated)
Survival: 48 refs added, 0 removed (from 48 candidates)
Updated sys_vals: [0, 1]
---
Round: 671, Unk. prob.: 9.990e-01
Upper probs: 9.800e-04, Lower probs: 0.000e+00
No. of non-dominant refs: 32160, Survival refs: 32154, Failure refs: 6
Batch update: 48 refs added, 0 existing refs removed (0 new refs dominated)
Survival: 48 refs added, 0 removed (from 48 candidates)
Updated sys_vals: [0, 1]
---
Round: 672, Unk. prob.: 9.991e-01
Upper probs: 8.700e-04, Lower probs: 0.000e+00
No. of non-dominant refs: 32208, Survival refs: 32202, Failure refs: 6
Batch update: 48 refs added, 0 existing refs removed (0 new refs dominated)
Survival: 48 refs added, 0 removed (from 48 candidates)
Updated sys_vals: [0, 1]
---
Round: 673, Unk. prob.: 9.988e-01
Upper probs: 1.180e-03, Lower probs: 0.000e+00
No. of non-dominant refs: 32256, Survival refs: 32250, Failure refs: 6
Batch update: 48 refs added, 0 existing refs removed (0 new refs dominated)
Survival: 48 refs added, 0 removed (from 48 candidates)
Updated sys_vals: [0, 1]
---
Round: 674, Unk. prob.: 9.991e-01
Upper probs: 9.400e-04, Lower probs: 0.000e+00
No. of non-dominant refs: 32304, Survival refs: 32298, Failure refs: 6
Batch update: 48 refs added, 0 existing refs removed (0 new refs dominated)
Survival: 48 refs added, 0 removed (from 48 candidates)
Updated sys_vals: [0, 1]
---
Round: 675, Unk. prob.: 9.990e-01
Upper probs: 1.030e-03, Lower probs: 0.000e+00
No. of non-dominant refs: 32352, Survival refs: 32346, Failure refs: 6
Batch update: 48 refs added, 0 existing refs removed (0 new refs dominated)
Survival: 48 refs added, 0 removed (from 48 candidates)
Updated sys_vals: [0, 1]
---
Round: 676, Unk. prob.: 9.989e-01
Upper probs: 1.110e-03, Lower probs: 0.000e+00
No. of non-dominant refs: 32400, Survival refs: 32394, Failure refs: 6
Batch update: 48 refs added, 0 existing refs removed (0 new refs dominated)
Survival: 48 refs added, 0 removed (from 48 candidates)
Updated sys_vals: [0, 1]
---
Round: 677, Unk. prob.: 9.990e-01
Upper probs: 9.900e-04, Lower probs: 0.000e+00
No. of non-dominant refs: 32448, Survival refs: 32442, Failure refs: 6
Batch update: 48 refs added, 0 existing refs removed (0 new refs dominated)
Survival: 48 refs added, 0 removed (from 48 candidates)
Updated sys_vals: [0, 1]
---
Round: 678, Unk. prob.: 9.988e-01
Upper probs: 1.170e-03, Lower probs: 0.000e+00
No. of non-dominant refs: 32496, Survival refs: 32490, Failure refs: 6
Batch update: 48 refs added, 0 existing refs removed (0 new refs dominated)
Survival: 48 refs added, 0 removed (from 48 candidates)
Updated sys_vals: [0, 1]
---
Round: 679, Unk. prob.: 9.989e-01
Upper probs: 1.060e-03, Lower probs: 0.000e+00
No. of non-dominant refs: 32544, Survival refs: 32538, Failure refs: 6
Batch update: 48 refs added, 0 existing refs removed (0 new refs dominated)
Survival: 48 refs added, 0 removed (from 48 candidates)
Updated sys_vals: [0, 1]
---
Round: 680, Unk. prob.: 9.991e-01
Upper probs: 9.200e-04, Lower probs: 0.000e+00
No. of non-dominant refs: 32592, Survival refs: 32586, Failure refs: 6
Batch update: 48 refs added, 0 existing refs removed (0 new refs dominated)
Survival: 48 refs added, 0 removed (from 48 candidates)
Updated sys_vals: [0, 1]
---
Round: 681, Unk. prob.: 9.991e-01
Upper probs: 9.400e-04, Lower probs: 0.000e+00
No. of non-dominant refs: 32640, Survival refs: 32634, Failure refs: 6
Batch update: 48 refs added, 0 existing refs removed (0 new refs dominated)
Survival: 48 refs added, 0 removed (from 48 candidates)
Updated sys_vals: [0, 1]
---
Round: 682, Unk. prob.: 9.992e-01
Upper probs: 8.200e-04, Lower probs: 0.000e+00
No. of non-dominant refs: 32688, Survival refs: 32682, Failure refs: 6
Batch update: 48 refs added, 0 existing refs removed (0 new refs dominated)
Survival: 48 refs added, 0 removed (from 48 candidates)
Updated sys_vals: [0, 1]
---
Round: 683, Unk. prob.: 9.989e-01
Upper probs: 1.080e-03, Lower probs: 0.000e+00
No. of non-dominant refs: 32736, Survival refs: 32730, Failure refs: 6
Batch update: 48 refs added, 0 existing refs removed (0 new refs dominated)
Survival: 48 refs added, 0 removed (from 48 candidates)
Updated sys_vals: [0, 1]
---
Round: 684, Unk. prob.: 9.989e-01
Upper probs: 1.100e-03, Lower probs: 0.000e+00
No. of non-dominant refs: 32784, Survival refs: 32778, Failure refs: 6
Batch update: 48 refs added, 0 existing refs removed (0 new refs dominated)
Survival: 48 refs added, 0 removed (from 48 candidates)
Updated sys_vals: [0, 1]
---
Round: 685, Unk. prob.: 9.990e-01
Upper probs: 1.000e-03, Lower probs: 0.000e+00
No. of non-dominant refs: 32832, Survival refs: 32826, Failure refs: 6
Batch update: 48 refs added, 0 existing refs removed (0 new refs dominated)
Survival: 48 refs added, 0 removed (from 48 candidates)
Updated sys_vals: [0, 1]
---
Round: 686, Unk. prob.: 9.992e-01
Upper probs: 8.200e-04, Lower probs: 0.000e+00
No. of non-dominant refs: 32880, Survival refs: 32874, Failure refs: 6
Batch update: 48 refs added, 0 existing refs removed (0 new refs dominated)
Survival: 48 refs added, 0 removed (from 48 candidates)
Updated sys_vals: [0, 1]
---
Round: 687, Unk. prob.: 9.989e-01
Upper probs: 1.140e-03, Lower probs: 0.000e+00
No. of non-dominant refs: 32928, Survival refs: 32922, Failure refs: 6
Batch update: 48 refs added, 0 existing refs removed (0 new refs dominated)
Survival: 48 refs added, 0 removed (from 48 candidates)
Updated sys_vals: [0, 1]
---
Round: 688, Unk. prob.: 9.990e-01
Upper probs: 9.900e-04, Lower probs: 0.000e+00
No. of non-dominant refs: 32976, Survival refs: 32970, Failure refs: 6
Batch update: 48 refs added, 0 existing refs removed (0 new refs dominated)
Survival: 48 refs added, 0 removed (from 48 candidates)
Updated sys_vals: [0, 1]
---
Round: 689, Unk. prob.: 9.989e-01
Upper probs: 1.090e-03, Lower probs: 0.000e+00
No. of non-dominant refs: 33024, Survival refs: 33018, Failure refs: 6
Batch update: 48 refs added, 0 existing refs removed (0 new refs dominated)
Survival: 48 refs added, 0 removed (from 48 candidates)
Updated sys_vals: [0, 1]
---
Round: 690, Unk. prob.: 9.989e-01
Upper probs: 1.080e-03, Lower probs: 0.000e+00
No. of non-dominant refs: 33072, Survival refs: 33066, Failure refs: 6
Batch update: 48 refs added, 0 existing refs removed (0 new refs dominated)
Survival: 48 refs added, 0 removed (from 48 candidates)
Updated sys_vals: [0, 1]
---
Round: 691, Unk. prob.: 9.990e-01
Upper probs: 1.010e-03, Lower probs: 0.000e+00
No. of non-dominant refs: 33120, Survival refs: 33114, Failure refs: 6
Batch update: 48 refs added, 0 existing refs removed (0 new refs dominated)
Survival: 48 refs added, 0 removed (from 48 candidates)
Updated sys_vals: [0, 1]
---
Round: 692, Unk. prob.: 9.989e-01
Upper probs: 1.090e-03, Lower probs: 0.000e+00
No. of non-dominant refs: 33168, Survival refs: 33162, Failure refs: 6
Batch update: 48 refs added, 0 existing refs removed (0 new refs dominated)
Survival: 48 refs added, 0 removed (from 48 candidates)
Updated sys_vals: [0, 1]
---
Round: 693, Unk. prob.: 9.988e-01
Upper probs: 1.210e-03, Lower probs: 0.000e+00
No. of non-dominant refs: 33216, Survival refs: 33210, Failure refs: 6
Batch update: 48 refs added, 0 existing refs removed (0 new refs dominated)
Survival: 48 refs added, 0 removed (from 48 candidates)
Updated sys_vals: [0, 1]
---
Round: 694, Unk. prob.: 9.989e-01
Upper probs: 1.140e-03, Lower probs: 0.000e+00
No. of non-dominant refs: 33264, Survival refs: 33258, Failure refs: 6
Batch update: 48 refs added, 0 existing refs removed (0 new refs dominated)
Survival: 48 refs added, 0 removed (from 48 candidates)
Updated sys_vals: [0, 1]
---
Round: 695, Unk. prob.: 9.990e-01
Upper probs: 1.030e-03, Lower probs: 0.000e+00
No. of non-dominant refs: 33312, Survival refs: 33306, Failure refs: 6
Batch update: 48 refs added, 0 existing refs removed (0 new refs dominated)
Survival: 48 refs added, 0 removed (from 48 candidates)
Updated sys_vals: [0, 1]
---
Round: 696, Unk. prob.: 9.988e-01
Upper probs: 1.160e-03, Lower probs: 0.000e+00
No. of non-dominant refs: 33360, Survival refs: 33354, Failure refs: 6
Batch update: 48 refs added, 0 existing refs removed (0 new refs dominated)
Survival: 48 refs added, 0 removed (from 48 candidates)
Updated sys_vals: [0, 1]
---
Round: 697, Unk. prob.: 9.988e-01
Upper probs: 1.180e-03, Lower probs: 0.000e+00
No. of non-dominant refs: 33408, Survival refs: 33402, Failure refs: 6
Batch update: 48 refs added, 0 existing refs removed (0 new refs dominated)
Survival: 48 refs added, 0 removed (from 48 candidates)
Updated sys_vals: [0, 1]
---
Round: 698, Unk. prob.: 9.990e-01
Upper probs: 9.700e-04, Lower probs: 0.000e+00
No. of non-dominant refs: 33456, Survival refs: 33450, Failure refs: 6
Batch update: 48 refs added, 0 existing refs removed (0 new refs dominated)
Survival: 48 refs added, 0 removed (from 48 candidates)
Updated sys_vals: [0, 1]
---
Round: 699, Unk. prob.: 9.990e-01
Upper probs: 9.500e-04, Lower probs: 0.000e+00
No. of non-dominant refs: 33504, Survival refs: 33498, Failure refs: 6
Batch update: 47 refs added, 0 existing refs removed (0 new refs dominated)
Survival: 47 refs added, 0 removed (from 47 candidates)
Batch update: 1 refs added, 0 existing refs removed (0 new refs dominated)
Failure: 1 refs added, 0 removed (from 1 candidates)
Updated sys_vals: [0, 1]
---
Round: 700, Unk. prob.: 9.989e-01
Upper probs: 1.150e-03, Lower probs: 0.000e+00
No. of non-dominant refs: 33552, Survival refs: 33545, Failure refs: 7
Batch update: 48 refs added, 0 existing refs removed (0 new refs dominated)
Survival: 48 refs added, 0 removed (from 48 candidates)
Updated sys_vals: [0, 1]
---
Round: 701, Unk. prob.: 9.989e-01
Upper probs: 1.100e-03, Lower probs: 0.000e+00
No. of non-dominant refs: 33600, Survival refs: 33593, Failure refs: 7
Batch update: 48 refs added, 0 existing refs removed (0 new refs dominated)
Survival: 48 refs added, 0 removed (from 48 candidates)
Updated sys_vals: [0, 1]
---
Round: 702, Unk. prob.: 9.987e-01
Upper probs: 1.330e-03, Lower probs: 0.000e+00
No. of non-dominant refs: 33648, Survival refs: 33641, Failure refs: 7
Batch update: 48 refs added, 0 existing refs removed (0 new refs dominated)
Survival: 48 refs added, 0 removed (from 48 candidates)
Updated sys_vals: [0, 1]
---
Round: 703, Unk. prob.: 9.989e-01
Upper probs: 1.130e-03, Lower probs: 0.000e+00
No. of non-dominant refs: 33696, Survival refs: 33689, Failure refs: 7
Batch update: 48 refs added, 0 existing refs removed (0 new refs dominated)
Survival: 48 refs added, 0 removed (from 48 candidates)
Updated sys_vals: [0, 1]
---
Round: 704, Unk. prob.: 9.989e-01
Upper probs: 1.110e-03, Lower probs: 0.000e+00
No. of non-dominant refs: 33744, Survival refs: 33737, Failure refs: 7
Batch update: 48 refs added, 0 existing refs removed (0 new refs dominated)
Survival: 48 refs added, 0 removed (from 48 candidates)
Updated sys_vals: [0, 1]
---
Round: 705, Unk. prob.: 9.989e-01
Upper probs: 1.100e-03, Lower probs: 0.000e+00
No. of non-dominant refs: 33792, Survival refs: 33785, Failure refs: 7
Batch update: 48 refs added, 0 existing refs removed (0 new refs dominated)
Survival: 48 refs added, 0 removed (from 48 candidates)
Updated sys_vals: [0, 1]
---
Round: 706, Unk. prob.: 9.990e-01
Upper probs: 9.700e-04, Lower probs: 0.000e+00
No. of non-dominant refs: 33840, Survival refs: 33833, Failure refs: 7
Batch update: 48 refs added, 0 existing refs removed (0 new refs dominated)
Survival: 48 refs added, 0 removed (from 48 candidates)
Updated sys_vals: [0, 1]
---
Round: 707, Unk. prob.: 9.990e-01
Upper probs: 9.800e-04, Lower probs: 0.000e+00
No. of non-dominant refs: 33888, Survival refs: 33881, Failure refs: 7
Batch update: 48 refs added, 0 existing refs removed (0 new refs dominated)
Survival: 48 refs added, 0 removed (from 48 candidates)
Updated sys_vals: [0, 1]
---
Round: 708, Unk. prob.: 9.989e-01
Upper probs: 1.110e-03, Lower probs: 0.000e+00
No. of non-dominant refs: 33936, Survival refs: 33929, Failure refs: 7
Batch update: 48 refs added, 0 existing refs removed (0 new refs dominated)
Survival: 48 refs added, 0 removed (from 48 candidates)
Updated sys_vals: [0, 1]
---
Round: 709, Unk. prob.: 9.987e-01
Upper probs: 1.310e-03, Lower probs: 0.000e+00
No. of non-dominant refs: 33984, Survival refs: 33977, Failure refs: 7
Batch update: 48 refs added, 0 existing refs removed (0 new refs dominated)
Survival: 48 refs added, 0 removed (from 48 candidates)
Updated sys_vals: [0, 1]
---
Round: 710, Unk. prob.: 9.990e-01
Upper probs: 9.500e-04, Lower probs: 0.000e+00
No. of non-dominant refs: 34032, Survival refs: 34025, Failure refs: 7
Batch update: 48 refs added, 0 existing refs removed (0 new refs dominated)
Survival: 48 refs added, 0 removed (from 48 candidates)
Updated sys_vals: [0, 1]
---
Round: 711, Unk. prob.: 9.991e-01
Upper probs: 9.300e-04, Lower probs: 0.000e+00
No. of non-dominant refs: 34080, Survival refs: 34073, Failure refs: 7
Batch update: 48 refs added, 0 existing refs removed (0 new refs dominated)
Survival: 48 refs added, 0 removed (from 48 candidates)
Updated sys_vals: [0, 1]
---
Round: 712, Unk. prob.: 9.988e-01
Upper probs: 1.240e-03, Lower probs: 0.000e+00
No. of non-dominant refs: 34128, Survival refs: 34121, Failure refs: 7
Batch update: 48 refs added, 0 existing refs removed (0 new refs dominated)
Survival: 48 refs added, 0 removed (from 48 candidates)
Updated sys_vals: [0, 1]
---
Round: 713, Unk. prob.: 9.992e-01
Upper probs: 7.500e-04, Lower probs: 0.000e+00
No. of non-dominant refs: 34176, Survival refs: 34169, Failure refs: 7
Batch update: 48 refs added, 0 existing refs removed (0 new refs dominated)
Survival: 48 refs added, 0 removed (from 48 candidates)
Updated sys_vals: [0, 1]
---
Round: 714, Unk. prob.: 9.989e-01
Upper probs: 1.150e-03, Lower probs: 0.000e+00
No. of non-dominant refs: 34224, Survival refs: 34217, Failure refs: 7
Batch update: 48 refs added, 0 existing refs removed (0 new refs dominated)
Survival: 48 refs added, 0 removed (from 48 candidates)
Updated sys_vals: [0, 1]
---
Round: 715, Unk. prob.: 9.990e-01
Upper probs: 1.050e-03, Lower probs: 0.000e+00
No. of non-dominant refs: 34272, Survival refs: 34265, Failure refs: 7
Batch update: 48 refs added, 0 existing refs removed (0 new refs dominated)
Survival: 48 refs added, 0 removed (from 48 candidates)
Updated sys_vals: [0, 1]
---
Round: 716, Unk. prob.: 9.989e-01
Upper probs: 1.080e-03, Lower probs: 0.000e+00
No. of non-dominant refs: 34320, Survival refs: 34313, Failure refs: 7
Batch update: 48 refs added, 0 existing refs removed (0 new refs dominated)
Survival: 48 refs added, 0 removed (from 48 candidates)
Updated sys_vals: [0, 1]
---
Round: 717, Unk. prob.: 9.990e-01
Upper probs: 1.030e-03, Lower probs: 0.000e+00
No. of non-dominant refs: 34368, Survival refs: 34361, Failure refs: 7
Batch update: 48 refs added, 0 existing refs removed (0 new refs dominated)
Survival: 48 refs added, 0 removed (from 48 candidates)
Updated sys_vals: [0, 1]
---
Round: 718, Unk. prob.: 9.990e-01
Upper probs: 9.800e-04, Lower probs: 0.000e+00
No. of non-dominant refs: 34416, Survival refs: 34409, Failure refs: 7
Batch update: 48 refs added, 0 existing refs removed (0 new refs dominated)
Survival: 48 refs added, 0 removed (from 48 candidates)
Updated sys_vals: [0, 1]
---
Round: 719, Unk. prob.: 9.987e-01
Upper probs: 1.260e-03, Lower probs: 0.000e+00
No. of non-dominant refs: 34464, Survival refs: 34457, Failure refs: 7
Batch update: 48 refs added, 0 existing refs removed (0 new refs dominated)
Survival: 48 refs added, 0 removed (from 48 candidates)
Updated sys_vals: [0, 1]
---
Round: 720, Unk. prob.: 9.989e-01
Upper probs: 1.150e-03, Lower probs: 0.000e+00
No. of non-dominant refs: 34512, Survival refs: 34505, Failure refs: 7
Batch update: 48 refs added, 0 existing refs removed (0 new refs dominated)
Survival: 48 refs added, 0 removed (from 48 candidates)
Updated sys_vals: [0, 1]
---
Round: 721, Unk. prob.: 9.988e-01
Upper probs: 1.170e-03, Lower probs: 0.000e+00
No. of non-dominant refs: 34560, Survival refs: 34553, Failure refs: 7
Batch update: 48 refs added, 0 existing refs removed (0 new refs dominated)
Survival: 48 refs added, 0 removed (from 48 candidates)
Updated sys_vals: [0, 1]
---
Round: 722, Unk. prob.: 9.988e-01
Upper probs: 1.180e-03, Lower probs: 0.000e+00
No. of non-dominant refs: 34608, Survival refs: 34601, Failure refs: 7
Batch update: 48 refs added, 0 existing refs removed (0 new refs dominated)
Survival: 48 refs added, 0 removed (from 48 candidates)
Updated sys_vals: [0, 1]
---
Round: 723, Unk. prob.: 9.988e-01
Upper probs: 1.160e-03, Lower probs: 0.000e+00
No. of non-dominant refs: 34656, Survival refs: 34649, Failure refs: 7
Batch update: 48 refs added, 0 existing refs removed (0 new refs dominated)
Survival: 48 refs added, 0 removed (from 48 candidates)
Updated sys_vals: [0, 1]
---
Round: 724, Unk. prob.: 9.989e-01
Upper probs: 1.060e-03, Lower probs: 0.000e+00
No. of non-dominant refs: 34704, Survival refs: 34697, Failure refs: 7
Batch update: 48 refs added, 0 existing refs removed (0 new refs dominated)
Survival: 48 refs added, 0 removed (from 48 candidates)
Updated sys_vals: [0, 1]
---
Round: 725, Unk. prob.: 9.988e-01
Upper probs: 1.220e-03, Lower probs: 0.000e+00
No. of non-dominant refs: 34752, Survival refs: 34745, Failure refs: 7
Batch update: 48 refs added, 0 existing refs removed (0 new refs dominated)
Survival: 48 refs added, 0 removed (from 48 candidates)
Updated sys_vals: [0, 1]
---
Round: 726, Unk. prob.: 9.990e-01
Upper probs: 1.010e-03, Lower probs: 0.000e+00
No. of non-dominant refs: 34800, Survival refs: 34793, Failure refs: 7
Batch update: 48 refs added, 0 existing refs removed (0 new refs dominated)
Survival: 48 refs added, 0 removed (from 48 candidates)
Updated sys_vals: [0, 1]
---
Round: 727, Unk. prob.: 9.988e-01
Upper probs: 1.180e-03, Lower probs: 0.000e+00
No. of non-dominant refs: 34848, Survival refs: 34841, Failure refs: 7
Batch update: 48 refs added, 0 existing refs removed (0 new refs dominated)
Survival: 48 refs added, 0 removed (from 48 candidates)
Updated sys_vals: [0, 1]
---
Round: 728, Unk. prob.: 9.989e-01
Upper probs: 1.060e-03, Lower probs: 0.000e+00
No. of non-dominant refs: 34896, Survival refs: 34889, Failure refs: 7
Batch update: 48 refs added, 0 existing refs removed (0 new refs dominated)
Survival: 48 refs added, 0 removed (from 48 candidates)
Updated sys_vals: [0, 1]
---
Round: 729, Unk. prob.: 9.990e-01
Upper probs: 1.020e-03, Lower probs: 0.000e+00
No. of non-dominant refs: 34944, Survival refs: 34937, Failure refs: 7
Batch update: 48 refs added, 0 existing refs removed (0 new refs dominated)
Survival: 48 refs added, 0 removed (from 48 candidates)
Updated sys_vals: [0, 1]
---
Round: 730, Unk. prob.: 9.989e-01
Upper probs: 1.110e-03, Lower probs: 0.000e+00
No. of non-dominant refs: 34992, Survival refs: 34985, Failure refs: 7
Batch update: 48 refs added, 0 existing refs removed (0 new refs dominated)
Survival: 48 refs added, 0 removed (from 48 candidates)
Updated sys_vals: [0, 1]
---
Round: 731, Unk. prob.: 9.988e-01
Upper probs: 1.200e-03, Lower probs: 0.000e+00
No. of non-dominant refs: 35040, Survival refs: 35033, Failure refs: 7
Batch update: 48 refs added, 0 existing refs removed (0 new refs dominated)
Survival: 48 refs added, 0 removed (from 48 candidates)
Updated sys_vals: [0, 1]
---
Round: 732, Unk. prob.: 9.990e-01
Upper probs: 1.010e-03, Lower probs: 0.000e+00
No. of non-dominant refs: 35088, Survival refs: 35081, Failure refs: 7
Batch update: 48 refs added, 0 existing refs removed (0 new refs dominated)
Survival: 48 refs added, 0 removed (from 48 candidates)
Updated sys_vals: [0, 1]
---
Round: 733, Unk. prob.: 9.990e-01
Upper probs: 1.020e-03, Lower probs: 0.000e+00
No. of non-dominant refs: 35136, Survival refs: 35129, Failure refs: 7
Batch update: 48 refs added, 0 existing refs removed (0 new refs dominated)
Survival: 48 refs added, 0 removed (from 48 candidates)
Updated sys_vals: [0, 1]
---
Round: 734, Unk. prob.: 9.989e-01
Upper probs: 1.100e-03, Lower probs: 0.000e+00
No. of non-dominant refs: 35184, Survival refs: 35177, Failure refs: 7
Batch update: 48 refs added, 0 existing refs removed (0 new refs dominated)
Survival: 48 refs added, 0 removed (from 48 candidates)
Updated sys_vals: [0, 1]
---
Round: 735, Unk. prob.: 9.988e-01
Upper probs: 1.240e-03, Lower probs: 0.000e+00
No. of non-dominant refs: 35232, Survival refs: 35225, Failure refs: 7
Batch update: 48 refs added, 0 existing refs removed (0 new refs dominated)
Survival: 48 refs added, 0 removed (from 48 candidates)
Updated sys_vals: [0, 1]
---
Round: 736, Unk. prob.: 9.988e-01
Upper probs: 1.170e-03, Lower probs: 0.000e+00
No. of non-dominant refs: 35280, Survival refs: 35273, Failure refs: 7
Batch update: 48 refs added, 0 existing refs removed (0 new refs dominated)
Survival: 48 refs added, 0 removed (from 48 candidates)
Updated sys_vals: [0, 1]
---
Round: 737, Unk. prob.: 9.990e-01
Upper probs: 1.050e-03, Lower probs: 0.000e+00
No. of non-dominant refs: 35328, Survival refs: 35321, Failure refs: 7
Batch update: 48 refs added, 0 existing refs removed (0 new refs dominated)
Survival: 48 refs added, 0 removed (from 48 candidates)
Updated sys_vals: [0, 1]
---
Round: 738, Unk. prob.: 9.988e-01
Upper probs: 1.230e-03, Lower probs: 0.000e+00
No. of non-dominant refs: 35376, Survival refs: 35369, Failure refs: 7
Batch update: 48 refs added, 0 existing refs removed (0 new refs dominated)
Survival: 48 refs added, 0 removed (from 48 candidates)
Updated sys_vals: [0, 1]
---
Round: 739, Unk. prob.: 9.988e-01
Upper probs: 1.230e-03, Lower probs: 0.000e+00
No. of non-dominant refs: 35424, Survival refs: 35417, Failure refs: 7
Batch update: 48 refs added, 0 existing refs removed (0 new refs dominated)
Survival: 48 refs added, 0 removed (from 48 candidates)
Updated sys_vals: [0, 1]
---
Round: 740, Unk. prob.: 9.988e-01
Upper probs: 1.230e-03, Lower probs: 0.000e+00
No. of non-dominant refs: 35472, Survival refs: 35465, Failure refs: 7
Batch update: 48 refs added, 0 existing refs removed (0 new refs dominated)
Survival: 48 refs added, 0 removed (from 48 candidates)
Updated sys_vals: [0, 1]
---
Round: 741, Unk. prob.: 9.987e-01
Upper probs: 1.310e-03, Lower probs: 0.000e+00
No. of non-dominant refs: 35520, Survival refs: 35513, Failure refs: 7
Batch update: 48 refs added, 0 existing refs removed (0 new refs dominated)
Survival: 48 refs added, 0 removed (from 48 candidates)
Updated sys_vals: [0, 1]
---
Round: 742, Unk. prob.: 9.988e-01
Upper probs: 1.190e-03, Lower probs: 0.000e+00
No. of non-dominant refs: 35568, Survival refs: 35561, Failure refs: 7
Batch update: 48 refs added, 0 existing refs removed (0 new refs dominated)
Survival: 48 refs added, 0 removed (from 48 candidates)
Updated sys_vals: [0, 1]
---
Round: 743, Unk. prob.: 9.990e-01
Upper probs: 9.600e-04, Lower probs: 0.000e+00
No. of non-dominant refs: 35616, Survival refs: 35609, Failure refs: 7
Batch update: 48 refs added, 0 existing refs removed (0 new refs dominated)
Survival: 48 refs added, 0 removed (from 48 candidates)
Updated sys_vals: [0, 1]
---
Round: 744, Unk. prob.: 9.987e-01
Upper probs: 1.310e-03, Lower probs: 0.000e+00
No. of non-dominant refs: 35664, Survival refs: 35657, Failure refs: 7
Batch update: 48 refs added, 0 existing refs removed (0 new refs dominated)
Survival: 48 refs added, 0 removed (from 48 candidates)
Updated sys_vals: [0, 1]
---
Round: 745, Unk. prob.: 9.989e-01
Upper probs: 1.140e-03, Lower probs: 0.000e+00
No. of non-dominant refs: 35712, Survival refs: 35705, Failure refs: 7
Batch update: 48 refs added, 0 existing refs removed (0 new refs dominated)
Survival: 48 refs added, 0 removed (from 48 candidates)
Updated sys_vals: [0, 1]
---
Round: 746, Unk. prob.: 9.988e-01
Upper probs: 1.180e-03, Lower probs: 0.000e+00
No. of non-dominant refs: 35760, Survival refs: 35753, Failure refs: 7
Batch update: 48 refs added, 0 existing refs removed (0 new refs dominated)
Survival: 48 refs added, 0 removed (from 48 candidates)
Updated sys_vals: [0, 1]
---
Round: 747, Unk. prob.: 9.991e-01
Upper probs: 9.300e-04, Lower probs: 0.000e+00
No. of non-dominant refs: 35808, Survival refs: 35801, Failure refs: 7
Batch update: 48 refs added, 0 existing refs removed (0 new refs dominated)
Survival: 48 refs added, 0 removed (from 48 candidates)
Updated sys_vals: [0, 1]
---
Round: 748, Unk. prob.: 9.988e-01
Upper probs: 1.180e-03, Lower probs: 0.000e+00
No. of non-dominant refs: 35856, Survival refs: 35849, Failure refs: 7
Batch update: 48 refs added, 0 existing refs removed (0 new refs dominated)
Survival: 48 refs added, 0 removed (from 48 candidates)
Updated sys_vals: [0, 1]
---
Round: 749, Unk. prob.: 9.988e-01
Upper probs: 1.180e-03, Lower probs: 0.000e+00
No. of non-dominant refs: 35904, Survival refs: 35897, Failure refs: 7
Batch update: 48 refs added, 0 existing refs removed (0 new refs dominated)
Survival: 48 refs added, 0 removed (from 48 candidates)
Updated sys_vals: [0, 1]
---
Round: 750, Unk. prob.: 9.989e-01
Upper probs: 1.150e-03, Lower probs: 0.000e+00
No. of non-dominant refs: 35952, Survival refs: 35945, Failure refs: 7
Batch update: 48 refs added, 0 existing refs removed (0 new refs dominated)
Survival: 48 refs added, 0 removed (from 48 candidates)
Updated sys_vals: [0, 1]
---
Round: 751, Unk. prob.: 9.989e-01
Upper probs: 1.070e-03, Lower probs: 0.000e+00
No. of non-dominant refs: 36000, Survival refs: 35993, Failure refs: 7
Batch update: 48 refs added, 0 existing refs removed (0 new refs dominated)
Survival: 48 refs added, 0 removed (from 48 candidates)
Updated sys_vals: [0, 1]
---
Round: 752, Unk. prob.: 9.988e-01
Upper probs: 1.180e-03, Lower probs: 0.000e+00
No. of non-dominant refs: 36048, Survival refs: 36041, Failure refs: 7
Batch update: 48 refs added, 0 existing refs removed (0 new refs dominated)
Survival: 48 refs added, 0 removed (from 48 candidates)
Updated sys_vals: [0, 1]
---
Round: 753, Unk. prob.: 9.988e-01
Upper probs: 1.240e-03, Lower probs: 0.000e+00
No. of non-dominant refs: 36096, Survival refs: 36089, Failure refs: 7
Batch update: 48 refs added, 0 existing refs removed (0 new refs dominated)
Survival: 48 refs added, 0 removed (from 48 candidates)
Updated sys_vals: [0, 1]
---
Round: 754, Unk. prob.: 9.989e-01
Upper probs: 1.140e-03, Lower probs: 0.000e+00
No. of non-dominant refs: 36144, Survival refs: 36137, Failure refs: 7
Batch update: 48 refs added, 0 existing refs removed (0 new refs dominated)
Survival: 48 refs added, 0 removed (from 48 candidates)
Updated sys_vals: [0, 1]
---
Round: 755, Unk. prob.: 9.989e-01
Upper probs: 1.130e-03, Lower probs: 0.000e+00
No. of non-dominant refs: 36192, Survival refs: 36185, Failure refs: 7
Batch update: 48 refs added, 0 existing refs removed (0 new refs dominated)
Survival: 48 refs added, 0 removed (from 48 candidates)
Updated sys_vals: [0, 1]
---
Round: 756, Unk. prob.: 9.990e-01
Upper probs: 9.800e-04, Lower probs: 0.000e+00
No. of non-dominant refs: 36240, Survival refs: 36233, Failure refs: 7
Batch update: 48 refs added, 0 existing refs removed (0 new refs dominated)
Survival: 48 refs added, 0 removed (from 48 candidates)
Updated sys_vals: [0, 1]
---
Round: 757, Unk. prob.: 9.990e-01
Upper probs: 1.050e-03, Lower probs: 0.000e+00
No. of non-dominant refs: 36288, Survival refs: 36281, Failure refs: 7
Batch update: 48 refs added, 0 existing refs removed (0 new refs dominated)
Survival: 48 refs added, 0 removed (from 48 candidates)
Updated sys_vals: [0, 1]
---
Round: 758, Unk. prob.: 9.989e-01
Upper probs: 1.100e-03, Lower probs: 0.000e+00
No. of non-dominant refs: 36336, Survival refs: 36329, Failure refs: 7
Batch update: 48 refs added, 0 existing refs removed (0 new refs dominated)
Survival: 48 refs added, 0 removed (from 48 candidates)
Updated sys_vals: [0, 1]
---
Round: 759, Unk. prob.: 9.989e-01
Upper probs: 1.060e-03, Lower probs: 0.000e+00
No. of non-dominant refs: 36384, Survival refs: 36377, Failure refs: 7
Batch update: 48 refs added, 0 existing refs removed (0 new refs dominated)
Survival: 48 refs added, 0 removed (from 48 candidates)
Updated sys_vals: [0, 1]
---
Round: 760, Unk. prob.: 9.988e-01
Upper probs: 1.160e-03, Lower probs: 0.000e+00
No. of non-dominant refs: 36432, Survival refs: 36425, Failure refs: 7
Batch update: 48 refs added, 0 existing refs removed (0 new refs dominated)
Survival: 48 refs added, 0 removed (from 48 candidates)
Updated sys_vals: [0, 1]
---
Round: 761, Unk. prob.: 9.988e-01
Upper probs: 1.210e-03, Lower probs: 0.000e+00
No. of non-dominant refs: 36480, Survival refs: 36473, Failure refs: 7
Batch update: 48 refs added, 0 existing refs removed (0 new refs dominated)
Survival: 48 refs added, 0 removed (from 48 candidates)
Updated sys_vals: [0, 1]
---
Round: 762, Unk. prob.: 9.988e-01
Upper probs: 1.240e-03, Lower probs: 0.000e+00
No. of non-dominant refs: 36528, Survival refs: 36521, Failure refs: 7
Batch update: 48 refs added, 0 existing refs removed (0 new refs dominated)
Survival: 48 refs added, 0 removed (from 48 candidates)
Updated sys_vals: [0, 1]
---
Round: 763, Unk. prob.: 9.988e-01
Upper probs: 1.180e-03, Lower probs: 0.000e+00
No. of non-dominant refs: 36576, Survival refs: 36569, Failure refs: 7
Batch update: 48 refs added, 0 existing refs removed (0 new refs dominated)
Survival: 48 refs added, 0 removed (from 48 candidates)
Updated sys_vals: [0, 1]
---
Round: 764, Unk. prob.: 9.988e-01
Upper probs: 1.250e-03, Lower probs: 0.000e+00
No. of non-dominant refs: 36624, Survival refs: 36617, Failure refs: 7
Batch update: 48 refs added, 0 existing refs removed (0 new refs dominated)
Survival: 48 refs added, 0 removed (from 48 candidates)
Updated sys_vals: [0, 1]
---
Round: 765, Unk. prob.: 9.990e-01
Upper probs: 1.050e-03, Lower probs: 0.000e+00
No. of non-dominant refs: 36672, Survival refs: 36665, Failure refs: 7
Batch update: 48 refs added, 0 existing refs removed (0 new refs dominated)
Survival: 48 refs added, 0 removed (from 48 candidates)
Updated sys_vals: [0, 1]
---
Round: 766, Unk. prob.: 9.988e-01
Upper probs: 1.250e-03, Lower probs: 0.000e+00
No. of non-dominant refs: 36720, Survival refs: 36713, Failure refs: 7
Batch update: 48 refs added, 0 existing refs removed (0 new refs dominated)
Survival: 48 refs added, 0 removed (from 48 candidates)
Updated sys_vals: [0, 1]
---
Round: 767, Unk. prob.: 9.989e-01
Upper probs: 1.100e-03, Lower probs: 0.000e+00
No. of non-dominant refs: 36768, Survival refs: 36761, Failure refs: 7
Batch update: 48 refs added, 0 existing refs removed (0 new refs dominated)
Survival: 48 refs added, 0 removed (from 48 candidates)
Updated sys_vals: [0, 1]
---
Round: 768, Unk. prob.: 9.989e-01
Upper probs: 1.090e-03, Lower probs: 0.000e+00
No. of non-dominant refs: 36816, Survival refs: 36809, Failure refs: 7
Batch update: 48 refs added, 0 existing refs removed (0 new refs dominated)
Survival: 48 refs added, 0 removed (from 48 candidates)
Updated sys_vals: [0, 1]
---
Round: 769, Unk. prob.: 9.987e-01
Upper probs: 1.350e-03, Lower probs: 0.000e+00
No. of non-dominant refs: 36864, Survival refs: 36857, Failure refs: 7
Batch update: 48 refs added, 0 existing refs removed (0 new refs dominated)
Survival: 48 refs added, 0 removed (from 48 candidates)
Updated sys_vals: [0, 1]
---
Round: 770, Unk. prob.: 9.989e-01
Upper probs: 1.150e-03, Lower probs: 0.000e+00
No. of non-dominant refs: 36912, Survival refs: 36905, Failure refs: 7
Batch update: 48 refs added, 0 existing refs removed (0 new refs dominated)
Survival: 48 refs added, 0 removed (from 48 candidates)
Updated sys_vals: [0, 1]
---
Round: 771, Unk. prob.: 9.989e-01
Upper probs: 1.090e-03, Lower probs: 0.000e+00
No. of non-dominant refs: 36960, Survival refs: 36953, Failure refs: 7
Batch update: 48 refs added, 0 existing refs removed (0 new refs dominated)
Survival: 48 refs added, 0 removed (from 48 candidates)
Updated sys_vals: [0, 1]
---
Round: 772, Unk. prob.: 9.990e-01
Upper probs: 1.020e-03, Lower probs: 0.000e+00
No. of non-dominant refs: 37008, Survival refs: 37001, Failure refs: 7
Batch update: 48 refs added, 0 existing refs removed (0 new refs dominated)
Survival: 48 refs added, 0 removed (from 48 candidates)
Updated sys_vals: [0, 1]
---
Round: 773, Unk. prob.: 9.990e-01
Upper probs: 1.000e-03, Lower probs: 0.000e+00
No. of non-dominant refs: 37056, Survival refs: 37049, Failure refs: 7
Batch update: 48 refs added, 0 existing refs removed (0 new refs dominated)
Survival: 48 refs added, 0 removed (from 48 candidates)
Updated sys_vals: [0, 1]
---
Round: 774, Unk. prob.: 9.988e-01
Upper probs: 1.170e-03, Lower probs: 0.000e+00
No. of non-dominant refs: 37104, Survival refs: 37097, Failure refs: 7
Batch update: 48 refs added, 0 existing refs removed (0 new refs dominated)
Survival: 48 refs added, 0 removed (from 48 candidates)
Updated sys_vals: [0, 1]
---
Round: 775, Unk. prob.: 9.990e-01
Upper probs: 1.000e-03, Lower probs: 0.000e+00
No. of non-dominant refs: 37152, Survival refs: 37145, Failure refs: 7
Batch update: 48 refs added, 0 existing refs removed (0 new refs dominated)
Survival: 48 refs added, 0 removed (from 48 candidates)
Updated sys_vals: [0, 1]
---
Round: 776, Unk. prob.: 9.987e-01
Upper probs: 1.310e-03, Lower probs: 0.000e+00
No. of non-dominant refs: 37200, Survival refs: 37193, Failure refs: 7
Batch update: 48 refs added, 0 existing refs removed (0 new refs dominated)
Survival: 48 refs added, 0 removed (from 48 candidates)
Updated sys_vals: [0, 1]
---
Round: 777, Unk. prob.: 9.989e-01
Upper probs: 1.130e-03, Lower probs: 0.000e+00
No. of non-dominant refs: 37248, Survival refs: 37241, Failure refs: 7
Batch update: 48 refs added, 0 existing refs removed (0 new refs dominated)
Survival: 48 refs added, 0 removed (from 48 candidates)
Updated sys_vals: [0, 1]
---
Round: 778, Unk. prob.: 9.989e-01
Upper probs: 1.110e-03, Lower probs: 0.000e+00
No. of non-dominant refs: 37296, Survival refs: 37289, Failure refs: 7
Batch update: 48 refs added, 0 existing refs removed (0 new refs dominated)
Survival: 48 refs added, 0 removed (from 48 candidates)
Updated sys_vals: [0, 1]
---
Round: 779, Unk. prob.: 9.987e-01
Upper probs: 1.290e-03, Lower probs: 0.000e+00
No. of non-dominant refs: 37344, Survival refs: 37337, Failure refs: 7
Batch update: 48 refs added, 0 existing refs removed (0 new refs dominated)
Survival: 48 refs added, 0 removed (from 48 candidates)
Updated sys_vals: [0, 1]
---
Round: 780, Unk. prob.: 9.988e-01
Upper probs: 1.190e-03, Lower probs: 0.000e+00
No. of non-dominant refs: 37392, Survival refs: 37385, Failure refs: 7
Batch update: 48 refs added, 0 existing refs removed (0 new refs dominated)
Survival: 48 refs added, 0 removed (from 48 candidates)
Updated sys_vals: [0, 1]
---
Round: 781, Unk. prob.: 9.988e-01
Upper probs: 1.220e-03, Lower probs: 0.000e+00
No. of non-dominant refs: 37440, Survival refs: 37433, Failure refs: 7
Batch update: 48 refs added, 0 existing refs removed (0 new refs dominated)
Survival: 48 refs added, 0 removed (from 48 candidates)
Updated sys_vals: [0, 1]
---
Round: 782, Unk. prob.: 9.989e-01
Upper probs: 1.120e-03, Lower probs: 0.000e+00
No. of non-dominant refs: 37488, Survival refs: 37481, Failure refs: 7
Batch update: 48 refs added, 0 existing refs removed (0 new refs dominated)
Survival: 48 refs added, 0 removed (from 48 candidates)
Updated sys_vals: [0, 1]
---
Round: 783, Unk. prob.: 9.989e-01
Upper probs: 1.060e-03, Lower probs: 0.000e+00
No. of non-dominant refs: 37536, Survival refs: 37529, Failure refs: 7
Batch update: 48 refs added, 0 existing refs removed (0 new refs dominated)
Survival: 48 refs added, 0 removed (from 48 candidates)
Updated sys_vals: [0, 1]
---
Round: 784, Unk. prob.: 9.990e-01
Upper probs: 1.040e-03, Lower probs: 0.000e+00
No. of non-dominant refs: 37584, Survival refs: 37577, Failure refs: 7
Batch update: 48 refs added, 0 existing refs removed (0 new refs dominated)
Survival: 48 refs added, 0 removed (from 48 candidates)
Updated sys_vals: [0, 1]
---
Round: 785, Unk. prob.: 9.988e-01
Upper probs: 1.220e-03, Lower probs: 0.000e+00
No. of non-dominant refs: 37632, Survival refs: 37625, Failure refs: 7
Batch update: 48 refs added, 0 existing refs removed (0 new refs dominated)
Survival: 48 refs added, 0 removed (from 48 candidates)
Updated sys_vals: [0, 1]
---
Round: 786, Unk. prob.: 9.988e-01
Upper probs: 1.190e-03, Lower probs: 0.000e+00
No. of non-dominant refs: 37680, Survival refs: 37673, Failure refs: 7
Batch update: 48 refs added, 0 existing refs removed (0 new refs dominated)
Survival: 48 refs added, 0 removed (from 48 candidates)
Updated sys_vals: [0, 1]
---
Round: 787, Unk. prob.: 9.988e-01
Upper probs: 1.210e-03, Lower probs: 0.000e+00
No. of non-dominant refs: 37728, Survival refs: 37721, Failure refs: 7
Batch update: 48 refs added, 0 existing refs removed (0 new refs dominated)
Survival: 48 refs added, 0 removed (from 48 candidates)
Updated sys_vals: [0, 1]
---
Round: 788, Unk. prob.: 9.989e-01
Upper probs: 1.120e-03, Lower probs: 0.000e+00
No. of non-dominant refs: 37776, Survival refs: 37769, Failure refs: 7
Batch update: 48 refs added, 0 existing refs removed (0 new refs dominated)
Survival: 48 refs added, 0 removed (from 48 candidates)
Updated sys_vals: [0, 1]
---
Round: 789, Unk. prob.: 9.989e-01
Upper probs: 1.080e-03, Lower probs: 0.000e+00
No. of non-dominant refs: 37824, Survival refs: 37817, Failure refs: 7
Batch update: 48 refs added, 0 existing refs removed (0 new refs dominated)
Survival: 48 refs added, 0 removed (from 48 candidates)
Updated sys_vals: [0, 1]
---
Round: 790, Unk. prob.: 9.988e-01
Upper probs: 1.240e-03, Lower probs: 0.000e+00
No. of non-dominant refs: 37872, Survival refs: 37865, Failure refs: 7
Batch update: 48 refs added, 0 existing refs removed (0 new refs dominated)
Survival: 48 refs added, 0 removed (from 48 candidates)
Updated sys_vals: [0, 1]
---
Round: 791, Unk. prob.: 9.988e-01
Upper probs: 1.160e-03, Lower probs: 0.000e+00
No. of non-dominant refs: 37920, Survival refs: 37913, Failure refs: 7
Batch update: 48 refs added, 0 existing refs removed (0 new refs dominated)
Survival: 48 refs added, 0 removed (from 48 candidates)
Updated sys_vals: [0, 1]
---
Round: 792, Unk. prob.: 9.989e-01
Upper probs: 1.090e-03, Lower probs: 0.000e+00
No. of non-dominant refs: 37968, Survival refs: 37961, Failure refs: 7
Batch update: 48 refs added, 0 existing refs removed (0 new refs dominated)
Survival: 48 refs added, 0 removed (from 48 candidates)
Updated sys_vals: [0, 1]
---
Round: 793, Unk. prob.: 9.988e-01
Upper probs: 1.250e-03, Lower probs: 0.000e+00
No. of non-dominant refs: 38016, Survival refs: 38009, Failure refs: 7
Batch update: 48 refs added, 0 existing refs removed (0 new refs dominated)
Survival: 48 refs added, 0 removed (from 48 candidates)
Updated sys_vals: [0, 1]
---
Round: 794, Unk. prob.: 9.988e-01
Upper probs: 1.250e-03, Lower probs: 0.000e+00
No. of non-dominant refs: 38064, Survival refs: 38057, Failure refs: 7
Batch update: 48 refs added, 0 existing refs removed (0 new refs dominated)
Survival: 48 refs added, 0 removed (from 48 candidates)
Updated sys_vals: [0, 1]
---
Round: 795, Unk. prob.: 9.987e-01
Upper probs: 1.280e-03, Lower probs: 0.000e+00
No. of non-dominant refs: 38112, Survival refs: 38105, Failure refs: 7
Batch update: 48 refs added, 0 existing refs removed (0 new refs dominated)
Survival: 48 refs added, 0 removed (from 48 candidates)
Updated sys_vals: [0, 1]
---
Round: 796, Unk. prob.: 9.987e-01
Upper probs: 1.280e-03, Lower probs: 0.000e+00
No. of non-dominant refs: 38160, Survival refs: 38153, Failure refs: 7
Batch update: 48 refs added, 0 existing refs removed (0 new refs dominated)
Survival: 48 refs added, 0 removed (from 48 candidates)
Updated sys_vals: [0, 1]
---
Round: 797, Unk. prob.: 9.988e-01
Upper probs: 1.170e-03, Lower probs: 0.000e+00
No. of non-dominant refs: 38208, Survival refs: 38201, Failure refs: 7
Batch update: 48 refs added, 0 existing refs removed (0 new refs dominated)
Survival: 48 refs added, 0 removed (from 48 candidates)
Updated sys_vals: [0, 1]
---
Round: 798, Unk. prob.: 9.985e-01
Upper probs: 1.460e-03, Lower probs: 0.000e+00
No. of non-dominant refs: 38256, Survival refs: 38249, Failure refs: 7
Batch update: 48 refs added, 0 existing refs removed (0 new refs dominated)
Survival: 48 refs added, 0 removed (from 48 candidates)
Updated sys_vals: [0, 1]
---
Round: 799, Unk. prob.: 9.986e-01
Upper probs: 1.450e-03, Lower probs: 0.000e+00
No. of non-dominant refs: 38304, Survival refs: 38297, Failure refs: 7
Batch update: 48 refs added, 0 existing refs removed (0 new refs dominated)
Survival: 48 refs added, 0 removed (from 48 candidates)
Updated sys_vals: [0, 1]
---
Round: 800, Unk. prob.: 9.988e-01
Upper probs: 1.240e-03, Lower probs: 0.000e+00
No. of non-dominant refs: 38352, Survival refs: 38345, Failure refs: 7
Batch update: 48 refs added, 0 existing refs removed (0 new refs dominated)
Survival: 48 refs added, 0 removed (from 48 candidates)
Updated sys_vals: [0, 1]
---
Round: 801, Unk. prob.: 9.991e-01
Upper probs: 9.400e-04, Lower probs: 0.000e+00
No. of non-dominant refs: 38400, Survival refs: 38393, Failure refs: 7
Batch update: 48 refs added, 0 existing refs removed (0 new refs dominated)
Survival: 48 refs added, 0 removed (from 48 candidates)
Updated sys_vals: [0, 1]
---
Round: 802, Unk. prob.: 9.989e-01
Upper probs: 1.090e-03, Lower probs: 0.000e+00
No. of non-dominant refs: 38448, Survival refs: 38441, Failure refs: 7
Batch update: 48 refs added, 0 existing refs removed (0 new refs dominated)
Survival: 48 refs added, 0 removed (from 48 candidates)
Updated sys_vals: [0, 1]
---
Round: 803, Unk. prob.: 9.988e-01
Upper probs: 1.220e-03, Lower probs: 0.000e+00
No. of non-dominant refs: 38496, Survival refs: 38489, Failure refs: 7
Batch update: 48 refs added, 0 existing refs removed (0 new refs dominated)
Survival: 48 refs added, 0 removed (from 48 candidates)
Updated sys_vals: [0, 1]
---
Round: 804, Unk. prob.: 9.987e-01
Upper probs: 1.260e-03, Lower probs: 0.000e+00
No. of non-dominant refs: 38544, Survival refs: 38537, Failure refs: 7
Batch update: 48 refs added, 0 existing refs removed (0 new refs dominated)
Survival: 48 refs added, 0 removed (from 48 candidates)
Updated sys_vals: [0, 1]
---
Round: 805, Unk. prob.: 9.988e-01
Upper probs: 1.160e-03, Lower probs: 0.000e+00
No. of non-dominant refs: 38592, Survival refs: 38585, Failure refs: 7
Batch update: 48 refs added, 0 existing refs removed (0 new refs dominated)
Survival: 48 refs added, 0 removed (from 48 candidates)
Updated sys_vals: [0, 1]
---
Round: 806, Unk. prob.: 9.990e-01
Upper probs: 1.040e-03, Lower probs: 0.000e+00
No. of non-dominant refs: 38640, Survival refs: 38633, Failure refs: 7
Batch update: 48 refs added, 0 existing refs removed (0 new refs dominated)
Survival: 48 refs added, 0 removed (from 48 candidates)
Updated sys_vals: [0, 1]
---
Round: 807, Unk. prob.: 9.987e-01
Upper probs: 1.310e-03, Lower probs: 0.000e+00
No. of non-dominant refs: 38688, Survival refs: 38681, Failure refs: 7
Batch update: 48 refs added, 0 existing refs removed (0 new refs dominated)
Survival: 48 refs added, 0 removed (from 48 candidates)
Updated sys_vals: [0, 1]
---
Round: 808, Unk. prob.: 9.987e-01
Upper probs: 1.320e-03, Lower probs: 0.000e+00
No. of non-dominant refs: 38736, Survival refs: 38729, Failure refs: 7
Batch update: 48 refs added, 0 existing refs removed (0 new refs dominated)
Survival: 48 refs added, 0 removed (from 48 candidates)
Updated sys_vals: [0, 1]
---
Round: 809, Unk. prob.: 9.989e-01
Upper probs: 1.100e-03, Lower probs: 0.000e+00
No. of non-dominant refs: 38784, Survival refs: 38777, Failure refs: 7
Batch update: 48 refs added, 0 existing refs removed (0 new refs dominated)
Survival: 48 refs added, 0 removed (from 48 candidates)
Updated sys_vals: [0, 1]
---
Round: 810, Unk. prob.: 9.987e-01
Upper probs: 1.330e-03, Lower probs: 0.000e+00
No. of non-dominant refs: 38832, Survival refs: 38825, Failure refs: 7
Batch update: 48 refs added, 0 existing refs removed (0 new refs dominated)
Survival: 48 refs added, 0 removed (from 48 candidates)
Updated sys_vals: [0, 1]
---
Round: 811, Unk. prob.: 9.988e-01
Upper probs: 1.240e-03, Lower probs: 0.000e+00
No. of non-dominant refs: 38880, Survival refs: 38873, Failure refs: 7
Batch update: 48 refs added, 0 existing refs removed (0 new refs dominated)
Survival: 48 refs added, 0 removed (from 48 candidates)
Updated sys_vals: [0, 1]
---
Round: 812, Unk. prob.: 9.988e-01
Upper probs: 1.180e-03, Lower probs: 0.000e+00
No. of non-dominant refs: 38928, Survival refs: 38921, Failure refs: 7
Batch update: 48 refs added, 0 existing refs removed (0 new refs dominated)
Survival: 48 refs added, 0 removed (from 48 candidates)
Updated sys_vals: [0, 1]
---
Round: 813, Unk. prob.: 9.987e-01
Upper probs: 1.300e-03, Lower probs: 0.000e+00
No. of non-dominant refs: 38976, Survival refs: 38969, Failure refs: 7
Batch update: 48 refs added, 0 existing refs removed (0 new refs dominated)
Survival: 48 refs added, 0 removed (from 48 candidates)
Updated sys_vals: [0, 1]
---
Round: 814, Unk. prob.: 9.988e-01
Upper probs: 1.210e-03, Lower probs: 0.000e+00
No. of non-dominant refs: 39024, Survival refs: 39017, Failure refs: 7
Batch update: 48 refs added, 0 existing refs removed (0 new refs dominated)
Survival: 48 refs added, 0 removed (from 48 candidates)
Updated sys_vals: [0, 1]
---
Round: 815, Unk. prob.: 9.989e-01
Upper probs: 1.150e-03, Lower probs: 0.000e+00
No. of non-dominant refs: 39072, Survival refs: 39065, Failure refs: 7
Batch update: 48 refs added, 0 existing refs removed (0 new refs dominated)
Survival: 48 refs added, 0 removed (from 48 candidates)
Updated sys_vals: [0, 1]
---
Round: 816, Unk. prob.: 9.985e-01
Upper probs: 1.480e-03, Lower probs: 0.000e+00
No. of non-dominant refs: 39120, Survival refs: 39113, Failure refs: 7
Batch update: 48 refs added, 0 existing refs removed (0 new refs dominated)
Survival: 48 refs added, 0 removed (from 48 candidates)
Updated sys_vals: [0, 1]
---
Round: 817, Unk. prob.: 9.988e-01
Upper probs: 1.160e-03, Lower probs: 0.000e+00
No. of non-dominant refs: 39168, Survival refs: 39161, Failure refs: 7
Batch update: 48 refs added, 0 existing refs removed (0 new refs dominated)
Survival: 48 refs added, 0 removed (from 48 candidates)
Updated sys_vals: [0, 1]
---
Round: 818, Unk. prob.: 9.988e-01
Upper probs: 1.230e-03, Lower probs: 0.000e+00
No. of non-dominant refs: 39216, Survival refs: 39209, Failure refs: 7
Batch update: 48 refs added, 0 existing refs removed (0 new refs dominated)
Survival: 48 refs added, 0 removed (from 48 candidates)
Updated sys_vals: [0, 1]
---
Round: 819, Unk. prob.: 9.987e-01
Upper probs: 1.320e-03, Lower probs: 0.000e+00
No. of non-dominant refs: 39264, Survival refs: 39257, Failure refs: 7
Batch update: 48 refs added, 0 existing refs removed (0 new refs dominated)
Survival: 48 refs added, 0 removed (from 48 candidates)
Updated sys_vals: [0, 1]
---
Round: 820, Unk. prob.: 9.989e-01
Upper probs: 1.090e-03, Lower probs: 0.000e+00
No. of non-dominant refs: 39312, Survival refs: 39305, Failure refs: 7
Batch update: 48 refs added, 0 existing refs removed (0 new refs dominated)
Survival: 48 refs added, 0 removed (from 48 candidates)
Updated sys_vals: [0, 1]
---
Round: 821, Unk. prob.: 9.990e-01
Upper probs: 1.050e-03, Lower probs: 0.000e+00
No. of non-dominant refs: 39360, Survival refs: 39353, Failure refs: 7
Batch update: 48 refs added, 0 existing refs removed (0 new refs dominated)
Survival: 48 refs added, 0 removed (from 48 candidates)
Updated sys_vals: [0, 1]
---
Round: 822, Unk. prob.: 9.988e-01
Upper probs: 1.160e-03, Lower probs: 0.000e+00
No. of non-dominant refs: 39408, Survival refs: 39401, Failure refs: 7
Batch update: 48 refs added, 0 existing refs removed (0 new refs dominated)
Survival: 48 refs added, 0 removed (from 48 candidates)
Updated sys_vals: [0, 1]
---
Round: 823, Unk. prob.: 9.987e-01
Upper probs: 1.310e-03, Lower probs: 0.000e+00
No. of non-dominant refs: 39456, Survival refs: 39449, Failure refs: 7
Batch update: 48 refs added, 0 existing refs removed (0 new refs dominated)
Survival: 48 refs added, 0 removed (from 48 candidates)
Updated sys_vals: [0, 1]
---
Round: 824, Unk. prob.: 9.989e-01
Upper probs: 1.150e-03, Lower probs: 0.000e+00
No. of non-dominant refs: 39504, Survival refs: 39497, Failure refs: 7
Batch update: 48 refs added, 0 existing refs removed (0 new refs dominated)
Survival: 48 refs added, 0 removed (from 48 candidates)
Updated sys_vals: [0, 1]
---
Round: 825, Unk. prob.: 9.986e-01
Upper probs: 1.450e-03, Lower probs: 0.000e+00
No. of non-dominant refs: 39552, Survival refs: 39545, Failure refs: 7
Batch update: 48 refs added, 0 existing refs removed (0 new refs dominated)
Survival: 48 refs added, 0 removed (from 48 candidates)
Updated sys_vals: [0, 1]
---
Round: 826, Unk. prob.: 9.988e-01
Upper probs: 1.250e-03, Lower probs: 0.000e+00
No. of non-dominant refs: 39600, Survival refs: 39593, Failure refs: 7
Batch update: 48 refs added, 0 existing refs removed (0 new refs dominated)
Survival: 48 refs added, 0 removed (from 48 candidates)
Updated sys_vals: [0, 1]
---
Round: 827, Unk. prob.: 9.985e-01
Upper probs: 1.460e-03, Lower probs: 0.000e+00
No. of non-dominant refs: 39648, Survival refs: 39641, Failure refs: 7
Batch update: 48 refs added, 0 existing refs removed (0 new refs dominated)
Survival: 48 refs added, 0 removed (from 48 candidates)
Updated sys_vals: [0, 1]
---
Round: 828, Unk. prob.: 9.988e-01
Upper probs: 1.160e-03, Lower probs: 0.000e+00
No. of non-dominant refs: 39696, Survival refs: 39689, Failure refs: 7
Batch update: 48 refs added, 0 existing refs removed (0 new refs dominated)
Survival: 48 refs added, 0 removed (from 48 candidates)
Updated sys_vals: [0, 1]
---
Round: 829, Unk. prob.: 9.988e-01
Upper probs: 1.200e-03, Lower probs: 0.000e+00
No. of non-dominant refs: 39744, Survival refs: 39737, Failure refs: 7
Batch update: 48 refs added, 0 existing refs removed (0 new refs dominated)
Survival: 48 refs added, 0 removed (from 48 candidates)
Updated sys_vals: [0, 1]
---
Round: 830, Unk. prob.: 9.988e-01
Upper probs: 1.230e-03, Lower probs: 0.000e+00
No. of non-dominant refs: 39792, Survival refs: 39785, Failure refs: 7
Batch update: 48 refs added, 0 existing refs removed (0 new refs dominated)
Survival: 48 refs added, 0 removed (from 48 candidates)
Updated sys_vals: [0, 1]
---
Round: 831, Unk. prob.: 9.988e-01
Upper probs: 1.180e-03, Lower probs: 0.000e+00
No. of non-dominant refs: 39840, Survival refs: 39833, Failure refs: 7
Batch update: 48 refs added, 0 existing refs removed (0 new refs dominated)
Survival: 48 refs added, 0 removed (from 48 candidates)
Updated sys_vals: [0, 1]
---
Round: 832, Unk. prob.: 9.987e-01
Upper probs: 1.260e-03, Lower probs: 0.000e+00
No. of non-dominant refs: 39888, Survival refs: 39881, Failure refs: 7
Batch update: 48 refs added, 0 existing refs removed (0 new refs dominated)
Survival: 48 refs added, 0 removed (from 48 candidates)
Updated sys_vals: [0, 1]
---
Round: 833, Unk. prob.: 9.987e-01
Upper probs: 1.290e-03, Lower probs: 0.000e+00
No. of non-dominant refs: 39936, Survival refs: 39929, Failure refs: 7
Batch update: 48 refs added, 0 existing refs removed (0 new refs dominated)
Survival: 48 refs added, 0 removed (from 48 candidates)
Updated sys_vals: [0, 1]
---
Round: 834, Unk. prob.: 9.989e-01
Upper probs: 1.090e-03, Lower probs: 0.000e+00
No. of non-dominant refs: 39984, Survival refs: 39977, Failure refs: 7
Batch update: 48 refs added, 0 existing refs removed (0 new refs dominated)
Survival: 48 refs added, 0 removed (from 48 candidates)
Updated sys_vals: [0, 1]
---
Round: 835, Unk. prob.: 9.988e-01
Upper probs: 1.160e-03, Lower probs: 0.000e+00
No. of non-dominant refs: 40032, Survival refs: 40025, Failure refs: 7
Batch update: 48 refs added, 0 existing refs removed (0 new refs dominated)
Survival: 48 refs added, 0 removed (from 48 candidates)
Updated sys_vals: [0, 1]
---
Round: 836, Unk. prob.: 9.986e-01
Upper probs: 1.360e-03, Lower probs: 0.000e+00
No. of non-dominant refs: 40080, Survival refs: 40073, Failure refs: 7
Batch update: 48 refs added, 0 existing refs removed (0 new refs dominated)
Survival: 48 refs added, 0 removed (from 48 candidates)
Updated sys_vals: [0, 1]
---
Round: 837, Unk. prob.: 9.989e-01
Upper probs: 1.150e-03, Lower probs: 0.000e+00
No. of non-dominant refs: 40128, Survival refs: 40121, Failure refs: 7
Batch update: 48 refs added, 0 existing refs removed (0 new refs dominated)
Survival: 48 refs added, 0 removed (from 48 candidates)
Updated sys_vals: [0, 1]
---
Round: 838, Unk. prob.: 9.988e-01
Upper probs: 1.180e-03, Lower probs: 0.000e+00
No. of non-dominant refs: 40176, Survival refs: 40169, Failure refs: 7
Batch update: 48 refs added, 0 existing refs removed (0 new refs dominated)
Survival: 48 refs added, 0 removed (from 48 candidates)
Updated sys_vals: [0, 1]
---
Round: 839, Unk. prob.: 9.987e-01
Upper probs: 1.260e-03, Lower probs: 0.000e+00
No. of non-dominant refs: 40224, Survival refs: 40217, Failure refs: 7
Batch update: 48 refs added, 0 existing refs removed (0 new refs dominated)
Survival: 48 refs added, 0 removed (from 48 candidates)
Updated sys_vals: [0, 1]
---
Round: 840, Unk. prob.: 9.988e-01
Upper probs: 1.230e-03, Lower probs: 0.000e+00
No. of non-dominant refs: 40272, Survival refs: 40265, Failure refs: 7
Batch update: 48 refs added, 0 existing refs removed (0 new refs dominated)
Survival: 48 refs added, 0 removed (from 48 candidates)
Updated sys_vals: [0, 1]
---
Round: 841, Unk. prob.: 9.987e-01
Upper probs: 1.270e-03, Lower probs: 0.000e+00
No. of non-dominant refs: 40320, Survival refs: 40313, Failure refs: 7
Batch update: 48 refs added, 0 existing refs removed (0 new refs dominated)
Survival: 48 refs added, 0 removed (from 48 candidates)
Updated sys_vals: [0, 1]
---
Round: 842, Unk. prob.: 9.987e-01
Upper probs: 1.290e-03, Lower probs: 0.000e+00
No. of non-dominant refs: 40368, Survival refs: 40361, Failure refs: 7
Batch update: 48 refs added, 0 existing refs removed (0 new refs dominated)
Survival: 48 refs added, 0 removed (from 48 candidates)
Updated sys_vals: [0, 1]
---
Round: 843, Unk. prob.: 9.987e-01
Upper probs: 1.270e-03, Lower probs: 0.000e+00
No. of non-dominant refs: 40416, Survival refs: 40409, Failure refs: 7
Batch update: 48 refs added, 0 existing refs removed (0 new refs dominated)
Survival: 48 refs added, 0 removed (from 48 candidates)
Updated sys_vals: [0, 1]
---
Round: 844, Unk. prob.: 9.988e-01
Upper probs: 1.160e-03, Lower probs: 0.000e+00
No. of non-dominant refs: 40464, Survival refs: 40457, Failure refs: 7
Batch update: 48 refs added, 0 existing refs removed (0 new refs dominated)
Survival: 48 refs added, 0 removed (from 48 candidates)
Updated sys_vals: [0, 1]
---
Round: 845, Unk. prob.: 9.987e-01
Upper probs: 1.300e-03, Lower probs: 0.000e+00
No. of non-dominant refs: 40512, Survival refs: 40505, Failure refs: 7
Batch update: 48 refs added, 0 existing refs removed (0 new refs dominated)
Survival: 48 refs added, 0 removed (from 48 candidates)
Updated sys_vals: [0, 1]
---
Round: 846, Unk. prob.: 9.988e-01
Upper probs: 1.190e-03, Lower probs: 0.000e+00
No. of non-dominant refs: 40560, Survival refs: 40553, Failure refs: 7
Batch update: 48 refs added, 0 existing refs removed (0 new refs dominated)
Survival: 48 refs added, 0 removed (from 48 candidates)
Updated sys_vals: [0, 1]
---
Round: 847, Unk. prob.: 9.987e-01
Upper probs: 1.310e-03, Lower probs: 0.000e+00
No. of non-dominant refs: 40608, Survival refs: 40601, Failure refs: 7
Batch update: 48 refs added, 0 existing refs removed (0 new refs dominated)
Survival: 48 refs added, 0 removed (from 48 candidates)
Updated sys_vals: [0, 1]
---
Round: 848, Unk. prob.: 9.986e-01
Upper probs: 1.370e-03, Lower probs: 0.000e+00
No. of non-dominant refs: 40656, Survival refs: 40649, Failure refs: 7
Batch update: 48 refs added, 0 existing refs removed (0 new refs dominated)
Survival: 48 refs added, 0 removed (from 48 candidates)
Updated sys_vals: [0, 1]
---
Round: 849, Unk. prob.: 9.989e-01
Upper probs: 1.150e-03, Lower probs: 0.000e+00
No. of non-dominant refs: 40704, Survival refs: 40697, Failure refs: 7
Batch update: 48 refs added, 0 existing refs removed (0 new refs dominated)
Survival: 48 refs added, 0 removed (from 48 candidates)
Updated sys_vals: [0, 1]
---
Round: 850, Unk. prob.: 9.989e-01
Upper probs: 1.110e-03, Lower probs: 0.000e+00
No. of non-dominant refs: 40752, Survival refs: 40745, Failure refs: 7
Batch update: 48 refs added, 0 existing refs removed (0 new refs dominated)
Survival: 48 refs added, 0 removed (from 48 candidates)
Updated sys_vals: [0, 1]
---
Round: 851, Unk. prob.: 9.990e-01
Upper probs: 1.030e-03, Lower probs: 0.000e+00
No. of non-dominant refs: 40800, Survival refs: 40793, Failure refs: 7
Batch update: 48 refs added, 0 existing refs removed (0 new refs dominated)
Survival: 48 refs added, 0 removed (from 48 candidates)
Updated sys_vals: [0, 1]
---
Round: 852, Unk. prob.: 9.987e-01
Upper probs: 1.290e-03, Lower probs: 0.000e+00
No. of non-dominant refs: 40848, Survival refs: 40841, Failure refs: 7
Batch update: 48 refs added, 0 existing refs removed (0 new refs dominated)
Survival: 48 refs added, 0 removed (from 48 candidates)
Updated sys_vals: [0, 1]
---
Round: 853, Unk. prob.: 9.990e-01
Upper probs: 9.800e-04, Lower probs: 0.000e+00
No. of non-dominant refs: 40896, Survival refs: 40889, Failure refs: 7
Batch update: 48 refs added, 0 existing refs removed (0 new refs dominated)
Survival: 48 refs added, 0 removed (from 48 candidates)
Updated sys_vals: [0, 1]
---
Round: 854, Unk. prob.: 9.986e-01
Upper probs: 1.380e-03, Lower probs: 0.000e+00
No. of non-dominant refs: 40944, Survival refs: 40937, Failure refs: 7
Batch update: 48 refs added, 0 existing refs removed (0 new refs dominated)
Survival: 48 refs added, 0 removed (from 48 candidates)
Updated sys_vals: [0, 1]
---
Round: 855, Unk. prob.: 9.989e-01
Upper probs: 1.140e-03, Lower probs: 0.000e+00
No. of non-dominant refs: 40992, Survival refs: 40985, Failure refs: 7
Batch update: 48 refs added, 0 existing refs removed (0 new refs dominated)
Survival: 48 refs added, 0 removed (from 48 candidates)
Updated sys_vals: [0, 1]
---
Round: 856, Unk. prob.: 9.986e-01
Upper probs: 1.380e-03, Lower probs: 0.000e+00
No. of non-dominant refs: 41040, Survival refs: 41033, Failure refs: 7
Batch update: 48 refs added, 0 existing refs removed (0 new refs dominated)
Survival: 48 refs added, 0 removed (from 48 candidates)
Updated sys_vals: [0, 1]
---
Round: 857, Unk. prob.: 9.988e-01
Upper probs: 1.220e-03, Lower probs: 0.000e+00
No. of non-dominant refs: 41088, Survival refs: 41081, Failure refs: 7
Batch update: 48 refs added, 0 existing refs removed (0 new refs dominated)
Survival: 48 refs added, 0 removed (from 48 candidates)
Updated sys_vals: [0, 1]
---
Round: 858, Unk. prob.: 9.990e-01
Upper probs: 9.800e-04, Lower probs: 0.000e+00
No. of non-dominant refs: 41136, Survival refs: 41129, Failure refs: 7
Batch update: 48 refs added, 0 existing refs removed (0 new refs dominated)
Survival: 48 refs added, 0 removed (from 48 candidates)
Updated sys_vals: [0, 1]
---
Round: 859, Unk. prob.: 9.990e-01
Upper probs: 1.050e-03, Lower probs: 0.000e+00
No. of non-dominant refs: 41184, Survival refs: 41177, Failure refs: 7
Batch update: 48 refs added, 0 existing refs removed (0 new refs dominated)
Survival: 48 refs added, 0 removed (from 48 candidates)
Updated sys_vals: [0, 1]
---
Round: 860, Unk. prob.: 9.987e-01
Upper probs: 1.290e-03, Lower probs: 0.000e+00
No. of non-dominant refs: 41232, Survival refs: 41225, Failure refs: 7
Batch update: 48 refs added, 0 existing refs removed (0 new refs dominated)
Survival: 48 refs added, 0 removed (from 48 candidates)
Updated sys_vals: [0, 1]
---
Round: 861, Unk. prob.: 9.987e-01
Upper probs: 1.280e-03, Lower probs: 0.000e+00
No. of non-dominant refs: 41280, Survival refs: 41273, Failure refs: 7
Batch update: 48 refs added, 0 existing refs removed (0 new refs dominated)
Survival: 48 refs added, 0 removed (from 48 candidates)
Updated sys_vals: [0, 1]
---
Round: 862, Unk. prob.: 9.988e-01
Upper probs: 1.210e-03, Lower probs: 0.000e+00
No. of non-dominant refs: 41328, Survival refs: 41321, Failure refs: 7
Batch update: 48 refs added, 0 existing refs removed (0 new refs dominated)
Survival: 48 refs added, 0 removed (from 48 candidates)
Updated sys_vals: [0, 1]
---
Round: 863, Unk. prob.: 9.987e-01
Upper probs: 1.340e-03, Lower probs: 0.000e+00
No. of non-dominant refs: 41376, Survival refs: 41369, Failure refs: 7
Batch update: 47 refs added, 0 existing refs removed (0 new refs dominated)
Survival: 47 refs added, 0 removed (from 47 candidates)
Batch update: 1 refs added, 0 existing refs removed (0 new refs dominated)
Failure: 1 refs added, 0 removed (from 1 candidates)
Updated sys_vals: [0, 1]
---
Round: 864, Unk. prob.: 9.989e-01
Upper probs: 1.120e-03, Lower probs: 0.000e+00
No. of non-dominant refs: 41424, Survival refs: 41416, Failure refs: 8
Batch update: 48 refs added, 0 existing refs removed (0 new refs dominated)
Survival: 48 refs added, 0 removed (from 48 candidates)
Updated sys_vals: [0, 1]
---
Round: 865, Unk. prob.: 9.987e-01
Upper probs: 1.340e-03, Lower probs: 0.000e+00
No. of non-dominant refs: 41472, Survival refs: 41464, Failure refs: 8
Batch update: 48 refs added, 0 existing refs removed (0 new refs dominated)
Survival: 48 refs added, 0 removed (from 48 candidates)
Updated sys_vals: [0, 1]
---
Round: 866, Unk. prob.: 9.988e-01
Upper probs: 1.210e-03, Lower probs: 0.000e+00
No. of non-dominant refs: 41520, Survival refs: 41512, Failure refs: 8
Batch update: 48 refs added, 0 existing refs removed (0 new refs dominated)
Survival: 48 refs added, 0 removed (from 48 candidates)
Updated sys_vals: [0, 1]
---
Round: 867, Unk. prob.: 9.988e-01
Upper probs: 1.190e-03, Lower probs: 0.000e+00
No. of non-dominant refs: 41568, Survival refs: 41560, Failure refs: 8
Batch update: 48 refs added, 0 existing refs removed (0 new refs dominated)
Survival: 48 refs added, 0 removed (from 48 candidates)
Updated sys_vals: [0, 1]
---
Round: 868, Unk. prob.: 9.987e-01
Upper probs: 1.350e-03, Lower probs: 0.000e+00
No. of non-dominant refs: 41616, Survival refs: 41608, Failure refs: 8
Batch update: 48 refs added, 0 existing refs removed (0 new refs dominated)
Survival: 48 refs added, 0 removed (from 48 candidates)
Updated sys_vals: [0, 1]
---
Round: 869, Unk. prob.: 9.986e-01
Upper probs: 1.380e-03, Lower probs: 0.000e+00
No. of non-dominant refs: 41664, Survival refs: 41656, Failure refs: 8
Batch update: 48 refs added, 0 existing refs removed (0 new refs dominated)
Survival: 48 refs added, 0 removed (from 48 candidates)
Updated sys_vals: [0, 1]
---
Round: 870, Unk. prob.: 9.987e-01
Upper probs: 1.340e-03, Lower probs: 0.000e+00
No. of non-dominant refs: 41712, Survival refs: 41704, Failure refs: 8
Batch update: 48 refs added, 0 existing refs removed (0 new refs dominated)
Survival: 48 refs added, 0 removed (from 48 candidates)
Updated sys_vals: [0, 1]
---
Round: 871, Unk. prob.: 9.988e-01
Upper probs: 1.210e-03, Lower probs: 0.000e+00
No. of non-dominant refs: 41760, Survival refs: 41752, Failure refs: 8
Batch update: 48 refs added, 0 existing refs removed (0 new refs dominated)
Survival: 48 refs added, 0 removed (from 48 candidates)
Updated sys_vals: [0, 1]
---
Round: 872, Unk. prob.: 9.988e-01
Upper probs: 1.180e-03, Lower probs: 0.000e+00
No. of non-dominant refs: 41808, Survival refs: 41800, Failure refs: 8
Batch update: 48 refs added, 0 existing refs removed (0 new refs dominated)
Survival: 48 refs added, 0 removed (from 48 candidates)
Updated sys_vals: [0, 1]
---
Round: 873, Unk. prob.: 9.987e-01
Upper probs: 1.260e-03, Lower probs: 0.000e+00
No. of non-dominant refs: 41856, Survival refs: 41848, Failure refs: 8
Batch update: 48 refs added, 0 existing refs removed (0 new refs dominated)
Survival: 48 refs added, 0 removed (from 48 candidates)
Updated sys_vals: [0, 1]
---
Round: 874, Unk. prob.: 9.987e-01
Upper probs: 1.290e-03, Lower probs: 0.000e+00
No. of non-dominant refs: 41904, Survival refs: 41896, Failure refs: 8
Batch update: 48 refs added, 0 existing refs removed (0 new refs dominated)
Survival: 48 refs added, 0 removed (from 48 candidates)
Updated sys_vals: [0, 1]
---
Round: 875, Unk. prob.: 9.987e-01
Upper probs: 1.310e-03, Lower probs: 0.000e+00
No. of non-dominant refs: 41952, Survival refs: 41944, Failure refs: 8
Batch update: 48 refs added, 0 existing refs removed (0 new refs dominated)
Survival: 48 refs added, 0 removed (from 48 candidates)
Updated sys_vals: [0, 1]
---
Round: 876, Unk. prob.: 9.988e-01
Upper probs: 1.170e-03, Lower probs: 0.000e+00
No. of non-dominant refs: 42000, Survival refs: 41992, Failure refs: 8
Batch update: 48 refs added, 0 existing refs removed (0 new refs dominated)
Survival: 48 refs added, 0 removed (from 48 candidates)
Updated sys_vals: [0, 1]
---
Round: 877, Unk. prob.: 9.986e-01
Upper probs: 1.430e-03, Lower probs: 0.000e+00
No. of non-dominant refs: 42048, Survival refs: 42040, Failure refs: 8
Batch update: 48 refs added, 0 existing refs removed (0 new refs dominated)
Survival: 48 refs added, 0 removed (from 48 candidates)
Updated sys_vals: [0, 1]
---
Round: 878, Unk. prob.: 9.987e-01
Upper probs: 1.340e-03, Lower probs: 0.000e+00
No. of non-dominant refs: 42096, Survival refs: 42088, Failure refs: 8
Batch update: 48 refs added, 0 existing refs removed (0 new refs dominated)
Survival: 48 refs added, 0 removed (from 48 candidates)
Updated sys_vals: [0, 1]
---
Round: 879, Unk. prob.: 9.987e-01
Upper probs: 1.260e-03, Lower probs: 0.000e+00
No. of non-dominant refs: 42144, Survival refs: 42136, Failure refs: 8
Batch update: 48 refs added, 0 existing refs removed (0 new refs dominated)
Survival: 48 refs added, 0 removed (from 48 candidates)
Updated sys_vals: [0, 1]
---
Round: 880, Unk. prob.: 9.985e-01
Upper probs: 1.510e-03, Lower probs: 0.000e+00
No. of non-dominant refs: 42192, Survival refs: 42184, Failure refs: 8
Batch update: 48 refs added, 0 existing refs removed (0 new refs dominated)
Survival: 48 refs added, 0 removed (from 48 candidates)
Updated sys_vals: [0, 1]
---
Round: 881, Unk. prob.: 9.989e-01
Upper probs: 1.140e-03, Lower probs: 0.000e+00
No. of non-dominant refs: 42240, Survival refs: 42232, Failure refs: 8
Batch update: 48 refs added, 0 existing refs removed (0 new refs dominated)
Survival: 48 refs added, 0 removed (from 48 candidates)
Updated sys_vals: [0, 1]
---
Round: 882, Unk. prob.: 9.986e-01
Upper probs: 1.360e-03, Lower probs: 0.000e+00
No. of non-dominant refs: 42288, Survival refs: 42280, Failure refs: 8
Batch update: 48 refs added, 0 existing refs removed (0 new refs dominated)
Survival: 48 refs added, 0 removed (from 48 candidates)
Updated sys_vals: [0, 1]
---
Round: 883, Unk. prob.: 9.988e-01
Upper probs: 1.170e-03, Lower probs: 0.000e+00
No. of non-dominant refs: 42336, Survival refs: 42328, Failure refs: 8
Batch update: 48 refs added, 0 existing refs removed (0 new refs dominated)
Survival: 48 refs added, 0 removed (from 48 candidates)
Updated sys_vals: [0, 1]
---
Round: 884, Unk. prob.: 9.987e-01
Upper probs: 1.280e-03, Lower probs: 0.000e+00
No. of non-dominant refs: 42384, Survival refs: 42376, Failure refs: 8
Batch update: 48 refs added, 0 existing refs removed (0 new refs dominated)
Survival: 48 refs added, 0 removed (from 48 candidates)
Updated sys_vals: [0, 1]
---
Round: 885, Unk. prob.: 9.987e-01
Upper probs: 1.340e-03, Lower probs: 0.000e+00
No. of non-dominant refs: 42432, Survival refs: 42424, Failure refs: 8
Batch update: 48 refs added, 0 existing refs removed (0 new refs dominated)
Survival: 48 refs added, 0 removed (from 48 candidates)
Updated sys_vals: [0, 1]
---
Round: 886, Unk. prob.: 9.989e-01
Upper probs: 1.110e-03, Lower probs: 0.000e+00
No. of non-dominant refs: 42480, Survival refs: 42472, Failure refs: 8
Batch update: 48 refs added, 0 existing refs removed (0 new refs dominated)
Survival: 48 refs added, 0 removed (from 48 candidates)
Updated sys_vals: [0, 1]
---
Round: 887, Unk. prob.: 9.988e-01
Upper probs: 1.220e-03, Lower probs: 0.000e+00
No. of non-dominant refs: 42528, Survival refs: 42520, Failure refs: 8
Batch update: 48 refs added, 0 existing refs removed (0 new refs dominated)
Survival: 48 refs added, 0 removed (from 48 candidates)
Updated sys_vals: [0, 1]
---
Round: 888, Unk. prob.: 9.987e-01
Upper probs: 1.340e-03, Lower probs: 0.000e+00
No. of non-dominant refs: 42576, Survival refs: 42568, Failure refs: 8
Batch update: 48 refs added, 0 existing refs removed (0 new refs dominated)
Survival: 48 refs added, 0 removed (from 48 candidates)
Updated sys_vals: [0, 1]
---
Round: 889, Unk. prob.: 9.985e-01
Upper probs: 1.470e-03, Lower probs: 0.000e+00
No. of non-dominant refs: 42624, Survival refs: 42616, Failure refs: 8
Batch update: 48 refs added, 0 existing refs removed (0 new refs dominated)
Survival: 48 refs added, 0 removed (from 48 candidates)
Updated sys_vals: [0, 1]
---
Round: 890, Unk. prob.: 9.986e-01
Upper probs: 1.380e-03, Lower probs: 0.000e+00
No. of non-dominant refs: 42672, Survival refs: 42664, Failure refs: 8
Batch update: 48 refs added, 0 existing refs removed (0 new refs dominated)
Survival: 48 refs added, 0 removed (from 48 candidates)
Updated sys_vals: [0, 1]
---
Round: 891, Unk. prob.: 9.988e-01
Upper probs: 1.190e-03, Lower probs: 0.000e+00
No. of non-dominant refs: 42720, Survival refs: 42712, Failure refs: 8
Batch update: 48 refs added, 0 existing refs removed (0 new refs dominated)
Survival: 48 refs added, 0 removed (from 48 candidates)
Updated sys_vals: [0, 1]
---
Round: 892, Unk. prob.: 9.985e-01
Upper probs: 1.500e-03, Lower probs: 0.000e+00
No. of non-dominant refs: 42768, Survival refs: 42760, Failure refs: 8
Batch update: 48 refs added, 0 existing refs removed (0 new refs dominated)
Survival: 48 refs added, 0 removed (from 48 candidates)
Updated sys_vals: [0, 1]
---
Round: 893, Unk. prob.: 9.987e-01
Upper probs: 1.320e-03, Lower probs: 0.000e+00
No. of non-dominant refs: 42816, Survival refs: 42808, Failure refs: 8
Batch update: 48 refs added, 0 existing refs removed (0 new refs dominated)
Survival: 48 refs added, 0 removed (from 48 candidates)
Updated sys_vals: [0, 1]
---
Round: 894, Unk. prob.: 9.987e-01
Upper probs: 1.290e-03, Lower probs: 0.000e+00
No. of non-dominant refs: 42864, Survival refs: 42856, Failure refs: 8
Batch update: 48 refs added, 0 existing refs removed (0 new refs dominated)
Survival: 48 refs added, 0 removed (from 48 candidates)
Updated sys_vals: [0, 1]
---
Round: 895, Unk. prob.: 9.988e-01
Upper probs: 1.190e-03, Lower probs: 0.000e+00
No. of non-dominant refs: 42912, Survival refs: 42904, Failure refs: 8
Batch update: 48 refs added, 0 existing refs removed (0 new refs dominated)
Survival: 48 refs added, 0 removed (from 48 candidates)
Updated sys_vals: [0, 1]
---
Round: 896, Unk. prob.: 9.986e-01
Upper probs: 1.390e-03, Lower probs: 0.000e+00
No. of non-dominant refs: 42960, Survival refs: 42952, Failure refs: 8
Batch update: 48 refs added, 0 existing refs removed (0 new refs dominated)
Survival: 48 refs added, 0 removed (from 48 candidates)
Updated sys_vals: [0, 1]
---
Round: 897, Unk. prob.: 9.985e-01
Upper probs: 1.470e-03, Lower probs: 0.000e+00
No. of non-dominant refs: 43008, Survival refs: 43000, Failure refs: 8
Batch update: 48 refs added, 0 existing refs removed (0 new refs dominated)
Survival: 48 refs added, 0 removed (from 48 candidates)
Updated sys_vals: [0, 1]
---
Round: 898, Unk. prob.: 9.987e-01
Upper probs: 1.280e-03, Lower probs: 0.000e+00
No. of non-dominant refs: 43056, Survival refs: 43048, Failure refs: 8
Batch update: 48 refs added, 0 existing refs removed (0 new refs dominated)
Survival: 48 refs added, 0 removed (from 48 candidates)
Updated sys_vals: [0, 1]
---
Round: 899, Unk. prob.: 9.986e-01
Upper probs: 1.370e-03, Lower probs: 0.000e+00
No. of non-dominant refs: 43104, Survival refs: 43096, Failure refs: 8
Batch update: 48 refs added, 0 existing refs removed (0 new refs dominated)
Survival: 48 refs added, 0 removed (from 48 candidates)
Updated sys_vals: [0, 1]
---
Round: 900, Unk. prob.: 9.986e-01
Upper probs: 1.420e-03, Lower probs: 0.000e+00
No. of non-dominant refs: 43152, Survival refs: 43144, Failure refs: 8
Batch update: 48 refs added, 0 existing refs removed (0 new refs dominated)
Survival: 48 refs added, 0 removed (from 48 candidates)
Updated sys_vals: [0, 1]
---
Round: 901, Unk. prob.: 9.986e-01
Upper probs: 1.400e-03, Lower probs: 0.000e+00
No. of non-dominant refs: 43200, Survival refs: 43192, Failure refs: 8
Batch update: 48 refs added, 0 existing refs removed (0 new refs dominated)
Survival: 48 refs added, 0 removed (from 48 candidates)
Updated sys_vals: [0, 1]
---
Round: 902, Unk. prob.: 9.987e-01
Upper probs: 1.310e-03, Lower probs: 0.000e+00
No. of non-dominant refs: 43248, Survival refs: 43240, Failure refs: 8
Batch update: 48 refs added, 0 existing refs removed (0 new refs dominated)
Survival: 48 refs added, 0 removed (from 48 candidates)
Updated sys_vals: [0, 1]
---
Round: 903, Unk. prob.: 9.987e-01
Upper probs: 1.340e-03, Lower probs: 0.000e+00
No. of non-dominant refs: 43296, Survival refs: 43288, Failure refs: 8
Batch update: 48 refs added, 0 existing refs removed (0 new refs dominated)
Survival: 48 refs added, 0 removed (from 48 candidates)
Updated sys_vals: [0, 1]
---
Round: 904, Unk. prob.: 9.986e-01
Upper probs: 1.430e-03, Lower probs: 0.000e+00
No. of non-dominant refs: 43344, Survival refs: 43336, Failure refs: 8
Batch update: 48 refs added, 0 existing refs removed (0 new refs dominated)
Survival: 48 refs added, 0 removed (from 48 candidates)
Updated sys_vals: [0, 1]
---
Round: 905, Unk. prob.: 9.988e-01
Upper probs: 1.230e-03, Lower probs: 0.000e+00
No. of non-dominant refs: 43392, Survival refs: 43384, Failure refs: 8
Batch update: 48 refs added, 0 existing refs removed (0 new refs dominated)
Survival: 48 refs added, 0 removed (from 48 candidates)
Updated sys_vals: [0, 1]
---
Round: 906, Unk. prob.: 9.986e-01
Upper probs: 1.430e-03, Lower probs: 0.000e+00
No. of non-dominant refs: 43440, Survival refs: 43432, Failure refs: 8
Batch update: 48 refs added, 0 existing refs removed (0 new refs dominated)
Survival: 48 refs added, 0 removed (from 48 candidates)
Updated sys_vals: [0, 1]
---
Round: 907, Unk. prob.: 9.985e-01
Upper probs: 1.460e-03, Lower probs: 0.000e+00
No. of non-dominant refs: 43488, Survival refs: 43480, Failure refs: 8
Batch update: 48 refs added, 0 existing refs removed (0 new refs dominated)
Survival: 48 refs added, 0 removed (from 48 candidates)
Updated sys_vals: [0, 1]
---
Round: 908, Unk. prob.: 9.987e-01
Upper probs: 1.270e-03, Lower probs: 0.000e+00
No. of non-dominant refs: 43536, Survival refs: 43528, Failure refs: 8
Batch update: 48 refs added, 0 existing refs removed (0 new refs dominated)
Survival: 48 refs added, 0 removed (from 48 candidates)
Updated sys_vals: [0, 1]
---
Round: 909, Unk. prob.: 9.985e-01
Upper probs: 1.490e-03, Lower probs: 0.000e+00
No. of non-dominant refs: 43584, Survival refs: 43576, Failure refs: 8
Batch update: 48 refs added, 0 existing refs removed (0 new refs dominated)
Survival: 48 refs added, 0 removed (from 48 candidates)
Updated sys_vals: [0, 1]
---
Round: 910, Unk. prob.: 9.988e-01
Upper probs: 1.250e-03, Lower probs: 0.000e+00
No. of non-dominant refs: 43632, Survival refs: 43624, Failure refs: 8
Batch update: 48 refs added, 0 existing refs removed (0 new refs dominated)
Survival: 48 refs added, 0 removed (from 48 candidates)
Updated sys_vals: [0, 1]
---
Round: 911, Unk. prob.: 9.986e-01
Upper probs: 1.400e-03, Lower probs: 0.000e+00
No. of non-dominant refs: 43680, Survival refs: 43672, Failure refs: 8
Batch update: 48 refs added, 0 existing refs removed (0 new refs dominated)
Survival: 48 refs added, 0 removed (from 48 candidates)
Updated sys_vals: [0, 1]
---
Round: 912, Unk. prob.: 9.985e-01
Upper probs: 1.490e-03, Lower probs: 0.000e+00
No. of non-dominant refs: 43728, Survival refs: 43720, Failure refs: 8
Batch update: 48 refs added, 0 existing refs removed (0 new refs dominated)
Survival: 48 refs added, 0 removed (from 48 candidates)
Updated sys_vals: [0, 1]
---
Round: 913, Unk. prob.: 9.986e-01
Upper probs: 1.420e-03, Lower probs: 0.000e+00
No. of non-dominant refs: 43776, Survival refs: 43768, Failure refs: 8
Batch update: 48 refs added, 0 existing refs removed (0 new refs dominated)
Survival: 48 refs added, 0 removed (from 48 candidates)
Updated sys_vals: [0, 1]
---
Round: 914, Unk. prob.: 9.987e-01
Upper probs: 1.330e-03, Lower probs: 0.000e+00
No. of non-dominant refs: 43824, Survival refs: 43816, Failure refs: 8
Batch update: 48 refs added, 0 existing refs removed (0 new refs dominated)
Survival: 48 refs added, 0 removed (from 48 candidates)
Updated sys_vals: [0, 1]
---
Round: 915, Unk. prob.: 9.987e-01
Upper probs: 1.330e-03, Lower probs: 0.000e+00
No. of non-dominant refs: 43872, Survival refs: 43864, Failure refs: 8
Batch update: 48 refs added, 0 existing refs removed (0 new refs dominated)
Survival: 48 refs added, 0 removed (from 48 candidates)
Updated sys_vals: [0, 1]
---
Round: 916, Unk. prob.: 9.987e-01
Upper probs: 1.330e-03, Lower probs: 0.000e+00
No. of non-dominant refs: 43920, Survival refs: 43912, Failure refs: 8
Batch update: 48 refs added, 0 existing refs removed (0 new refs dominated)
Survival: 48 refs added, 0 removed (from 48 candidates)
Updated sys_vals: [0, 1]
---
Round: 917, Unk. prob.: 9.989e-01
Upper probs: 1.140e-03, Lower probs: 0.000e+00
No. of non-dominant refs: 43968, Survival refs: 43960, Failure refs: 8
Batch update: 48 refs added, 0 existing refs removed (0 new refs dominated)
Survival: 48 refs added, 0 removed (from 48 candidates)
Updated sys_vals: [0, 1]
---
Round: 918, Unk. prob.: 9.990e-01
Upper probs: 1.010e-03, Lower probs: 0.000e+00
No. of non-dominant refs: 44016, Survival refs: 44008, Failure refs: 8
Batch update: 48 refs added, 0 existing refs removed (0 new refs dominated)
Survival: 48 refs added, 0 removed (from 48 candidates)
Updated sys_vals: [0, 1]
---
Round: 919, Unk. prob.: 9.984e-01
Upper probs: 1.570e-03, Lower probs: 0.000e+00
No. of non-dominant refs: 44064, Survival refs: 44056, Failure refs: 8
Batch update: 48 refs added, 0 existing refs removed (0 new refs dominated)
Survival: 48 refs added, 0 removed (from 48 candidates)
Updated sys_vals: [0, 1]
---
Round: 920, Unk. prob.: 9.987e-01
Upper probs: 1.280e-03, Lower probs: 0.000e+00
No. of non-dominant refs: 44112, Survival refs: 44104, Failure refs: 8
Batch update: 48 refs added, 0 existing refs removed (0 new refs dominated)
Survival: 48 refs added, 0 removed (from 48 candidates)
Updated sys_vals: [0, 1]
---
Round: 921, Unk. prob.: 9.986e-01
Upper probs: 1.360e-03, Lower probs: 0.000e+00
No. of non-dominant refs: 44160, Survival refs: 44152, Failure refs: 8
Batch update: 48 refs added, 0 existing refs removed (0 new refs dominated)
Survival: 48 refs added, 0 removed (from 48 candidates)
Updated sys_vals: [0, 1]
---
Round: 922, Unk. prob.: 9.986e-01
Upper probs: 1.380e-03, Lower probs: 0.000e+00
No. of non-dominant refs: 44208, Survival refs: 44200, Failure refs: 8
Batch update: 48 refs added, 0 existing refs removed (0 new refs dominated)
Survival: 48 refs added, 0 removed (from 48 candidates)
Updated sys_vals: [0, 1]
---
Round: 923, Unk. prob.: 9.987e-01
Upper probs: 1.310e-03, Lower probs: 0.000e+00
No. of non-dominant refs: 44256, Survival refs: 44248, Failure refs: 8
Batch update: 48 refs added, 0 existing refs removed (0 new refs dominated)
Survival: 48 refs added, 0 removed (from 48 candidates)
Updated sys_vals: [0, 1]
---
Round: 924, Unk. prob.: 9.987e-01
Upper probs: 1.260e-03, Lower probs: 0.000e+00
No. of non-dominant refs: 44304, Survival refs: 44296, Failure refs: 8
Batch update: 48 refs added, 0 existing refs removed (0 new refs dominated)
Survival: 48 refs added, 0 removed (from 48 candidates)
Updated sys_vals: [0, 1]
---
Round: 925, Unk. prob.: 9.987e-01
Upper probs: 1.310e-03, Lower probs: 0.000e+00
No. of non-dominant refs: 44352, Survival refs: 44344, Failure refs: 8
Batch update: 48 refs added, 0 existing refs removed (0 new refs dominated)
Survival: 48 refs added, 0 removed (from 48 candidates)
Updated sys_vals: [0, 1]
---
Round: 926, Unk. prob.: 9.988e-01
Upper probs: 1.210e-03, Lower probs: 0.000e+00
No. of non-dominant refs: 44400, Survival refs: 44392, Failure refs: 8
Batch update: 48 refs added, 0 existing refs removed (0 new refs dominated)
Survival: 48 refs added, 0 removed (from 48 candidates)
Updated sys_vals: [0, 1]
---
Round: 927, Unk. prob.: 9.987e-01
Upper probs: 1.260e-03, Lower probs: 0.000e+00
No. of non-dominant refs: 44448, Survival refs: 44440, Failure refs: 8
Batch update: 48 refs added, 0 existing refs removed (0 new refs dominated)
Survival: 48 refs added, 0 removed (from 48 candidates)
Updated sys_vals: [0, 1]
---
Round: 928, Unk. prob.: 9.987e-01
Upper probs: 1.350e-03, Lower probs: 0.000e+00
No. of non-dominant refs: 44496, Survival refs: 44488, Failure refs: 8
Batch update: 48 refs added, 0 existing refs removed (0 new refs dominated)
Survival: 48 refs added, 0 removed (from 48 candidates)
Updated sys_vals: [0, 1]
---
Round: 929, Unk. prob.: 9.987e-01
Upper probs: 1.350e-03, Lower probs: 0.000e+00
No. of non-dominant refs: 44544, Survival refs: 44536, Failure refs: 8
Batch update: 48 refs added, 0 existing refs removed (0 new refs dominated)
Survival: 48 refs added, 0 removed (from 48 candidates)
Updated sys_vals: [0, 1]
---
Round: 930, Unk. prob.: 9.986e-01
Upper probs: 1.450e-03, Lower probs: 0.000e+00
No. of non-dominant refs: 44592, Survival refs: 44584, Failure refs: 8
Batch update: 48 refs added, 0 existing refs removed (0 new refs dominated)
Survival: 48 refs added, 0 removed (from 48 candidates)
Updated sys_vals: [0, 1]
---
Round: 931, Unk. prob.: 9.986e-01
Upper probs: 1.360e-03, Lower probs: 0.000e+00
No. of non-dominant refs: 44640, Survival refs: 44632, Failure refs: 8
Batch update: 48 refs added, 0 existing refs removed (0 new refs dominated)
Survival: 48 refs added, 0 removed (from 48 candidates)
Updated sys_vals: [0, 1]
---
Round: 932, Unk. prob.: 9.988e-01
Upper probs: 1.200e-03, Lower probs: 0.000e+00
No. of non-dominant refs: 44688, Survival refs: 44680, Failure refs: 8
Batch update: 48 refs added, 0 existing refs removed (0 new refs dominated)
Survival: 48 refs added, 0 removed (from 48 candidates)
Updated sys_vals: [0, 1]
---
Round: 933, Unk. prob.: 9.987e-01
Upper probs: 1.320e-03, Lower probs: 0.000e+00
No. of non-dominant refs: 44736, Survival refs: 44728, Failure refs: 8
Batch update: 48 refs added, 0 existing refs removed (0 new refs dominated)
Survival: 48 refs added, 0 removed (from 48 candidates)
Updated sys_vals: [0, 1]
---
Round: 934, Unk. prob.: 9.986e-01
Upper probs: 1.360e-03, Lower probs: 0.000e+00
No. of non-dominant refs: 44784, Survival refs: 44776, Failure refs: 8
Batch update: 48 refs added, 0 existing refs removed (0 new refs dominated)
Survival: 48 refs added, 0 removed (from 48 candidates)
Updated sys_vals: [0, 1]
---
Round: 935, Unk. prob.: 9.985e-01
Upper probs: 1.480e-03, Lower probs: 0.000e+00
No. of non-dominant refs: 44832, Survival refs: 44824, Failure refs: 8
Batch update: 48 refs added, 0 existing refs removed (0 new refs dominated)
Survival: 48 refs added, 0 removed (from 48 candidates)
Updated sys_vals: [0, 1]
---
Round: 936, Unk. prob.: 9.986e-01
Upper probs: 1.390e-03, Lower probs: 0.000e+00
No. of non-dominant refs: 44880, Survival refs: 44872, Failure refs: 8
Batch update: 48 refs added, 0 existing refs removed (0 new refs dominated)
Survival: 48 refs added, 0 removed (from 48 candidates)
Updated sys_vals: [0, 1]
---
Round: 937, Unk. prob.: 9.986e-01
Upper probs: 1.420e-03, Lower probs: 0.000e+00
No. of non-dominant refs: 44928, Survival refs: 44920, Failure refs: 8
Batch update: 48 refs added, 0 existing refs removed (0 new refs dominated)
Survival: 48 refs added, 0 removed (from 48 candidates)
Updated sys_vals: [0, 1]
---
Round: 938, Unk. prob.: 9.986e-01
Upper probs: 1.450e-03, Lower probs: 0.000e+00
No. of non-dominant refs: 44976, Survival refs: 44968, Failure refs: 8
Batch update: 48 refs added, 0 existing refs removed (0 new refs dominated)
Survival: 48 refs added, 0 removed (from 48 candidates)
Updated sys_vals: [0, 1]
---
Round: 939, Unk. prob.: 9.985e-01
Upper probs: 1.520e-03, Lower probs: 0.000e+00
No. of non-dominant refs: 45024, Survival refs: 45016, Failure refs: 8
Batch update: 48 refs added, 0 existing refs removed (0 new refs dominated)
Survival: 48 refs added, 0 removed (from 48 candidates)
Updated sys_vals: [0, 1]
---
Round: 940, Unk. prob.: 9.987e-01
Upper probs: 1.270e-03, Lower probs: 0.000e+00
No. of non-dominant refs: 45072, Survival refs: 45064, Failure refs: 8
Batch update: 48 refs added, 0 existing refs removed (0 new refs dominated)
Survival: 48 refs added, 0 removed (from 48 candidates)
Updated sys_vals: [0, 1]
---
Round: 941, Unk. prob.: 9.986e-01
Upper probs: 1.390e-03, Lower probs: 0.000e+00
No. of non-dominant refs: 45120, Survival refs: 45112, Failure refs: 8
Batch update: 48 refs added, 0 existing refs removed (0 new refs dominated)
Survival: 48 refs added, 0 removed (from 48 candidates)
Updated sys_vals: [0, 1]
---
Round: 942, Unk. prob.: 9.985e-01
Upper probs: 1.480e-03, Lower probs: 0.000e+00
No. of non-dominant refs: 45168, Survival refs: 45160, Failure refs: 8
Batch update: 48 refs added, 0 existing refs removed (0 new refs dominated)
Survival: 48 refs added, 0 removed (from 48 candidates)
Updated sys_vals: [0, 1]
---
Round: 943, Unk. prob.: 9.987e-01
Upper probs: 1.310e-03, Lower probs: 0.000e+00
No. of non-dominant refs: 45216, Survival refs: 45208, Failure refs: 8
Batch update: 48 refs added, 0 existing refs removed (0 new refs dominated)
Survival: 48 refs added, 0 removed (from 48 candidates)
Updated sys_vals: [0, 1]
---
Round: 944, Unk. prob.: 9.985e-01
Upper probs: 1.510e-03, Lower probs: 0.000e+00
No. of non-dominant refs: 45264, Survival refs: 45256, Failure refs: 8
Batch update: 48 refs added, 0 existing refs removed (0 new refs dominated)
Survival: 48 refs added, 0 removed (from 48 candidates)
Updated sys_vals: [0, 1]
---
Round: 945, Unk. prob.: 9.987e-01
Upper probs: 1.270e-03, Lower probs: 0.000e+00
No. of non-dominant refs: 45312, Survival refs: 45304, Failure refs: 8
Batch update: 48 refs added, 0 existing refs removed (0 new refs dominated)
Survival: 48 refs added, 0 removed (from 48 candidates)
Updated sys_vals: [0, 1]
---
Round: 946, Unk. prob.: 9.985e-01
Upper probs: 1.520e-03, Lower probs: 0.000e+00
No. of non-dominant refs: 45360, Survival refs: 45352, Failure refs: 8
Batch update: 48 refs added, 0 existing refs removed (0 new refs dominated)
Survival: 48 refs added, 0 removed (from 48 candidates)
Updated sys_vals: [0, 1]
---
Round: 947, Unk. prob.: 9.985e-01
Upper probs: 1.480e-03, Lower probs: 0.000e+00
No. of non-dominant refs: 45408, Survival refs: 45400, Failure refs: 8
Batch update: 48 refs added, 0 existing refs removed (0 new refs dominated)
Survival: 48 refs added, 0 removed (from 48 candidates)
Updated sys_vals: [0, 1]
---
Round: 948, Unk. prob.: 9.985e-01
Upper probs: 1.470e-03, Lower probs: 0.000e+00
No. of non-dominant refs: 45456, Survival refs: 45448, Failure refs: 8
Batch update: 48 refs added, 0 existing refs removed (0 new refs dominated)
Survival: 48 refs added, 0 removed (from 48 candidates)
Updated sys_vals: [0, 1]
---
Round: 949, Unk. prob.: 9.987e-01
Upper probs: 1.330e-03, Lower probs: 0.000e+00
No. of non-dominant refs: 45504, Survival refs: 45496, Failure refs: 8
Batch update: 48 refs added, 0 existing refs removed (0 new refs dominated)
Survival: 48 refs added, 0 removed (from 48 candidates)
Updated sys_vals: [0, 1]
---
Round: 950, Unk. prob.: 9.986e-01
Upper probs: 1.370e-03, Lower probs: 0.000e+00
No. of non-dominant refs: 45552, Survival refs: 45544, Failure refs: 8
Batch update: 48 refs added, 0 existing refs removed (0 new refs dominated)
Survival: 48 refs added, 0 removed (from 48 candidates)
Updated sys_vals: [0, 1]
---
Round: 951, Unk. prob.: 9.987e-01
Upper probs: 1.320e-03, Lower probs: 0.000e+00
No. of non-dominant refs: 45600, Survival refs: 45592, Failure refs: 8
Batch update: 48 refs added, 0 existing refs removed (0 new refs dominated)
Survival: 48 refs added, 0 removed (from 48 candidates)
Updated sys_vals: [0, 1]
---
Round: 952, Unk. prob.: 9.987e-01
Upper probs: 1.330e-03, Lower probs: 0.000e+00
No. of non-dominant refs: 45648, Survival refs: 45640, Failure refs: 8
Batch update: 48 refs added, 0 existing refs removed (0 new refs dominated)
Survival: 48 refs added, 0 removed (from 48 candidates)
Updated sys_vals: [0, 1]
---
Round: 953, Unk. prob.: 9.985e-01
Upper probs: 1.520e-03, Lower probs: 0.000e+00
No. of non-dominant refs: 45696, Survival refs: 45688, Failure refs: 8
Batch update: 48 refs added, 0 existing refs removed (0 new refs dominated)
Survival: 48 refs added, 0 removed (from 48 candidates)
Updated sys_vals: [0, 1]
---
Round: 954, Unk. prob.: 9.986e-01
Upper probs: 1.360e-03, Lower probs: 0.000e+00
No. of non-dominant refs: 45744, Survival refs: 45736, Failure refs: 8
Batch update: 48 refs added, 0 existing refs removed (0 new refs dominated)
Survival: 48 refs added, 0 removed (from 48 candidates)
Updated sys_vals: [0, 1]
---
Round: 955, Unk. prob.: 9.988e-01
Upper probs: 1.240e-03, Lower probs: 0.000e+00
No. of non-dominant refs: 45792, Survival refs: 45784, Failure refs: 8
Batch update: 48 refs added, 0 existing refs removed (0 new refs dominated)
Survival: 48 refs added, 0 removed (from 48 candidates)
Updated sys_vals: [0, 1]
---
Round: 956, Unk. prob.: 9.988e-01
Upper probs: 1.190e-03, Lower probs: 0.000e+00
No. of non-dominant refs: 45840, Survival refs: 45832, Failure refs: 8
Batch update: 48 refs added, 0 existing refs removed (0 new refs dominated)
Survival: 48 refs added, 0 removed (from 48 candidates)
Updated sys_vals: [0, 1]
---
Round: 957, Unk. prob.: 9.988e-01
Upper probs: 1.240e-03, Lower probs: 0.000e+00
No. of non-dominant refs: 45888, Survival refs: 45880, Failure refs: 8
Batch update: 48 refs added, 0 existing refs removed (0 new refs dominated)
Survival: 48 refs added, 0 removed (from 48 candidates)
Updated sys_vals: [0, 1]
---
Round: 958, Unk. prob.: 9.983e-01
Upper probs: 1.650e-03, Lower probs: 0.000e+00
No. of non-dominant refs: 45936, Survival refs: 45928, Failure refs: 8
Batch update: 48 refs added, 0 existing refs removed (0 new refs dominated)
Survival: 48 refs added, 0 removed (from 48 candidates)
Updated sys_vals: [0, 1]
---
Round: 959, Unk. prob.: 9.988e-01
Upper probs: 1.230e-03, Lower probs: 0.000e+00
No. of non-dominant refs: 45984, Survival refs: 45976, Failure refs: 8
Batch update: 48 refs added, 0 existing refs removed (0 new refs dominated)
Survival: 48 refs added, 0 removed (from 48 candidates)
Updated sys_vals: [0, 1]
---
Round: 960, Unk. prob.: 9.986e-01
Upper probs: 1.450e-03, Lower probs: 0.000e+00
No. of non-dominant refs: 46032, Survival refs: 46024, Failure refs: 8
Batch update: 48 refs added, 0 existing refs removed (0 new refs dominated)
Survival: 48 refs added, 0 removed (from 48 candidates)
Updated sys_vals: [0, 1]
---
Round: 961, Unk. prob.: 9.983e-01
Upper probs: 1.660e-03, Lower probs: 0.000e+00
No. of non-dominant refs: 46080, Survival refs: 46072, Failure refs: 8
Batch update: 48 refs added, 0 existing refs removed (0 new refs dominated)
Survival: 48 refs added, 0 removed (from 48 candidates)
Updated sys_vals: [0, 1]
---
Round: 962, Unk. prob.: 9.987e-01
Upper probs: 1.310e-03, Lower probs: 0.000e+00
No. of non-dominant refs: 46128, Survival refs: 46120, Failure refs: 8
Batch update: 48 refs added, 0 existing refs removed (0 new refs dominated)
Survival: 48 refs added, 0 removed (from 48 candidates)
Updated sys_vals: [0, 1]
---
Round: 963, Unk. prob.: 9.988e-01
Upper probs: 1.190e-03, Lower probs: 0.000e+00
No. of non-dominant refs: 46176, Survival refs: 46168, Failure refs: 8
Batch update: 48 refs added, 0 existing refs removed (0 new refs dominated)
Survival: 48 refs added, 0 removed (from 48 candidates)
Updated sys_vals: [0, 1]
---
Round: 964, Unk. prob.: 9.986e-01
Upper probs: 1.380e-03, Lower probs: 0.000e+00
No. of non-dominant refs: 46224, Survival refs: 46216, Failure refs: 8
Batch update: 48 refs added, 0 existing refs removed (0 new refs dominated)
Survival: 48 refs added, 0 removed (from 48 candidates)
Updated sys_vals: [0, 1]
---
Round: 965, Unk. prob.: 9.988e-01
Upper probs: 1.240e-03, Lower probs: 0.000e+00
No. of non-dominant refs: 46272, Survival refs: 46264, Failure refs: 8
Batch update: 48 refs added, 0 existing refs removed (0 new refs dominated)
Survival: 48 refs added, 0 removed (from 48 candidates)
Updated sys_vals: [0, 1]
---
Round: 966, Unk. prob.: 9.986e-01
Upper probs: 1.450e-03, Lower probs: 0.000e+00
No. of non-dominant refs: 46320, Survival refs: 46312, Failure refs: 8
Batch update: 48 refs added, 0 existing refs removed (0 new refs dominated)
Survival: 48 refs added, 0 removed (from 48 candidates)
Updated sys_vals: [0, 1]
---
Round: 967, Unk. prob.: 9.986e-01
Upper probs: 1.360e-03, Lower probs: 0.000e+00
No. of non-dominant refs: 46368, Survival refs: 46360, Failure refs: 8
Batch update: 48 refs added, 0 existing refs removed (0 new refs dominated)
Survival: 48 refs added, 0 removed (from 48 candidates)
Updated sys_vals: [0, 1]
---
Round: 968, Unk. prob.: 9.986e-01
Upper probs: 1.370e-03, Lower probs: 0.000e+00
No. of non-dominant refs: 46416, Survival refs: 46408, Failure refs: 8
Batch update: 48 refs added, 0 existing refs removed (0 new refs dominated)
Survival: 48 refs added, 0 removed (from 48 candidates)
Updated sys_vals: [0, 1]
---
Round: 969, Unk. prob.: 9.983e-01
Upper probs: 1.730e-03, Lower probs: 0.000e+00
No. of non-dominant refs: 46464, Survival refs: 46456, Failure refs: 8
Batch update: 48 refs added, 0 existing refs removed (0 new refs dominated)
Survival: 48 refs added, 0 removed (from 48 candidates)
Updated sys_vals: [0, 1]
---
Round: 970, Unk. prob.: 9.989e-01
Upper probs: 1.090e-03, Lower probs: 0.000e+00
No. of non-dominant refs: 46512, Survival refs: 46504, Failure refs: 8
Batch update: 48 refs added, 0 existing refs removed (0 new refs dominated)
Survival: 48 refs added, 0 removed (from 48 candidates)
Updated sys_vals: [0, 1]
---
Round: 971, Unk. prob.: 9.988e-01
Upper probs: 1.230e-03, Lower probs: 0.000e+00
No. of non-dominant refs: 46560, Survival refs: 46552, Failure refs: 8
Batch update: 48 refs added, 0 existing refs removed (0 new refs dominated)
Survival: 48 refs added, 0 removed (from 48 candidates)
Updated sys_vals: [0, 1]
---
Round: 972, Unk. prob.: 9.984e-01
Upper probs: 1.600e-03, Lower probs: 0.000e+00
No. of non-dominant refs: 46608, Survival refs: 46600, Failure refs: 8
Batch update: 48 refs added, 0 existing refs removed (0 new refs dominated)
Survival: 48 refs added, 0 removed (from 48 candidates)
Updated sys_vals: [0, 1]
---
Round: 973, Unk. prob.: 9.988e-01
Upper probs: 1.240e-03, Lower probs: 0.000e+00
No. of non-dominant refs: 46656, Survival refs: 46648, Failure refs: 8
Batch update: 48 refs added, 0 existing refs removed (0 new refs dominated)
Survival: 48 refs added, 0 removed (from 48 candidates)
Updated sys_vals: [0, 1]
---
Round: 974, Unk. prob.: 9.987e-01
Upper probs: 1.310e-03, Lower probs: 0.000e+00
No. of non-dominant refs: 46704, Survival refs: 46696, Failure refs: 8
Batch update: 48 refs added, 0 existing refs removed (0 new refs dominated)
Survival: 48 refs added, 0 removed (from 48 candidates)
Updated sys_vals: [0, 1]
---
Round: 975, Unk. prob.: 9.986e-01
Upper probs: 1.390e-03, Lower probs: 0.000e+00
No. of non-dominant refs: 46752, Survival refs: 46744, Failure refs: 8
Batch update: 48 refs added, 0 existing refs removed (0 new refs dominated)
Survival: 48 refs added, 0 removed (from 48 candidates)
Updated sys_vals: [0, 1]
---
Round: 976, Unk. prob.: 9.985e-01
Upper probs: 1.520e-03, Lower probs: 0.000e+00
No. of non-dominant refs: 46800, Survival refs: 46792, Failure refs: 8
Batch update: 48 refs added, 0 existing refs removed (0 new refs dominated)
Survival: 48 refs added, 0 removed (from 48 candidates)
Updated sys_vals: [0, 1]
---
Round: 977, Unk. prob.: 9.986e-01
Upper probs: 1.410e-03, Lower probs: 0.000e+00
No. of non-dominant refs: 46848, Survival refs: 46840, Failure refs: 8
Batch update: 48 refs added, 0 existing refs removed (0 new refs dominated)
Survival: 48 refs added, 0 removed (from 48 candidates)
Updated sys_vals: [0, 1]
---
Round: 978, Unk. prob.: 9.986e-01
Upper probs: 1.370e-03, Lower probs: 0.000e+00
No. of non-dominant refs: 46896, Survival refs: 46888, Failure refs: 8
Batch update: 48 refs added, 0 existing refs removed (0 new refs dominated)
Survival: 48 refs added, 0 removed (from 48 candidates)
Updated sys_vals: [0, 1]
---
Round: 979, Unk. prob.: 9.986e-01
Upper probs: 1.390e-03, Lower probs: 0.000e+00
No. of non-dominant refs: 46944, Survival refs: 46936, Failure refs: 8
Batch update: 48 refs added, 0 existing refs removed (0 new refs dominated)
Survival: 48 refs added, 0 removed (from 48 candidates)
Updated sys_vals: [0, 1]
---
Round: 980, Unk. prob.: 9.986e-01
Upper probs: 1.380e-03, Lower probs: 0.000e+00
No. of non-dominant refs: 46992, Survival refs: 46984, Failure refs: 8
Batch update: 48 refs added, 0 existing refs removed (0 new refs dominated)
Survival: 48 refs added, 0 removed (from 48 candidates)
Updated sys_vals: [0, 1]
---
Round: 981, Unk. prob.: 9.986e-01
Upper probs: 1.410e-03, Lower probs: 0.000e+00
No. of non-dominant refs: 47040, Survival refs: 47032, Failure refs: 8
Batch update: 48 refs added, 0 existing refs removed (0 new refs dominated)
Survival: 48 refs added, 0 removed (from 48 candidates)
Updated sys_vals: [0, 1]
---
Round: 982, Unk. prob.: 9.987e-01
Upper probs: 1.280e-03, Lower probs: 0.000e+00
No. of non-dominant refs: 47088, Survival refs: 47080, Failure refs: 8
Batch update: 48 refs added, 0 existing refs removed (0 new refs dominated)
Survival: 48 refs added, 0 removed (from 48 candidates)
Updated sys_vals: [0, 1]
---
Round: 983, Unk. prob.: 9.989e-01
Upper probs: 1.110e-03, Lower probs: 0.000e+00
No. of non-dominant refs: 47136, Survival refs: 47128, Failure refs: 8
Batch update: 48 refs added, 0 existing refs removed (0 new refs dominated)
Survival: 48 refs added, 0 removed (from 48 candidates)
Updated sys_vals: [0, 1]
---
Round: 984, Unk. prob.: 9.984e-01
Upper probs: 1.610e-03, Lower probs: 0.000e+00
No. of non-dominant refs: 47184, Survival refs: 47176, Failure refs: 8
Batch update: 48 refs added, 0 existing refs removed (0 new refs dominated)
Survival: 48 refs added, 0 removed (from 48 candidates)
Updated sys_vals: [0, 1]
---
Round: 985, Unk. prob.: 9.986e-01
Upper probs: 1.450e-03, Lower probs: 0.000e+00
No. of non-dominant refs: 47232, Survival refs: 47224, Failure refs: 8
Batch update: 48 refs added, 0 existing refs removed (0 new refs dominated)
Survival: 48 refs added, 0 removed (from 48 candidates)
Updated sys_vals: [0, 1]
---
Round: 986, Unk. prob.: 9.984e-01
Upper probs: 1.590e-03, Lower probs: 0.000e+00
No. of non-dominant refs: 47280, Survival refs: 47272, Failure refs: 8
Batch update: 48 refs added, 0 existing refs removed (0 new refs dominated)
Survival: 48 refs added, 0 removed (from 48 candidates)
Updated sys_vals: [0, 1]
---
Round: 987, Unk. prob.: 9.986e-01
Upper probs: 1.400e-03, Lower probs: 0.000e+00
No. of non-dominant refs: 47328, Survival refs: 47320, Failure refs: 8
Batch update: 48 refs added, 0 existing refs removed (0 new refs dominated)
Survival: 48 refs added, 0 removed (from 48 candidates)
Updated sys_vals: [0, 1]
---
Round: 988, Unk. prob.: 9.985e-01
Upper probs: 1.470e-03, Lower probs: 0.000e+00
No. of non-dominant refs: 47376, Survival refs: 47368, Failure refs: 8
Batch update: 48 refs added, 0 existing refs removed (0 new refs dominated)
Survival: 48 refs added, 0 removed (from 48 candidates)
Updated sys_vals: [0, 1]
---
Round: 989, Unk. prob.: 9.985e-01
Upper probs: 1.540e-03, Lower probs: 0.000e+00
No. of non-dominant refs: 47424, Survival refs: 47416, Failure refs: 8
Batch update: 48 refs added, 0 existing refs removed (0 new refs dominated)
Survival: 48 refs added, 0 removed (from 48 candidates)
Updated sys_vals: [0, 1]
---
Round: 990, Unk. prob.: 9.986e-01
Upper probs: 1.380e-03, Lower probs: 0.000e+00
No. of non-dominant refs: 47472, Survival refs: 47464, Failure refs: 8
Batch update: 48 refs added, 0 existing refs removed (0 new refs dominated)
Survival: 48 refs added, 0 removed (from 48 candidates)
Updated sys_vals: [0, 1]
---
Round: 991, Unk. prob.: 9.987e-01
Upper probs: 1.310e-03, Lower probs: 0.000e+00
No. of non-dominant refs: 47520, Survival refs: 47512, Failure refs: 8
Batch update: 48 refs added, 0 existing refs removed (0 new refs dominated)
Survival: 48 refs added, 0 removed (from 48 candidates)
Updated sys_vals: [0, 1]
---
Round: 992, Unk. prob.: 9.988e-01
Upper probs: 1.210e-03, Lower probs: 0.000e+00
No. of non-dominant refs: 47568, Survival refs: 47560, Failure refs: 8
Batch update: 48 refs added, 0 existing refs removed (0 new refs dominated)
Survival: 48 refs added, 0 removed (from 48 candidates)
Updated sys_vals: [0, 1]
---
Round: 993, Unk. prob.: 9.987e-01
Upper probs: 1.340e-03, Lower probs: 0.000e+00
No. of non-dominant refs: 47616, Survival refs: 47608, Failure refs: 8
Batch update: 48 refs added, 0 existing refs removed (0 new refs dominated)
Survival: 48 refs added, 0 removed (from 48 candidates)
Updated sys_vals: [0, 1]
---
Round: 994, Unk. prob.: 9.986e-01
Upper probs: 1.420e-03, Lower probs: 0.000e+00
No. of non-dominant refs: 47664, Survival refs: 47656, Failure refs: 8
Batch update: 48 refs added, 0 existing refs removed (0 new refs dominated)
Survival: 48 refs added, 0 removed (from 48 candidates)
Updated sys_vals: [0, 1]
---
Round: 995, Unk. prob.: 9.986e-01
Upper probs: 1.390e-03, Lower probs: 0.000e+00
No. of non-dominant refs: 47712, Survival refs: 47704, Failure refs: 8
Batch update: 48 refs added, 0 existing refs removed (0 new refs dominated)
Survival: 48 refs added, 0 removed (from 48 candidates)
Updated sys_vals: [0, 1]
---
Round: 996, Unk. prob.: 9.985e-01
Upper probs: 1.480e-03, Lower probs: 0.000e+00
No. of non-dominant refs: 47760, Survival refs: 47752, Failure refs: 8
Batch update: 48 refs added, 0 existing refs removed (0 new refs dominated)
Survival: 48 refs added, 0 removed (from 48 candidates)
Updated sys_vals: [0, 1]
---
Round: 997, Unk. prob.: 9.988e-01
Upper probs: 1.220e-03, Lower probs: 0.000e+00
No. of non-dominant refs: 47808, Survival refs: 47800, Failure refs: 8
Batch update: 48 refs added, 0 existing refs removed (0 new refs dominated)
Survival: 48 refs added, 0 removed (from 48 candidates)
Updated sys_vals: [0, 1]
---
Round: 998, Unk. prob.: 9.987e-01
Upper probs: 1.320e-03, Lower probs: 0.000e+00
No. of non-dominant refs: 47856, Survival refs: 47848, Failure refs: 8
Batch update: 47 refs added, 0 existing refs removed (0 new refs dominated)
Survival: 47 refs added, 0 removed (from 47 candidates)
Batch update: 1 refs added, 0 existing refs removed (0 new refs dominated)
Failure: 1 refs added, 0 removed (from 1 candidates)
Updated sys_vals: [0, 1]
---
Round: 999, Unk. prob.: 9.983e-01
Upper probs: 1.650e-03, Lower probs: 0.000e+00
No. of non-dominant refs: 47904, Survival refs: 47895, Failure refs: 9
Batch update: 48 refs added, 0 existing refs removed (0 new refs dominated)
Survival: 48 refs added, 0 removed (from 48 candidates)
Updated sys_vals: [0, 1]
---
Round: 1000, Unk. prob.: 9.984e-01
Upper probs: 1.570e-03, Lower probs: 0.000e+00
No. of non-dominant refs: 47952, Survival refs: 47943, Failure refs: 9
Batch update: 48 refs added, 0 existing refs removed (0 new refs dominated)
Survival: 48 refs added, 0 removed (from 48 candidates)
Updated sys_vals: [0, 1]
---
Probs: 'upper':  1.429e-03, 'lower':  0.000e+00, 'unkn':  9.986e-01
---
Round: 1001, Unk. prob.: 9.986e-01
Upper probs: 1.429e-03, Lower probs: 0.000e+00
No. of non-dominant refs: 48000, Survival refs: 47991, Failure refs: 9
Batch update: 48 refs added, 0 existing refs removed (0 new refs dominated)
Survival: 48 refs added, 0 removed (from 48 candidates)
Updated sys_vals: [0, 1]
---
Round: 1002, Unk. prob.: 9.985e-01
Upper probs: 1.510e-03, Lower probs: 0.000e+00
No. of non-dominant refs: 48048, Survival refs: 48039, Failure refs: 9
Batch update: 48 refs added, 0 existing refs removed (0 new refs dominated)
Survival: 48 refs added, 0 removed (from 48 candidates)
Updated sys_vals: [0, 1]
---
Round: 1003, Unk. prob.: 9.986e-01
Upper probs: 1.400e-03, Lower probs: 0.000e+00
No. of non-dominant refs: 48096, Survival refs: 48087, Failure refs: 9
Batch update: 48 refs added, 0 existing refs removed (0 new refs dominated)
Survival: 48 refs added, 0 removed (from 48 candidates)
Updated sys_vals: [0, 1]
---
Round: 1004, Unk. prob.: 9.986e-01
Upper probs: 1.400e-03, Lower probs: 0.000e+00
No. of non-dominant refs: 48144, Survival refs: 48135, Failure refs: 9
Batch update: 48 refs added, 0 existing refs removed (0 new refs dominated)
Survival: 48 refs added, 0 removed (from 48 candidates)
Updated sys_vals: [0, 1]
---
Round: 1005, Unk. prob.: 9.986e-01
Upper probs: 1.450e-03, Lower probs: 0.000e+00
No. of non-dominant refs: 48192, Survival refs: 48183, Failure refs: 9
Batch update: 48 refs added, 0 existing refs removed (0 new refs dominated)
Survival: 48 refs added, 0 removed (from 48 candidates)
Updated sys_vals: [0, 1]
---
Round: 1006, Unk. prob.: 9.986e-01
Upper probs: 1.380e-03, Lower probs: 0.000e+00
No. of non-dominant refs: 48240, Survival refs: 48231, Failure refs: 9
Batch update: 47 refs added, 0 existing refs removed (0 new refs dominated)
Survival: 47 refs added, 0 removed (from 47 candidates)
Batch update: 1 refs added, 0 existing refs removed (0 new refs dominated)
Failure: 1 refs added, 0 removed (from 1 candidates)
Updated sys_vals: [0, 1]
---
Round: 1007, Unk. prob.: 9.986e-01
Upper probs: 1.380e-03, Lower probs: 0.000e+00
No. of non-dominant refs: 48288, Survival refs: 48278, Failure refs: 10
Batch update: 48 refs added, 0 existing refs removed (0 new refs dominated)
Survival: 48 refs added, 0 removed (from 48 candidates)
Updated sys_vals: [0, 1]
---
Round: 1008, Unk. prob.: 9.989e-01
Upper probs: 1.100e-03, Lower probs: 0.000e+00
No. of non-dominant refs: 48336, Survival refs: 48326, Failure refs: 10
Batch update: 48 refs added, 0 existing refs removed (0 new refs dominated)
Survival: 48 refs added, 0 removed (from 48 candidates)
Updated sys_vals: [0, 1]
---
Round: 1009, Unk. prob.: 9.984e-01
Upper probs: 1.640e-03, Lower probs: 0.000e+00
No. of non-dominant refs: 48384, Survival refs: 48374, Failure refs: 10
Batch update: 48 refs added, 0 existing refs removed (0 new refs dominated)
Survival: 48 refs added, 0 removed (from 48 candidates)
Updated sys_vals: [0, 1]
---
Round: 1010, Unk. prob.: 9.986e-01
Upper probs: 1.370e-03, Lower probs: 0.000e+00
No. of non-dominant refs: 48432, Survival refs: 48422, Failure refs: 10
Batch update: 48 refs added, 0 existing refs removed (0 new refs dominated)
Survival: 48 refs added, 0 removed (from 48 candidates)
Updated sys_vals: [0, 1]
---
Round: 1011, Unk. prob.: 9.984e-01
Upper probs: 1.630e-03, Lower probs: 0.000e+00
No. of non-dominant refs: 48480, Survival refs: 48470, Failure refs: 10
Batch update: 48 refs added, 0 existing refs removed (0 new refs dominated)
Survival: 48 refs added, 0 removed (from 48 candidates)
Updated sys_vals: [0, 1]
---
Round: 1012, Unk. prob.: 9.986e-01
Upper probs: 1.430e-03, Lower probs: 0.000e+00
No. of non-dominant refs: 48528, Survival refs: 48518, Failure refs: 10
Batch update: 48 refs added, 0 existing refs removed (0 new refs dominated)
Survival: 48 refs added, 0 removed (from 48 candidates)
Updated sys_vals: [0, 1]
---
Round: 1013, Unk. prob.: 9.984e-01
Upper probs: 1.570e-03, Lower probs: 0.000e+00
No. of non-dominant refs: 48576, Survival refs: 48566, Failure refs: 10
Batch update: 48 refs added, 0 existing refs removed (0 new refs dominated)
Survival: 48 refs added, 0 removed (from 48 candidates)
Updated sys_vals: [0, 1]
---
Round: 1014, Unk. prob.: 9.986e-01
Upper probs: 1.420e-03, Lower probs: 0.000e+00
No. of non-dominant refs: 48624, Survival refs: 48614, Failure refs: 10
Batch update: 48 refs added, 0 existing refs removed (0 new refs dominated)
Survival: 48 refs added, 0 removed (from 48 candidates)
Updated sys_vals: [0, 1]
---
Round: 1015, Unk. prob.: 9.986e-01
Upper probs: 1.390e-03, Lower probs: 0.000e+00
No. of non-dominant refs: 48672, Survival refs: 48662, Failure refs: 10
Batch update: 48 refs added, 0 existing refs removed (0 new refs dominated)
Survival: 48 refs added, 0 removed (from 48 candidates)
Updated sys_vals: [0, 1]
---
Round: 1016, Unk. prob.: 9.985e-01
Upper probs: 1.500e-03, Lower probs: 0.000e+00
No. of non-dominant refs: 48720, Survival refs: 48710, Failure refs: 10
Batch update: 48 refs added, 0 existing refs removed (0 new refs dominated)
Survival: 48 refs added, 0 removed (from 48 candidates)
Updated sys_vals: [0, 1]
---
Round: 1017, Unk. prob.: 9.983e-01
Upper probs: 1.690e-03, Lower probs: 0.000e+00
No. of non-dominant refs: 48768, Survival refs: 48758, Failure refs: 10
Batch update: 48 refs added, 0 existing refs removed (0 new refs dominated)
Survival: 48 refs added, 0 removed (from 48 candidates)
Updated sys_vals: [0, 1]
---
Round: 1018, Unk. prob.: 9.985e-01
Upper probs: 1.530e-03, Lower probs: 0.000e+00
No. of non-dominant refs: 48816, Survival refs: 48806, Failure refs: 10
Batch update: 48 refs added, 0 existing refs removed (0 new refs dominated)
Survival: 48 refs added, 0 removed (from 48 candidates)
Updated sys_vals: [0, 1]
---
Round: 1019, Unk. prob.: 9.985e-01
Upper probs: 1.470e-03, Lower probs: 0.000e+00
No. of non-dominant refs: 48864, Survival refs: 48854, Failure refs: 10
Batch update: 48 refs added, 0 existing refs removed (0 new refs dominated)
Survival: 48 refs added, 0 removed (from 48 candidates)
Updated sys_vals: [0, 1]
---
Round: 1020, Unk. prob.: 9.985e-01
Upper probs: 1.540e-03, Lower probs: 0.000e+00
No. of non-dominant refs: 48912, Survival refs: 48902, Failure refs: 10
Batch update: 47 refs added, 0 existing refs removed (0 new refs dominated)
Survival: 47 refs added, 0 removed (from 47 candidates)
Batch update: 1 refs added, 0 existing refs removed (0 new refs dominated)
Failure: 1 refs added, 0 removed (from 1 candidates)
Updated sys_vals: [0, 1]
---
Round: 1021, Unk. prob.: 9.984e-01
Upper probs: 1.620e-03, Lower probs: 0.000e+00
No. of non-dominant refs: 48960, Survival refs: 48949, Failure refs: 11
Batch update: 48 refs added, 0 existing refs removed (0 new refs dominated)
Survival: 48 refs added, 0 removed (from 48 candidates)
Updated sys_vals: [0, 1]
---
Round: 1022, Unk. prob.: 9.983e-01
Upper probs: 1.650e-03, Lower probs: 0.000e+00
No. of non-dominant refs: 49008, Survival refs: 48997, Failure refs: 11
Batch update: 48 refs added, 0 existing refs removed (0 new refs dominated)
Survival: 48 refs added, 0 removed (from 48 candidates)
Updated sys_vals: [0, 1]
---
Round: 1023, Unk. prob.: 9.985e-01
Upper probs: 1.490e-03, Lower probs: 0.000e+00
No. of non-dominant refs: 49056, Survival refs: 49045, Failure refs: 11
Batch update: 48 refs added, 0 existing refs removed (0 new refs dominated)
Survival: 48 refs added, 0 removed (from 48 candidates)
Updated sys_vals: [0, 1]
---
Round: 1024, Unk. prob.: 9.984e-01
Upper probs: 1.560e-03, Lower probs: 0.000e+00
No. of non-dominant refs: 49104, Survival refs: 49093, Failure refs: 11
Batch update: 48 refs added, 0 existing refs removed (0 new refs dominated)
Survival: 48 refs added, 0 removed (from 48 candidates)
Updated sys_vals: [0, 1]
---
Round: 1025, Unk. prob.: 9.988e-01
Upper probs: 1.220e-03, Lower probs: 0.000e+00
No. of non-dominant refs: 49152, Survival refs: 49141, Failure refs: 11
Batch update: 48 refs added, 0 existing refs removed (0 new refs dominated)
Survival: 48 refs added, 0 removed (from 48 candidates)
Updated sys_vals: [0, 1]
---
Round: 1026, Unk. prob.: 9.987e-01
Upper probs: 1.280e-03, Lower probs: 0.000e+00
No. of non-dominant refs: 49200, Survival refs: 49189, Failure refs: 11
Batch update: 47 refs added, 0 existing refs removed (0 new refs dominated)
Survival: 47 refs added, 0 removed (from 47 candidates)
Batch update: 1 refs added, 0 existing refs removed (0 new refs dominated)
Failure: 1 refs added, 0 removed (from 1 candidates)
Updated sys_vals: [0, 1]
---
Round: 1027, Unk. prob.: 9.986e-01
Upper probs: 1.410e-03, Lower probs: 0.000e+00
No. of non-dominant refs: 49248, Survival refs: 49236, Failure refs: 12
Batch update: 48 refs added, 0 existing refs removed (0 new refs dominated)
Survival: 48 refs added, 0 removed (from 48 candidates)
Updated sys_vals: [0, 1]
---
Round: 1028, Unk. prob.: 9.985e-01
Upper probs: 1.460e-03, Lower probs: 0.000e+00
No. of non-dominant refs: 49296, Survival refs: 49284, Failure refs: 12
Batch update: 48 refs added, 0 existing refs removed (0 new refs dominated)
Survival: 48 refs added, 0 removed (from 48 candidates)
Updated sys_vals: [0, 1]
---
Round: 1029, Unk. prob.: 9.986e-01
Upper probs: 1.440e-03, Lower probs: 0.000e+00
No. of non-dominant refs: 49344, Survival refs: 49332, Failure refs: 12
Batch update: 48 refs added, 0 existing refs removed (0 new refs dominated)
Survival: 48 refs added, 0 removed (from 48 candidates)
Updated sys_vals: [0, 1]
---
Round: 1030, Unk. prob.: 9.986e-01
Upper probs: 1.430e-03, Lower probs: 0.000e+00
No. of non-dominant refs: 49392, Survival refs: 49380, Failure refs: 12
Batch update: 48 refs added, 0 existing refs removed (0 new refs dominated)
Survival: 48 refs added, 0 removed (from 48 candidates)
Updated sys_vals: [0, 1]
---
Round: 1031, Unk. prob.: 9.986e-01
Upper probs: 1.430e-03, Lower probs: 0.000e+00
No. of non-dominant refs: 49440, Survival refs: 49428, Failure refs: 12
Batch update: 48 refs added, 0 existing refs removed (0 new refs dominated)
Survival: 48 refs added, 0 removed (from 48 candidates)
Updated sys_vals: [0, 1]
---
Round: 1032, Unk. prob.: 9.983e-01
Upper probs: 1.710e-03, Lower probs: 0.000e+00
No. of non-dominant refs: 49488, Survival refs: 49476, Failure refs: 12
Batch update: 48 refs added, 0 existing refs removed (0 new refs dominated)
Survival: 48 refs added, 0 removed (from 48 candidates)
Updated sys_vals: [0, 1]
---
Round: 1033, Unk. prob.: 9.987e-01
Upper probs: 1.330e-03, Lower probs: 0.000e+00
No. of non-dominant refs: 49536, Survival refs: 49524, Failure refs: 12
Batch update: 48 refs added, 0 existing refs removed (0 new refs dominated)
Survival: 48 refs added, 0 removed (from 48 candidates)
Updated sys_vals: [0, 1]
---
Round: 1034, Unk. prob.: 9.985e-01
Upper probs: 1.470e-03, Lower probs: 0.000e+00
No. of non-dominant refs: 49584, Survival refs: 49572, Failure refs: 12
Batch update: 48 refs added, 0 existing refs removed (0 new refs dominated)
Survival: 48 refs added, 0 removed (from 48 candidates)
Updated sys_vals: [0, 1]
---
Round: 1035, Unk. prob.: 9.984e-01
Upper probs: 1.610e-03, Lower probs: 0.000e+00
No. of non-dominant refs: 49632, Survival refs: 49620, Failure refs: 12
Batch update: 48 refs added, 0 existing refs removed (0 new refs dominated)
Survival: 48 refs added, 0 removed (from 48 candidates)
Updated sys_vals: [0, 1]
---
Round: 1036, Unk. prob.: 9.986e-01
Upper probs: 1.450e-03, Lower probs: 0.000e+00
No. of non-dominant refs: 49680, Survival refs: 49668, Failure refs: 12
Batch update: 48 refs added, 0 existing refs removed (0 new refs dominated)
Survival: 48 refs added, 0 removed (from 48 candidates)
Updated sys_vals: [0, 1]
---
Round: 1037, Unk. prob.: 9.986e-01
Upper probs: 1.420e-03, Lower probs: 0.000e+00
No. of non-dominant refs: 49728, Survival refs: 49716, Failure refs: 12
Batch update: 48 refs added, 0 existing refs removed (0 new refs dominated)
Survival: 48 refs added, 0 removed (from 48 candidates)
Updated sys_vals: [0, 1]
---
Round: 1038, Unk. prob.: 9.984e-01
Upper probs: 1.550e-03, Lower probs: 0.000e+00
No. of non-dominant refs: 49776, Survival refs: 49764, Failure refs: 12
Batch update: 48 refs added, 0 existing refs removed (0 new refs dominated)
Survival: 48 refs added, 0 removed (from 48 candidates)
Updated sys_vals: [0, 1]
---
Round: 1039, Unk. prob.: 9.986e-01
Upper probs: 1.400e-03, Lower probs: 0.000e+00
No. of non-dominant refs: 49824, Survival refs: 49812, Failure refs: 12
Batch update: 48 refs added, 0 existing refs removed (0 new refs dominated)
Survival: 48 refs added, 0 removed (from 48 candidates)
Updated sys_vals: [0, 1]
---
Round: 1040, Unk. prob.: 9.987e-01
Upper probs: 1.330e-03, Lower probs: 0.000e+00
No. of non-dominant refs: 49872, Survival refs: 49860, Failure refs: 12
Batch update: 48 refs added, 0 existing refs removed (0 new refs dominated)
Survival: 48 refs added, 0 removed (from 48 candidates)
Updated sys_vals: [0, 1]
---
Round: 1041, Unk. prob.: 9.988e-01
Upper probs: 1.250e-03, Lower probs: 0.000e+00
No. of non-dominant refs: 49920, Survival refs: 49908, Failure refs: 12
Batch update: 48 refs added, 0 existing refs removed (0 new refs dominated)
Survival: 48 refs added, 0 removed (from 48 candidates)
Updated sys_vals: [0, 1]
---
Round: 1042, Unk. prob.: 9.987e-01
Upper probs: 1.320e-03, Lower probs: 0.000e+00
No. of non-dominant refs: 49968, Survival refs: 49956, Failure refs: 12
Batch update: 48 refs added, 0 existing refs removed (0 new refs dominated)
Survival: 48 refs added, 0 removed (from 48 candidates)
Updated sys_vals: [0, 1]
---
Round: 1043, Unk. prob.: 9.985e-01
Upper probs: 1.520e-03, Lower probs: 0.000e+00
No. of non-dominant refs: 50016, Survival refs: 50004, Failure refs: 12
Batch update: 48 refs added, 0 existing refs removed (0 new refs dominated)
Survival: 48 refs added, 0 removed (from 48 candidates)
Updated sys_vals: [0, 1]
---
Round: 1044, Unk. prob.: 9.984e-01
Upper probs: 1.630e-03, Lower probs: 0.000e+00
No. of non-dominant refs: 50064, Survival refs: 50052, Failure refs: 12
Batch update: 47 refs added, 0 existing refs removed (0 new refs dominated)
Survival: 47 refs added, 0 removed (from 47 candidates)
Batch update: 1 refs added, 0 existing refs removed (0 new refs dominated)
Failure: 1 refs added, 0 removed (from 1 candidates)
Updated sys_vals: [0, 1]
---
Round: 1045, Unk. prob.: 9.987e-01
Upper probs: 1.340e-03, Lower probs: 0.000e+00
No. of non-dominant refs: 50112, Survival refs: 50099, Failure refs: 13
Batch update: 48 refs added, 0 existing refs removed (0 new refs dominated)
Survival: 48 refs added, 0 removed (from 48 candidates)
Updated sys_vals: [0, 1]
---
Round: 1046, Unk. prob.: 9.985e-01
Upper probs: 1.460e-03, Lower probs: 0.000e+00
No. of non-dominant refs: 50160, Survival refs: 50147, Failure refs: 13
Batch update: 48 refs added, 0 existing refs removed (0 new refs dominated)
Survival: 48 refs added, 0 removed (from 48 candidates)
Updated sys_vals: [0, 1]
---
Round: 1047, Unk. prob.: 9.986e-01
Upper probs: 1.430e-03, Lower probs: 0.000e+00
No. of non-dominant refs: 50208, Survival refs: 50195, Failure refs: 13
Batch update: 48 refs added, 0 existing refs removed (0 new refs dominated)
Survival: 48 refs added, 0 removed (from 48 candidates)
Updated sys_vals: [0, 1]
---
Round: 1048, Unk. prob.: 9.984e-01
Upper probs: 1.590e-03, Lower probs: 0.000e+00
No. of non-dominant refs: 50256, Survival refs: 50243, Failure refs: 13
Batch update: 48 refs added, 0 existing refs removed (0 new refs dominated)
Survival: 48 refs added, 0 removed (from 48 candidates)
Updated sys_vals: [0, 1]
---
Round: 1049, Unk. prob.: 9.987e-01
Upper probs: 1.350e-03, Lower probs: 0.000e+00
No. of non-dominant refs: 50304, Survival refs: 50291, Failure refs: 13
Batch update: 48 refs added, 0 existing refs removed (0 new refs dominated)
Survival: 48 refs added, 0 removed (from 48 candidates)
Updated sys_vals: [0, 1]
---
Round: 1050, Unk. prob.: 9.988e-01
Upper probs: 1.220e-03, Lower probs: 0.000e+00
No. of non-dominant refs: 50352, Survival refs: 50339, Failure refs: 13
Batch update: 48 refs added, 0 existing refs removed (0 new refs dominated)
Survival: 48 refs added, 0 removed (from 48 candidates)
Updated sys_vals: [0, 1]
---
Round: 1051, Unk. prob.: 9.987e-01
Upper probs: 1.310e-03, Lower probs: 0.000e+00
No. of non-dominant refs: 50400, Survival refs: 50387, Failure refs: 13
Batch update: 48 refs added, 0 existing refs removed (0 new refs dominated)
Survival: 48 refs added, 0 removed (from 48 candidates)
Updated sys_vals: [0, 1]
---
Round: 1052, Unk. prob.: 9.985e-01
Upper probs: 1.490e-03, Lower probs: 0.000e+00
No. of non-dominant refs: 50448, Survival refs: 50435, Failure refs: 13
Batch update: 48 refs added, 0 existing refs removed (0 new refs dominated)
Survival: 48 refs added, 0 removed (from 48 candidates)
Updated sys_vals: [0, 1]
---
Round: 1053, Unk. prob.: 9.984e-01
Upper probs: 1.610e-03, Lower probs: 0.000e+00
No. of non-dominant refs: 50496, Survival refs: 50483, Failure refs: 13
Batch update: 48 refs added, 0 existing refs removed (0 new refs dominated)
Survival: 48 refs added, 0 removed (from 48 candidates)
Updated sys_vals: [0, 1]
---
Round: 1054, Unk. prob.: 9.984e-01
Upper probs: 1.630e-03, Lower probs: 0.000e+00
No. of non-dominant refs: 50544, Survival refs: 50531, Failure refs: 13
Batch update: 48 refs added, 0 existing refs removed (0 new refs dominated)
Survival: 48 refs added, 0 removed (from 48 candidates)
Updated sys_vals: [0, 1]
---
Round: 1055, Unk. prob.: 9.985e-01
Upper probs: 1.460e-03, Lower probs: 0.000e+00
No. of non-dominant refs: 50592, Survival refs: 50579, Failure refs: 13
Batch update: 48 refs added, 0 existing refs removed (0 new refs dominated)
Survival: 48 refs added, 0 removed (from 48 candidates)
Updated sys_vals: [0, 1]
---
Round: 1056, Unk. prob.: 9.983e-01
Upper probs: 1.710e-03, Lower probs: 0.000e+00
No. of non-dominant refs: 50640, Survival refs: 50627, Failure refs: 13
Batch update: 48 refs added, 0 existing refs removed (0 new refs dominated)
Survival: 48 refs added, 0 removed (from 48 candidates)
Updated sys_vals: [0, 1]
---
Round: 1057, Unk. prob.: 9.983e-01
Upper probs: 1.720e-03, Lower probs: 0.000e+00
No. of non-dominant refs: 50688, Survival refs: 50675, Failure refs: 13
Batch update: 48 refs added, 0 existing refs removed (0 new refs dominated)
Survival: 48 refs added, 0 removed (from 48 candidates)
Updated sys_vals: [0, 1]
---
Round: 1058, Unk. prob.: 9.986e-01
Upper probs: 1.410e-03, Lower probs: 0.000e+00
No. of non-dominant refs: 50736, Survival refs: 50723, Failure refs: 13
Batch update: 48 refs added, 0 existing refs removed (0 new refs dominated)
Survival: 48 refs added, 0 removed (from 48 candidates)
Updated sys_vals: [0, 1]
---
Round: 1059, Unk. prob.: 9.984e-01
Upper probs: 1.580e-03, Lower probs: 0.000e+00
No. of non-dominant refs: 50784, Survival refs: 50771, Failure refs: 13
Batch update: 48 refs added, 0 existing refs removed (0 new refs dominated)
Survival: 48 refs added, 0 removed (from 48 candidates)
Updated sys_vals: [0, 1]
---
Round: 1060, Unk. prob.: 9.984e-01
Upper probs: 1.640e-03, Lower probs: 0.000e+00
No. of non-dominant refs: 50832, Survival refs: 50819, Failure refs: 13
Batch update: 48 refs added, 0 existing refs removed (0 new refs dominated)
Survival: 48 refs added, 0 removed (from 48 candidates)
Updated sys_vals: [0, 1]
---
Round: 1061, Unk. prob.: 9.983e-01
Upper probs: 1.740e-03, Lower probs: 0.000e+00
No. of non-dominant refs: 50880, Survival refs: 50867, Failure refs: 13
Batch update: 48 refs added, 0 existing refs removed (0 new refs dominated)
Survival: 48 refs added, 0 removed (from 48 candidates)
Updated sys_vals: [0, 1]
---
Round: 1062, Unk. prob.: 9.986e-01
Upper probs: 1.400e-03, Lower probs: 0.000e+00
No. of non-dominant refs: 50928, Survival refs: 50915, Failure refs: 13
Batch update: 48 refs added, 0 existing refs removed (0 new refs dominated)
Survival: 48 refs added, 0 removed (from 48 candidates)
Updated sys_vals: [0, 1]
---
Round: 1063, Unk. prob.: 9.985e-01
Upper probs: 1.510e-03, Lower probs: 0.000e+00
No. of non-dominant refs: 50976, Survival refs: 50963, Failure refs: 13
Batch update: 48 refs added, 0 existing refs removed (0 new refs dominated)
Survival: 48 refs added, 0 removed (from 48 candidates)
Updated sys_vals: [0, 1]
---
Round: 1064, Unk. prob.: 9.984e-01
Upper probs: 1.570e-03, Lower probs: 0.000e+00
No. of non-dominant refs: 51024, Survival refs: 51011, Failure refs: 13
Batch update: 48 refs added, 0 existing refs removed (0 new refs dominated)
Survival: 48 refs added, 0 removed (from 48 candidates)
Updated sys_vals: [0, 1]
---
Round: 1065, Unk. prob.: 9.986e-01
Upper probs: 1.440e-03, Lower probs: 0.000e+00
No. of non-dominant refs: 51072, Survival refs: 51059, Failure refs: 13
Batch update: 48 refs added, 0 existing refs removed (0 new refs dominated)
Survival: 48 refs added, 0 removed (from 48 candidates)
Updated sys_vals: [0, 1]
---
Round: 1066, Unk. prob.: 9.985e-01
Upper probs: 1.480e-03, Lower probs: 0.000e+00
No. of non-dominant refs: 51120, Survival refs: 51107, Failure refs: 13
Batch update: 48 refs added, 0 existing refs removed (0 new refs dominated)
Survival: 48 refs added, 0 removed (from 48 candidates)
Updated sys_vals: [0, 1]
---
Round: 1067, Unk. prob.: 9.986e-01
Upper probs: 1.360e-03, Lower probs: 0.000e+00
No. of non-dominant refs: 51168, Survival refs: 51155, Failure refs: 13
Batch update: 48 refs added, 0 existing refs removed (0 new refs dominated)
Survival: 48 refs added, 0 removed (from 48 candidates)
Updated sys_vals: [0, 1]
---
Round: 1068, Unk. prob.: 9.985e-01
Upper probs: 1.520e-03, Lower probs: 0.000e+00
No. of non-dominant refs: 51216, Survival refs: 51203, Failure refs: 13
Batch update: 48 refs added, 0 existing refs removed (0 new refs dominated)
Survival: 48 refs added, 0 removed (from 48 candidates)
Updated sys_vals: [0, 1]
---
Round: 1069, Unk. prob.: 9.986e-01
Upper probs: 1.380e-03, Lower probs: 0.000e+00
No. of non-dominant refs: 51264, Survival refs: 51251, Failure refs: 13
Batch update: 48 refs added, 0 existing refs removed (0 new refs dominated)
Survival: 48 refs added, 0 removed (from 48 candidates)
Updated sys_vals: [0, 1]
---
Round: 1070, Unk. prob.: 9.984e-01
Upper probs: 1.600e-03, Lower probs: 0.000e+00
No. of non-dominant refs: 51312, Survival refs: 51299, Failure refs: 13
Batch update: 48 refs added, 0 existing refs removed (0 new refs dominated)
Survival: 48 refs added, 0 removed (from 48 candidates)
Updated sys_vals: [0, 1]
---
Round: 1071, Unk. prob.: 9.985e-01
Upper probs: 1.540e-03, Lower probs: 0.000e+00
No. of non-dominant refs: 51360, Survival refs: 51347, Failure refs: 13
Batch update: 48 refs added, 0 existing refs removed (0 new refs dominated)
Survival: 48 refs added, 0 removed (from 48 candidates)
Updated sys_vals: [0, 1]
---
Round: 1072, Unk. prob.: 9.984e-01
Upper probs: 1.570e-03, Lower probs: 0.000e+00
No. of non-dominant refs: 51408, Survival refs: 51395, Failure refs: 13
Batch update: 48 refs added, 0 existing refs removed (0 new refs dominated)
Survival: 48 refs added, 0 removed (from 48 candidates)
Updated sys_vals: [0, 1]
---
Round: 1073, Unk. prob.: 9.985e-01
Upper probs: 1.460e-03, Lower probs: 0.000e+00
No. of non-dominant refs: 51456, Survival refs: 51443, Failure refs: 13
Batch update: 48 refs added, 0 existing refs removed (0 new refs dominated)
Survival: 48 refs added, 0 removed (from 48 candidates)
Updated sys_vals: [0, 1]
---
Round: 1074, Unk. prob.: 9.986e-01
Upper probs: 1.430e-03, Lower probs: 0.000e+00
No. of non-dominant refs: 51504, Survival refs: 51491, Failure refs: 13
Batch update: 48 refs added, 0 existing refs removed (0 new refs dominated)
Survival: 48 refs added, 0 removed (from 48 candidates)
Updated sys_vals: [0, 1]
---
Round: 1075, Unk. prob.: 9.987e-01
Upper probs: 1.340e-03, Lower probs: 0.000e+00
No. of non-dominant refs: 51552, Survival refs: 51539, Failure refs: 13
Batch update: 48 refs added, 0 existing refs removed (0 new refs dominated)
Survival: 48 refs added, 0 removed (from 48 candidates)
Updated sys_vals: [0, 1]
---
Round: 1076, Unk. prob.: 9.985e-01
Upper probs: 1.460e-03, Lower probs: 0.000e+00
No. of non-dominant refs: 51600, Survival refs: 51587, Failure refs: 13
Batch update: 48 refs added, 0 existing refs removed (0 new refs dominated)
Survival: 48 refs added, 0 removed (from 48 candidates)
Updated sys_vals: [0, 1]
---
Round: 1077, Unk. prob.: 9.983e-01
Upper probs: 1.690e-03, Lower probs: 0.000e+00
No. of non-dominant refs: 51648, Survival refs: 51635, Failure refs: 13
Batch update: 48 refs added, 0 existing refs removed (0 new refs dominated)
Survival: 48 refs added, 0 removed (from 48 candidates)
Updated sys_vals: [0, 1]
---
Round: 1078, Unk. prob.: 9.985e-01
Upper probs: 1.470e-03, Lower probs: 0.000e+00
No. of non-dominant refs: 51696, Survival refs: 51683, Failure refs: 13
Batch update: 48 refs added, 0 existing refs removed (0 new refs dominated)
Survival: 48 refs added, 0 removed (from 48 candidates)
Updated sys_vals: [0, 1]
---
Round: 1079, Unk. prob.: 9.985e-01
Upper probs: 1.480e-03, Lower probs: 0.000e+00
No. of non-dominant refs: 51744, Survival refs: 51731, Failure refs: 13
Batch update: 48 refs added, 0 existing refs removed (0 new refs dominated)
Survival: 48 refs added, 0 removed (from 48 candidates)
Updated sys_vals: [0, 1]
---
Round: 1080, Unk. prob.: 9.983e-01
Upper probs: 1.710e-03, Lower probs: 0.000e+00
No. of non-dominant refs: 51792, Survival refs: 51779, Failure refs: 13
Batch update: 48 refs added, 0 existing refs removed (0 new refs dominated)
Survival: 48 refs added, 0 removed (from 48 candidates)
Updated sys_vals: [0, 1]
---
Round: 1081, Unk. prob.: 9.986e-01
Upper probs: 1.420e-03, Lower probs: 0.000e+00
No. of non-dominant refs: 51840, Survival refs: 51827, Failure refs: 13
Batch update: 48 refs added, 0 existing refs removed (0 new refs dominated)
Survival: 48 refs added, 0 removed (from 48 candidates)
Updated sys_vals: [0, 1]
---
Round: 1082, Unk. prob.: 9.985e-01
Upper probs: 1.540e-03, Lower probs: 0.000e+00
No. of non-dominant refs: 51888, Survival refs: 51875, Failure refs: 13
Batch update: 48 refs added, 0 existing refs removed (0 new refs dominated)
Survival: 48 refs added, 0 removed (from 48 candidates)
Updated sys_vals: [0, 1]
---
Round: 1083, Unk. prob.: 9.985e-01
Upper probs: 1.490e-03, Lower probs: 0.000e+00
No. of non-dominant refs: 51936, Survival refs: 51923, Failure refs: 13
Batch update: 48 refs added, 0 existing refs removed (0 new refs dominated)
Survival: 48 refs added, 0 removed (from 48 candidates)
Updated sys_vals: [0, 1]
---
Round: 1084, Unk. prob.: 9.983e-01
Upper probs: 1.650e-03, Lower probs: 0.000e+00
No. of non-dominant refs: 51984, Survival refs: 51971, Failure refs: 13
Batch update: 48 refs added, 0 existing refs removed (0 new refs dominated)
Survival: 48 refs added, 0 removed (from 48 candidates)
Updated sys_vals: [0, 1]
---
Round: 1085, Unk. prob.: 9.984e-01
Upper probs: 1.580e-03, Lower probs: 0.000e+00
No. of non-dominant refs: 52032, Survival refs: 52019, Failure refs: 13
Batch update: 48 refs added, 0 existing refs removed (0 new refs dominated)
Survival: 48 refs added, 0 removed (from 48 candidates)
Updated sys_vals: [0, 1]
---
Round: 1086, Unk. prob.: 9.984e-01
Upper probs: 1.550e-03, Lower probs: 0.000e+00
No. of non-dominant refs: 52080, Survival refs: 52067, Failure refs: 13
Batch update: 48 refs added, 0 existing refs removed (0 new refs dominated)
Survival: 48 refs added, 0 removed (from 48 candidates)
Updated sys_vals: [0, 1]
---
Round: 1087, Unk. prob.: 9.985e-01
Upper probs: 1.520e-03, Lower probs: 0.000e+00
No. of non-dominant refs: 52128, Survival refs: 52115, Failure refs: 13
Batch update: 48 refs added, 0 existing refs removed (0 new refs dominated)
Survival: 48 refs added, 0 removed (from 48 candidates)
Updated sys_vals: [0, 1]
---
Round: 1088, Unk. prob.: 9.986e-01
Upper probs: 1.420e-03, Lower probs: 0.000e+00
No. of non-dominant refs: 52176, Survival refs: 52163, Failure refs: 13
Batch update: 48 refs added, 0 existing refs removed (0 new refs dominated)
Survival: 48 refs added, 0 removed (from 48 candidates)
Updated sys_vals: [0, 1]
---
Round: 1089, Unk. prob.: 9.986e-01
Upper probs: 1.360e-03, Lower probs: 0.000e+00
No. of non-dominant refs: 52224, Survival refs: 52211, Failure refs: 13
Batch update: 48 refs added, 0 existing refs removed (0 new refs dominated)
Survival: 48 refs added, 0 removed (from 48 candidates)
Updated sys_vals: [0, 1]
---
Round: 1090, Unk. prob.: 9.984e-01
Upper probs: 1.620e-03, Lower probs: 0.000e+00
No. of non-dominant refs: 52272, Survival refs: 52259, Failure refs: 13
Batch update: 48 refs added, 0 existing refs removed (0 new refs dominated)
Survival: 48 refs added, 0 removed (from 48 candidates)
Updated sys_vals: [0, 1]
---
Round: 1091, Unk. prob.: 9.983e-01
Upper probs: 1.650e-03, Lower probs: 0.000e+00
No. of non-dominant refs: 52320, Survival refs: 52307, Failure refs: 13
Batch update: 48 refs added, 0 existing refs removed (0 new refs dominated)
Survival: 48 refs added, 0 removed (from 48 candidates)
Updated sys_vals: [0, 1]
---
Round: 1092, Unk. prob.: 9.983e-01
Upper probs: 1.680e-03, Lower probs: 0.000e+00
No. of non-dominant refs: 52368, Survival refs: 52355, Failure refs: 13
Batch update: 48 refs added, 0 existing refs removed (0 new refs dominated)
Survival: 48 refs added, 0 removed (from 48 candidates)
Updated sys_vals: [0, 1]
---
Round: 1093, Unk. prob.: 9.987e-01
Upper probs: 1.340e-03, Lower probs: 0.000e+00
No. of non-dominant refs: 52416, Survival refs: 52403, Failure refs: 13
Batch update: 48 refs added, 0 existing refs removed (0 new refs dominated)
Survival: 48 refs added, 0 removed (from 48 candidates)
Updated sys_vals: [0, 1]
---
Round: 1094, Unk. prob.: 9.986e-01
Upper probs: 1.400e-03, Lower probs: 0.000e+00
No. of non-dominant refs: 52464, Survival refs: 52451, Failure refs: 13
Batch update: 48 refs added, 0 existing refs removed (0 new refs dominated)
Survival: 48 refs added, 0 removed (from 48 candidates)
Updated sys_vals: [0, 1]
---
Round: 1095, Unk. prob.: 9.984e-01
Upper probs: 1.590e-03, Lower probs: 0.000e+00
No. of non-dominant refs: 52512, Survival refs: 52499, Failure refs: 13
Batch update: 48 refs added, 0 existing refs removed (0 new refs dominated)
Survival: 48 refs added, 0 removed (from 48 candidates)
Updated sys_vals: [0, 1]
---
Round: 1096, Unk. prob.: 9.985e-01
Upper probs: 1.530e-03, Lower probs: 0.000e+00
No. of non-dominant refs: 52560, Survival refs: 52547, Failure refs: 13
Batch update: 48 refs added, 0 existing refs removed (0 new refs dominated)
Survival: 48 refs added, 0 removed (from 48 candidates)
Updated sys_vals: [0, 1]
---
Round: 1097, Unk. prob.: 9.986e-01
Upper probs: 1.400e-03, Lower probs: 0.000e+00
No. of non-dominant refs: 52608, Survival refs: 52595, Failure refs: 13
Batch update: 48 refs added, 0 existing refs removed (0 new refs dominated)
Survival: 48 refs added, 0 removed (from 48 candidates)
Updated sys_vals: [0, 1]
---
Round: 1098, Unk. prob.: 9.985e-01
Upper probs: 1.510e-03, Lower probs: 0.000e+00
No. of non-dominant refs: 52656, Survival refs: 52643, Failure refs: 13
Batch update: 48 refs added, 0 existing refs removed (0 new refs dominated)
Survival: 48 refs added, 0 removed (from 48 candidates)
Updated sys_vals: [0, 1]
---
Round: 1099, Unk. prob.: 9.984e-01
Upper probs: 1.620e-03, Lower probs: 0.000e+00
No. of non-dominant refs: 52704, Survival refs: 52691, Failure refs: 13
Batch update: 48 refs added, 0 existing refs removed (0 new refs dominated)
Survival: 48 refs added, 0 removed (from 48 candidates)
Updated sys_vals: [0, 1]
---
Round: 1100, Unk. prob.: 9.983e-01
Upper probs: 1.700e-03, Lower probs: 0.000e+00
No. of non-dominant refs: 52752, Survival refs: 52739, Failure refs: 13
Batch update: 48 refs added, 0 existing refs removed (0 new refs dominated)
Survival: 48 refs added, 0 removed (from 48 candidates)
Updated sys_vals: [0, 1]
---
Round: 1101, Unk. prob.: 9.986e-01
Upper probs: 1.430e-03, Lower probs: 0.000e+00
No. of non-dominant refs: 52800, Survival refs: 52787, Failure refs: 13
Batch update: 48 refs added, 0 existing refs removed (0 new refs dominated)
Survival: 48 refs added, 0 removed (from 48 candidates)
Updated sys_vals: [0, 1]
---
Round: 1102, Unk. prob.: 9.983e-01
Upper probs: 1.670e-03, Lower probs: 0.000e+00
No. of non-dominant refs: 52848, Survival refs: 52835, Failure refs: 13
Batch update: 48 refs added, 0 existing refs removed (0 new refs dominated)
Survival: 48 refs added, 0 removed (from 48 candidates)
Updated sys_vals: [0, 1]
---
Round: 1103, Unk. prob.: 9.984e-01
Upper probs: 1.560e-03, Lower probs: 0.000e+00
No. of non-dominant refs: 52896, Survival refs: 52883, Failure refs: 13
Batch update: 48 refs added, 0 existing refs removed (0 new refs dominated)
Survival: 48 refs added, 0 removed (from 48 candidates)
Updated sys_vals: [0, 1]
---
Round: 1104, Unk. prob.: 9.986e-01
Upper probs: 1.420e-03, Lower probs: 0.000e+00
No. of non-dominant refs: 52944, Survival refs: 52931, Failure refs: 13
Batch update: 48 refs added, 0 existing refs removed (0 new refs dominated)
Survival: 48 refs added, 0 removed (from 48 candidates)
Updated sys_vals: [0, 1]
---
Round: 1105, Unk. prob.: 9.985e-01
Upper probs: 1.520e-03, Lower probs: 0.000e+00
No. of non-dominant refs: 52992, Survival refs: 52979, Failure refs: 13
Batch update: 48 refs added, 0 existing refs removed (0 new refs dominated)
Survival: 48 refs added, 0 removed (from 48 candidates)
Updated sys_vals: [0, 1]
---
Round: 1106, Unk. prob.: 9.984e-01
Upper probs: 1.580e-03, Lower probs: 0.000e+00
No. of non-dominant refs: 53040, Survival refs: 53027, Failure refs: 13
Batch update: 48 refs added, 0 existing refs removed (0 new refs dominated)
Survival: 48 refs added, 0 removed (from 48 candidates)
Updated sys_vals: [0, 1]
---
Round: 1107, Unk. prob.: 9.983e-01
Upper probs: 1.740e-03, Lower probs: 0.000e+00
No. of non-dominant refs: 53088, Survival refs: 53075, Failure refs: 13
Batch update: 48 refs added, 0 existing refs removed (0 new refs dominated)
Survival: 48 refs added, 0 removed (from 48 candidates)
Updated sys_vals: [0, 1]
---
Round: 1108, Unk. prob.: 9.984e-01
Upper probs: 1.600e-03, Lower probs: 0.000e+00
No. of non-dominant refs: 53136, Survival refs: 53123, Failure refs: 13
Batch update: 48 refs added, 0 existing refs removed (0 new refs dominated)
Survival: 48 refs added, 0 removed (from 48 candidates)
Updated sys_vals: [0, 1]
---
Round: 1109, Unk. prob.: 9.983e-01
Upper probs: 1.690e-03, Lower probs: 0.000e+00
No. of non-dominant refs: 53184, Survival refs: 53171, Failure refs: 13
Batch update: 48 refs added, 0 existing refs removed (0 new refs dominated)
Survival: 48 refs added, 0 removed (from 48 candidates)
Updated sys_vals: [0, 1]
---
Round: 1110, Unk. prob.: 9.984e-01
Upper probs: 1.550e-03, Lower probs: 0.000e+00
No. of non-dominant refs: 53232, Survival refs: 53219, Failure refs: 13
Batch update: 48 refs added, 0 existing refs removed (0 new refs dominated)
Survival: 48 refs added, 0 removed (from 48 candidates)
Updated sys_vals: [0, 1]
---
Round: 1111, Unk. prob.: 9.984e-01
Upper probs: 1.580e-03, Lower probs: 0.000e+00
No. of non-dominant refs: 53280, Survival refs: 53267, Failure refs: 13
Batch update: 48 refs added, 0 existing refs removed (0 new refs dominated)
Survival: 48 refs added, 0 removed (from 48 candidates)
Updated sys_vals: [0, 1]
---
Round: 1112, Unk. prob.: 9.984e-01
Upper probs: 1.630e-03, Lower probs: 0.000e+00
No. of non-dominant refs: 53328, Survival refs: 53315, Failure refs: 13
Batch update: 48 refs added, 0 existing refs removed (0 new refs dominated)
Survival: 48 refs added, 0 removed (from 48 candidates)
Updated sys_vals: [0, 1]
---
Round: 1113, Unk. prob.: 9.987e-01
Upper probs: 1.310e-03, Lower probs: 0.000e+00
No. of non-dominant refs: 53376, Survival refs: 53363, Failure refs: 13
Batch update: 48 refs added, 0 existing refs removed (0 new refs dominated)
Survival: 48 refs added, 0 removed (from 48 candidates)
Updated sys_vals: [0, 1]
---
Round: 1114, Unk. prob.: 9.984e-01
Upper probs: 1.590e-03, Lower probs: 0.000e+00
No. of non-dominant refs: 53424, Survival refs: 53411, Failure refs: 13
Batch update: 48 refs added, 0 existing refs removed (0 new refs dominated)
Survival: 48 refs added, 0 removed (from 48 candidates)
Updated sys_vals: [0, 1]
---
Round: 1115, Unk. prob.: 9.988e-01
Upper probs: 1.240e-03, Lower probs: 0.000e+00
No. of non-dominant refs: 53472, Survival refs: 53459, Failure refs: 13
Batch update: 48 refs added, 0 existing refs removed (0 new refs dominated)
Survival: 48 refs added, 0 removed (from 48 candidates)
Updated sys_vals: [0, 1]
---
Round: 1116, Unk. prob.: 9.987e-01
Upper probs: 1.330e-03, Lower probs: 0.000e+00
No. of non-dominant refs: 53520, Survival refs: 53507, Failure refs: 13
Batch update: 48 refs added, 0 existing refs removed (0 new refs dominated)
Survival: 48 refs added, 0 removed (from 48 candidates)
Updated sys_vals: [0, 1]
---
Round: 1117, Unk. prob.: 9.985e-01
Upper probs: 1.540e-03, Lower probs: 0.000e+00
No. of non-dominant refs: 53568, Survival refs: 53555, Failure refs: 13
Batch update: 48 refs added, 0 existing refs removed (0 new refs dominated)
Survival: 48 refs added, 0 removed (from 48 candidates)
Updated sys_vals: [0, 1]
---
Round: 1118, Unk. prob.: 9.986e-01
Upper probs: 1.420e-03, Lower probs: 0.000e+00
No. of non-dominant refs: 53616, Survival refs: 53603, Failure refs: 13
Batch update: 48 refs added, 0 existing refs removed (0 new refs dominated)
Survival: 48 refs added, 0 removed (from 48 candidates)
Updated sys_vals: [0, 1]
---
Round: 1119, Unk. prob.: 9.984e-01
Upper probs: 1.570e-03, Lower probs: 0.000e+00
No. of non-dominant refs: 53664, Survival refs: 53651, Failure refs: 13
Batch update: 48 refs added, 0 existing refs removed (0 new refs dominated)
Survival: 48 refs added, 0 removed (from 48 candidates)
Updated sys_vals: [0, 1]
---
Round: 1120, Unk. prob.: 9.986e-01
Upper probs: 1.450e-03, Lower probs: 0.000e+00
No. of non-dominant refs: 53712, Survival refs: 53699, Failure refs: 13
Batch update: 48 refs added, 0 existing refs removed (0 new refs dominated)
Survival: 48 refs added, 0 removed (from 48 candidates)
Updated sys_vals: [0, 1]
---
Round: 1121, Unk. prob.: 9.985e-01
Upper probs: 1.500e-03, Lower probs: 0.000e+00
No. of non-dominant refs: 53760, Survival refs: 53747, Failure refs: 13
Batch update: 48 refs added, 0 existing refs removed (0 new refs dominated)
Survival: 48 refs added, 0 removed (from 48 candidates)
Updated sys_vals: [0, 1]
---
Round: 1122, Unk. prob.: 9.985e-01
Upper probs: 1.540e-03, Lower probs: 0.000e+00
No. of non-dominant refs: 53808, Survival refs: 53795, Failure refs: 13
Batch update: 48 refs added, 0 existing refs removed (0 new refs dominated)
Survival: 48 refs added, 0 removed (from 48 candidates)
Updated sys_vals: [0, 1]
---
Round: 1123, Unk. prob.: 9.983e-01
Upper probs: 1.690e-03, Lower probs: 0.000e+00
No. of non-dominant refs: 53856, Survival refs: 53843, Failure refs: 13
Batch update: 48 refs added, 0 existing refs removed (0 new refs dominated)
Survival: 48 refs added, 0 removed (from 48 candidates)
Updated sys_vals: [0, 1]
---
Round: 1124, Unk. prob.: 9.984e-01
Upper probs: 1.620e-03, Lower probs: 0.000e+00
No. of non-dominant refs: 53904, Survival refs: 53891, Failure refs: 13
Batch update: 48 refs added, 0 existing refs removed (0 new refs dominated)
Survival: 48 refs added, 0 removed (from 48 candidates)
Updated sys_vals: [0, 1]
---
Round: 1125, Unk. prob.: 9.983e-01
Upper probs: 1.660e-03, Lower probs: 0.000e+00
No. of non-dominant refs: 53952, Survival refs: 53939, Failure refs: 13
Batch update: 48 refs added, 0 existing refs removed (0 new refs dominated)
Survival: 48 refs added, 0 removed (from 48 candidates)
Updated sys_vals: [0, 1]
---
Round: 1126, Unk. prob.: 9.985e-01
Upper probs: 1.500e-03, Lower probs: 0.000e+00
No. of non-dominant refs: 54000, Survival refs: 53987, Failure refs: 13
Batch update: 48 refs added, 0 existing refs removed (0 new refs dominated)
Survival: 48 refs added, 0 removed (from 48 candidates)
Updated sys_vals: [0, 1]
---
Round: 1127, Unk. prob.: 9.985e-01
Upper probs: 1.530e-03, Lower probs: 0.000e+00
No. of non-dominant refs: 54048, Survival refs: 54035, Failure refs: 13
Batch update: 48 refs added, 0 existing refs removed (0 new refs dominated)
Survival: 48 refs added, 0 removed (from 48 candidates)
Updated sys_vals: [0, 1]
---
Round: 1128, Unk. prob.: 9.984e-01
Upper probs: 1.600e-03, Lower probs: 0.000e+00
No. of non-dominant refs: 54096, Survival refs: 54083, Failure refs: 13
Batch update: 48 refs added, 0 existing refs removed (0 new refs dominated)
Survival: 48 refs added, 0 removed (from 48 candidates)
Updated sys_vals: [0, 1]
---
Round: 1129, Unk. prob.: 9.985e-01
Upper probs: 1.540e-03, Lower probs: 0.000e+00
No. of non-dominant refs: 54144, Survival refs: 54131, Failure refs: 13
Batch update: 48 refs added, 0 existing refs removed (0 new refs dominated)
Survival: 48 refs added, 0 removed (from 48 candidates)
Updated sys_vals: [0, 1]
---
Round: 1130, Unk. prob.: 9.984e-01
Upper probs: 1.620e-03, Lower probs: 0.000e+00
No. of non-dominant refs: 54192, Survival refs: 54179, Failure refs: 13
Batch update: 48 refs added, 0 existing refs removed (0 new refs dominated)
Survival: 48 refs added, 0 removed (from 48 candidates)
Updated sys_vals: [0, 1]
---
Round: 1131, Unk. prob.: 9.986e-01
Upper probs: 1.380e-03, Lower probs: 0.000e+00
No. of non-dominant refs: 54240, Survival refs: 54227, Failure refs: 13
Batch update: 48 refs added, 0 existing refs removed (0 new refs dominated)
Survival: 48 refs added, 0 removed (from 48 candidates)
Updated sys_vals: [0, 1]
---
Round: 1132, Unk. prob.: 9.985e-01
Upper probs: 1.530e-03, Lower probs: 0.000e+00
No. of non-dominant refs: 54288, Survival refs: 54275, Failure refs: 13
Batch update: 48 refs added, 0 existing refs removed (0 new refs dominated)
Survival: 48 refs added, 0 removed (from 48 candidates)
Updated sys_vals: [0, 1]
---
Round: 1133, Unk. prob.: 9.984e-01
Upper probs: 1.600e-03, Lower probs: 0.000e+00
No. of non-dominant refs: 54336, Survival refs: 54323, Failure refs: 13
Batch update: 48 refs added, 0 existing refs removed (0 new refs dominated)
Survival: 48 refs added, 0 removed (from 48 candidates)
Updated sys_vals: [0, 1]
---
Round: 1134, Unk. prob.: 9.985e-01
Upper probs: 1.500e-03, Lower probs: 0.000e+00
No. of non-dominant refs: 54384, Survival refs: 54371, Failure refs: 13
Batch update: 48 refs added, 0 existing refs removed (0 new refs dominated)
Survival: 48 refs added, 0 removed (from 48 candidates)
Updated sys_vals: [0, 1]
---
Round: 1135, Unk. prob.: 9.982e-01
Upper probs: 1.770e-03, Lower probs: 0.000e+00
No. of non-dominant refs: 54432, Survival refs: 54419, Failure refs: 13
Batch update: 48 refs added, 0 existing refs removed (0 new refs dominated)
Survival: 48 refs added, 0 removed (from 48 candidates)
Updated sys_vals: [0, 1]
---
Round: 1136, Unk. prob.: 9.984e-01
Upper probs: 1.600e-03, Lower probs: 0.000e+00
No. of non-dominant refs: 54480, Survival refs: 54467, Failure refs: 13
Batch update: 48 refs added, 0 existing refs removed (0 new refs dominated)
Survival: 48 refs added, 0 removed (from 48 candidates)
Updated sys_vals: [0, 1]
---
Round: 1137, Unk. prob.: 9.984e-01
Upper probs: 1.640e-03, Lower probs: 0.000e+00
No. of non-dominant refs: 54528, Survival refs: 54515, Failure refs: 13
Batch update: 48 refs added, 0 existing refs removed (0 new refs dominated)
Survival: 48 refs added, 0 removed (from 48 candidates)
Updated sys_vals: [0, 1]
---
Round: 1138, Unk. prob.: 9.986e-01
Upper probs: 1.450e-03, Lower probs: 0.000e+00
No. of non-dominant refs: 54576, Survival refs: 54563, Failure refs: 13
Batch update: 48 refs added, 0 existing refs removed (0 new refs dominated)
Survival: 48 refs added, 0 removed (from 48 candidates)
Updated sys_vals: [0, 1]
---
Round: 1139, Unk. prob.: 9.985e-01
Upper probs: 1.500e-03, Lower probs: 0.000e+00
No. of non-dominant refs: 54624, Survival refs: 54611, Failure refs: 13
Batch update: 48 refs added, 0 existing refs removed (0 new refs dominated)
Survival: 48 refs added, 0 removed (from 48 candidates)
Updated sys_vals: [0, 1]
---
Round: 1140, Unk. prob.: 9.986e-01
Upper probs: 1.430e-03, Lower probs: 0.000e+00
No. of non-dominant refs: 54672, Survival refs: 54659, Failure refs: 13
Batch update: 48 refs added, 0 existing refs removed (0 new refs dominated)
Survival: 48 refs added, 0 removed (from 48 candidates)
Updated sys_vals: [0, 1]
---
Round: 1141, Unk. prob.: 9.984e-01
Upper probs: 1.580e-03, Lower probs: 0.000e+00
No. of non-dominant refs: 54720, Survival refs: 54707, Failure refs: 13
Batch update: 48 refs added, 0 existing refs removed (0 new refs dominated)
Survival: 48 refs added, 0 removed (from 48 candidates)
Updated sys_vals: [0, 1]
---
Round: 1142, Unk. prob.: 9.984e-01
Upper probs: 1.560e-03, Lower probs: 0.000e+00
No. of non-dominant refs: 54768, Survival refs: 54755, Failure refs: 13
Batch update: 48 refs added, 0 existing refs removed (0 new refs dominated)
Survival: 48 refs added, 0 removed (from 48 candidates)
Updated sys_vals: [0, 1]
---
Round: 1143, Unk. prob.: 9.987e-01
Upper probs: 1.340e-03, Lower probs: 0.000e+00
No. of non-dominant refs: 54816, Survival refs: 54803, Failure refs: 13
Batch update: 48 refs added, 0 existing refs removed (0 new refs dominated)
Survival: 48 refs added, 0 removed (from 48 candidates)
Updated sys_vals: [0, 1]
---
Round: 1144, Unk. prob.: 9.984e-01
Upper probs: 1.640e-03, Lower probs: 0.000e+00
No. of non-dominant refs: 54864, Survival refs: 54851, Failure refs: 13
Batch update: 48 refs added, 0 existing refs removed (0 new refs dominated)
Survival: 48 refs added, 0 removed (from 48 candidates)
Updated sys_vals: [0, 1]
---
Round: 1145, Unk. prob.: 9.986e-01
Upper probs: 1.420e-03, Lower probs: 0.000e+00
No. of non-dominant refs: 54912, Survival refs: 54899, Failure refs: 13
Batch update: 48 refs added, 0 existing refs removed (0 new refs dominated)
Survival: 48 refs added, 0 removed (from 48 candidates)
Updated sys_vals: [0, 1]
---
Round: 1146, Unk. prob.: 9.986e-01
Upper probs: 1.410e-03, Lower probs: 0.000e+00
No. of non-dominant refs: 54960, Survival refs: 54947, Failure refs: 13
Batch update: 48 refs added, 0 existing refs removed (0 new refs dominated)
Survival: 48 refs added, 0 removed (from 48 candidates)
Updated sys_vals: [0, 1]
---
Round: 1147, Unk. prob.: 9.985e-01
Upper probs: 1.540e-03, Lower probs: 0.000e+00
No. of non-dominant refs: 55008, Survival refs: 54995, Failure refs: 13
Batch update: 48 refs added, 0 existing refs removed (0 new refs dominated)
Survival: 48 refs added, 0 removed (from 48 candidates)
Updated sys_vals: [0, 1]
---
Round: 1148, Unk. prob.: 9.984e-01
Upper probs: 1.620e-03, Lower probs: 0.000e+00
No. of non-dominant refs: 55056, Survival refs: 55043, Failure refs: 13
Batch update: 48 refs added, 0 existing refs removed (0 new refs dominated)
Survival: 48 refs added, 0 removed (from 48 candidates)
Updated sys_vals: [0, 1]
---
Round: 1149, Unk. prob.: 9.985e-01
Upper probs: 1.490e-03, Lower probs: 0.000e+00
No. of non-dominant refs: 55104, Survival refs: 55091, Failure refs: 13
Batch update: 48 refs added, 0 existing refs removed (0 new refs dominated)
Survival: 48 refs added, 0 removed (from 48 candidates)
Updated sys_vals: [0, 1]
---
Round: 1150, Unk. prob.: 9.987e-01
Upper probs: 1.340e-03, Lower probs: 0.000e+00
No. of non-dominant refs: 55152, Survival refs: 55139, Failure refs: 13
Batch update: 48 refs added, 0 existing refs removed (0 new refs dominated)
Survival: 48 refs added, 0 removed (from 48 candidates)
Updated sys_vals: [0, 1]
---
Round: 1151, Unk. prob.: 9.985e-01
Upper probs: 1.460e-03, Lower probs: 0.000e+00
No. of non-dominant refs: 55200, Survival refs: 55187, Failure refs: 13
Batch update: 48 refs added, 0 existing refs removed (0 new refs dominated)
Survival: 48 refs added, 0 removed (from 48 candidates)
Updated sys_vals: [0, 1]
---
Round: 1152, Unk. prob.: 9.983e-01
Upper probs: 1.730e-03, Lower probs: 0.000e+00
No. of non-dominant refs: 55248, Survival refs: 55235, Failure refs: 13
Batch update: 48 refs added, 0 existing refs removed (0 new refs dominated)
Survival: 48 refs added, 0 removed (from 48 candidates)
Updated sys_vals: [0, 1]
---
Round: 1153, Unk. prob.: 9.984e-01
Upper probs: 1.640e-03, Lower probs: 0.000e+00
No. of non-dominant refs: 55296, Survival refs: 55283, Failure refs: 13
Batch update: 48 refs added, 0 existing refs removed (0 new refs dominated)
Survival: 48 refs added, 0 removed (from 48 candidates)
Updated sys_vals: [0, 1]
---
Round: 1154, Unk. prob.: 9.983e-01
Upper probs: 1.710e-03, Lower probs: 0.000e+00
No. of non-dominant refs: 55344, Survival refs: 55331, Failure refs: 13
Batch update: 48 refs added, 0 existing refs removed (0 new refs dominated)
Survival: 48 refs added, 0 removed (from 48 candidates)
Updated sys_vals: [0, 1]
---
Round: 1155, Unk. prob.: 9.985e-01
Upper probs: 1.460e-03, Lower probs: 0.000e+00
No. of non-dominant refs: 55392, Survival refs: 55379, Failure refs: 13
Batch update: 48 refs added, 0 existing refs removed (0 new refs dominated)
Survival: 48 refs added, 0 removed (from 48 candidates)
Updated sys_vals: [0, 1]
---
Round: 1156, Unk. prob.: 9.983e-01
Upper probs: 1.670e-03, Lower probs: 0.000e+00
No. of non-dominant refs: 55440, Survival refs: 55427, Failure refs: 13
Batch update: 48 refs added, 0 existing refs removed (0 new refs dominated)
Survival: 48 refs added, 0 removed (from 48 candidates)
Updated sys_vals: [0, 1]
---
Round: 1157, Unk. prob.: 9.985e-01
Upper probs: 1.520e-03, Lower probs: 0.000e+00
No. of non-dominant refs: 55488, Survival refs: 55475, Failure refs: 13
Batch update: 48 refs added, 0 existing refs removed (0 new refs dominated)
Survival: 48 refs added, 0 removed (from 48 candidates)
Updated sys_vals: [0, 1]
---
Round: 1158, Unk. prob.: 9.984e-01
Upper probs: 1.580e-03, Lower probs: 0.000e+00
No. of non-dominant refs: 55536, Survival refs: 55523, Failure refs: 13
Batch update: 48 refs added, 0 existing refs removed (0 new refs dominated)
Survival: 48 refs added, 0 removed (from 48 candidates)
Updated sys_vals: [0, 1]
---
Round: 1159, Unk. prob.: 9.982e-01
Upper probs: 1.790e-03, Lower probs: 0.000e+00
No. of non-dominant refs: 55584, Survival refs: 55571, Failure refs: 13
Batch update: 48 refs added, 0 existing refs removed (0 new refs dominated)
Survival: 48 refs added, 0 removed (from 48 candidates)
Updated sys_vals: [0, 1]
---
Round: 1160, Unk. prob.: 9.984e-01
Upper probs: 1.550e-03, Lower probs: 0.000e+00
No. of non-dominant refs: 55632, Survival refs: 55619, Failure refs: 13
Batch update: 48 refs added, 0 existing refs removed (0 new refs dominated)
Survival: 48 refs added, 0 removed (from 48 candidates)
Updated sys_vals: [0, 1]
---
Round: 1161, Unk. prob.: 9.985e-01
Upper probs: 1.500e-03, Lower probs: 0.000e+00
No. of non-dominant refs: 55680, Survival refs: 55667, Failure refs: 13
Batch update: 48 refs added, 0 existing refs removed (0 new refs dominated)
Survival: 48 refs added, 0 removed (from 48 candidates)
Updated sys_vals: [0, 1]
---
Round: 1162, Unk. prob.: 9.983e-01
Upper probs: 1.680e-03, Lower probs: 0.000e+00
No. of non-dominant refs: 55728, Survival refs: 55715, Failure refs: 13
Batch update: 48 refs added, 0 existing refs removed (0 new refs dominated)
Survival: 48 refs added, 0 removed (from 48 candidates)
Updated sys_vals: [0, 1]
---
Round: 1163, Unk. prob.: 9.984e-01
Upper probs: 1.580e-03, Lower probs: 0.000e+00
No. of non-dominant refs: 55776, Survival refs: 55763, Failure refs: 13
Batch update: 48 refs added, 0 existing refs removed (0 new refs dominated)
Survival: 48 refs added, 0 removed (from 48 candidates)
Updated sys_vals: [0, 1]
---
Round: 1164, Unk. prob.: 9.983e-01
Upper probs: 1.690e-03, Lower probs: 0.000e+00
No. of non-dominant refs: 55824, Survival refs: 55811, Failure refs: 13
Batch update: 48 refs added, 0 existing refs removed (0 new refs dominated)
Survival: 48 refs added, 0 removed (from 48 candidates)
Updated sys_vals: [0, 1]
---
Round: 1165, Unk. prob.: 9.985e-01
Upper probs: 1.530e-03, Lower probs: 0.000e+00
No. of non-dominant refs: 55872, Survival refs: 55859, Failure refs: 13
Batch update: 48 refs added, 0 existing refs removed (0 new refs dominated)
Survival: 48 refs added, 0 removed (from 48 candidates)
Updated sys_vals: [0, 1]
---
Round: 1166, Unk. prob.: 9.982e-01
Upper probs: 1.790e-03, Lower probs: 0.000e+00
No. of non-dominant refs: 55920, Survival refs: 55907, Failure refs: 13
Batch update: 48 refs added, 0 existing refs removed (0 new refs dominated)
Survival: 48 refs added, 0 removed (from 48 candidates)
Updated sys_vals: [0, 1]
---
Round: 1167, Unk. prob.: 9.985e-01
Upper probs: 1.460e-03, Lower probs: 0.000e+00
No. of non-dominant refs: 55968, Survival refs: 55955, Failure refs: 13
Batch update: 48 refs added, 0 existing refs removed (0 new refs dominated)
Survival: 48 refs added, 0 removed (from 48 candidates)
Updated sys_vals: [0, 1]
---
Round: 1168, Unk. prob.: 9.984e-01
Upper probs: 1.620e-03, Lower probs: 0.000e+00
No. of non-dominant refs: 56016, Survival refs: 56003, Failure refs: 13
Batch update: 48 refs added, 0 existing refs removed (0 new refs dominated)
Survival: 48 refs added, 0 removed (from 48 candidates)
Updated sys_vals: [0, 1]
---
Round: 1169, Unk. prob.: 9.985e-01
Upper probs: 1.490e-03, Lower probs: 0.000e+00
No. of non-dominant refs: 56064, Survival refs: 56051, Failure refs: 13
Batch update: 48 refs added, 0 existing refs removed (0 new refs dominated)
Survival: 48 refs added, 0 removed (from 48 candidates)
Updated sys_vals: [0, 1]
---
Round: 1170, Unk. prob.: 9.986e-01
Upper probs: 1.440e-03, Lower probs: 0.000e+00
No. of non-dominant refs: 56112, Survival refs: 56099, Failure refs: 13
Batch update: 48 refs added, 0 existing refs removed (0 new refs dominated)
Survival: 48 refs added, 0 removed (from 48 candidates)
Updated sys_vals: [0, 1]
---
Round: 1171, Unk. prob.: 9.984e-01
Upper probs: 1.560e-03, Lower probs: 0.000e+00
No. of non-dominant refs: 56160, Survival refs: 56147, Failure refs: 13
Batch update: 48 refs added, 0 existing refs removed (0 new refs dominated)
Survival: 48 refs added, 0 removed (from 48 candidates)
Updated sys_vals: [0, 1]
---
Round: 1172, Unk. prob.: 9.985e-01
Upper probs: 1.520e-03, Lower probs: 0.000e+00
No. of non-dominant refs: 56208, Survival refs: 56195, Failure refs: 13
Batch update: 48 refs added, 0 existing refs removed (0 new refs dominated)
Survival: 48 refs added, 0 removed (from 48 candidates)
Updated sys_vals: [0, 1]
---
Round: 1173, Unk. prob.: 9.984e-01
Upper probs: 1.620e-03, Lower probs: 0.000e+00
No. of non-dominant refs: 56256, Survival refs: 56243, Failure refs: 13
Batch update: 48 refs added, 0 existing refs removed (0 new refs dominated)
Survival: 48 refs added, 0 removed (from 48 candidates)
Updated sys_vals: [0, 1]
---
Round: 1174, Unk. prob.: 9.986e-01
Upper probs: 1.410e-03, Lower probs: 0.000e+00
No. of non-dominant refs: 56304, Survival refs: 56291, Failure refs: 13
Batch update: 48 refs added, 0 existing refs removed (0 new refs dominated)
Survival: 48 refs added, 0 removed (from 48 candidates)
Updated sys_vals: [0, 1]
---
Round: 1175, Unk. prob.: 9.981e-01
Upper probs: 1.850e-03, Lower probs: 0.000e+00
No. of non-dominant refs: 56352, Survival refs: 56339, Failure refs: 13
Batch update: 48 refs added, 0 existing refs removed (0 new refs dominated)
Survival: 48 refs added, 0 removed (from 48 candidates)
Updated sys_vals: [0, 1]
---
Round: 1176, Unk. prob.: 9.983e-01
Upper probs: 1.700e-03, Lower probs: 0.000e+00
No. of non-dominant refs: 56400, Survival refs: 56387, Failure refs: 13
Batch update: 48 refs added, 0 existing refs removed (0 new refs dominated)
Survival: 48 refs added, 0 removed (from 48 candidates)
Updated sys_vals: [0, 1]
---
Round: 1177, Unk. prob.: 9.984e-01
Upper probs: 1.600e-03, Lower probs: 0.000e+00
No. of non-dominant refs: 56448, Survival refs: 56435, Failure refs: 13
Batch update: 48 refs added, 0 existing refs removed (0 new refs dominated)
Survival: 48 refs added, 0 removed (from 48 candidates)
Updated sys_vals: [0, 1]
---
Round: 1178, Unk. prob.: 9.985e-01
Upper probs: 1.500e-03, Lower probs: 0.000e+00
No. of non-dominant refs: 56496, Survival refs: 56483, Failure refs: 13
Batch update: 48 refs added, 0 existing refs removed (0 new refs dominated)
Survival: 48 refs added, 0 removed (from 48 candidates)
Updated sys_vals: [0, 1]
---
Round: 1179, Unk. prob.: 9.985e-01
Upper probs: 1.540e-03, Lower probs: 0.000e+00
No. of non-dominant refs: 56544, Survival refs: 56531, Failure refs: 13
Batch update: 48 refs added, 0 existing refs removed (0 new refs dominated)
Survival: 48 refs added, 0 removed (from 48 candidates)
Updated sys_vals: [0, 1]
---
Round: 1180, Unk. prob.: 9.984e-01
Upper probs: 1.580e-03, Lower probs: 0.000e+00
No. of non-dominant refs: 56592, Survival refs: 56579, Failure refs: 13
Batch update: 48 refs added, 0 existing refs removed (0 new refs dominated)
Survival: 48 refs added, 0 removed (from 48 candidates)
Updated sys_vals: [0, 1]
---
Round: 1181, Unk. prob.: 9.983e-01
Upper probs: 1.700e-03, Lower probs: 0.000e+00
No. of non-dominant refs: 56640, Survival refs: 56627, Failure refs: 13
Batch update: 48 refs added, 0 existing refs removed (0 new refs dominated)
Survival: 48 refs added, 0 removed (from 48 candidates)
Updated sys_vals: [0, 1]
---
Round: 1182, Unk. prob.: 9.985e-01
Upper probs: 1.500e-03, Lower probs: 0.000e+00
No. of non-dominant refs: 56688, Survival refs: 56675, Failure refs: 13
Batch update: 48 refs added, 0 existing refs removed (0 new refs dominated)
Survival: 48 refs added, 0 removed (from 48 candidates)
Updated sys_vals: [0, 1]
---
Round: 1183, Unk. prob.: 9.982e-01
Upper probs: 1.830e-03, Lower probs: 0.000e+00
No. of non-dominant refs: 56736, Survival refs: 56723, Failure refs: 13
Batch update: 48 refs added, 0 existing refs removed (0 new refs dominated)
Survival: 48 refs added, 0 removed (from 48 candidates)
Updated sys_vals: [0, 1]
---
Round: 1184, Unk. prob.: 9.984e-01
Upper probs: 1.640e-03, Lower probs: 0.000e+00
No. of non-dominant refs: 56784, Survival refs: 56771, Failure refs: 13
Batch update: 48 refs added, 0 existing refs removed (0 new refs dominated)
Survival: 48 refs added, 0 removed (from 48 candidates)
Updated sys_vals: [0, 1]
---
Round: 1185, Unk. prob.: 9.984e-01
Upper probs: 1.590e-03, Lower probs: 0.000e+00
No. of non-dominant refs: 56832, Survival refs: 56819, Failure refs: 13
Batch update: 48 refs added, 0 existing refs removed (0 new refs dominated)
Survival: 48 refs added, 0 removed (from 48 candidates)
Updated sys_vals: [0, 1]
---
Round: 1186, Unk. prob.: 9.983e-01
Upper probs: 1.700e-03, Lower probs: 0.000e+00
No. of non-dominant refs: 56880, Survival refs: 56867, Failure refs: 13
Batch update: 48 refs added, 0 existing refs removed (0 new refs dominated)
Survival: 48 refs added, 0 removed (from 48 candidates)
Updated sys_vals: [0, 1]
---
Round: 1187, Unk. prob.: 9.986e-01
Upper probs: 1.390e-03, Lower probs: 0.000e+00
No. of non-dominant refs: 56928, Survival refs: 56915, Failure refs: 13
Batch update: 48 refs added, 0 existing refs removed (0 new refs dominated)
Survival: 48 refs added, 0 removed (from 48 candidates)
Updated sys_vals: [0, 1]
---
Round: 1188, Unk. prob.: 9.981e-01
Upper probs: 1.850e-03, Lower probs: 0.000e+00
No. of non-dominant refs: 56976, Survival refs: 56963, Failure refs: 13
Batch update: 48 refs added, 0 existing refs removed (0 new refs dominated)
Survival: 48 refs added, 0 removed (from 48 candidates)
Updated sys_vals: [0, 1]
---
Round: 1189, Unk. prob.: 9.983e-01
Upper probs: 1.680e-03, Lower probs: 0.000e+00
No. of non-dominant refs: 57024, Survival refs: 57011, Failure refs: 13
Batch update: 48 refs added, 0 existing refs removed (0 new refs dominated)
Survival: 48 refs added, 0 removed (from 48 candidates)
Updated sys_vals: [0, 1]
---
Round: 1190, Unk. prob.: 9.983e-01
Upper probs: 1.730e-03, Lower probs: 0.000e+00
No. of non-dominant refs: 57072, Survival refs: 57059, Failure refs: 13
Batch update: 48 refs added, 0 existing refs removed (0 new refs dominated)
Survival: 48 refs added, 0 removed (from 48 candidates)
Updated sys_vals: [0, 1]
---
Round: 1191, Unk. prob.: 9.983e-01
Upper probs: 1.650e-03, Lower probs: 0.000e+00
No. of non-dominant refs: 57120, Survival refs: 57107, Failure refs: 13
Batch update: 48 refs added, 0 existing refs removed (0 new refs dominated)
Survival: 48 refs added, 0 removed (from 48 candidates)
Updated sys_vals: [0, 1]
---
Round: 1192, Unk. prob.: 9.984e-01
Upper probs: 1.590e-03, Lower probs: 0.000e+00
No. of non-dominant refs: 57168, Survival refs: 57155, Failure refs: 13
Batch update: 48 refs added, 0 existing refs removed (0 new refs dominated)
Survival: 48 refs added, 0 removed (from 48 candidates)
Updated sys_vals: [0, 1]
---
Round: 1193, Unk. prob.: 9.982e-01
Upper probs: 1.790e-03, Lower probs: 0.000e+00
No. of non-dominant refs: 57216, Survival refs: 57203, Failure refs: 13
Batch update: 48 refs added, 0 existing refs removed (0 new refs dominated)
Survival: 48 refs added, 0 removed (from 48 candidates)
Updated sys_vals: [0, 1]
---
Round: 1194, Unk. prob.: 9.982e-01
Upper probs: 1.840e-03, Lower probs: 0.000e+00
No. of non-dominant refs: 57264, Survival refs: 57251, Failure refs: 13
Batch update: 48 refs added, 0 existing refs removed (0 new refs dominated)
Survival: 48 refs added, 0 removed (from 48 candidates)
Updated sys_vals: [0, 1]
---
Round: 1195, Unk. prob.: 9.984e-01
Upper probs: 1.600e-03, Lower probs: 0.000e+00
No. of non-dominant refs: 57312, Survival refs: 57299, Failure refs: 13
Batch update: 48 refs added, 0 existing refs removed (0 new refs dominated)
Survival: 48 refs added, 0 removed (from 48 candidates)
Updated sys_vals: [0, 1]
---
Round: 1196, Unk. prob.: 9.986e-01
Upper probs: 1.410e-03, Lower probs: 0.000e+00
No. of non-dominant refs: 57360, Survival refs: 57347, Failure refs: 13
Batch update: 48 refs added, 0 existing refs removed (0 new refs dominated)
Survival: 48 refs added, 0 removed (from 48 candidates)
Updated sys_vals: [0, 1]
---
Round: 1197, Unk. prob.: 9.982e-01
Upper probs: 1.810e-03, Lower probs: 0.000e+00
No. of non-dominant refs: 57408, Survival refs: 57395, Failure refs: 13
Batch update: 48 refs added, 0 existing refs removed (0 new refs dominated)
Survival: 48 refs added, 0 removed (from 48 candidates)
Updated sys_vals: [0, 1]
---
Round: 1198, Unk. prob.: 9.984e-01
Upper probs: 1.600e-03, Lower probs: 0.000e+00
No. of non-dominant refs: 57456, Survival refs: 57443, Failure refs: 13
Batch update: 48 refs added, 0 existing refs removed (0 new refs dominated)
Survival: 48 refs added, 0 removed (from 48 candidates)
Updated sys_vals: [0, 1]
---
Round: 1199, Unk. prob.: 9.982e-01
Upper probs: 1.750e-03, Lower probs: 0.000e+00
No. of non-dominant refs: 57504, Survival refs: 57491, Failure refs: 13
Batch update: 48 refs added, 0 existing refs removed (0 new refs dominated)
Survival: 48 refs added, 0 removed (from 48 candidates)
Updated sys_vals: [0, 1]
---
Round: 1200, Unk. prob.: 9.984e-01
Upper probs: 1.560e-03, Lower probs: 0.000e+00
No. of non-dominant refs: 57552, Survival refs: 57539, Failure refs: 13
Batch update: 48 refs added, 0 existing refs removed (0 new refs dominated)
Survival: 48 refs added, 0 removed (from 48 candidates)
Updated sys_vals: [0, 1]
---
Round: 1201, Unk. prob.: 9.982e-01
Upper probs: 1.770e-03, Lower probs: 0.000e+00
No. of non-dominant refs: 57600, Survival refs: 57587, Failure refs: 13
Batch update: 48 refs added, 0 existing refs removed (0 new refs dominated)
Survival: 48 refs added, 0 removed (from 48 candidates)
Updated sys_vals: [0, 1]
---
Round: 1202, Unk. prob.: 9.983e-01
Upper probs: 1.720e-03, Lower probs: 0.000e+00
No. of non-dominant refs: 57648, Survival refs: 57635, Failure refs: 13
Batch update: 48 refs added, 0 existing refs removed (0 new refs dominated)
Survival: 48 refs added, 0 removed (from 48 candidates)
Updated sys_vals: [0, 1]
---
Round: 1203, Unk. prob.: 9.983e-01
Upper probs: 1.740e-03, Lower probs: 0.000e+00
No. of non-dominant refs: 57696, Survival refs: 57683, Failure refs: 13
Batch update: 48 refs added, 0 existing refs removed (0 new refs dominated)
Survival: 48 refs added, 0 removed (from 48 candidates)
Updated sys_vals: [0, 1]
---
Round: 1204, Unk. prob.: 9.982e-01
Upper probs: 1.760e-03, Lower probs: 0.000e+00
No. of non-dominant refs: 57744, Survival refs: 57731, Failure refs: 13
Batch update: 48 refs added, 0 existing refs removed (0 new refs dominated)
Survival: 48 refs added, 0 removed (from 48 candidates)
Updated sys_vals: [0, 1]
---
Round: 1205, Unk. prob.: 9.983e-01
Upper probs: 1.740e-03, Lower probs: 0.000e+00
No. of non-dominant refs: 57792, Survival refs: 57779, Failure refs: 13
Batch update: 48 refs added, 0 existing refs removed (0 new refs dominated)
Survival: 48 refs added, 0 removed (from 48 candidates)
Updated sys_vals: [0, 1]
---
Round: 1206, Unk. prob.: 9.984e-01
Upper probs: 1.590e-03, Lower probs: 0.000e+00
No. of non-dominant refs: 57840, Survival refs: 57827, Failure refs: 13
Batch update: 48 refs added, 0 existing refs removed (0 new refs dominated)
Survival: 48 refs added, 0 removed (from 48 candidates)
Updated sys_vals: [0, 1]
---
Round: 1207, Unk. prob.: 9.983e-01
Upper probs: 1.650e-03, Lower probs: 0.000e+00
No. of non-dominant refs: 57888, Survival refs: 57875, Failure refs: 13
Batch update: 48 refs added, 0 existing refs removed (0 new refs dominated)
Survival: 48 refs added, 0 removed (from 48 candidates)
Updated sys_vals: [0, 1]
---
Round: 1208, Unk. prob.: 9.982e-01
Upper probs: 1.770e-03, Lower probs: 0.000e+00
No. of non-dominant refs: 57936, Survival refs: 57923, Failure refs: 13
Batch update: 48 refs added, 0 existing refs removed (0 new refs dominated)
Survival: 48 refs added, 0 removed (from 48 candidates)
Updated sys_vals: [0, 1]
---
Round: 1209, Unk. prob.: 9.984e-01
Upper probs: 1.610e-03, Lower probs: 0.000e+00
No. of non-dominant refs: 57984, Survival refs: 57971, Failure refs: 13
Batch update: 48 refs added, 0 existing refs removed (0 new refs dominated)
Survival: 48 refs added, 0 removed (from 48 candidates)
Updated sys_vals: [0, 1]
---
Round: 1210, Unk. prob.: 9.983e-01
Upper probs: 1.670e-03, Lower probs: 0.000e+00
No. of non-dominant refs: 58032, Survival refs: 58019, Failure refs: 13
Batch update: 48 refs added, 0 existing refs removed (0 new refs dominated)
Survival: 48 refs added, 0 removed (from 48 candidates)
Updated sys_vals: [0, 1]
---
Round: 1211, Unk. prob.: 9.984e-01
Upper probs: 1.640e-03, Lower probs: 0.000e+00
No. of non-dominant refs: 58080, Survival refs: 58067, Failure refs: 13
Batch update: 48 refs added, 0 existing refs removed (0 new refs dominated)
Survival: 48 refs added, 0 removed (from 48 candidates)
Updated sys_vals: [0, 1]
---
Round: 1212, Unk. prob.: 9.983e-01
Upper probs: 1.680e-03, Lower probs: 0.000e+00
No. of non-dominant refs: 58128, Survival refs: 58115, Failure refs: 13
Batch update: 48 refs added, 0 existing refs removed (0 new refs dominated)
Survival: 48 refs added, 0 removed (from 48 candidates)
Updated sys_vals: [0, 1]
---
Round: 1213, Unk. prob.: 9.981e-01
Upper probs: 1.880e-03, Lower probs: 0.000e+00
No. of non-dominant refs: 58176, Survival refs: 58163, Failure refs: 13
Batch update: 48 refs added, 0 existing refs removed (0 new refs dominated)
Survival: 48 refs added, 0 removed (from 48 candidates)
Updated sys_vals: [0, 1]
---
Round: 1214, Unk. prob.: 9.985e-01
Upper probs: 1.530e-03, Lower probs: 0.000e+00
No. of non-dominant refs: 58224, Survival refs: 58211, Failure refs: 13
Batch update: 48 refs added, 0 existing refs removed (0 new refs dominated)
Survival: 48 refs added, 0 removed (from 48 candidates)
Updated sys_vals: [0, 1]
---
Round: 1215, Unk. prob.: 9.982e-01
Upper probs: 1.790e-03, Lower probs: 0.000e+00
No. of non-dominant refs: 58272, Survival refs: 58259, Failure refs: 13
Batch update: 48 refs added, 0 existing refs removed (0 new refs dominated)
Survival: 48 refs added, 0 removed (from 48 candidates)
Updated sys_vals: [0, 1]
---
Round: 1216, Unk. prob.: 9.982e-01
Upper probs: 1.830e-03, Lower probs: 0.000e+00
No. of non-dominant refs: 58320, Survival refs: 58307, Failure refs: 13
Batch update: 48 refs added, 0 existing refs removed (0 new refs dominated)
Survival: 48 refs added, 0 removed (from 48 candidates)
Updated sys_vals: [0, 1]
---
Round: 1217, Unk. prob.: 9.982e-01
Upper probs: 1.750e-03, Lower probs: 0.000e+00
No. of non-dominant refs: 58368, Survival refs: 58355, Failure refs: 13
Batch update: 48 refs added, 0 existing refs removed (0 new refs dominated)
Survival: 48 refs added, 0 removed (from 48 candidates)
Updated sys_vals: [0, 1]
---
Round: 1218, Unk. prob.: 9.983e-01
Upper probs: 1.710e-03, Lower probs: 0.000e+00
No. of non-dominant refs: 58416, Survival refs: 58403, Failure refs: 13
Batch update: 48 refs added, 0 existing refs removed (0 new refs dominated)
Survival: 48 refs added, 0 removed (from 48 candidates)
Updated sys_vals: [0, 1]
---
Round: 1219, Unk. prob.: 9.983e-01
Upper probs: 1.670e-03, Lower probs: 0.000e+00
No. of non-dominant refs: 58464, Survival refs: 58451, Failure refs: 13
Batch update: 48 refs added, 0 existing refs removed (0 new refs dominated)
Survival: 48 refs added, 0 removed (from 48 candidates)
Updated sys_vals: [0, 1]
---
Round: 1220, Unk. prob.: 9.984e-01
Upper probs: 1.610e-03, Lower probs: 0.000e+00
No. of non-dominant refs: 58512, Survival refs: 58499, Failure refs: 13
Batch update: 48 refs added, 0 existing refs removed (0 new refs dominated)
Survival: 48 refs added, 0 removed (from 48 candidates)
Updated sys_vals: [0, 1]
---
Round: 1221, Unk. prob.: 9.982e-01
Upper probs: 1.770e-03, Lower probs: 0.000e+00
No. of non-dominant refs: 58560, Survival refs: 58547, Failure refs: 13
Batch update: 48 refs added, 0 existing refs removed (0 new refs dominated)
Survival: 48 refs added, 0 removed (from 48 candidates)
Updated sys_vals: [0, 1]
---
Round: 1222, Unk. prob.: 9.983e-01
Upper probs: 1.730e-03, Lower probs: 0.000e+00
No. of non-dominant refs: 58608, Survival refs: 58595, Failure refs: 13
Batch update: 48 refs added, 0 existing refs removed (0 new refs dominated)
Survival: 48 refs added, 0 removed (from 48 candidates)
Updated sys_vals: [0, 1]
---
Round: 1223, Unk. prob.: 9.979e-01
Upper probs: 2.080e-03, Lower probs: 0.000e+00
No. of non-dominant refs: 58656, Survival refs: 58643, Failure refs: 13
Batch update: 48 refs added, 0 existing refs removed (0 new refs dominated)
Survival: 48 refs added, 0 removed (from 48 candidates)
Updated sys_vals: [0, 1]
---
Round: 1224, Unk. prob.: 9.981e-01
Upper probs: 1.900e-03, Lower probs: 0.000e+00
No. of non-dominant refs: 58704, Survival refs: 58691, Failure refs: 13
Batch update: 48 refs added, 0 existing refs removed (0 new refs dominated)
Survival: 48 refs added, 0 removed (from 48 candidates)
Updated sys_vals: [0, 1]
---
Round: 1225, Unk. prob.: 9.986e-01
Upper probs: 1.400e-03, Lower probs: 0.000e+00
No. of non-dominant refs: 58752, Survival refs: 58739, Failure refs: 13
Batch update: 48 refs added, 0 existing refs removed (0 new refs dominated)
Survival: 48 refs added, 0 removed (from 48 candidates)
Updated sys_vals: [0, 1]
---
Round: 1226, Unk. prob.: 9.984e-01
Upper probs: 1.610e-03, Lower probs: 0.000e+00
No. of non-dominant refs: 58800, Survival refs: 58787, Failure refs: 13
Batch update: 48 refs added, 0 existing refs removed (0 new refs dominated)
Survival: 48 refs added, 0 removed (from 48 candidates)
Updated sys_vals: [0, 1]
---
Round: 1227, Unk. prob.: 9.983e-01
Upper probs: 1.670e-03, Lower probs: 0.000e+00
No. of non-dominant refs: 58848, Survival refs: 58835, Failure refs: 13
Batch update: 48 refs added, 0 existing refs removed (0 new refs dominated)
Survival: 48 refs added, 0 removed (from 48 candidates)
Updated sys_vals: [0, 1]
---
Round: 1228, Unk. prob.: 9.986e-01
Upper probs: 1.450e-03, Lower probs: 0.000e+00
No. of non-dominant refs: 58896, Survival refs: 58883, Failure refs: 13
Batch update: 48 refs added, 0 existing refs removed (0 new refs dominated)
Survival: 48 refs added, 0 removed (from 48 candidates)
Updated sys_vals: [0, 1]
---
Round: 1229, Unk. prob.: 9.982e-01
Upper probs: 1.760e-03, Lower probs: 0.000e+00
No. of non-dominant refs: 58944, Survival refs: 58931, Failure refs: 13
Batch update: 48 refs added, 0 existing refs removed (0 new refs dominated)
Survival: 48 refs added, 0 removed (from 48 candidates)
Updated sys_vals: [0, 1]
---
Round: 1230, Unk. prob.: 9.983e-01
Upper probs: 1.740e-03, Lower probs: 0.000e+00
No. of non-dominant refs: 58992, Survival refs: 58979, Failure refs: 13
Batch update: 48 refs added, 0 existing refs removed (0 new refs dominated)
Survival: 48 refs added, 0 removed (from 48 candidates)
Updated sys_vals: [0, 1]
---
Round: 1231, Unk. prob.: 9.984e-01
Upper probs: 1.560e-03, Lower probs: 0.000e+00
No. of non-dominant refs: 59040, Survival refs: 59027, Failure refs: 13
Batch update: 48 refs added, 0 existing refs removed (0 new refs dominated)
Survival: 48 refs added, 0 removed (from 48 candidates)
Updated sys_vals: [0, 1]
---
Round: 1232, Unk. prob.: 9.984e-01
Upper probs: 1.600e-03, Lower probs: 0.000e+00
No. of non-dominant refs: 59088, Survival refs: 59075, Failure refs: 13
Batch update: 48 refs added, 0 existing refs removed (0 new refs dominated)
Survival: 48 refs added, 0 removed (from 48 candidates)
Updated sys_vals: [0, 1]
---
Round: 1233, Unk. prob.: 9.984e-01
Upper probs: 1.620e-03, Lower probs: 0.000e+00
No. of non-dominant refs: 59136, Survival refs: 59123, Failure refs: 13
Batch update: 48 refs added, 0 existing refs removed (0 new refs dominated)
Survival: 48 refs added, 0 removed (from 48 candidates)
Updated sys_vals: [0, 1]
---
Round: 1234, Unk. prob.: 9.981e-01
Upper probs: 1.930e-03, Lower probs: 0.000e+00
No. of non-dominant refs: 59184, Survival refs: 59171, Failure refs: 13
Batch update: 48 refs added, 0 existing refs removed (0 new refs dominated)
Survival: 48 refs added, 0 removed (from 48 candidates)
Updated sys_vals: [0, 1]
---
Round: 1235, Unk. prob.: 9.980e-01
Upper probs: 2.010e-03, Lower probs: 0.000e+00
No. of non-dominant refs: 59232, Survival refs: 59219, Failure refs: 13
Batch update: 48 refs added, 0 existing refs removed (0 new refs dominated)
Survival: 48 refs added, 0 removed (from 48 candidates)
Updated sys_vals: [0, 1]
---
Round: 1236, Unk. prob.: 9.983e-01
Upper probs: 1.710e-03, Lower probs: 0.000e+00
No. of non-dominant refs: 59280, Survival refs: 59267, Failure refs: 13
Batch update: 48 refs added, 0 existing refs removed (0 new refs dominated)
Survival: 48 refs added, 0 removed (from 48 candidates)
Updated sys_vals: [0, 1]
---
Round: 1237, Unk. prob.: 9.983e-01
Upper probs: 1.650e-03, Lower probs: 0.000e+00
No. of non-dominant refs: 59328, Survival refs: 59315, Failure refs: 13
Batch update: 48 refs added, 0 existing refs removed (0 new refs dominated)
Survival: 48 refs added, 0 removed (from 48 candidates)
Updated sys_vals: [0, 1]
---
Round: 1238, Unk. prob.: 9.982e-01
Upper probs: 1.770e-03, Lower probs: 0.000e+00
No. of non-dominant refs: 59376, Survival refs: 59363, Failure refs: 13
Batch update: 48 refs added, 0 existing refs removed (0 new refs dominated)
Survival: 48 refs added, 0 removed (from 48 candidates)
Updated sys_vals: [0, 1]
---
Round: 1239, Unk. prob.: 9.983e-01
Upper probs: 1.740e-03, Lower probs: 0.000e+00
No. of non-dominant refs: 59424, Survival refs: 59411, Failure refs: 13
Batch update: 48 refs added, 0 existing refs removed (0 new refs dominated)
Survival: 48 refs added, 0 removed (from 48 candidates)
Updated sys_vals: [0, 1]
---
Round: 1240, Unk. prob.: 9.984e-01
Upper probs: 1.560e-03, Lower probs: 0.000e+00
No. of non-dominant refs: 59472, Survival refs: 59459, Failure refs: 13
Batch update: 48 refs added, 0 existing refs removed (0 new refs dominated)
Survival: 48 refs added, 0 removed (from 48 candidates)
Updated sys_vals: [0, 1]
---
Round: 1241, Unk. prob.: 9.982e-01
Upper probs: 1.780e-03, Lower probs: 0.000e+00
No. of non-dominant refs: 59520, Survival refs: 59507, Failure refs: 13
Batch update: 48 refs added, 0 existing refs removed (0 new refs dominated)
Survival: 48 refs added, 0 removed (from 48 candidates)
Updated sys_vals: [0, 1]
---
Round: 1242, Unk. prob.: 9.983e-01
Upper probs: 1.740e-03, Lower probs: 0.000e+00
No. of non-dominant refs: 59568, Survival refs: 59555, Failure refs: 13
Batch update: 48 refs added, 0 existing refs removed (0 new refs dominated)
Survival: 48 refs added, 0 removed (from 48 candidates)
Updated sys_vals: [0, 1]
---
Round: 1243, Unk. prob.: 9.983e-01
Upper probs: 1.740e-03, Lower probs: 0.000e+00
No. of non-dominant refs: 59616, Survival refs: 59603, Failure refs: 13
Batch update: 48 refs added, 0 existing refs removed (0 new refs dominated)
Survival: 48 refs added, 0 removed (from 48 candidates)
Updated sys_vals: [0, 1]
---
Round: 1244, Unk. prob.: 9.983e-01
Upper probs: 1.670e-03, Lower probs: 0.000e+00
No. of non-dominant refs: 59664, Survival refs: 59651, Failure refs: 13
Batch update: 48 refs added, 0 existing refs removed (0 new refs dominated)
Survival: 48 refs added, 0 removed (from 48 candidates)
Updated sys_vals: [0, 1]
---
Round: 1245, Unk. prob.: 9.983e-01
Upper probs: 1.660e-03, Lower probs: 0.000e+00
No. of non-dominant refs: 59712, Survival refs: 59699, Failure refs: 13
Batch update: 48 refs added, 0 existing refs removed (0 new refs dominated)
Survival: 48 refs added, 0 removed (from 48 candidates)
Updated sys_vals: [0, 1]
---
Round: 1246, Unk. prob.: 9.983e-01
Upper probs: 1.670e-03, Lower probs: 0.000e+00
No. of non-dominant refs: 59760, Survival refs: 59747, Failure refs: 13
Batch update: 48 refs added, 0 existing refs removed (0 new refs dominated)
Survival: 48 refs added, 0 removed (from 48 candidates)
Updated sys_vals: [0, 1]
---
Round: 1247, Unk. prob.: 9.985e-01
Upper probs: 1.520e-03, Lower probs: 0.000e+00
No. of non-dominant refs: 59808, Survival refs: 59795, Failure refs: 13
Batch update: 48 refs added, 0 existing refs removed (0 new refs dominated)
Survival: 48 refs added, 0 removed (from 48 candidates)
Updated sys_vals: [0, 1]
---
Round: 1248, Unk. prob.: 9.984e-01
Upper probs: 1.620e-03, Lower probs: 0.000e+00
No. of non-dominant refs: 59856, Survival refs: 59843, Failure refs: 13
Batch update: 48 refs added, 0 existing refs removed (0 new refs dominated)
Survival: 48 refs added, 0 removed (from 48 candidates)
Updated sys_vals: [0, 1]
---
Round: 1249, Unk. prob.: 9.984e-01
Upper probs: 1.620e-03, Lower probs: 0.000e+00
No. of non-dominant refs: 59904, Survival refs: 59891, Failure refs: 13
Batch update: 48 refs added, 0 existing refs removed (0 new refs dominated)
Survival: 48 refs added, 0 removed (from 48 candidates)
Updated sys_vals: [0, 1]
---
Round: 1250, Unk. prob.: 9.981e-01
Upper probs: 1.890e-03, Lower probs: 0.000e+00
No. of non-dominant refs: 59952, Survival refs: 59939, Failure refs: 13
Batch update: 48 refs added, 0 existing refs removed (0 new refs dominated)
Survival: 48 refs added, 0 removed (from 48 candidates)
Updated sys_vals: [0, 1]
---
Round: 1251, Unk. prob.: 9.982e-01
Upper probs: 1.830e-03, Lower probs: 0.000e+00
No. of non-dominant refs: 60000, Survival refs: 59987, Failure refs: 13
Batch update: 48 refs added, 0 existing refs removed (0 new refs dominated)
Survival: 48 refs added, 0 removed (from 48 candidates)
Updated sys_vals: [0, 1]
---
Round: 1252, Unk. prob.: 9.983e-01
Upper probs: 1.690e-03, Lower probs: 0.000e+00
No. of non-dominant refs: 60048, Survival refs: 60035, Failure refs: 13
Batch update: 48 refs added, 0 existing refs removed (0 new refs dominated)
Survival: 48 refs added, 0 removed (from 48 candidates)
Updated sys_vals: [0, 1]
---
Round: 1253, Unk. prob.: 9.983e-01
Upper probs: 1.670e-03, Lower probs: 0.000e+00
No. of non-dominant refs: 60096, Survival refs: 60083, Failure refs: 13
Batch update: 48 refs added, 0 existing refs removed (0 new refs dominated)
Survival: 48 refs added, 0 removed (from 48 candidates)
Updated sys_vals: [0, 1]
---
Round: 1254, Unk. prob.: 9.983e-01
Upper probs: 1.670e-03, Lower probs: 0.000e+00
No. of non-dominant refs: 60144, Survival refs: 60131, Failure refs: 13
Batch update: 48 refs added, 0 existing refs removed (0 new refs dominated)
Survival: 48 refs added, 0 removed (from 48 candidates)
Updated sys_vals: [0, 1]
---
Round: 1255, Unk. prob.: 9.983e-01
Upper probs: 1.730e-03, Lower probs: 0.000e+00
No. of non-dominant refs: 60192, Survival refs: 60179, Failure refs: 13
Batch update: 48 refs added, 0 existing refs removed (0 new refs dominated)
Survival: 48 refs added, 0 removed (from 48 candidates)
Updated sys_vals: [0, 1]
---
Round: 1256, Unk. prob.: 9.984e-01
Upper probs: 1.630e-03, Lower probs: 0.000e+00
No. of non-dominant refs: 60240, Survival refs: 60227, Failure refs: 13
Batch update: 48 refs added, 0 existing refs removed (0 new refs dominated)
Survival: 48 refs added, 0 removed (from 48 candidates)
Updated sys_vals: [0, 1]
---
Round: 1257, Unk. prob.: 9.983e-01
Upper probs: 1.660e-03, Lower probs: 0.000e+00
No. of non-dominant refs: 60288, Survival refs: 60275, Failure refs: 13
Batch update: 48 refs added, 0 existing refs removed (0 new refs dominated)
Survival: 48 refs added, 0 removed (from 48 candidates)
Updated sys_vals: [0, 1]
---
Round: 1258, Unk. prob.: 9.981e-01
Upper probs: 1.920e-03, Lower probs: 0.000e+00
No. of non-dominant refs: 60336, Survival refs: 60323, Failure refs: 13
Batch update: 48 refs added, 0 existing refs removed (0 new refs dominated)
Survival: 48 refs added, 0 removed (from 48 candidates)
Updated sys_vals: [0, 1]
---
Round: 1259, Unk. prob.: 9.982e-01
Upper probs: 1.840e-03, Lower probs: 0.000e+00
No. of non-dominant refs: 60384, Survival refs: 60371, Failure refs: 13
Batch update: 48 refs added, 0 existing refs removed (0 new refs dominated)
Survival: 48 refs added, 0 removed (from 48 candidates)
Updated sys_vals: [0, 1]
---
Round: 1260, Unk. prob.: 9.983e-01
Upper probs: 1.730e-03, Lower probs: 0.000e+00
No. of non-dominant refs: 60432, Survival refs: 60419, Failure refs: 13
Batch update: 48 refs added, 0 existing refs removed (0 new refs dominated)
Survival: 48 refs added, 0 removed (from 48 candidates)
Updated sys_vals: [0, 1]
---
Round: 1261, Unk. prob.: 9.980e-01
Upper probs: 1.990e-03, Lower probs: 0.000e+00
No. of non-dominant refs: 60480, Survival refs: 60467, Failure refs: 13
Batch update: 48 refs added, 0 existing refs removed (0 new refs dominated)
Survival: 48 refs added, 0 removed (from 48 candidates)
Updated sys_vals: [0, 1]
---
Round: 1262, Unk. prob.: 9.981e-01
Upper probs: 1.870e-03, Lower probs: 0.000e+00
No. of non-dominant refs: 60528, Survival refs: 60515, Failure refs: 13
Batch update: 48 refs added, 0 existing refs removed (0 new refs dominated)
Survival: 48 refs added, 0 removed (from 48 candidates)
Updated sys_vals: [0, 1]
---
Round: 1263, Unk. prob.: 9.983e-01
Upper probs: 1.670e-03, Lower probs: 0.000e+00
No. of non-dominant refs: 60576, Survival refs: 60563, Failure refs: 13
Batch update: 48 refs added, 0 existing refs removed (0 new refs dominated)
Survival: 48 refs added, 0 removed (from 48 candidates)
Updated sys_vals: [0, 1]
---
Round: 1264, Unk. prob.: 9.983e-01
Upper probs: 1.740e-03, Lower probs: 0.000e+00
No. of non-dominant refs: 60624, Survival refs: 60611, Failure refs: 13
Batch update: 48 refs added, 0 existing refs removed (0 new refs dominated)
Survival: 48 refs added, 0 removed (from 48 candidates)
Updated sys_vals: [0, 1]
---
Round: 1265, Unk. prob.: 9.981e-01
Upper probs: 1.870e-03, Lower probs: 0.000e+00
No. of non-dominant refs: 60672, Survival refs: 60659, Failure refs: 13
Batch update: 48 refs added, 0 existing refs removed (0 new refs dominated)
Survival: 48 refs added, 0 removed (from 48 candidates)
Updated sys_vals: [0, 1]
---
Round: 1266, Unk. prob.: 9.982e-01
Upper probs: 1.810e-03, Lower probs: 0.000e+00
No. of non-dominant refs: 60720, Survival refs: 60707, Failure refs: 13
Batch update: 48 refs added, 0 existing refs removed (0 new refs dominated)
Survival: 48 refs added, 0 removed (from 48 candidates)
Updated sys_vals: [0, 1]
---
Round: 1267, Unk. prob.: 9.982e-01
Upper probs: 1.790e-03, Lower probs: 0.000e+00
No. of non-dominant refs: 60768, Survival refs: 60755, Failure refs: 13
Batch update: 48 refs added, 0 existing refs removed (0 new refs dominated)
Survival: 48 refs added, 0 removed (from 48 candidates)
Updated sys_vals: [0, 1]
---
Round: 1268, Unk. prob.: 9.981e-01
Upper probs: 1.850e-03, Lower probs: 0.000e+00
No. of non-dominant refs: 60816, Survival refs: 60803, Failure refs: 13
Batch update: 48 refs added, 0 existing refs removed (0 new refs dominated)
Survival: 48 refs added, 0 removed (from 48 candidates)
Updated sys_vals: [0, 1]
---
Round: 1269, Unk. prob.: 9.984e-01
Upper probs: 1.640e-03, Lower probs: 0.000e+00
No. of non-dominant refs: 60864, Survival refs: 60851, Failure refs: 13
Batch update: 48 refs added, 0 existing refs removed (0 new refs dominated)
Survival: 48 refs added, 0 removed (from 48 candidates)
Updated sys_vals: [0, 1]
---
Round: 1270, Unk. prob.: 9.982e-01
Upper probs: 1.760e-03, Lower probs: 0.000e+00
No. of non-dominant refs: 60912, Survival refs: 60899, Failure refs: 13
Batch update: 48 refs added, 0 existing refs removed (0 new refs dominated)
Survival: 48 refs added, 0 removed (from 48 candidates)
Updated sys_vals: [0, 1]
---
Round: 1271, Unk. prob.: 9.982e-01
Upper probs: 1.770e-03, Lower probs: 0.000e+00
No. of non-dominant refs: 60960, Survival refs: 60947, Failure refs: 13
Batch update: 48 refs added, 0 existing refs removed (0 new refs dominated)
Survival: 48 refs added, 0 removed (from 48 candidates)
Updated sys_vals: [0, 1]
---
Round: 1272, Unk. prob.: 9.984e-01
Upper probs: 1.610e-03, Lower probs: 0.000e+00
No. of non-dominant refs: 61008, Survival refs: 60995, Failure refs: 13
Batch update: 48 refs added, 0 existing refs removed (0 new refs dominated)
Survival: 48 refs added, 0 removed (from 48 candidates)
Updated sys_vals: [0, 1]
---
Round: 1273, Unk. prob.: 9.983e-01
Upper probs: 1.740e-03, Lower probs: 0.000e+00
No. of non-dominant refs: 61056, Survival refs: 61043, Failure refs: 13
Batch update: 48 refs added, 0 existing refs removed (0 new refs dominated)
Survival: 48 refs added, 0 removed (from 48 candidates)
Updated sys_vals: [0, 1]
---
Round: 1274, Unk. prob.: 9.981e-01
Upper probs: 1.930e-03, Lower probs: 0.000e+00
No. of non-dominant refs: 61104, Survival refs: 61091, Failure refs: 13
Batch update: 48 refs added, 0 existing refs removed (0 new refs dominated)
Survival: 48 refs added, 0 removed (from 48 candidates)
Updated sys_vals: [0, 1]
---
Round: 1275, Unk. prob.: 9.981e-01
Upper probs: 1.880e-03, Lower probs: 0.000e+00
No. of non-dominant refs: 61152, Survival refs: 61139, Failure refs: 13
Batch update: 48 refs added, 0 existing refs removed (0 new refs dominated)
Survival: 48 refs added, 0 removed (from 48 candidates)
Updated sys_vals: [0, 1]
---
Round: 1276, Unk. prob.: 9.982e-01
Upper probs: 1.830e-03, Lower probs: 0.000e+00
No. of non-dominant refs: 61200, Survival refs: 61187, Failure refs: 13
Batch update: 48 refs added, 0 existing refs removed (0 new refs dominated)
Survival: 48 refs added, 0 removed (from 48 candidates)
Updated sys_vals: [0, 1]
---
Round: 1277, Unk. prob.: 9.984e-01
Upper probs: 1.630e-03, Lower probs: 0.000e+00
No. of non-dominant refs: 61248, Survival refs: 61235, Failure refs: 13
Batch update: 48 refs added, 0 existing refs removed (0 new refs dominated)
Survival: 48 refs added, 0 removed (from 48 candidates)
Updated sys_vals: [0, 1]
---
Round: 1278, Unk. prob.: 9.982e-01
Upper probs: 1.790e-03, Lower probs: 0.000e+00
No. of non-dominant refs: 61296, Survival refs: 61283, Failure refs: 13
Batch update: 48 refs added, 0 existing refs removed (0 new refs dominated)
Survival: 48 refs added, 0 removed (from 48 candidates)
Updated sys_vals: [0, 1]
---
Round: 1279, Unk. prob.: 9.983e-01
Upper probs: 1.740e-03, Lower probs: 0.000e+00
No. of non-dominant refs: 61344, Survival refs: 61331, Failure refs: 13
Batch update: 48 refs added, 0 existing refs removed (0 new refs dominated)
Survival: 48 refs added, 0 removed (from 48 candidates)
Updated sys_vals: [0, 1]
---
Round: 1280, Unk. prob.: 9.985e-01
Upper probs: 1.480e-03, Lower probs: 0.000e+00
No. of non-dominant refs: 61392, Survival refs: 61379, Failure refs: 13
Batch update: 48 refs added, 0 existing refs removed (0 new refs dominated)
Survival: 48 refs added, 0 removed (from 48 candidates)
Updated sys_vals: [0, 1]
---
Round: 1281, Unk. prob.: 9.980e-01
Upper probs: 1.980e-03, Lower probs: 0.000e+00
No. of non-dominant refs: 61440, Survival refs: 61427, Failure refs: 13
Batch update: 48 refs added, 0 existing refs removed (0 new refs dominated)
Survival: 48 refs added, 0 removed (from 48 candidates)
Updated sys_vals: [0, 1]
---
Round: 1282, Unk. prob.: 9.983e-01
Upper probs: 1.710e-03, Lower probs: 0.000e+00
No. of non-dominant refs: 61488, Survival refs: 61475, Failure refs: 13
Batch update: 48 refs added, 0 existing refs removed (0 new refs dominated)
Survival: 48 refs added, 0 removed (from 48 candidates)
Updated sys_vals: [0, 1]
---
Round: 1283, Unk. prob.: 9.984e-01
Upper probs: 1.610e-03, Lower probs: 0.000e+00
No. of non-dominant refs: 61536, Survival refs: 61523, Failure refs: 13
Batch update: 48 refs added, 0 existing refs removed (0 new refs dominated)
Survival: 48 refs added, 0 removed (from 48 candidates)
Updated sys_vals: [0, 1]
---
Round: 1284, Unk. prob.: 9.983e-01
Upper probs: 1.670e-03, Lower probs: 0.000e+00
No. of non-dominant refs: 61584, Survival refs: 61571, Failure refs: 13
Batch update: 48 refs added, 0 existing refs removed (0 new refs dominated)
Survival: 48 refs added, 0 removed (from 48 candidates)
Updated sys_vals: [0, 1]
---
Round: 1285, Unk. prob.: 9.984e-01
Upper probs: 1.550e-03, Lower probs: 0.000e+00
No. of non-dominant refs: 61632, Survival refs: 61619, Failure refs: 13
Batch update: 48 refs added, 0 existing refs removed (0 new refs dominated)
Survival: 48 refs added, 0 removed (from 48 candidates)
Updated sys_vals: [0, 1]
---
Round: 1286, Unk. prob.: 9.982e-01
Upper probs: 1.820e-03, Lower probs: 0.000e+00
No. of non-dominant refs: 61680, Survival refs: 61667, Failure refs: 13
Batch update: 48 refs added, 0 existing refs removed (0 new refs dominated)
Survival: 48 refs added, 0 removed (from 48 candidates)
Updated sys_vals: [0, 1]
---
Round: 1287, Unk. prob.: 9.982e-01
Upper probs: 1.750e-03, Lower probs: 0.000e+00
No. of non-dominant refs: 61728, Survival refs: 61715, Failure refs: 13
Batch update: 48 refs added, 0 existing refs removed (0 new refs dominated)
Survival: 48 refs added, 0 removed (from 48 candidates)
Updated sys_vals: [0, 1]
---
Round: 1288, Unk. prob.: 9.984e-01
Upper probs: 1.640e-03, Lower probs: 0.000e+00
No. of non-dominant refs: 61776, Survival refs: 61763, Failure refs: 13
Batch update: 48 refs added, 0 existing refs removed (0 new refs dominated)
Survival: 48 refs added, 0 removed (from 48 candidates)
Updated sys_vals: [0, 1]
---
Round: 1289, Unk. prob.: 9.986e-01
Upper probs: 1.390e-03, Lower probs: 0.000e+00
No. of non-dominant refs: 61824, Survival refs: 61811, Failure refs: 13
Batch update: 48 refs added, 0 existing refs removed (0 new refs dominated)
Survival: 48 refs added, 0 removed (from 48 candidates)
Updated sys_vals: [0, 1]
---
Round: 1290, Unk. prob.: 9.979e-01
Upper probs: 2.060e-03, Lower probs: 0.000e+00
No. of non-dominant refs: 61872, Survival refs: 61859, Failure refs: 13
Batch update: 48 refs added, 0 existing refs removed (0 new refs dominated)
Survival: 48 refs added, 0 removed (from 48 candidates)
Updated sys_vals: [0, 1]
---
Round: 1291, Unk. prob.: 9.981e-01
Upper probs: 1.940e-03, Lower probs: 0.000e+00
No. of non-dominant refs: 61920, Survival refs: 61907, Failure refs: 13
Batch update: 48 refs added, 0 existing refs removed (0 new refs dominated)
Survival: 48 refs added, 0 removed (from 48 candidates)
Updated sys_vals: [0, 1]
---
Round: 1292, Unk. prob.: 9.980e-01
Upper probs: 1.980e-03, Lower probs: 0.000e+00
No. of non-dominant refs: 61968, Survival refs: 61955, Failure refs: 13
Batch update: 48 refs added, 0 existing refs removed (0 new refs dominated)
Survival: 48 refs added, 0 removed (from 48 candidates)
Updated sys_vals: [0, 1]
---
Round: 1293, Unk. prob.: 9.980e-01
Upper probs: 1.980e-03, Lower probs: 0.000e+00
No. of non-dominant refs: 62016, Survival refs: 62003, Failure refs: 13
Batch update: 48 refs added, 0 existing refs removed (0 new refs dominated)
Survival: 48 refs added, 0 removed (from 48 candidates)
Updated sys_vals: [0, 1]
---
Round: 1294, Unk. prob.: 9.983e-01
Upper probs: 1.740e-03, Lower probs: 0.000e+00
No. of non-dominant refs: 62064, Survival refs: 62051, Failure refs: 13
Batch update: 48 refs added, 0 existing refs removed (0 new refs dominated)
Survival: 48 refs added, 0 removed (from 48 candidates)
Updated sys_vals: [0, 1]
---
Round: 1295, Unk. prob.: 9.982e-01
Upper probs: 1.810e-03, Lower probs: 0.000e+00
No. of non-dominant refs: 62112, Survival refs: 62099, Failure refs: 13
Batch update: 48 refs added, 0 existing refs removed (0 new refs dominated)
Survival: 48 refs added, 0 removed (from 48 candidates)
Updated sys_vals: [0, 1]
---
Round: 1296, Unk. prob.: 9.983e-01
Upper probs: 1.720e-03, Lower probs: 0.000e+00
No. of non-dominant refs: 62160, Survival refs: 62147, Failure refs: 13
Batch update: 48 refs added, 0 existing refs removed (0 new refs dominated)
Survival: 48 refs added, 0 removed (from 48 candidates)
Updated sys_vals: [0, 1]
---
Round: 1297, Unk. prob.: 9.984e-01
Upper probs: 1.620e-03, Lower probs: 0.000e+00
No. of non-dominant refs: 62208, Survival refs: 62195, Failure refs: 13
Batch update: 48 refs added, 0 existing refs removed (0 new refs dominated)
Survival: 48 refs added, 0 removed (from 48 candidates)
Updated sys_vals: [0, 1]
---
Round: 1298, Unk. prob.: 9.982e-01
Upper probs: 1.790e-03, Lower probs: 0.000e+00
No. of non-dominant refs: 62256, Survival refs: 62243, Failure refs: 13
Batch update: 48 refs added, 0 existing refs removed (0 new refs dominated)
Survival: 48 refs added, 0 removed (from 48 candidates)
Updated sys_vals: [0, 1]
---
Round: 1299, Unk. prob.: 9.983e-01
Upper probs: 1.710e-03, Lower probs: 0.000e+00
No. of non-dominant refs: 62304, Survival refs: 62291, Failure refs: 13
Batch update: 48 refs added, 0 existing refs removed (0 new refs dominated)
Survival: 48 refs added, 0 removed (from 48 candidates)
Updated sys_vals: [0, 1]
---
Round: 1300, Unk. prob.: 9.982e-01
Upper probs: 1.800e-03, Lower probs: 0.000e+00
No. of non-dominant refs: 62352, Survival refs: 62339, Failure refs: 13
Batch update: 48 refs added, 0 existing refs removed (0 new refs dominated)
Survival: 48 refs added, 0 removed (from 48 candidates)
Updated sys_vals: [0, 1]
---
Round: 1301, Unk. prob.: 9.983e-01
Upper probs: 1.650e-03, Lower probs: 0.000e+00
No. of non-dominant refs: 62400, Survival refs: 62387, Failure refs: 13
Batch update: 48 refs added, 0 existing refs removed (0 new refs dominated)
Survival: 48 refs added, 0 removed (from 48 candidates)
Updated sys_vals: [0, 1]
---
Round: 1302, Unk. prob.: 9.983e-01
Upper probs: 1.650e-03, Lower probs: 0.000e+00
No. of non-dominant refs: 62448, Survival refs: 62435, Failure refs: 13
Batch update: 48 refs added, 0 existing refs removed (0 new refs dominated)
Survival: 48 refs added, 0 removed (from 48 candidates)
Updated sys_vals: [0, 1]
---
Round: 1303, Unk. prob.: 9.983e-01
Upper probs: 1.670e-03, Lower probs: 0.000e+00
No. of non-dominant refs: 62496, Survival refs: 62483, Failure refs: 13
Batch update: 48 refs added, 0 existing refs removed (0 new refs dominated)
Survival: 48 refs added, 0 removed (from 48 candidates)
Updated sys_vals: [0, 1]
---
Round: 1304, Unk. prob.: 9.983e-01
Upper probs: 1.740e-03, Lower probs: 0.000e+00
No. of non-dominant refs: 62544, Survival refs: 62531, Failure refs: 13
Batch update: 48 refs added, 0 existing refs removed (0 new refs dominated)
Survival: 48 refs added, 0 removed (from 48 candidates)
Updated sys_vals: [0, 1]
---
Round: 1305, Unk. prob.: 9.983e-01
Upper probs: 1.730e-03, Lower probs: 0.000e+00
No. of non-dominant refs: 62592, Survival refs: 62579, Failure refs: 13
Batch update: 48 refs added, 0 existing refs removed (0 new refs dominated)
Survival: 48 refs added, 0 removed (from 48 candidates)
Updated sys_vals: [0, 1]
---
Round: 1306, Unk. prob.: 9.980e-01
Upper probs: 2.030e-03, Lower probs: 0.000e+00
No. of non-dominant refs: 62640, Survival refs: 62627, Failure refs: 13
Batch update: 48 refs added, 0 existing refs removed (0 new refs dominated)
Survival: 48 refs added, 0 removed (from 48 candidates)
Updated sys_vals: [0, 1]
---
Round: 1307, Unk. prob.: 9.983e-01
Upper probs: 1.660e-03, Lower probs: 0.000e+00
No. of non-dominant refs: 62688, Survival refs: 62675, Failure refs: 13
Batch update: 48 refs added, 0 existing refs removed (0 new refs dominated)
Survival: 48 refs added, 0 removed (from 48 candidates)
Updated sys_vals: [0, 1]
---
Round: 1308, Unk. prob.: 9.980e-01
Upper probs: 1.980e-03, Lower probs: 0.000e+00
No. of non-dominant refs: 62736, Survival refs: 62723, Failure refs: 13
Batch update: 48 refs added, 0 existing refs removed (0 new refs dominated)
Survival: 48 refs added, 0 removed (from 48 candidates)
Updated sys_vals: [0, 1]
---
Round: 1309, Unk. prob.: 9.982e-01
Upper probs: 1.770e-03, Lower probs: 0.000e+00
No. of non-dominant refs: 62784, Survival refs: 62771, Failure refs: 13
Batch update: 48 refs added, 0 existing refs removed (0 new refs dominated)
Survival: 48 refs added, 0 removed (from 48 candidates)
Updated sys_vals: [0, 1]
---
Round: 1310, Unk. prob.: 9.983e-01
Upper probs: 1.720e-03, Lower probs: 0.000e+00
No. of non-dominant refs: 62832, Survival refs: 62819, Failure refs: 13
Batch update: 48 refs added, 0 existing refs removed (0 new refs dominated)
Survival: 48 refs added, 0 removed (from 48 candidates)
Updated sys_vals: [0, 1]
---
Round: 1311, Unk. prob.: 9.981e-01
Upper probs: 1.880e-03, Lower probs: 0.000e+00
No. of non-dominant refs: 62880, Survival refs: 62867, Failure refs: 13
Batch update: 48 refs added, 0 existing refs removed (0 new refs dominated)
Survival: 48 refs added, 0 removed (from 48 candidates)
Updated sys_vals: [0, 1]
---
Round: 1312, Unk. prob.: 9.978e-01
Upper probs: 2.160e-03, Lower probs: 0.000e+00
No. of non-dominant refs: 62928, Survival refs: 62915, Failure refs: 13
Batch update: 48 refs added, 0 existing refs removed (0 new refs dominated)
Survival: 48 refs added, 0 removed (from 48 candidates)
Updated sys_vals: [0, 1]
---
Round: 1313, Unk. prob.: 9.983e-01
Upper probs: 1.720e-03, Lower probs: 0.000e+00
No. of non-dominant refs: 62976, Survival refs: 62963, Failure refs: 13
Batch update: 48 refs added, 0 existing refs removed (0 new refs dominated)
Survival: 48 refs added, 0 removed (from 48 candidates)
Updated sys_vals: [0, 1]
---
Round: 1314, Unk. prob.: 9.982e-01
Upper probs: 1.770e-03, Lower probs: 0.000e+00
No. of non-dominant refs: 63024, Survival refs: 63011, Failure refs: 13
Batch update: 48 refs added, 0 existing refs removed (0 new refs dominated)
Survival: 48 refs added, 0 removed (from 48 candidates)
Updated sys_vals: [0, 1]
---
Round: 1315, Unk. prob.: 9.981e-01
Upper probs: 1.870e-03, Lower probs: 0.000e+00
No. of non-dominant refs: 63072, Survival refs: 63059, Failure refs: 13
Batch update: 48 refs added, 0 existing refs removed (0 new refs dominated)
Survival: 48 refs added, 0 removed (from 48 candidates)
Updated sys_vals: [0, 1]
---
Round: 1316, Unk. prob.: 9.982e-01
Upper probs: 1.820e-03, Lower probs: 0.000e+00
No. of non-dominant refs: 63120, Survival refs: 63107, Failure refs: 13
Batch update: 48 refs added, 0 existing refs removed (0 new refs dominated)
Survival: 48 refs added, 0 removed (from 48 candidates)
Updated sys_vals: [0, 1]
---
Round: 1317, Unk. prob.: 9.981e-01
Upper probs: 1.890e-03, Lower probs: 0.000e+00
No. of non-dominant refs: 63168, Survival refs: 63155, Failure refs: 13
Batch update: 48 refs added, 0 existing refs removed (0 new refs dominated)
Survival: 48 refs added, 0 removed (from 48 candidates)
Updated sys_vals: [0, 1]
---
Round: 1318, Unk. prob.: 9.982e-01
Upper probs: 1.800e-03, Lower probs: 0.000e+00
No. of non-dominant refs: 63216, Survival refs: 63203, Failure refs: 13
Batch update: 48 refs added, 0 existing refs removed (0 new refs dominated)
Survival: 48 refs added, 0 removed (from 48 candidates)
Updated sys_vals: [0, 1]
---
Round: 1319, Unk. prob.: 9.983e-01
Upper probs: 1.700e-03, Lower probs: 0.000e+00
No. of non-dominant refs: 63264, Survival refs: 63251, Failure refs: 13
Batch update: 48 refs added, 0 existing refs removed (0 new refs dominated)
Survival: 48 refs added, 0 removed (from 48 candidates)
Updated sys_vals: [0, 1]
---
Round: 1320, Unk. prob.: 9.982e-01
Upper probs: 1.830e-03, Lower probs: 0.000e+00
No. of non-dominant refs: 63312, Survival refs: 63299, Failure refs: 13
Batch update: 48 refs added, 0 existing refs removed (0 new refs dominated)
Survival: 48 refs added, 0 removed (from 48 candidates)
Updated sys_vals: [0, 1]
---
Round: 1321, Unk. prob.: 9.984e-01
Upper probs: 1.590e-03, Lower probs: 0.000e+00
No. of non-dominant refs: 63360, Survival refs: 63347, Failure refs: 13
Batch update: 48 refs added, 0 existing refs removed (0 new refs dominated)
Survival: 48 refs added, 0 removed (from 48 candidates)
Updated sys_vals: [0, 1]
---
Round: 1322, Unk. prob.: 9.982e-01
Upper probs: 1.820e-03, Lower probs: 0.000e+00
No. of non-dominant refs: 63408, Survival refs: 63395, Failure refs: 13
Batch update: 48 refs added, 0 existing refs removed (0 new refs dominated)
Survival: 48 refs added, 0 removed (from 48 candidates)
Updated sys_vals: [0, 1]
---
Round: 1323, Unk. prob.: 9.980e-01
Upper probs: 1.990e-03, Lower probs: 0.000e+00
No. of non-dominant refs: 63456, Survival refs: 63443, Failure refs: 13
Batch update: 48 refs added, 0 existing refs removed (0 new refs dominated)
Survival: 48 refs added, 0 removed (from 48 candidates)
Updated sys_vals: [0, 1]
---
Round: 1324, Unk. prob.: 9.984e-01
Upper probs: 1.600e-03, Lower probs: 0.000e+00
No. of non-dominant refs: 63504, Survival refs: 63491, Failure refs: 13
Batch update: 48 refs added, 0 existing refs removed (0 new refs dominated)
Survival: 48 refs added, 0 removed (from 48 candidates)
Updated sys_vals: [0, 1]
---
Round: 1325, Unk. prob.: 9.982e-01
Upper probs: 1.770e-03, Lower probs: 0.000e+00
No. of non-dominant refs: 63552, Survival refs: 63539, Failure refs: 13
Batch update: 48 refs added, 0 existing refs removed (0 new refs dominated)
Survival: 48 refs added, 0 removed (from 48 candidates)
Updated sys_vals: [0, 1]
---
Round: 1326, Unk. prob.: 9.983e-01
Upper probs: 1.700e-03, Lower probs: 0.000e+00
No. of non-dominant refs: 63600, Survival refs: 63587, Failure refs: 13
Batch update: 48 refs added, 0 existing refs removed (0 new refs dominated)
Survival: 48 refs added, 0 removed (from 48 candidates)
Updated sys_vals: [0, 1]
---
Round: 1327, Unk. prob.: 9.982e-01
Upper probs: 1.780e-03, Lower probs: 0.000e+00
No. of non-dominant refs: 63648, Survival refs: 63635, Failure refs: 13
Batch update: 48 refs added, 0 existing refs removed (0 new refs dominated)
Survival: 48 refs added, 0 removed (from 48 candidates)
Updated sys_vals: [0, 1]
---
Round: 1328, Unk. prob.: 9.982e-01
Upper probs: 1.760e-03, Lower probs: 0.000e+00
No. of non-dominant refs: 63696, Survival refs: 63683, Failure refs: 13
Batch update: 48 refs added, 0 existing refs removed (0 new refs dominated)
Survival: 48 refs added, 0 removed (from 48 candidates)
Updated sys_vals: [0, 1]
---
Round: 1329, Unk. prob.: 9.980e-01
Upper probs: 2.040e-03, Lower probs: 0.000e+00
No. of non-dominant refs: 63744, Survival refs: 63731, Failure refs: 13
Batch update: 48 refs added, 0 existing refs removed (0 new refs dominated)
Survival: 48 refs added, 0 removed (from 48 candidates)
Updated sys_vals: [0, 1]
---
Round: 1330, Unk. prob.: 9.983e-01
Upper probs: 1.730e-03, Lower probs: 0.000e+00
No. of non-dominant refs: 63792, Survival refs: 63779, Failure refs: 13
Batch update: 48 refs added, 0 existing refs removed (0 new refs dominated)
Survival: 48 refs added, 0 removed (from 48 candidates)
Updated sys_vals: [0, 1]
---
Round: 1331, Unk. prob.: 9.984e-01
Upper probs: 1.600e-03, Lower probs: 0.000e+00
No. of non-dominant refs: 63840, Survival refs: 63827, Failure refs: 13
Batch update: 48 refs added, 0 existing refs removed (0 new refs dominated)
Survival: 48 refs added, 0 removed (from 48 candidates)
Updated sys_vals: [0, 1]
---
Round: 1332, Unk. prob.: 9.986e-01
Upper probs: 1.390e-03, Lower probs: 0.000e+00
No. of non-dominant refs: 63888, Survival refs: 63875, Failure refs: 13
Batch update: 48 refs added, 0 existing refs removed (0 new refs dominated)
Survival: 48 refs added, 0 removed (from 48 candidates)
Updated sys_vals: [0, 1]
---
Round: 1333, Unk. prob.: 9.982e-01
Upper probs: 1.820e-03, Lower probs: 0.000e+00
No. of non-dominant refs: 63936, Survival refs: 63923, Failure refs: 13
Batch update: 48 refs added, 0 existing refs removed (0 new refs dominated)
Survival: 48 refs added, 0 removed (from 48 candidates)
Updated sys_vals: [0, 1]
---
Round: 1334, Unk. prob.: 9.982e-01
Upper probs: 1.840e-03, Lower probs: 0.000e+00
No. of non-dominant refs: 63984, Survival refs: 63971, Failure refs: 13
Batch update: 48 refs added, 0 existing refs removed (0 new refs dominated)
Survival: 48 refs added, 0 removed (from 48 candidates)
Updated sys_vals: [0, 1]
---
Round: 1335, Unk. prob.: 9.981e-01
Upper probs: 1.930e-03, Lower probs: 0.000e+00
No. of non-dominant refs: 64032, Survival refs: 64019, Failure refs: 13
Batch update: 48 refs added, 0 existing refs removed (0 new refs dominated)
Survival: 48 refs added, 0 removed (from 48 candidates)
Updated sys_vals: [0, 1]
---
Round: 1336, Unk. prob.: 9.984e-01
Upper probs: 1.640e-03, Lower probs: 0.000e+00
No. of non-dominant refs: 64080, Survival refs: 64067, Failure refs: 13
Batch update: 48 refs added, 0 existing refs removed (0 new refs dominated)
Survival: 48 refs added, 0 removed (from 48 candidates)
Updated sys_vals: [0, 1]
---
Round: 1337, Unk. prob.: 9.982e-01
Upper probs: 1.830e-03, Lower probs: 0.000e+00
No. of non-dominant refs: 64128, Survival refs: 64115, Failure refs: 13
Batch update: 48 refs added, 0 existing refs removed (0 new refs dominated)
Survival: 48 refs added, 0 removed (from 48 candidates)
Updated sys_vals: [0, 1]
---
Round: 1338, Unk. prob.: 9.983e-01
Upper probs: 1.740e-03, Lower probs: 0.000e+00
No. of non-dominant refs: 64176, Survival refs: 64163, Failure refs: 13
Batch update: 48 refs added, 0 existing refs removed (0 new refs dominated)
Survival: 48 refs added, 0 removed (from 48 candidates)
Updated sys_vals: [0, 1]
---
Round: 1339, Unk. prob.: 9.983e-01
Upper probs: 1.680e-03, Lower probs: 0.000e+00
No. of non-dominant refs: 64224, Survival refs: 64211, Failure refs: 13
Batch update: 48 refs added, 0 existing refs removed (0 new refs dominated)
Survival: 48 refs added, 0 removed (from 48 candidates)
Updated sys_vals: [0, 1]
---
Round: 1340, Unk. prob.: 9.981e-01
Upper probs: 1.920e-03, Lower probs: 0.000e+00
No. of non-dominant refs: 64272, Survival refs: 64259, Failure refs: 13
Batch update: 48 refs added, 0 existing refs removed (0 new refs dominated)
Survival: 48 refs added, 0 removed (from 48 candidates)
Updated sys_vals: [0, 1]
---
Round: 1341, Unk. prob.: 9.982e-01
Upper probs: 1.840e-03, Lower probs: 0.000e+00
No. of non-dominant refs: 64320, Survival refs: 64307, Failure refs: 13
Batch update: 48 refs added, 0 existing refs removed (0 new refs dominated)
Survival: 48 refs added, 0 removed (from 48 candidates)
Updated sys_vals: [0, 1]
---
Round: 1342, Unk. prob.: 9.983e-01
Upper probs: 1.730e-03, Lower probs: 0.000e+00
No. of non-dominant refs: 64368, Survival refs: 64355, Failure refs: 13
Batch update: 48 refs added, 0 existing refs removed (0 new refs dominated)
Survival: 48 refs added, 0 removed (from 48 candidates)
Updated sys_vals: [0, 1]
---
Round: 1343, Unk. prob.: 9.981e-01
Upper probs: 1.920e-03, Lower probs: 0.000e+00
No. of non-dominant refs: 64416, Survival refs: 64403, Failure refs: 13
Batch update: 48 refs added, 0 existing refs removed (0 new refs dominated)
Survival: 48 refs added, 0 removed (from 48 candidates)
Updated sys_vals: [0, 1]
---
Round: 1344, Unk. prob.: 9.983e-01
Upper probs: 1.730e-03, Lower probs: 0.000e+00
No. of non-dominant refs: 64464, Survival refs: 64451, Failure refs: 13
Batch update: 48 refs added, 0 existing refs removed (0 new refs dominated)
Survival: 48 refs added, 0 removed (from 48 candidates)
Updated sys_vals: [0, 1]
---
Round: 1345, Unk. prob.: 9.982e-01
Upper probs: 1.760e-03, Lower probs: 0.000e+00
No. of non-dominant refs: 64512, Survival refs: 64499, Failure refs: 13
Batch update: 48 refs added, 0 existing refs removed (0 new refs dominated)
Survival: 48 refs added, 0 removed (from 48 candidates)
Updated sys_vals: [0, 1]
---
Round: 1346, Unk. prob.: 9.983e-01
Upper probs: 1.680e-03, Lower probs: 0.000e+00
No. of non-dominant refs: 64560, Survival refs: 64547, Failure refs: 13
Batch update: 48 refs added, 0 existing refs removed (0 new refs dominated)
Survival: 48 refs added, 0 removed (from 48 candidates)
Updated sys_vals: [0, 1]
---
Round: 1347, Unk. prob.: 9.983e-01
Upper probs: 1.690e-03, Lower probs: 0.000e+00
No. of non-dominant refs: 64608, Survival refs: 64595, Failure refs: 13
Batch update: 48 refs added, 0 existing refs removed (0 new refs dominated)
Survival: 48 refs added, 0 removed (from 48 candidates)
Updated sys_vals: [0, 1]
---
Round: 1348, Unk. prob.: 9.984e-01
Upper probs: 1.640e-03, Lower probs: 0.000e+00
No. of non-dominant refs: 64656, Survival refs: 64643, Failure refs: 13
Batch update: 48 refs added, 0 existing refs removed (0 new refs dominated)
Survival: 48 refs added, 0 removed (from 48 candidates)
Updated sys_vals: [0, 1]
---
Round: 1349, Unk. prob.: 9.983e-01
Upper probs: 1.710e-03, Lower probs: 0.000e+00
No. of non-dominant refs: 64704, Survival refs: 64691, Failure refs: 13
Batch update: 48 refs added, 0 existing refs removed (0 new refs dominated)
Survival: 48 refs added, 0 removed (from 48 candidates)
Updated sys_vals: [0, 1]
---
Round: 1350, Unk. prob.: 9.983e-01
Upper probs: 1.740e-03, Lower probs: 0.000e+00
No. of non-dominant refs: 64752, Survival refs: 64739, Failure refs: 13
Batch update: 48 refs added, 0 existing refs removed (0 new refs dominated)
Survival: 48 refs added, 0 removed (from 48 candidates)
Updated sys_vals: [0, 1]
---
Round: 1351, Unk. prob.: 9.983e-01
Upper probs: 1.680e-03, Lower probs: 0.000e+00
No. of non-dominant refs: 64800, Survival refs: 64787, Failure refs: 13
Batch update: 48 refs added, 0 existing refs removed (0 new refs dominated)
Survival: 48 refs added, 0 removed (from 48 candidates)
Updated sys_vals: [0, 1]
---
Round: 1352, Unk. prob.: 9.981e-01
Upper probs: 1.940e-03, Lower probs: 0.000e+00
No. of non-dominant refs: 64848, Survival refs: 64835, Failure refs: 13
Batch update: 48 refs added, 0 existing refs removed (0 new refs dominated)
Survival: 48 refs added, 0 removed (from 48 candidates)
Updated sys_vals: [0, 1]
---
Round: 1353, Unk. prob.: 9.980e-01
Upper probs: 2.010e-03, Lower probs: 0.000e+00
No. of non-dominant refs: 64896, Survival refs: 64883, Failure refs: 13
Batch update: 48 refs added, 0 existing refs removed (0 new refs dominated)
Survival: 48 refs added, 0 removed (from 48 candidates)
Updated sys_vals: [0, 1]
---
Round: 1354, Unk. prob.: 9.981e-01
Upper probs: 1.880e-03, Lower probs: 0.000e+00
No. of non-dominant refs: 64944, Survival refs: 64931, Failure refs: 13
Batch update: 48 refs added, 0 existing refs removed (0 new refs dominated)
Survival: 48 refs added, 0 removed (from 48 candidates)
Updated sys_vals: [0, 1]
---
Round: 1355, Unk. prob.: 9.979e-01
Upper probs: 2.150e-03, Lower probs: 0.000e+00
No. of non-dominant refs: 64992, Survival refs: 64979, Failure refs: 13
Batch update: 48 refs added, 0 existing refs removed (0 new refs dominated)
Survival: 48 refs added, 0 removed (from 48 candidates)
Updated sys_vals: [0, 1]
---
Round: 1356, Unk. prob.: 9.980e-01
Upper probs: 1.980e-03, Lower probs: 0.000e+00
No. of non-dominant refs: 65040, Survival refs: 65027, Failure refs: 13
Batch update: 48 refs added, 0 existing refs removed (0 new refs dominated)
Survival: 48 refs added, 0 removed (from 48 candidates)
Updated sys_vals: [0, 1]
---
Round: 1357, Unk. prob.: 9.981e-01
Upper probs: 1.870e-03, Lower probs: 0.000e+00
No. of non-dominant refs: 65088, Survival refs: 65075, Failure refs: 13
Batch update: 48 refs added, 0 existing refs removed (0 new refs dominated)
Survival: 48 refs added, 0 removed (from 48 candidates)
Updated sys_vals: [0, 1]
---
Round: 1358, Unk. prob.: 9.983e-01
Upper probs: 1.710e-03, Lower probs: 0.000e+00
No. of non-dominant refs: 65136, Survival refs: 65123, Failure refs: 13
Batch update: 48 refs added, 0 existing refs removed (0 new refs dominated)
Survival: 48 refs added, 0 removed (from 48 candidates)
Updated sys_vals: [0, 1]
---
Round: 1359, Unk. prob.: 9.979e-01
Upper probs: 2.090e-03, Lower probs: 0.000e+00
No. of non-dominant refs: 65184, Survival refs: 65171, Failure refs: 13
Batch update: 48 refs added, 0 existing refs removed (0 new refs dominated)
Survival: 48 refs added, 0 removed (from 48 candidates)
Updated sys_vals: [0, 1]
---
Round: 1360, Unk. prob.: 9.983e-01
Upper probs: 1.710e-03, Lower probs: 0.000e+00
No. of non-dominant refs: 65232, Survival refs: 65219, Failure refs: 13
Batch update: 48 refs added, 0 existing refs removed (0 new refs dominated)
Survival: 48 refs added, 0 removed (from 48 candidates)
Updated sys_vals: [0, 1]
---
Round: 1361, Unk. prob.: 9.982e-01
Upper probs: 1.760e-03, Lower probs: 0.000e+00
No. of non-dominant refs: 65280, Survival refs: 65267, Failure refs: 13
Batch update: 48 refs added, 0 existing refs removed (0 new refs dominated)
Survival: 48 refs added, 0 removed (from 48 candidates)
Updated sys_vals: [0, 1]
---
Round: 1362, Unk. prob.: 9.978e-01
Upper probs: 2.180e-03, Lower probs: 0.000e+00
No. of non-dominant refs: 65328, Survival refs: 65315, Failure refs: 13
Batch update: 48 refs added, 0 existing refs removed (0 new refs dominated)
Survival: 48 refs added, 0 removed (from 48 candidates)
Updated sys_vals: [0, 1]
---
Round: 1363, Unk. prob.: 9.981e-01
Upper probs: 1.930e-03, Lower probs: 0.000e+00
No. of non-dominant refs: 65376, Survival refs: 65363, Failure refs: 13
Batch update: 48 refs added, 0 existing refs removed (0 new refs dominated)
Survival: 48 refs added, 0 removed (from 48 candidates)
Updated sys_vals: [0, 1]
---
Round: 1364, Unk. prob.: 9.980e-01
Upper probs: 1.970e-03, Lower probs: 0.000e+00
No. of non-dominant refs: 65424, Survival refs: 65411, Failure refs: 13
Batch update: 48 refs added, 0 existing refs removed (0 new refs dominated)
Survival: 48 refs added, 0 removed (from 48 candidates)
Updated sys_vals: [0, 1]
---
Round: 1365, Unk. prob.: 9.979e-01
Upper probs: 2.090e-03, Lower probs: 0.000e+00
No. of non-dominant refs: 65472, Survival refs: 65459, Failure refs: 13
Batch update: 48 refs added, 0 existing refs removed (0 new refs dominated)
Survival: 48 refs added, 0 removed (from 48 candidates)
Updated sys_vals: [0, 1]
---
Round: 1366, Unk. prob.: 9.984e-01
Upper probs: 1.590e-03, Lower probs: 0.000e+00
No. of non-dominant refs: 65520, Survival refs: 65507, Failure refs: 13
Batch update: 48 refs added, 0 existing refs removed (0 new refs dominated)
Survival: 48 refs added, 0 removed (from 48 candidates)
Updated sys_vals: [0, 1]
---
Round: 1367, Unk. prob.: 9.982e-01
Upper probs: 1.830e-03, Lower probs: 0.000e+00
No. of non-dominant refs: 65568, Survival refs: 65555, Failure refs: 13
Batch update: 48 refs added, 0 existing refs removed (0 new refs dominated)
Survival: 48 refs added, 0 removed (from 48 candidates)
Updated sys_vals: [0, 1]
---
Round: 1368, Unk. prob.: 9.982e-01
Upper probs: 1.790e-03, Lower probs: 0.000e+00
No. of non-dominant refs: 65616, Survival refs: 65603, Failure refs: 13
Batch update: 48 refs added, 0 existing refs removed (0 new refs dominated)
Survival: 48 refs added, 0 removed (from 48 candidates)
Updated sys_vals: [0, 1]
---
Round: 1369, Unk. prob.: 9.983e-01
Upper probs: 1.710e-03, Lower probs: 0.000e+00
No. of non-dominant refs: 65664, Survival refs: 65651, Failure refs: 13
Batch update: 48 refs added, 0 existing refs removed (0 new refs dominated)
Survival: 48 refs added, 0 removed (from 48 candidates)
Updated sys_vals: [0, 1]
---
Round: 1370, Unk. prob.: 9.982e-01
Upper probs: 1.750e-03, Lower probs: 0.000e+00
No. of non-dominant refs: 65712, Survival refs: 65699, Failure refs: 13
Batch update: 48 refs added, 0 existing refs removed (0 new refs dominated)
Survival: 48 refs added, 0 removed (from 48 candidates)
Updated sys_vals: [0, 1]
---
Round: 1371, Unk. prob.: 9.982e-01
Upper probs: 1.790e-03, Lower probs: 0.000e+00
No. of non-dominant refs: 65760, Survival refs: 65747, Failure refs: 13
Batch update: 48 refs added, 0 existing refs removed (0 new refs dominated)
Survival: 48 refs added, 0 removed (from 48 candidates)
Updated sys_vals: [0, 1]
---
Round: 1372, Unk. prob.: 9.981e-01
Upper probs: 1.910e-03, Lower probs: 0.000e+00
No. of non-dominant refs: 65808, Survival refs: 65795, Failure refs: 13
Batch update: 48 refs added, 0 existing refs removed (0 new refs dominated)
Survival: 48 refs added, 0 removed (from 48 candidates)
Updated sys_vals: [0, 1]
---
Round: 1373, Unk. prob.: 9.983e-01
Upper probs: 1.670e-03, Lower probs: 0.000e+00
No. of non-dominant refs: 65856, Survival refs: 65843, Failure refs: 13
Batch update: 48 refs added, 0 existing refs removed (0 new refs dominated)
Survival: 48 refs added, 0 removed (from 48 candidates)
Updated sys_vals: [0, 1]
---
Round: 1374, Unk. prob.: 9.982e-01
Upper probs: 1.790e-03, Lower probs: 0.000e+00
No. of non-dominant refs: 65904, Survival refs: 65891, Failure refs: 13
Batch update: 48 refs added, 0 existing refs removed (0 new refs dominated)
Survival: 48 refs added, 0 removed (from 48 candidates)
Updated sys_vals: [0, 1]
---
Round: 1375, Unk. prob.: 9.981e-01
Upper probs: 1.860e-03, Lower probs: 0.000e+00
No. of non-dominant refs: 65952, Survival refs: 65939, Failure refs: 13
Batch update: 48 refs added, 0 existing refs removed (0 new refs dominated)
Survival: 48 refs added, 0 removed (from 48 candidates)
Updated sys_vals: [0, 1]
---
Round: 1376, Unk. prob.: 9.979e-01
Upper probs: 2.070e-03, Lower probs: 0.000e+00
No. of non-dominant refs: 66000, Survival refs: 65987, Failure refs: 13
Batch update: 48 refs added, 0 existing refs removed (0 new refs dominated)
Survival: 48 refs added, 0 removed (from 48 candidates)
Updated sys_vals: [0, 1]
---
Round: 1377, Unk. prob.: 9.982e-01
Upper probs: 1.760e-03, Lower probs: 0.000e+00
No. of non-dominant refs: 66048, Survival refs: 66035, Failure refs: 13
Batch update: 48 refs added, 0 existing refs removed (0 new refs dominated)
Survival: 48 refs added, 0 removed (from 48 candidates)
Updated sys_vals: [0, 1]
---
Round: 1378, Unk. prob.: 9.980e-01
Upper probs: 1.960e-03, Lower probs: 0.000e+00
No. of non-dominant refs: 66096, Survival refs: 66083, Failure refs: 13
Batch update: 48 refs added, 0 existing refs removed (0 new refs dominated)
Survival: 48 refs added, 0 removed (from 48 candidates)
Updated sys_vals: [0, 1]
---
Round: 1379, Unk. prob.: 9.980e-01
Upper probs: 1.950e-03, Lower probs: 0.000e+00
No. of non-dominant refs: 66144, Survival refs: 66131, Failure refs: 13
Batch update: 48 refs added, 0 existing refs removed (0 new refs dominated)
Survival: 48 refs added, 0 removed (from 48 candidates)
Updated sys_vals: [0, 1]
---
Round: 1380, Unk. prob.: 9.983e-01
Upper probs: 1.730e-03, Lower probs: 0.000e+00
No. of non-dominant refs: 66192, Survival refs: 66179, Failure refs: 13
Batch update: 48 refs added, 0 existing refs removed (0 new refs dominated)
Survival: 48 refs added, 0 removed (from 48 candidates)
Updated sys_vals: [0, 1]
---
Round: 1381, Unk. prob.: 9.982e-01
Upper probs: 1.820e-03, Lower probs: 0.000e+00
No. of non-dominant refs: 66240, Survival refs: 66227, Failure refs: 13
Batch update: 48 refs added, 0 existing refs removed (0 new refs dominated)
Survival: 48 refs added, 0 removed (from 48 candidates)
Updated sys_vals: [0, 1]
---
Round: 1382, Unk. prob.: 9.985e-01
Upper probs: 1.520e-03, Lower probs: 0.000e+00
No. of non-dominant refs: 66288, Survival refs: 66275, Failure refs: 13
Batch update: 48 refs added, 0 existing refs removed (0 new refs dominated)
Survival: 48 refs added, 0 removed (from 48 candidates)
Updated sys_vals: [0, 1]
---
Round: 1383, Unk. prob.: 9.980e-01
Upper probs: 2.000e-03, Lower probs: 0.000e+00
No. of non-dominant refs: 66336, Survival refs: 66323, Failure refs: 13
Batch update: 48 refs added, 0 existing refs removed (0 new refs dominated)
Survival: 48 refs added, 0 removed (from 48 candidates)
Updated sys_vals: [0, 1]
---
Round: 1384, Unk. prob.: 9.979e-01
Upper probs: 2.090e-03, Lower probs: 0.000e+00
No. of non-dominant refs: 66384, Survival refs: 66371, Failure refs: 13
Batch update: 48 refs added, 0 existing refs removed (0 new refs dominated)
Survival: 48 refs added, 0 removed (from 48 candidates)
Updated sys_vals: [0, 1]
---
Round: 1385, Unk. prob.: 9.981e-01
Upper probs: 1.880e-03, Lower probs: 0.000e+00
No. of non-dominant refs: 66432, Survival refs: 66419, Failure refs: 13
Batch update: 48 refs added, 0 existing refs removed (0 new refs dominated)
Survival: 48 refs added, 0 removed (from 48 candidates)
Updated sys_vals: [0, 1]
---
Round: 1386, Unk. prob.: 9.980e-01
Upper probs: 1.990e-03, Lower probs: 0.000e+00
No. of non-dominant refs: 66480, Survival refs: 66467, Failure refs: 13
Batch update: 48 refs added, 0 existing refs removed (0 new refs dominated)
Survival: 48 refs added, 0 removed (from 48 candidates)
Updated sys_vals: [0, 1]
---
Round: 1387, Unk. prob.: 9.982e-01
Upper probs: 1.840e-03, Lower probs: 0.000e+00
No. of non-dominant refs: 66528, Survival refs: 66515, Failure refs: 13
Batch update: 48 refs added, 0 existing refs removed (0 new refs dominated)
Survival: 48 refs added, 0 removed (from 48 candidates)
Updated sys_vals: [0, 1]
---
Round: 1388, Unk. prob.: 9.980e-01
Upper probs: 2.010e-03, Lower probs: 0.000e+00
No. of non-dominant refs: 66576, Survival refs: 66563, Failure refs: 13
Batch update: 48 refs added, 0 existing refs removed (0 new refs dominated)
Survival: 48 refs added, 0 removed (from 48 candidates)
Updated sys_vals: [0, 1]
---
Round: 1389, Unk. prob.: 9.980e-01
Upper probs: 1.950e-03, Lower probs: 0.000e+00
No. of non-dominant refs: 66624, Survival refs: 66611, Failure refs: 13
Batch update: 48 refs added, 0 existing refs removed (0 new refs dominated)
Survival: 48 refs added, 0 removed (from 48 candidates)
Updated sys_vals: [0, 1]
---
Round: 1390, Unk. prob.: 9.980e-01
Upper probs: 1.980e-03, Lower probs: 0.000e+00
No. of non-dominant refs: 66672, Survival refs: 66659, Failure refs: 13
Batch update: 48 refs added, 0 existing refs removed (0 new refs dominated)
Survival: 48 refs added, 0 removed (from 48 candidates)
Updated sys_vals: [0, 1]
---
Round: 1391, Unk. prob.: 9.983e-01
Upper probs: 1.730e-03, Lower probs: 0.000e+00
No. of non-dominant refs: 66720, Survival refs: 66707, Failure refs: 13
Batch update: 48 refs added, 0 existing refs removed (0 new refs dominated)
Survival: 48 refs added, 0 removed (from 48 candidates)
Updated sys_vals: [0, 1]
---
Round: 1392, Unk. prob.: 9.982e-01
Upper probs: 1.780e-03, Lower probs: 0.000e+00
No. of non-dominant refs: 66768, Survival refs: 66755, Failure refs: 13
Batch update: 48 refs added, 0 existing refs removed (0 new refs dominated)
Survival: 48 refs added, 0 removed (from 48 candidates)
Updated sys_vals: [0, 1]
---
Round: 1393, Unk. prob.: 9.983e-01
Upper probs: 1.660e-03, Lower probs: 0.000e+00
No. of non-dominant refs: 66816, Survival refs: 66803, Failure refs: 13
Batch update: 48 refs added, 0 existing refs removed (0 new refs dominated)
Survival: 48 refs added, 0 removed (from 48 candidates)
Updated sys_vals: [0, 1]
---
Round: 1394, Unk. prob.: 9.978e-01
Upper probs: 2.200e-03, Lower probs: 0.000e+00
No. of non-dominant refs: 66864, Survival refs: 66851, Failure refs: 13
Batch update: 48 refs added, 0 existing refs removed (0 new refs dominated)
Survival: 48 refs added, 0 removed (from 48 candidates)
Updated sys_vals: [0, 1]
---
Round: 1395, Unk. prob.: 9.980e-01
Upper probs: 1.980e-03, Lower probs: 0.000e+00
No. of non-dominant refs: 66912, Survival refs: 66899, Failure refs: 13
Batch update: 48 refs added, 0 existing refs removed (0 new refs dominated)
Survival: 48 refs added, 0 removed (from 48 candidates)
Updated sys_vals: [0, 1]
---
Round: 1396, Unk. prob.: 9.983e-01
Upper probs: 1.710e-03, Lower probs: 0.000e+00
No. of non-dominant refs: 66960, Survival refs: 66947, Failure refs: 13
Batch update: 48 refs added, 0 existing refs removed (0 new refs dominated)
Survival: 48 refs added, 0 removed (from 48 candidates)
Updated sys_vals: [0, 1]
---
Round: 1397, Unk. prob.: 9.982e-01
Upper probs: 1.760e-03, Lower probs: 0.000e+00
No. of non-dominant refs: 67008, Survival refs: 66995, Failure refs: 13
Batch update: 48 refs added, 0 existing refs removed (0 new refs dominated)
Survival: 48 refs added, 0 removed (from 48 candidates)
Updated sys_vals: [0, 1]
---
Round: 1398, Unk. prob.: 9.980e-01
Upper probs: 1.990e-03, Lower probs: 0.000e+00
No. of non-dominant refs: 67056, Survival refs: 67043, Failure refs: 13
Batch update: 48 refs added, 0 existing refs removed (0 new refs dominated)
Survival: 48 refs added, 0 removed (from 48 candidates)
Updated sys_vals: [0, 1]
---
Round: 1399, Unk. prob.: 9.980e-01
Upper probs: 2.040e-03, Lower probs: 0.000e+00
No. of non-dominant refs: 67104, Survival refs: 67091, Failure refs: 13
Batch update: 48 refs added, 0 existing refs removed (0 new refs dominated)
Survival: 48 refs added, 0 removed (from 48 candidates)
Updated sys_vals: [0, 1]
---
Round: 1400, Unk. prob.: 9.983e-01
Upper probs: 1.740e-03, Lower probs: 0.000e+00
No. of non-dominant refs: 67152, Survival refs: 67139, Failure refs: 13
Batch update: 48 refs added, 0 existing refs removed (0 new refs dominated)
Survival: 48 refs added, 0 removed (from 48 candidates)
Updated sys_vals: [0, 1]
---
Round: 1401, Unk. prob.: 9.981e-01
Upper probs: 1.900e-03, Lower probs: 0.000e+00
No. of non-dominant refs: 67200, Survival refs: 67187, Failure refs: 13
Batch update: 48 refs added, 0 existing refs removed (0 new refs dominated)
Survival: 48 refs added, 0 removed (from 48 candidates)
Updated sys_vals: [0, 1]
---
Round: 1402, Unk. prob.: 9.983e-01
Upper probs: 1.740e-03, Lower probs: 0.000e+00
No. of non-dominant refs: 67248, Survival refs: 67235, Failure refs: 13
Batch update: 48 refs added, 0 existing refs removed (0 new refs dominated)
Survival: 48 refs added, 0 removed (from 48 candidates)
Updated sys_vals: [0, 1]
---
Round: 1403, Unk. prob.: 9.982e-01
Upper probs: 1.810e-03, Lower probs: 0.000e+00
No. of non-dominant refs: 67296, Survival refs: 67283, Failure refs: 13
Batch update: 48 refs added, 0 existing refs removed (0 new refs dominated)
Survival: 48 refs added, 0 removed (from 48 candidates)
Updated sys_vals: [0, 1]
---
Round: 1404, Unk. prob.: 9.983e-01
Upper probs: 1.720e-03, Lower probs: 0.000e+00
No. of non-dominant refs: 67344, Survival refs: 67331, Failure refs: 13
Batch update: 48 refs added, 0 existing refs removed (0 new refs dominated)
Survival: 48 refs added, 0 removed (from 48 candidates)
Updated sys_vals: [0, 1]
---
Round: 1405, Unk. prob.: 9.981e-01
Upper probs: 1.910e-03, Lower probs: 0.000e+00
No. of non-dominant refs: 67392, Survival refs: 67379, Failure refs: 13
Batch update: 48 refs added, 0 existing refs removed (0 new refs dominated)
Survival: 48 refs added, 0 removed (from 48 candidates)
Updated sys_vals: [0, 1]
---
Round: 1406, Unk. prob.: 9.981e-01
Upper probs: 1.860e-03, Lower probs: 0.000e+00
No. of non-dominant refs: 67440, Survival refs: 67427, Failure refs: 13
Batch update: 48 refs added, 0 existing refs removed (0 new refs dominated)
Survival: 48 refs added, 0 removed (from 48 candidates)
Updated sys_vals: [0, 1]
---
Round: 1407, Unk. prob.: 9.981e-01
Upper probs: 1.910e-03, Lower probs: 0.000e+00
No. of non-dominant refs: 67488, Survival refs: 67475, Failure refs: 13
Batch update: 48 refs added, 0 existing refs removed (0 new refs dominated)
Survival: 48 refs added, 0 removed (from 48 candidates)
Updated sys_vals: [0, 1]
---
Round: 1408, Unk. prob.: 9.982e-01
Upper probs: 1.840e-03, Lower probs: 0.000e+00
No. of non-dominant refs: 67536, Survival refs: 67523, Failure refs: 13
Batch update: 48 refs added, 0 existing refs removed (0 new refs dominated)
Survival: 48 refs added, 0 removed (from 48 candidates)
Updated sys_vals: [0, 1]
---
Round: 1409, Unk. prob.: 9.981e-01
Upper probs: 1.940e-03, Lower probs: 0.000e+00
No. of non-dominant refs: 67584, Survival refs: 67571, Failure refs: 13
Batch update: 48 refs added, 0 existing refs removed (0 new refs dominated)
Survival: 48 refs added, 0 removed (from 48 candidates)
Updated sys_vals: [0, 1]
---
Round: 1410, Unk. prob.: 9.980e-01
Upper probs: 1.970e-03, Lower probs: 0.000e+00
No. of non-dominant refs: 67632, Survival refs: 67619, Failure refs: 13
Batch update: 48 refs added, 0 existing refs removed (0 new refs dominated)
Survival: 48 refs added, 0 removed (from 48 candidates)
Updated sys_vals: [0, 1]
---
Round: 1411, Unk. prob.: 9.979e-01
Upper probs: 2.130e-03, Lower probs: 0.000e+00
No. of non-dominant refs: 67680, Survival refs: 67667, Failure refs: 13
Batch update: 48 refs added, 0 existing refs removed (0 new refs dominated)
Survival: 48 refs added, 0 removed (from 48 candidates)
Updated sys_vals: [0, 1]
---
Round: 1412, Unk. prob.: 9.983e-01
Upper probs: 1.720e-03, Lower probs: 0.000e+00
No. of non-dominant refs: 67728, Survival refs: 67715, Failure refs: 13
Batch update: 48 refs added, 0 existing refs removed (0 new refs dominated)
Survival: 48 refs added, 0 removed (from 48 candidates)
Updated sys_vals: [0, 1]
---
Round: 1413, Unk. prob.: 9.979e-01
Upper probs: 2.150e-03, Lower probs: 0.000e+00
No. of non-dominant refs: 67776, Survival refs: 67763, Failure refs: 13
Batch update: 48 refs added, 0 existing refs removed (0 new refs dominated)
Survival: 48 refs added, 0 removed (from 48 candidates)
Updated sys_vals: [0, 1]
---
Round: 1414, Unk. prob.: 9.980e-01
Upper probs: 2.050e-03, Lower probs: 0.000e+00
No. of non-dominant refs: 67824, Survival refs: 67811, Failure refs: 13
Batch update: 48 refs added, 0 existing refs removed (0 new refs dominated)
Survival: 48 refs added, 0 removed (from 48 candidates)
Updated sys_vals: [0, 1]
---
Round: 1415, Unk. prob.: 9.981e-01
Upper probs: 1.850e-03, Lower probs: 0.000e+00
No. of non-dominant refs: 67872, Survival refs: 67859, Failure refs: 13
Batch update: 48 refs added, 0 existing refs removed (0 new refs dominated)
Survival: 48 refs added, 0 removed (from 48 candidates)
Updated sys_vals: [0, 1]
---
Round: 1416, Unk. prob.: 9.982e-01
Upper probs: 1.790e-03, Lower probs: 0.000e+00
No. of non-dominant refs: 67920, Survival refs: 67907, Failure refs: 13
Batch update: 48 refs added, 0 existing refs removed (0 new refs dominated)
Survival: 48 refs added, 0 removed (from 48 candidates)
Updated sys_vals: [0, 1]
---
Round: 1417, Unk. prob.: 9.981e-01
Upper probs: 1.890e-03, Lower probs: 0.000e+00
No. of non-dominant refs: 67968, Survival refs: 67955, Failure refs: 13
Batch update: 48 refs added, 0 existing refs removed (0 new refs dominated)
Survival: 48 refs added, 0 removed (from 48 candidates)
Updated sys_vals: [0, 1]
---
Round: 1418, Unk. prob.: 9.981e-01
Upper probs: 1.860e-03, Lower probs: 0.000e+00
No. of non-dominant refs: 68016, Survival refs: 68003, Failure refs: 13
Batch update: 48 refs added, 0 existing refs removed (0 new refs dominated)
Survival: 48 refs added, 0 removed (from 48 candidates)
Updated sys_vals: [0, 1]
---
Round: 1419, Unk. prob.: 9.981e-01
Upper probs: 1.850e-03, Lower probs: 0.000e+00
No. of non-dominant refs: 68064, Survival refs: 68051, Failure refs: 13
Batch update: 48 refs added, 0 existing refs removed (0 new refs dominated)
Survival: 48 refs added, 0 removed (from 48 candidates)
Updated sys_vals: [0, 1]
---
Round: 1420, Unk. prob.: 9.982e-01
Upper probs: 1.830e-03, Lower probs: 0.000e+00
No. of non-dominant refs: 68112, Survival refs: 68099, Failure refs: 13
Batch update: 48 refs added, 0 existing refs removed (0 new refs dominated)
Survival: 48 refs added, 0 removed (from 48 candidates)
Updated sys_vals: [0, 1]
---
Round: 1421, Unk. prob.: 9.983e-01
Upper probs: 1.720e-03, Lower probs: 0.000e+00
No. of non-dominant refs: 68160, Survival refs: 68147, Failure refs: 13
Batch update: 48 refs added, 0 existing refs removed (0 new refs dominated)
Survival: 48 refs added, 0 removed (from 48 candidates)
Updated sys_vals: [0, 1]
---
Round: 1422, Unk. prob.: 9.982e-01
Upper probs: 1.770e-03, Lower probs: 0.000e+00
No. of non-dominant refs: 68208, Survival refs: 68195, Failure refs: 13
Batch update: 48 refs added, 0 existing refs removed (0 new refs dominated)
Survival: 48 refs added, 0 removed (from 48 candidates)
Updated sys_vals: [0, 1]
---
Round: 1423, Unk. prob.: 9.980e-01
Upper probs: 1.970e-03, Lower probs: 0.000e+00
No. of non-dominant refs: 68256, Survival refs: 68243, Failure refs: 13
Batch update: 48 refs added, 0 existing refs removed (0 new refs dominated)
Survival: 48 refs added, 0 removed (from 48 candidates)
Updated sys_vals: [0, 1]
---
Round: 1424, Unk. prob.: 9.981e-01
Upper probs: 1.900e-03, Lower probs: 0.000e+00
No. of non-dominant refs: 68304, Survival refs: 68291, Failure refs: 13
Batch update: 48 refs added, 0 existing refs removed (0 new refs dominated)
Survival: 48 refs added, 0 removed (from 48 candidates)
Updated sys_vals: [0, 1]
---
Round: 1425, Unk. prob.: 9.982e-01
Upper probs: 1.760e-03, Lower probs: 0.000e+00
No. of non-dominant refs: 68352, Survival refs: 68339, Failure refs: 13
Batch update: 48 refs added, 0 existing refs removed (0 new refs dominated)
Survival: 48 refs added, 0 removed (from 48 candidates)
Updated sys_vals: [0, 1]
---
Round: 1426, Unk. prob.: 9.978e-01
Upper probs: 2.170e-03, Lower probs: 0.000e+00
No. of non-dominant refs: 68400, Survival refs: 68387, Failure refs: 13
Batch update: 48 refs added, 0 existing refs removed (0 new refs dominated)
Survival: 48 refs added, 0 removed (from 48 candidates)
Updated sys_vals: [0, 1]
---
Round: 1427, Unk. prob.: 9.982e-01
Upper probs: 1.800e-03, Lower probs: 0.000e+00
No. of non-dominant refs: 68448, Survival refs: 68435, Failure refs: 13
Batch update: 48 refs added, 0 existing refs removed (0 new refs dominated)
Survival: 48 refs added, 0 removed (from 48 candidates)
Updated sys_vals: [0, 1]
---
Round: 1428, Unk. prob.: 9.979e-01
Upper probs: 2.110e-03, Lower probs: 0.000e+00
No. of non-dominant refs: 68496, Survival refs: 68483, Failure refs: 13
Batch update: 48 refs added, 0 existing refs removed (0 new refs dominated)
Survival: 48 refs added, 0 removed (from 48 candidates)
Updated sys_vals: [0, 1]
---
Round: 1429, Unk. prob.: 9.981e-01
Upper probs: 1.850e-03, Lower probs: 0.000e+00
No. of non-dominant refs: 68544, Survival refs: 68531, Failure refs: 13
Batch update: 48 refs added, 0 existing refs removed (0 new refs dominated)
Survival: 48 refs added, 0 removed (from 48 candidates)
Updated sys_vals: [0, 1]
---
Round: 1430, Unk. prob.: 9.981e-01
Upper probs: 1.920e-03, Lower probs: 0.000e+00
No. of non-dominant refs: 68592, Survival refs: 68579, Failure refs: 13
Batch update: 48 refs added, 0 existing refs removed (0 new refs dominated)
Survival: 48 refs added, 0 removed (from 48 candidates)
Updated sys_vals: [0, 1]
---
Round: 1431, Unk. prob.: 9.985e-01
Upper probs: 1.520e-03, Lower probs: 0.000e+00
No. of non-dominant refs: 68640, Survival refs: 68627, Failure refs: 13
Batch update: 48 refs added, 0 existing refs removed (0 new refs dominated)
Survival: 48 refs added, 0 removed (from 48 candidates)
Updated sys_vals: [0, 1]
---
Round: 1432, Unk. prob.: 9.980e-01
Upper probs: 2.020e-03, Lower probs: 0.000e+00
No. of non-dominant refs: 68688, Survival refs: 68675, Failure refs: 13
Batch update: 48 refs added, 0 existing refs removed (0 new refs dominated)
Survival: 48 refs added, 0 removed (from 48 candidates)
Updated sys_vals: [0, 1]
---
Round: 1433, Unk. prob.: 9.980e-01
Upper probs: 2.000e-03, Lower probs: 0.000e+00
No. of non-dominant refs: 68736, Survival refs: 68723, Failure refs: 13
Batch update: 48 refs added, 0 existing refs removed (0 new refs dominated)
Survival: 48 refs added, 0 removed (from 48 candidates)
Updated sys_vals: [0, 1]
---
Round: 1434, Unk. prob.: 9.979e-01
Upper probs: 2.110e-03, Lower probs: 0.000e+00
No. of non-dominant refs: 68784, Survival refs: 68771, Failure refs: 13
Batch update: 48 refs added, 0 existing refs removed (0 new refs dominated)
Survival: 48 refs added, 0 removed (from 48 candidates)
Updated sys_vals: [0, 1]
---
Round: 1435, Unk. prob.: 9.981e-01
Upper probs: 1.920e-03, Lower probs: 0.000e+00
No. of non-dominant refs: 68832, Survival refs: 68819, Failure refs: 13
Batch update: 48 refs added, 0 existing refs removed (0 new refs dominated)
Survival: 48 refs added, 0 removed (from 48 candidates)
Updated sys_vals: [0, 1]
---
Round: 1436, Unk. prob.: 9.982e-01
Upper probs: 1.790e-03, Lower probs: 0.000e+00
No. of non-dominant refs: 68880, Survival refs: 68867, Failure refs: 13
Batch update: 48 refs added, 0 existing refs removed (0 new refs dominated)
Survival: 48 refs added, 0 removed (from 48 candidates)
Updated sys_vals: [0, 1]
---
Round: 1437, Unk. prob.: 9.980e-01
Upper probs: 1.960e-03, Lower probs: 0.000e+00
No. of non-dominant refs: 68928, Survival refs: 68915, Failure refs: 13
Batch update: 48 refs added, 0 existing refs removed (0 new refs dominated)
Survival: 48 refs added, 0 removed (from 48 candidates)
Updated sys_vals: [0, 1]
---
Round: 1438, Unk. prob.: 9.981e-01
Upper probs: 1.860e-03, Lower probs: 0.000e+00
No. of non-dominant refs: 68976, Survival refs: 68963, Failure refs: 13
Batch update: 48 refs added, 0 existing refs removed (0 new refs dominated)
Survival: 48 refs added, 0 removed (from 48 candidates)
Updated sys_vals: [0, 1]
---
Round: 1439, Unk. prob.: 9.982e-01
Upper probs: 1.760e-03, Lower probs: 0.000e+00
No. of non-dominant refs: 69024, Survival refs: 69011, Failure refs: 13
Batch update: 48 refs added, 0 existing refs removed (0 new refs dominated)
Survival: 48 refs added, 0 removed (from 48 candidates)
Updated sys_vals: [0, 1]
---
Round: 1440, Unk. prob.: 9.982e-01
Upper probs: 1.760e-03, Lower probs: 0.000e+00
No. of non-dominant refs: 69072, Survival refs: 69059, Failure refs: 13
Batch update: 48 refs added, 0 existing refs removed (0 new refs dominated)
Survival: 48 refs added, 0 removed (from 48 candidates)
Updated sys_vals: [0, 1]
---
Round: 1441, Unk. prob.: 9.979e-01
Upper probs: 2.140e-03, Lower probs: 0.000e+00
No. of non-dominant refs: 69120, Survival refs: 69107, Failure refs: 13
Batch update: 48 refs added, 0 existing refs removed (0 new refs dominated)
Survival: 48 refs added, 0 removed (from 48 candidates)
Updated sys_vals: [0, 1]
---
Round: 1442, Unk. prob.: 9.982e-01
Upper probs: 1.770e-03, Lower probs: 0.000e+00
No. of non-dominant refs: 69168, Survival refs: 69155, Failure refs: 13
Batch update: 48 refs added, 0 existing refs removed (0 new refs dominated)
Survival: 48 refs added, 0 removed (from 48 candidates)
Updated sys_vals: [0, 1]
---
Round: 1443, Unk. prob.: 9.978e-01
Upper probs: 2.180e-03, Lower probs: 0.000e+00
No. of non-dominant refs: 69216, Survival refs: 69203, Failure refs: 13
Batch update: 48 refs added, 0 existing refs removed (0 new refs dominated)
Survival: 48 refs added, 0 removed (from 48 candidates)
Updated sys_vals: [0, 1]
---
Round: 1444, Unk. prob.: 9.980e-01
Upper probs: 2.020e-03, Lower probs: 0.000e+00
No. of non-dominant refs: 69264, Survival refs: 69251, Failure refs: 13
Batch update: 48 refs added, 0 existing refs removed (0 new refs dominated)
Survival: 48 refs added, 0 removed (from 48 candidates)
Updated sys_vals: [0, 1]
---
Round: 1445, Unk. prob.: 9.981e-01
Upper probs: 1.880e-03, Lower probs: 0.000e+00
No. of non-dominant refs: 69312, Survival refs: 69299, Failure refs: 13
Batch update: 48 refs added, 0 existing refs removed (0 new refs dominated)
Survival: 48 refs added, 0 removed (from 48 candidates)
Updated sys_vals: [0, 1]
---
Round: 1446, Unk. prob.: 9.981e-01
Upper probs: 1.910e-03, Lower probs: 0.000e+00
No. of non-dominant refs: 69360, Survival refs: 69347, Failure refs: 13
Batch update: 48 refs added, 0 existing refs removed (0 new refs dominated)
Survival: 48 refs added, 0 removed (from 48 candidates)
Updated sys_vals: [0, 1]
---
Round: 1447, Unk. prob.: 9.980e-01
Upper probs: 1.980e-03, Lower probs: 0.000e+00
No. of non-dominant refs: 69408, Survival refs: 69395, Failure refs: 13
Batch update: 48 refs added, 0 existing refs removed (0 new refs dominated)
Survival: 48 refs added, 0 removed (from 48 candidates)
Updated sys_vals: [0, 1]
---
Round: 1448, Unk. prob.: 9.983e-01
Upper probs: 1.710e-03, Lower probs: 0.000e+00
No. of non-dominant refs: 69456, Survival refs: 69443, Failure refs: 13
Batch update: 48 refs added, 0 existing refs removed (0 new refs dominated)
Survival: 48 refs added, 0 removed (from 48 candidates)
Updated sys_vals: [0, 1]
---
Round: 1449, Unk. prob.: 9.982e-01
Upper probs: 1.750e-03, Lower probs: 0.000e+00
No. of non-dominant refs: 69504, Survival refs: 69491, Failure refs: 13
Batch update: 48 refs added, 0 existing refs removed (0 new refs dominated)
Survival: 48 refs added, 0 removed (from 48 candidates)
Updated sys_vals: [0, 1]
---
Round: 1450, Unk. prob.: 9.981e-01
Upper probs: 1.920e-03, Lower probs: 0.000e+00
No. of non-dominant refs: 69552, Survival refs: 69539, Failure refs: 13
Batch update: 48 refs added, 0 existing refs removed (0 new refs dominated)
Survival: 48 refs added, 0 removed (from 48 candidates)
Updated sys_vals: [0, 1]
---
Round: 1451, Unk. prob.: 9.981e-01
Upper probs: 1.900e-03, Lower probs: 0.000e+00
No. of non-dominant refs: 69600, Survival refs: 69587, Failure refs: 13
Batch update: 48 refs added, 0 existing refs removed (0 new refs dominated)
Survival: 48 refs added, 0 removed (from 48 candidates)
Updated sys_vals: [0, 1]
---
Round: 1452, Unk. prob.: 9.979e-01
Upper probs: 2.100e-03, Lower probs: 0.000e+00
No. of non-dominant refs: 69648, Survival refs: 69635, Failure refs: 13
Batch update: 48 refs added, 0 existing refs removed (0 new refs dominated)
Survival: 48 refs added, 0 removed (from 48 candidates)
Updated sys_vals: [0, 1]
---
Round: 1453, Unk. prob.: 9.982e-01
Upper probs: 1.820e-03, Lower probs: 0.000e+00
No. of non-dominant refs: 69696, Survival refs: 69683, Failure refs: 13
Batch update: 48 refs added, 0 existing refs removed (0 new refs dominated)
Survival: 48 refs added, 0 removed (from 48 candidates)
Updated sys_vals: [0, 1]
---
Round: 1454, Unk. prob.: 9.982e-01
Upper probs: 1.790e-03, Lower probs: 0.000e+00
No. of non-dominant refs: 69744, Survival refs: 69731, Failure refs: 13
Batch update: 48 refs added, 0 existing refs removed (0 new refs dominated)
Survival: 48 refs added, 0 removed (from 48 candidates)
Updated sys_vals: [0, 1]
---
Round: 1455, Unk. prob.: 9.982e-01
Upper probs: 1.820e-03, Lower probs: 0.000e+00
No. of non-dominant refs: 69792, Survival refs: 69779, Failure refs: 13
Batch update: 48 refs added, 0 existing refs removed (0 new refs dominated)
Survival: 48 refs added, 0 removed (from 48 candidates)
Updated sys_vals: [0, 1]
---
Round: 1456, Unk. prob.: 9.980e-01
Upper probs: 2.010e-03, Lower probs: 0.000e+00
No. of non-dominant refs: 69840, Survival refs: 69827, Failure refs: 13
Batch update: 48 refs added, 0 existing refs removed (0 new refs dominated)
Survival: 48 refs added, 0 removed (from 48 candidates)
Updated sys_vals: [0, 1]
---
Round: 1457, Unk. prob.: 9.983e-01
Upper probs: 1.700e-03, Lower probs: 0.000e+00
No. of non-dominant refs: 69888, Survival refs: 69875, Failure refs: 13
Batch update: 48 refs added, 0 existing refs removed (0 new refs dominated)
Survival: 48 refs added, 0 removed (from 48 candidates)
Updated sys_vals: [0, 1]
---
Round: 1458, Unk. prob.: 9.980e-01
Upper probs: 1.970e-03, Lower probs: 0.000e+00
No. of non-dominant refs: 69936, Survival refs: 69923, Failure refs: 13
Batch update: 48 refs added, 0 existing refs removed (0 new refs dominated)
Survival: 48 refs added, 0 removed (from 48 candidates)
Updated sys_vals: [0, 1]
---
Round: 1459, Unk. prob.: 9.983e-01
Upper probs: 1.730e-03, Lower probs: 0.000e+00
No. of non-dominant refs: 69984, Survival refs: 69971, Failure refs: 13
Batch update: 48 refs added, 0 existing refs removed (0 new refs dominated)
Survival: 48 refs added, 0 removed (from 48 candidates)
Updated sys_vals: [0, 1]
---
Round: 1460, Unk. prob.: 9.979e-01
Upper probs: 2.090e-03, Lower probs: 0.000e+00
No. of non-dominant refs: 70032, Survival refs: 70019, Failure refs: 13
Batch update: 48 refs added, 0 existing refs removed (0 new refs dominated)
Survival: 48 refs added, 0 removed (from 48 candidates)
Updated sys_vals: [0, 1]
---
Round: 1461, Unk. prob.: 9.981e-01
Upper probs: 1.900e-03, Lower probs: 0.000e+00
No. of non-dominant refs: 70080, Survival refs: 70067, Failure refs: 13
Batch update: 48 refs added, 0 existing refs removed (0 new refs dominated)
Survival: 48 refs added, 0 removed (from 48 candidates)
Updated sys_vals: [0, 1]
---
Round: 1462, Unk. prob.: 9.983e-01
Upper probs: 1.730e-03, Lower probs: 0.000e+00
No. of non-dominant refs: 70128, Survival refs: 70115, Failure refs: 13
Batch update: 48 refs added, 0 existing refs removed (0 new refs dominated)
Survival: 48 refs added, 0 removed (from 48 candidates)
Updated sys_vals: [0, 1]
---
Round: 1463, Unk. prob.: 9.981e-01
Upper probs: 1.890e-03, Lower probs: 0.000e+00
No. of non-dominant refs: 70176, Survival refs: 70163, Failure refs: 13
Batch update: 48 refs added, 0 existing refs removed (0 new refs dominated)
Survival: 48 refs added, 0 removed (from 48 candidates)
Updated sys_vals: [0, 1]
---
Round: 1464, Unk. prob.: 9.980e-01
Upper probs: 1.970e-03, Lower probs: 0.000e+00
No. of non-dominant refs: 70224, Survival refs: 70211, Failure refs: 13
Batch update: 48 refs added, 0 existing refs removed (0 new refs dominated)
Survival: 48 refs added, 0 removed (from 48 candidates)
Updated sys_vals: [0, 1]
---
Round: 1465, Unk. prob.: 9.982e-01
Upper probs: 1.790e-03, Lower probs: 0.000e+00
No. of non-dominant refs: 70272, Survival refs: 70259, Failure refs: 13
Batch update: 48 refs added, 0 existing refs removed (0 new refs dominated)
Survival: 48 refs added, 0 removed (from 48 candidates)
Updated sys_vals: [0, 1]
---
Round: 1466, Unk. prob.: 9.979e-01
Upper probs: 2.080e-03, Lower probs: 0.000e+00
No. of non-dominant refs: 70320, Survival refs: 70307, Failure refs: 13
Batch update: 48 refs added, 0 existing refs removed (0 new refs dominated)
Survival: 48 refs added, 0 removed (from 48 candidates)
Updated sys_vals: [0, 1]
---
Round: 1467, Unk. prob.: 9.981e-01
Upper probs: 1.910e-03, Lower probs: 0.000e+00
No. of non-dominant refs: 70368, Survival refs: 70355, Failure refs: 13
Batch update: 48 refs added, 0 existing refs removed (0 new refs dominated)
Survival: 48 refs added, 0 removed (from 48 candidates)
Updated sys_vals: [0, 1]
---
Round: 1468, Unk. prob.: 9.981e-01
Upper probs: 1.890e-03, Lower probs: 0.000e+00
No. of non-dominant refs: 70416, Survival refs: 70403, Failure refs: 13
Batch update: 48 refs added, 0 existing refs removed (0 new refs dominated)
Survival: 48 refs added, 0 removed (from 48 candidates)
Updated sys_vals: [0, 1]
---
Round: 1469, Unk. prob.: 9.980e-01
Upper probs: 2.000e-03, Lower probs: 0.000e+00
No. of non-dominant refs: 70464, Survival refs: 70451, Failure refs: 13
Batch update: 48 refs added, 0 existing refs removed (0 new refs dominated)
Survival: 48 refs added, 0 removed (from 48 candidates)
Updated sys_vals: [0, 1]
---
Round: 1470, Unk. prob.: 9.984e-01
Upper probs: 1.560e-03, Lower probs: 0.000e+00
No. of non-dominant refs: 70512, Survival refs: 70499, Failure refs: 13
Batch update: 48 refs added, 0 existing refs removed (0 new refs dominated)
Survival: 48 refs added, 0 removed (from 48 candidates)
Updated sys_vals: [0, 1]
---
Round: 1471, Unk. prob.: 9.980e-01
Upper probs: 2.000e-03, Lower probs: 0.000e+00
No. of non-dominant refs: 70560, Survival refs: 70547, Failure refs: 13
Batch update: 48 refs added, 0 existing refs removed (0 new refs dominated)
Survival: 48 refs added, 0 removed (from 48 candidates)
Updated sys_vals: [0, 1]
---
Round: 1472, Unk. prob.: 9.981e-01
Upper probs: 1.870e-03, Lower probs: 0.000e+00
No. of non-dominant refs: 70608, Survival refs: 70595, Failure refs: 13
Batch update: 48 refs added, 0 existing refs removed (0 new refs dominated)
Survival: 48 refs added, 0 removed (from 48 candidates)
Updated sys_vals: [0, 1]
---
Round: 1473, Unk. prob.: 9.979e-01
Upper probs: 2.140e-03, Lower probs: 0.000e+00
No. of non-dominant refs: 70656, Survival refs: 70643, Failure refs: 13
Batch update: 48 refs added, 0 existing refs removed (0 new refs dominated)
Survival: 48 refs added, 0 removed (from 48 candidates)
Updated sys_vals: [0, 1]
---
Round: 1474, Unk. prob.: 9.980e-01
Upper probs: 1.980e-03, Lower probs: 0.000e+00
No. of non-dominant refs: 70704, Survival refs: 70691, Failure refs: 13
Batch update: 48 refs added, 0 existing refs removed (0 new refs dominated)
Survival: 48 refs added, 0 removed (from 48 candidates)
Updated sys_vals: [0, 1]
---
Round: 1475, Unk. prob.: 9.982e-01
Upper probs: 1.810e-03, Lower probs: 0.000e+00
No. of non-dominant refs: 70752, Survival refs: 70739, Failure refs: 13
Batch update: 48 refs added, 0 existing refs removed (0 new refs dominated)
Survival: 48 refs added, 0 removed (from 48 candidates)
Updated sys_vals: [0, 1]
---
Round: 1476, Unk. prob.: 9.979e-01
Upper probs: 2.140e-03, Lower probs: 0.000e+00
No. of non-dominant refs: 70800, Survival refs: 70787, Failure refs: 13
Batch update: 48 refs added, 0 existing refs removed (0 new refs dominated)
Survival: 48 refs added, 0 removed (from 48 candidates)
Updated sys_vals: [0, 1]
---
Round: 1477, Unk. prob.: 9.980e-01
Upper probs: 2.030e-03, Lower probs: 0.000e+00
No. of non-dominant refs: 70848, Survival refs: 70835, Failure refs: 13
Batch update: 48 refs added, 0 existing refs removed (0 new refs dominated)
Survival: 48 refs added, 0 removed (from 48 candidates)
Updated sys_vals: [0, 1]
---
Round: 1478, Unk. prob.: 9.977e-01
Upper probs: 2.260e-03, Lower probs: 0.000e+00
No. of non-dominant refs: 70896, Survival refs: 70883, Failure refs: 13
Batch update: 48 refs added, 0 existing refs removed (0 new refs dominated)
Survival: 48 refs added, 0 removed (from 48 candidates)
Updated sys_vals: [0, 1]
---
Round: 1479, Unk. prob.: 9.982e-01
Upper probs: 1.780e-03, Lower probs: 0.000e+00
No. of non-dominant refs: 70944, Survival refs: 70931, Failure refs: 13
Batch update: 48 refs added, 0 existing refs removed (0 new refs dominated)
Survival: 48 refs added, 0 removed (from 48 candidates)
Updated sys_vals: [0, 1]
---
Round: 1480, Unk. prob.: 9.982e-01
Upper probs: 1.750e-03, Lower probs: 0.000e+00
No. of non-dominant refs: 70992, Survival refs: 70979, Failure refs: 13
Batch update: 48 refs added, 0 existing refs removed (0 new refs dominated)
Survival: 48 refs added, 0 removed (from 48 candidates)
Updated sys_vals: [0, 1]
---
Round: 1481, Unk. prob.: 9.982e-01
Upper probs: 1.840e-03, Lower probs: 0.000e+00
No. of non-dominant refs: 71040, Survival refs: 71027, Failure refs: 13
Batch update: 48 refs added, 0 existing refs removed (0 new refs dominated)
Survival: 48 refs added, 0 removed (from 48 candidates)
Updated sys_vals: [0, 1]
---
Round: 1482, Unk. prob.: 9.981e-01
Upper probs: 1.940e-03, Lower probs: 0.000e+00
No. of non-dominant refs: 71088, Survival refs: 71075, Failure refs: 13
Batch update: 48 refs added, 0 existing refs removed (0 new refs dominated)
Survival: 48 refs added, 0 removed (from 48 candidates)
Updated sys_vals: [0, 1]
---
Round: 1483, Unk. prob.: 9.980e-01
Upper probs: 2.010e-03, Lower probs: 0.000e+00
No. of non-dominant refs: 71136, Survival refs: 71123, Failure refs: 13
Batch update: 48 refs added, 0 existing refs removed (0 new refs dominated)
Survival: 48 refs added, 0 removed (from 48 candidates)
Updated sys_vals: [0, 1]
---
Round: 1484, Unk. prob.: 9.980e-01
Upper probs: 2.020e-03, Lower probs: 0.000e+00
No. of non-dominant refs: 71184, Survival refs: 71171, Failure refs: 13
Batch update: 48 refs added, 0 existing refs removed (0 new refs dominated)
Survival: 48 refs added, 0 removed (from 48 candidates)
Updated sys_vals: [0, 1]
---
Round: 1485, Unk. prob.: 9.981e-01
Upper probs: 1.880e-03, Lower probs: 0.000e+00
No. of non-dominant refs: 71232, Survival refs: 71219, Failure refs: 13
Batch update: 48 refs added, 0 existing refs removed (0 new refs dominated)
Survival: 48 refs added, 0 removed (from 48 candidates)
Updated sys_vals: [0, 1]
---
Round: 1486, Unk. prob.: 9.981e-01
Upper probs: 1.900e-03, Lower probs: 0.000e+00
No. of non-dominant refs: 71280, Survival refs: 71267, Failure refs: 13
Batch update: 48 refs added, 0 existing refs removed (0 new refs dominated)
Survival: 48 refs added, 0 removed (from 48 candidates)
Updated sys_vals: [0, 1]
---
Round: 1487, Unk. prob.: 9.980e-01
Upper probs: 2.010e-03, Lower probs: 0.000e+00
No. of non-dominant refs: 71328, Survival refs: 71315, Failure refs: 13
Batch update: 48 refs added, 0 existing refs removed (0 new refs dominated)
Survival: 48 refs added, 0 removed (from 48 candidates)
Updated sys_vals: [0, 1]
---
Round: 1488, Unk. prob.: 9.979e-01
Upper probs: 2.100e-03, Lower probs: 0.000e+00
No. of non-dominant refs: 71376, Survival refs: 71363, Failure refs: 13
Batch update: 48 refs added, 0 existing refs removed (0 new refs dominated)
Survival: 48 refs added, 0 removed (from 48 candidates)
Updated sys_vals: [0, 1]
---
Round: 1489, Unk. prob.: 9.980e-01
Upper probs: 1.950e-03, Lower probs: 0.000e+00
No. of non-dominant refs: 71424, Survival refs: 71411, Failure refs: 13
Batch update: 48 refs added, 0 existing refs removed (0 new refs dominated)
Survival: 48 refs added, 0 removed (from 48 candidates)
Updated sys_vals: [0, 1]
---
Round: 1490, Unk. prob.: 9.982e-01
Upper probs: 1.780e-03, Lower probs: 0.000e+00
No. of non-dominant refs: 71472, Survival refs: 71459, Failure refs: 13
Batch update: 48 refs added, 0 existing refs removed (0 new refs dominated)
Survival: 48 refs added, 0 removed (from 48 candidates)
Updated sys_vals: [0, 1]
---
Round: 1491, Unk. prob.: 9.982e-01
Upper probs: 1.800e-03, Lower probs: 0.000e+00
No. of non-dominant refs: 71520, Survival refs: 71507, Failure refs: 13
Batch update: 48 refs added, 0 existing refs removed (0 new refs dominated)
Survival: 48 refs added, 0 removed (from 48 candidates)
Updated sys_vals: [0, 1]
---
Round: 1492, Unk. prob.: 9.981e-01
Upper probs: 1.930e-03, Lower probs: 0.000e+00
No. of non-dominant refs: 71568, Survival refs: 71555, Failure refs: 13
Batch update: 48 refs added, 0 existing refs removed (0 new refs dominated)
Survival: 48 refs added, 0 removed (from 48 candidates)
Updated sys_vals: [0, 1]
---
Round: 1493, Unk. prob.: 9.981e-01
Upper probs: 1.870e-03, Lower probs: 0.000e+00
No. of non-dominant refs: 71616, Survival refs: 71603, Failure refs: 13
Batch update: 48 refs added, 0 existing refs removed (0 new refs dominated)
Survival: 48 refs added, 0 removed (from 48 candidates)
Updated sys_vals: [0, 1]
---
Round: 1494, Unk. prob.: 9.982e-01
Upper probs: 1.790e-03, Lower probs: 0.000e+00
No. of non-dominant refs: 71664, Survival refs: 71651, Failure refs: 13
Batch update: 48 refs added, 0 existing refs removed (0 new refs dominated)
Survival: 48 refs added, 0 removed (from 48 candidates)
Updated sys_vals: [0, 1]
---
Round: 1495, Unk. prob.: 9.982e-01
Upper probs: 1.810e-03, Lower probs: 0.000e+00
No. of non-dominant refs: 71712, Survival refs: 71699, Failure refs: 13
Batch update: 48 refs added, 0 existing refs removed (0 new refs dominated)
Survival: 48 refs added, 0 removed (from 48 candidates)
Updated sys_vals: [0, 1]
---
Round: 1496, Unk. prob.: 9.981e-01
Upper probs: 1.910e-03, Lower probs: 0.000e+00
No. of non-dominant refs: 71760, Survival refs: 71747, Failure refs: 13
Batch update: 48 refs added, 0 existing refs removed (0 new refs dominated)
Survival: 48 refs added, 0 removed (from 48 candidates)
Updated sys_vals: [0, 1]
---
Round: 1497, Unk. prob.: 9.982e-01
Upper probs: 1.830e-03, Lower probs: 0.000e+00
No. of non-dominant refs: 71808, Survival refs: 71795, Failure refs: 13
Batch update: 48 refs added, 0 existing refs removed (0 new refs dominated)
Survival: 48 refs added, 0 removed (from 48 candidates)
Updated sys_vals: [0, 1]
---
Round: 1498, Unk. prob.: 9.978e-01
Upper probs: 2.160e-03, Lower probs: 0.000e+00
No. of non-dominant refs: 71856, Survival refs: 71843, Failure refs: 13
Batch update: 48 refs added, 0 existing refs removed (0 new refs dominated)
Survival: 48 refs added, 0 removed (from 48 candidates)
Updated sys_vals: [0, 1]
---
Round: 1499, Unk. prob.: 9.980e-01
Upper probs: 1.990e-03, Lower probs: 0.000e+00
No. of non-dominant refs: 71904, Survival refs: 71891, Failure refs: 13
Batch update: 48 refs added, 0 existing refs removed (0 new refs dominated)
Survival: 48 refs added, 0 removed (from 48 candidates)
Updated sys_vals: [0, 1]
---
Round: 1500, Unk. prob.: 9.980e-01
Upper probs: 2.050e-03, Lower probs: 0.000e+00
No. of non-dominant refs: 71952, Survival refs: 71939, Failure refs: 13
Batch update: 48 refs added, 0 existing refs removed (0 new refs dominated)
Survival: 48 refs added, 0 removed (from 48 candidates)
Updated sys_vals: [0, 1]
---
Probs: 'upper':  1.977e-03, 'lower':  0.000e+00, 'unkn':  9.980e-01
---
Round: 1501, Unk. prob.: 9.980e-01
Upper probs: 1.977e-03, Lower probs: 0.000e+00
No. of non-dominant refs: 72000, Survival refs: 71987, Failure refs: 13
Batch update: 48 refs added, 0 existing refs removed (0 new refs dominated)
Survival: 48 refs added, 0 removed (from 48 candidates)
Updated sys_vals: [0, 1]
---
Round: 1502, Unk. prob.: 9.983e-01
Upper probs: 1.670e-03, Lower probs: 0.000e+00
No. of non-dominant refs: 72048, Survival refs: 72035, Failure refs: 13
Batch update: 48 refs added, 0 existing refs removed (0 new refs dominated)
Survival: 48 refs added, 0 removed (from 48 candidates)
Updated sys_vals: [0, 1]
---
Round: 1503, Unk. prob.: 9.981e-01
Upper probs: 1.940e-03, Lower probs: 0.000e+00
No. of non-dominant refs: 72096, Survival refs: 72083, Failure refs: 13
Batch update: 48 refs added, 0 existing refs removed (0 new refs dominated)
Survival: 48 refs added, 0 removed (from 48 candidates)
Updated sys_vals: [0, 1]
---
Round: 1504, Unk. prob.: 9.981e-01
Upper probs: 1.890e-03, Lower probs: 0.000e+00
No. of non-dominant refs: 72144, Survival refs: 72131, Failure refs: 13
Batch update: 48 refs added, 0 existing refs removed (0 new refs dominated)
Survival: 48 refs added, 0 removed (from 48 candidates)
Updated sys_vals: [0, 1]
---
Round: 1505, Unk. prob.: 9.980e-01
Upper probs: 1.950e-03, Lower probs: 0.000e+00
No. of non-dominant refs: 72192, Survival refs: 72179, Failure refs: 13
Batch update: 48 refs added, 0 existing refs removed (0 new refs dominated)
Survival: 48 refs added, 0 removed (from 48 candidates)
Updated sys_vals: [0, 1]
---
Round: 1506, Unk. prob.: 9.980e-01
Upper probs: 2.000e-03, Lower probs: 0.000e+00
No. of non-dominant refs: 72240, Survival refs: 72227, Failure refs: 13
Batch update: 48 refs added, 0 existing refs removed (0 new refs dominated)
Survival: 48 refs added, 0 removed (from 48 candidates)
Updated sys_vals: [0, 1]
---
Round: 1507, Unk. prob.: 9.981e-01
Upper probs: 1.850e-03, Lower probs: 0.000e+00
No. of non-dominant refs: 72288, Survival refs: 72275, Failure refs: 13
Batch update: 48 refs added, 0 existing refs removed (0 new refs dominated)
Survival: 48 refs added, 0 removed (from 48 candidates)
Updated sys_vals: [0, 1]
---
Round: 1508, Unk. prob.: 9.982e-01
Upper probs: 1.810e-03, Lower probs: 0.000e+00
No. of non-dominant refs: 72336, Survival refs: 72323, Failure refs: 13
Batch update: 48 refs added, 0 existing refs removed (0 new refs dominated)
Survival: 48 refs added, 0 removed (from 48 candidates)
Updated sys_vals: [0, 1]
---
Round: 1509, Unk. prob.: 9.979e-01
Upper probs: 2.150e-03, Lower probs: 0.000e+00
No. of non-dominant refs: 72384, Survival refs: 72371, Failure refs: 13
Batch update: 48 refs added, 0 existing refs removed (0 new refs dominated)
Survival: 48 refs added, 0 removed (from 48 candidates)
Updated sys_vals: [0, 1]
---
Round: 1510, Unk. prob.: 9.981e-01
Upper probs: 1.900e-03, Lower probs: 0.000e+00
No. of non-dominant refs: 72432, Survival refs: 72419, Failure refs: 13
Batch update: 48 refs added, 0 existing refs removed (0 new refs dominated)
Survival: 48 refs added, 0 removed (from 48 candidates)
Updated sys_vals: [0, 1]
---
Round: 1511, Unk. prob.: 9.982e-01
Upper probs: 1.840e-03, Lower probs: 0.000e+00
No. of non-dominant refs: 72480, Survival refs: 72467, Failure refs: 13
Batch update: 48 refs added, 0 existing refs removed (0 new refs dominated)
Survival: 48 refs added, 0 removed (from 48 candidates)
Updated sys_vals: [0, 1]
---
Round: 1512, Unk. prob.: 9.980e-01
Upper probs: 2.040e-03, Lower probs: 0.000e+00
No. of non-dominant refs: 72528, Survival refs: 72515, Failure refs: 13
Batch update: 48 refs added, 0 existing refs removed (0 new refs dominated)
Survival: 48 refs added, 0 removed (from 48 candidates)
Updated sys_vals: [0, 1]
---
Round: 1513, Unk. prob.: 9.979e-01
Upper probs: 2.120e-03, Lower probs: 0.000e+00
No. of non-dominant refs: 72576, Survival refs: 72563, Failure refs: 13
Batch update: 48 refs added, 0 existing refs removed (0 new refs dominated)
Survival: 48 refs added, 0 removed (from 48 candidates)
Updated sys_vals: [0, 1]
---
Round: 1514, Unk. prob.: 9.981e-01
Upper probs: 1.890e-03, Lower probs: 0.000e+00
No. of non-dominant refs: 72624, Survival refs: 72611, Failure refs: 13
Batch update: 48 refs added, 0 existing refs removed (0 new refs dominated)
Survival: 48 refs added, 0 removed (from 48 candidates)
Updated sys_vals: [0, 1]
---
Round: 1515, Unk. prob.: 9.981e-01
Upper probs: 1.920e-03, Lower probs: 0.000e+00
No. of non-dominant refs: 72672, Survival refs: 72659, Failure refs: 13
Batch update: 48 refs added, 0 existing refs removed (0 new refs dominated)
Survival: 48 refs added, 0 removed (from 48 candidates)
Updated sys_vals: [0, 1]
---
Round: 1516, Unk. prob.: 9.978e-01
Upper probs: 2.220e-03, Lower probs: 0.000e+00
No. of non-dominant refs: 72720, Survival refs: 72707, Failure refs: 13
Batch update: 48 refs added, 0 existing refs removed (0 new refs dominated)
Survival: 48 refs added, 0 removed (from 48 candidates)
Updated sys_vals: [0, 1]
---
Round: 1517, Unk. prob.: 9.982e-01
Upper probs: 1.780e-03, Lower probs: 0.000e+00
No. of non-dominant refs: 72768, Survival refs: 72755, Failure refs: 13
Batch update: 48 refs added, 0 existing refs removed (0 new refs dominated)
Survival: 48 refs added, 0 removed (from 48 candidates)
Updated sys_vals: [0, 1]
---
Round: 1518, Unk. prob.: 9.981e-01
Upper probs: 1.860e-03, Lower probs: 0.000e+00
No. of non-dominant refs: 72816, Survival refs: 72803, Failure refs: 13
Batch update: 48 refs added, 0 existing refs removed (0 new refs dominated)
Survival: 48 refs added, 0 removed (from 48 candidates)
Updated sys_vals: [0, 1]
---
Round: 1519, Unk. prob.: 9.983e-01
Upper probs: 1.730e-03, Lower probs: 0.000e+00
No. of non-dominant refs: 72864, Survival refs: 72851, Failure refs: 13
Batch update: 48 refs added, 0 existing refs removed (0 new refs dominated)
Survival: 48 refs added, 0 removed (from 48 candidates)
Updated sys_vals: [0, 1]
---
Round: 1520, Unk. prob.: 9.981e-01
Upper probs: 1.930e-03, Lower probs: 0.000e+00
No. of non-dominant refs: 72912, Survival refs: 72899, Failure refs: 13
Batch update: 48 refs added, 0 existing refs removed (0 new refs dominated)
Survival: 48 refs added, 0 removed (from 48 candidates)
Updated sys_vals: [0, 1]
---
Round: 1521, Unk. prob.: 9.983e-01
Upper probs: 1.680e-03, Lower probs: 0.000e+00
No. of non-dominant refs: 72960, Survival refs: 72947, Failure refs: 13
Batch update: 48 refs added, 0 existing refs removed (0 new refs dominated)
Survival: 48 refs added, 0 removed (from 48 candidates)
Updated sys_vals: [0, 1]
---
Round: 1522, Unk. prob.: 9.979e-01
Upper probs: 2.060e-03, Lower probs: 0.000e+00
No. of non-dominant refs: 73008, Survival refs: 72995, Failure refs: 13
Batch update: 48 refs added, 0 existing refs removed (0 new refs dominated)
Survival: 48 refs added, 0 removed (from 48 candidates)
Updated sys_vals: [0, 1]
---
Round: 1523, Unk. prob.: 9.979e-01
Upper probs: 2.140e-03, Lower probs: 0.000e+00
No. of non-dominant refs: 73056, Survival refs: 73043, Failure refs: 13
Batch update: 48 refs added, 0 existing refs removed (0 new refs dominated)
Survival: 48 refs added, 0 removed (from 48 candidates)
Updated sys_vals: [0, 1]
---
Round: 1524, Unk. prob.: 9.981e-01
Upper probs: 1.910e-03, Lower probs: 0.000e+00
No. of non-dominant refs: 73104, Survival refs: 73091, Failure refs: 13
Batch update: 48 refs added, 0 existing refs removed (0 new refs dominated)
Survival: 48 refs added, 0 removed (from 48 candidates)
Updated sys_vals: [0, 1]
---
Round: 1525, Unk. prob.: 9.980e-01
Upper probs: 1.980e-03, Lower probs: 0.000e+00
No. of non-dominant refs: 73152, Survival refs: 73139, Failure refs: 13
Batch update: 48 refs added, 0 existing refs removed (0 new refs dominated)
Survival: 48 refs added, 0 removed (from 48 candidates)
Updated sys_vals: [0, 1]
---
Round: 1526, Unk. prob.: 9.982e-01
Upper probs: 1.810e-03, Lower probs: 0.000e+00
No. of non-dominant refs: 73200, Survival refs: 73187, Failure refs: 13
Batch update: 48 refs added, 0 existing refs removed (0 new refs dominated)
Survival: 48 refs added, 0 removed (from 48 candidates)
Updated sys_vals: [0, 1]
---
Round: 1527, Unk. prob.: 9.981e-01
Upper probs: 1.880e-03, Lower probs: 0.000e+00
No. of non-dominant refs: 73248, Survival refs: 73235, Failure refs: 13
Batch update: 48 refs added, 0 existing refs removed (0 new refs dominated)
Survival: 48 refs added, 0 removed (from 48 candidates)
Updated sys_vals: [0, 1]
---
Round: 1528, Unk. prob.: 9.979e-01
Upper probs: 2.130e-03, Lower probs: 0.000e+00
No. of non-dominant refs: 73296, Survival refs: 73283, Failure refs: 13
Batch update: 48 refs added, 0 existing refs removed (0 new refs dominated)
Survival: 48 refs added, 0 removed (from 48 candidates)
Updated sys_vals: [0, 1]
---
Round: 1529, Unk. prob.: 9.982e-01
Upper probs: 1.790e-03, Lower probs: 0.000e+00
No. of non-dominant refs: 73344, Survival refs: 73331, Failure refs: 13
Batch update: 48 refs added, 0 existing refs removed (0 new refs dominated)
Survival: 48 refs added, 0 removed (from 48 candidates)
Updated sys_vals: [0, 1]
---
Round: 1530, Unk. prob.: 9.980e-01
Upper probs: 1.980e-03, Lower probs: 0.000e+00
No. of non-dominant refs: 73392, Survival refs: 73379, Failure refs: 13
Batch update: 48 refs added, 0 existing refs removed (0 new refs dominated)
Survival: 48 refs added, 0 removed (from 48 candidates)
Updated sys_vals: [0, 1]
---
Round: 1531, Unk. prob.: 9.980e-01
Upper probs: 2.020e-03, Lower probs: 0.000e+00
No. of non-dominant refs: 73440, Survival refs: 73427, Failure refs: 13
Batch update: 48 refs added, 0 existing refs removed (0 new refs dominated)
Survival: 48 refs added, 0 removed (from 48 candidates)
Updated sys_vals: [0, 1]
---
Round: 1532, Unk. prob.: 9.982e-01
Upper probs: 1.830e-03, Lower probs: 0.000e+00
No. of non-dominant refs: 73488, Survival refs: 73475, Failure refs: 13
Batch update: 48 refs added, 0 existing refs removed (0 new refs dominated)
Survival: 48 refs added, 0 removed (from 48 candidates)
Updated sys_vals: [0, 1]
---
Round: 1533, Unk. prob.: 9.983e-01
Upper probs: 1.730e-03, Lower probs: 0.000e+00
No. of non-dominant refs: 73536, Survival refs: 73523, Failure refs: 13
Batch update: 48 refs added, 0 existing refs removed (0 new refs dominated)
Survival: 48 refs added, 0 removed (from 48 candidates)
Updated sys_vals: [0, 1]
---
Round: 1534, Unk. prob.: 9.978e-01
Upper probs: 2.180e-03, Lower probs: 0.000e+00
No. of non-dominant refs: 73584, Survival refs: 73571, Failure refs: 13
Batch update: 48 refs added, 0 existing refs removed (0 new refs dominated)
Survival: 48 refs added, 0 removed (from 48 candidates)
Updated sys_vals: [0, 1]
---
Round: 1535, Unk. prob.: 9.981e-01
Upper probs: 1.920e-03, Lower probs: 0.000e+00
No. of non-dominant refs: 73632, Survival refs: 73619, Failure refs: 13
Batch update: 48 refs added, 0 existing refs removed (0 new refs dominated)
Survival: 48 refs added, 0 removed (from 48 candidates)
Updated sys_vals: [0, 1]
---
Round: 1536, Unk. prob.: 9.981e-01
Upper probs: 1.870e-03, Lower probs: 0.000e+00
No. of non-dominant refs: 73680, Survival refs: 73667, Failure refs: 13
Batch update: 48 refs added, 0 existing refs removed (0 new refs dominated)
Survival: 48 refs added, 0 removed (from 48 candidates)
Updated sys_vals: [0, 1]
---
Round: 1537, Unk. prob.: 9.980e-01
Upper probs: 2.030e-03, Lower probs: 0.000e+00
No. of non-dominant refs: 73728, Survival refs: 73715, Failure refs: 13
Batch update: 48 refs added, 0 existing refs removed (0 new refs dominated)
Survival: 48 refs added, 0 removed (from 48 candidates)
Updated sys_vals: [0, 1]
---
Round: 1538, Unk. prob.: 9.984e-01
Upper probs: 1.550e-03, Lower probs: 0.000e+00
No. of non-dominant refs: 73776, Survival refs: 73763, Failure refs: 13
Batch update: 48 refs added, 0 existing refs removed (0 new refs dominated)
Survival: 48 refs added, 0 removed (from 48 candidates)
Updated sys_vals: [0, 1]
---
Round: 1539, Unk. prob.: 9.979e-01
Upper probs: 2.080e-03, Lower probs: 0.000e+00
No. of non-dominant refs: 73824, Survival refs: 73811, Failure refs: 13
Batch update: 48 refs added, 0 existing refs removed (0 new refs dominated)
Survival: 48 refs added, 0 removed (from 48 candidates)
Updated sys_vals: [0, 1]
---
Round: 1540, Unk. prob.: 9.981e-01
Upper probs: 1.920e-03, Lower probs: 0.000e+00
No. of non-dominant refs: 73872, Survival refs: 73859, Failure refs: 13
Batch update: 48 refs added, 0 existing refs removed (0 new refs dominated)
Survival: 48 refs added, 0 removed (from 48 candidates)
Updated sys_vals: [0, 1]
---
Round: 1541, Unk. prob.: 9.983e-01
Upper probs: 1.670e-03, Lower probs: 0.000e+00
No. of non-dominant refs: 73920, Survival refs: 73907, Failure refs: 13
Batch update: 48 refs added, 0 existing refs removed (0 new refs dominated)
Survival: 48 refs added, 0 removed (from 48 candidates)
Updated sys_vals: [0, 1]
---
Round: 1542, Unk. prob.: 9.980e-01
Upper probs: 2.000e-03, Lower probs: 0.000e+00
No. of non-dominant refs: 73968, Survival refs: 73955, Failure refs: 13
Batch update: 48 refs added, 0 existing refs removed (0 new refs dominated)
Survival: 48 refs added, 0 removed (from 48 candidates)
Updated sys_vals: [0, 1]
---
Round: 1543, Unk. prob.: 9.979e-01
Upper probs: 2.110e-03, Lower probs: 0.000e+00
No. of non-dominant refs: 74016, Survival refs: 74003, Failure refs: 13
Batch update: 48 refs added, 0 existing refs removed (0 new refs dominated)
Survival: 48 refs added, 0 removed (from 48 candidates)
Updated sys_vals: [0, 1]
---
Round: 1544, Unk. prob.: 9.982e-01
Upper probs: 1.770e-03, Lower probs: 0.000e+00
No. of non-dominant refs: 74064, Survival refs: 74051, Failure refs: 13
Batch update: 48 refs added, 0 existing refs removed (0 new refs dominated)
Survival: 48 refs added, 0 removed (from 48 candidates)
Updated sys_vals: [0, 1]
---
Round: 1545, Unk. prob.: 9.981e-01
Upper probs: 1.890e-03, Lower probs: 0.000e+00
No. of non-dominant refs: 74112, Survival refs: 74099, Failure refs: 13
Batch update: 48 refs added, 0 existing refs removed (0 new refs dominated)
Survival: 48 refs added, 0 removed (from 48 candidates)
Updated sys_vals: [0, 1]
---
Round: 1546, Unk. prob.: 9.978e-01
Upper probs: 2.170e-03, Lower probs: 0.000e+00
No. of non-dominant refs: 74160, Survival refs: 74147, Failure refs: 13
Batch update: 48 refs added, 0 existing refs removed (0 new refs dominated)
Survival: 48 refs added, 0 removed (from 48 candidates)
Updated sys_vals: [0, 1]
---
Round: 1547, Unk. prob.: 9.980e-01
Upper probs: 2.010e-03, Lower probs: 0.000e+00
No. of non-dominant refs: 74208, Survival refs: 74195, Failure refs: 13
Batch update: 48 refs added, 0 existing refs removed (0 new refs dominated)
Survival: 48 refs added, 0 removed (from 48 candidates)
Updated sys_vals: [0, 1]
---
Round: 1548, Unk. prob.: 9.981e-01
Upper probs: 1.910e-03, Lower probs: 0.000e+00
No. of non-dominant refs: 74256, Survival refs: 74243, Failure refs: 13
Batch update: 48 refs added, 0 existing refs removed (0 new refs dominated)
Survival: 48 refs added, 0 removed (from 48 candidates)
Updated sys_vals: [0, 1]
---
Round: 1549, Unk. prob.: 9.980e-01
Upper probs: 2.000e-03, Lower probs: 0.000e+00
No. of non-dominant refs: 74304, Survival refs: 74291, Failure refs: 13
Batch update: 48 refs added, 0 existing refs removed (0 new refs dominated)
Survival: 48 refs added, 0 removed (from 48 candidates)
Updated sys_vals: [0, 1]
---
Round: 1550, Unk. prob.: 9.978e-01
Upper probs: 2.200e-03, Lower probs: 0.000e+00
No. of non-dominant refs: 74352, Survival refs: 74339, Failure refs: 13
Batch update: 48 refs added, 0 existing refs removed (0 new refs dominated)
Survival: 48 refs added, 0 removed (from 48 candidates)
Updated sys_vals: [0, 1]
---
Round: 1551, Unk. prob.: 9.980e-01
Upper probs: 2.050e-03, Lower probs: 0.000e+00
No. of non-dominant refs: 74400, Survival refs: 74387, Failure refs: 13
Batch update: 48 refs added, 0 existing refs removed (0 new refs dominated)
Survival: 48 refs added, 0 removed (from 48 candidates)
Updated sys_vals: [0, 1]
---
Round: 1552, Unk. prob.: 9.980e-01
Upper probs: 2.030e-03, Lower probs: 0.000e+00
No. of non-dominant refs: 74448, Survival refs: 74435, Failure refs: 13
Batch update: 48 refs added, 0 existing refs removed (0 new refs dominated)
Survival: 48 refs added, 0 removed (from 48 candidates)
Updated sys_vals: [0, 1]
---
Round: 1553, Unk. prob.: 9.979e-01
Upper probs: 2.060e-03, Lower probs: 0.000e+00
No. of non-dominant refs: 74496, Survival refs: 74483, Failure refs: 13
Batch update: 48 refs added, 0 existing refs removed (0 new refs dominated)
Survival: 48 refs added, 0 removed (from 48 candidates)
Updated sys_vals: [0, 1]
---
Round: 1554, Unk. prob.: 9.983e-01
Upper probs: 1.650e-03, Lower probs: 0.000e+00
No. of non-dominant refs: 74544, Survival refs: 74531, Failure refs: 13
Batch update: 48 refs added, 0 existing refs removed (0 new refs dominated)
Survival: 48 refs added, 0 removed (from 48 candidates)
Updated sys_vals: [0, 1]
---
Round: 1555, Unk. prob.: 9.982e-01
Upper probs: 1.780e-03, Lower probs: 0.000e+00
No. of non-dominant refs: 74592, Survival refs: 74579, Failure refs: 13
Batch update: 48 refs added, 0 existing refs removed (0 new refs dominated)
Survival: 48 refs added, 0 removed (from 48 candidates)
Updated sys_vals: [0, 1]
---
Round: 1556, Unk. prob.: 9.980e-01
Upper probs: 1.980e-03, Lower probs: 0.000e+00
No. of non-dominant refs: 74640, Survival refs: 74627, Failure refs: 13
Batch update: 48 refs added, 0 existing refs removed (0 new refs dominated)
Survival: 48 refs added, 0 removed (from 48 candidates)
Updated sys_vals: [0, 1]
---
Round: 1557, Unk. prob.: 9.981e-01
Upper probs: 1.940e-03, Lower probs: 0.000e+00
No. of non-dominant refs: 74688, Survival refs: 74675, Failure refs: 13
Batch update: 48 refs added, 0 existing refs removed (0 new refs dominated)
Survival: 48 refs added, 0 removed (from 48 candidates)
Updated sys_vals: [0, 1]
---
Round: 1558, Unk. prob.: 9.979e-01
Upper probs: 2.110e-03, Lower probs: 0.000e+00
No. of non-dominant refs: 74736, Survival refs: 74723, Failure refs: 13
Batch update: 48 refs added, 0 existing refs removed (0 new refs dominated)
Survival: 48 refs added, 0 removed (from 48 candidates)
Updated sys_vals: [0, 1]
---
Round: 1559, Unk. prob.: 9.978e-01
Upper probs: 2.180e-03, Lower probs: 0.000e+00
No. of non-dominant refs: 74784, Survival refs: 74771, Failure refs: 13
Batch update: 48 refs added, 0 existing refs removed (0 new refs dominated)
Survival: 48 refs added, 0 removed (from 48 candidates)
Updated sys_vals: [0, 1]
---
Round: 1560, Unk. prob.: 9.981e-01
Upper probs: 1.910e-03, Lower probs: 0.000e+00
No. of non-dominant refs: 74832, Survival refs: 74819, Failure refs: 13
Batch update: 48 refs added, 0 existing refs removed (0 new refs dominated)
Survival: 48 refs added, 0 removed (from 48 candidates)
Updated sys_vals: [0, 1]
---
Round: 1561, Unk. prob.: 9.978e-01
Upper probs: 2.210e-03, Lower probs: 0.000e+00
No. of non-dominant refs: 74880, Survival refs: 74867, Failure refs: 13
Batch update: 48 refs added, 0 existing refs removed (0 new refs dominated)
Survival: 48 refs added, 0 removed (from 48 candidates)
Updated sys_vals: [0, 1]
---
Round: 1562, Unk. prob.: 9.981e-01
Upper probs: 1.870e-03, Lower probs: 0.000e+00
No. of non-dominant refs: 74928, Survival refs: 74915, Failure refs: 13
Batch update: 48 refs added, 0 existing refs removed (0 new refs dominated)
Survival: 48 refs added, 0 removed (from 48 candidates)
Updated sys_vals: [0, 1]
---
Round: 1563, Unk. prob.: 9.981e-01
Upper probs: 1.850e-03, Lower probs: 0.000e+00
No. of non-dominant refs: 74976, Survival refs: 74963, Failure refs: 13
Batch update: 48 refs added, 0 existing refs removed (0 new refs dominated)
Survival: 48 refs added, 0 removed (from 48 candidates)
Updated sys_vals: [0, 1]
---
Round: 1564, Unk. prob.: 9.979e-01
Upper probs: 2.100e-03, Lower probs: 0.000e+00
No. of non-dominant refs: 75024, Survival refs: 75011, Failure refs: 13
Batch update: 48 refs added, 0 existing refs removed (0 new refs dominated)
Survival: 48 refs added, 0 removed (from 48 candidates)
Updated sys_vals: [0, 1]
---
Round: 1565, Unk. prob.: 9.978e-01
Upper probs: 2.170e-03, Lower probs: 0.000e+00
No. of non-dominant refs: 75072, Survival refs: 75059, Failure refs: 13
Batch update: 48 refs added, 0 existing refs removed (0 new refs dominated)
Survival: 48 refs added, 0 removed (from 48 candidates)
Updated sys_vals: [0, 1]
---
Round: 1566, Unk. prob.: 9.981e-01
Upper probs: 1.900e-03, Lower probs: 0.000e+00
No. of non-dominant refs: 75120, Survival refs: 75107, Failure refs: 13
Batch update: 48 refs added, 0 existing refs removed (0 new refs dominated)
Survival: 48 refs added, 0 removed (from 48 candidates)
Updated sys_vals: [0, 1]
---
Round: 1567, Unk. prob.: 9.982e-01
Upper probs: 1.790e-03, Lower probs: 0.000e+00
No. of non-dominant refs: 75168, Survival refs: 75155, Failure refs: 13
Batch update: 48 refs added, 0 existing refs removed (0 new refs dominated)
Survival: 48 refs added, 0 removed (from 48 candidates)
Updated sys_vals: [0, 1]
---
Round: 1568, Unk. prob.: 9.981e-01
Upper probs: 1.920e-03, Lower probs: 0.000e+00
No. of non-dominant refs: 75216, Survival refs: 75203, Failure refs: 13
Batch update: 48 refs added, 0 existing refs removed (0 new refs dominated)
Survival: 48 refs added, 0 removed (from 48 candidates)
Updated sys_vals: [0, 1]
---
Round: 1569, Unk. prob.: 9.979e-01
Upper probs: 2.070e-03, Lower probs: 0.000e+00
No. of non-dominant refs: 75264, Survival refs: 75251, Failure refs: 13
Batch update: 48 refs added, 0 existing refs removed (0 new refs dominated)
Survival: 48 refs added, 0 removed (from 48 candidates)
Updated sys_vals: [0, 1]
---
Round: 1570, Unk. prob.: 9.981e-01
Upper probs: 1.860e-03, Lower probs: 0.000e+00
No. of non-dominant refs: 75312, Survival refs: 75299, Failure refs: 13
Batch update: 48 refs added, 0 existing refs removed (0 new refs dominated)
Survival: 48 refs added, 0 removed (from 48 candidates)
Updated sys_vals: [0, 1]
---
Round: 1571, Unk. prob.: 9.980e-01
Upper probs: 1.990e-03, Lower probs: 0.000e+00
No. of non-dominant refs: 75360, Survival refs: 75347, Failure refs: 13
Batch update: 48 refs added, 0 existing refs removed (0 new refs dominated)
Survival: 48 refs added, 0 removed (from 48 candidates)
Updated sys_vals: [0, 1]
---
Round: 1572, Unk. prob.: 9.979e-01
Upper probs: 2.130e-03, Lower probs: 0.000e+00
No. of non-dominant refs: 75408, Survival refs: 75395, Failure refs: 13
Batch update: 48 refs added, 0 existing refs removed (0 new refs dominated)
Survival: 48 refs added, 0 removed (from 48 candidates)
Updated sys_vals: [0, 1]
---
Round: 1573, Unk. prob.: 9.983e-01
Upper probs: 1.690e-03, Lower probs: 0.000e+00
No. of non-dominant refs: 75456, Survival refs: 75443, Failure refs: 13
Batch update: 48 refs added, 0 existing refs removed (0 new refs dominated)
Survival: 48 refs added, 0 removed (from 48 candidates)
Updated sys_vals: [0, 1]
---
Round: 1574, Unk. prob.: 9.980e-01
Upper probs: 2.000e-03, Lower probs: 0.000e+00
No. of non-dominant refs: 75504, Survival refs: 75491, Failure refs: 13
Batch update: 48 refs added, 0 existing refs removed (0 new refs dominated)
Survival: 48 refs added, 0 removed (from 48 candidates)
Updated sys_vals: [0, 1]
---
Round: 1575, Unk. prob.: 9.977e-01
Upper probs: 2.290e-03, Lower probs: 0.000e+00
No. of non-dominant refs: 75552, Survival refs: 75539, Failure refs: 13
Batch update: 48 refs added, 0 existing refs removed (0 new refs dominated)
Survival: 48 refs added, 0 removed (from 48 candidates)
Updated sys_vals: [0, 1]
---
Round: 1576, Unk. prob.: 9.978e-01
Upper probs: 2.250e-03, Lower probs: 0.000e+00
No. of non-dominant refs: 75600, Survival refs: 75587, Failure refs: 13
Batch update: 48 refs added, 0 existing refs removed (0 new refs dominated)
Survival: 48 refs added, 0 removed (from 48 candidates)
Updated sys_vals: [0, 1]
---
Round: 1577, Unk. prob.: 9.977e-01
Upper probs: 2.260e-03, Lower probs: 0.000e+00
No. of non-dominant refs: 75648, Survival refs: 75635, Failure refs: 13
Batch update: 48 refs added, 0 existing refs removed (0 new refs dominated)
Survival: 48 refs added, 0 removed (from 48 candidates)
Updated sys_vals: [0, 1]
---
Round: 1578, Unk. prob.: 9.981e-01
Upper probs: 1.860e-03, Lower probs: 0.000e+00
No. of non-dominant refs: 75696, Survival refs: 75683, Failure refs: 13
Batch update: 48 refs added, 0 existing refs removed (0 new refs dominated)
Survival: 48 refs added, 0 removed (from 48 candidates)
Updated sys_vals: [0, 1]
---
Round: 1579, Unk. prob.: 9.979e-01
Upper probs: 2.060e-03, Lower probs: 0.000e+00
No. of non-dominant refs: 75744, Survival refs: 75731, Failure refs: 13
Batch update: 48 refs added, 0 existing refs removed (0 new refs dominated)
Survival: 48 refs added, 0 removed (from 48 candidates)
Updated sys_vals: [0, 1]
---
Round: 1580, Unk. prob.: 9.978e-01
Upper probs: 2.190e-03, Lower probs: 0.000e+00
No. of non-dominant refs: 75792, Survival refs: 75779, Failure refs: 13
Batch update: 48 refs added, 0 existing refs removed (0 new refs dominated)
Survival: 48 refs added, 0 removed (from 48 candidates)
Updated sys_vals: [0, 1]
---
Round: 1581, Unk. prob.: 9.978e-01
Upper probs: 2.220e-03, Lower probs: 0.000e+00
No. of non-dominant refs: 75840, Survival refs: 75827, Failure refs: 13
Batch update: 48 refs added, 0 existing refs removed (0 new refs dominated)
Survival: 48 refs added, 0 removed (from 48 candidates)
Updated sys_vals: [0, 1]
---
Round: 1582, Unk. prob.: 9.981e-01
Upper probs: 1.890e-03, Lower probs: 0.000e+00
No. of non-dominant refs: 75888, Survival refs: 75875, Failure refs: 13
Batch update: 48 refs added, 0 existing refs removed (0 new refs dominated)
Survival: 48 refs added, 0 removed (from 48 candidates)
Updated sys_vals: [0, 1]
---
Round: 1583, Unk. prob.: 9.981e-01
Upper probs: 1.850e-03, Lower probs: 0.000e+00
No. of non-dominant refs: 75936, Survival refs: 75923, Failure refs: 13
Batch update: 48 refs added, 0 existing refs removed (0 new refs dominated)
Survival: 48 refs added, 0 removed (from 48 candidates)
Updated sys_vals: [0, 1]
---
Round: 1584, Unk. prob.: 9.978e-01
Upper probs: 2.200e-03, Lower probs: 0.000e+00
No. of non-dominant refs: 75984, Survival refs: 75971, Failure refs: 13
Batch update: 48 refs added, 0 existing refs removed (0 new refs dominated)
Survival: 48 refs added, 0 removed (from 48 candidates)
Updated sys_vals: [0, 1]
---
Round: 1585, Unk. prob.: 9.979e-01
Upper probs: 2.070e-03, Lower probs: 0.000e+00
No. of non-dominant refs: 76032, Survival refs: 76019, Failure refs: 13
Batch update: 48 refs added, 0 existing refs removed (0 new refs dominated)
Survival: 48 refs added, 0 removed (from 48 candidates)
Updated sys_vals: [0, 1]
---
Round: 1586, Unk. prob.: 9.980e-01
Upper probs: 2.010e-03, Lower probs: 0.000e+00
No. of non-dominant refs: 76080, Survival refs: 76067, Failure refs: 13
Batch update: 48 refs added, 0 existing refs removed (0 new refs dominated)
Survival: 48 refs added, 0 removed (from 48 candidates)
Updated sys_vals: [0, 1]
---
Round: 1587, Unk. prob.: 9.981e-01
Upper probs: 1.880e-03, Lower probs: 0.000e+00
No. of non-dominant refs: 76128, Survival refs: 76115, Failure refs: 13
Batch update: 48 refs added, 0 existing refs removed (0 new refs dominated)
Survival: 48 refs added, 0 removed (from 48 candidates)
Updated sys_vals: [0, 1]
---
Round: 1588, Unk. prob.: 9.979e-01
Upper probs: 2.060e-03, Lower probs: 0.000e+00
No. of non-dominant refs: 76176, Survival refs: 76163, Failure refs: 13
Batch update: 48 refs added, 0 existing refs removed (0 new refs dominated)
Survival: 48 refs added, 0 removed (from 48 candidates)
Updated sys_vals: [0, 1]
---
Round: 1589, Unk. prob.: 9.979e-01
Upper probs: 2.140e-03, Lower probs: 0.000e+00
No. of non-dominant refs: 76224, Survival refs: 76211, Failure refs: 13
Batch update: 48 refs added, 0 existing refs removed (0 new refs dominated)
Survival: 48 refs added, 0 removed (from 48 candidates)
Updated sys_vals: [0, 1]
---
Round: 1590, Unk. prob.: 9.978e-01
Upper probs: 2.180e-03, Lower probs: 0.000e+00
No. of non-dominant refs: 76272, Survival refs: 76259, Failure refs: 13
Batch update: 48 refs added, 0 existing refs removed (0 new refs dominated)
Survival: 48 refs added, 0 removed (from 48 candidates)
Updated sys_vals: [0, 1]
---
Round: 1591, Unk. prob.: 9.979e-01
Upper probs: 2.140e-03, Lower probs: 0.000e+00
No. of non-dominant refs: 76320, Survival refs: 76307, Failure refs: 13
Batch update: 48 refs added, 0 existing refs removed (0 new refs dominated)
Survival: 48 refs added, 0 removed (from 48 candidates)
Updated sys_vals: [0, 1]
---
Round: 1592, Unk. prob.: 9.982e-01
Upper probs: 1.840e-03, Lower probs: 0.000e+00
No. of non-dominant refs: 76368, Survival refs: 76355, Failure refs: 13
Batch update: 48 refs added, 0 existing refs removed (0 new refs dominated)
Survival: 48 refs added, 0 removed (from 48 candidates)
Updated sys_vals: [0, 1]
---
Round: 1593, Unk. prob.: 9.980e-01
Upper probs: 1.970e-03, Lower probs: 0.000e+00
No. of non-dominant refs: 76416, Survival refs: 76403, Failure refs: 13
Batch update: 48 refs added, 0 existing refs removed (0 new refs dominated)
Survival: 48 refs added, 0 removed (from 48 candidates)
Updated sys_vals: [0, 1]
---
Round: 1594, Unk. prob.: 9.982e-01
Upper probs: 1.800e-03, Lower probs: 0.000e+00
No. of non-dominant refs: 76464, Survival refs: 76451, Failure refs: 13
Batch update: 48 refs added, 0 existing refs removed (0 new refs dominated)
Survival: 48 refs added, 0 removed (from 48 candidates)
Updated sys_vals: [0, 1]
---
Round: 1595, Unk. prob.: 9.979e-01
Upper probs: 2.120e-03, Lower probs: 0.000e+00
No. of non-dominant refs: 76512, Survival refs: 76499, Failure refs: 13
Batch update: 48 refs added, 0 existing refs removed (0 new refs dominated)
Survival: 48 refs added, 0 removed (from 48 candidates)
Updated sys_vals: [0, 1]
---
Round: 1596, Unk. prob.: 9.979e-01
Upper probs: 2.120e-03, Lower probs: 0.000e+00
No. of non-dominant refs: 76560, Survival refs: 76547, Failure refs: 13
Batch update: 48 refs added, 0 existing refs removed (0 new refs dominated)
Survival: 48 refs added, 0 removed (from 48 candidates)
Updated sys_vals: [0, 1]
---
Round: 1597, Unk. prob.: 9.982e-01
Upper probs: 1.810e-03, Lower probs: 0.000e+00
No. of non-dominant refs: 76608, Survival refs: 76595, Failure refs: 13
Batch update: 48 refs added, 0 existing refs removed (0 new refs dominated)
Survival: 48 refs added, 0 removed (from 48 candidates)
Updated sys_vals: [0, 1]
---
Round: 1598, Unk. prob.: 9.979e-01
Upper probs: 2.130e-03, Lower probs: 0.000e+00
No. of non-dominant refs: 76656, Survival refs: 76643, Failure refs: 13
Batch update: 48 refs added, 0 existing refs removed (0 new refs dominated)
Survival: 48 refs added, 0 removed (from 48 candidates)
Updated sys_vals: [0, 1]
---
Round: 1599, Unk. prob.: 9.981e-01
Upper probs: 1.880e-03, Lower probs: 0.000e+00
No. of non-dominant refs: 76704, Survival refs: 76691, Failure refs: 13
Batch update: 48 refs added, 0 existing refs removed (0 new refs dominated)
Survival: 48 refs added, 0 removed (from 48 candidates)
Updated sys_vals: [0, 1]
---
Round: 1600, Unk. prob.: 9.980e-01
Upper probs: 2.030e-03, Lower probs: 0.000e+00
No. of non-dominant refs: 76752, Survival refs: 76739, Failure refs: 13
Batch update: 48 refs added, 0 existing refs removed (0 new refs dominated)
Survival: 48 refs added, 0 removed (from 48 candidates)
Updated sys_vals: [0, 1]
---
Round: 1601, Unk. prob.: 9.980e-01
Upper probs: 2.050e-03, Lower probs: 0.000e+00
No. of non-dominant refs: 76800, Survival refs: 76787, Failure refs: 13
Batch update: 48 refs added, 0 existing refs removed (0 new refs dominated)
Survival: 48 refs added, 0 removed (from 48 candidates)
Updated sys_vals: [0, 1]
---
Round: 1602, Unk. prob.: 9.977e-01
Upper probs: 2.280e-03, Lower probs: 0.000e+00
No. of non-dominant refs: 76848, Survival refs: 76835, Failure refs: 13
Batch update: 48 refs added, 0 existing refs removed (0 new refs dominated)
Survival: 48 refs added, 0 removed (from 48 candidates)
Updated sys_vals: [0, 1]
---
Round: 1603, Unk. prob.: 9.979e-01
Upper probs: 2.120e-03, Lower probs: 0.000e+00
No. of non-dominant refs: 76896, Survival refs: 76883, Failure refs: 13
Batch update: 48 refs added, 0 existing refs removed (0 new refs dominated)
Survival: 48 refs added, 0 removed (from 48 candidates)
Updated sys_vals: [0, 1]
---
Round: 1604, Unk. prob.: 9.983e-01
Upper probs: 1.740e-03, Lower probs: 0.000e+00
No. of non-dominant refs: 76944, Survival refs: 76931, Failure refs: 13
Batch update: 48 refs added, 0 existing refs removed (0 new refs dominated)
Survival: 48 refs added, 0 removed (from 48 candidates)
Updated sys_vals: [0, 1]
---
Round: 1605, Unk. prob.: 9.979e-01
Upper probs: 2.080e-03, Lower probs: 0.000e+00
No. of non-dominant refs: 76992, Survival refs: 76979, Failure refs: 13
Batch update: 48 refs added, 0 existing refs removed (0 new refs dominated)
Survival: 48 refs added, 0 removed (from 48 candidates)
Updated sys_vals: [0, 1]
---
Round: 1606, Unk. prob.: 9.980e-01
Upper probs: 2.000e-03, Lower probs: 0.000e+00
No. of non-dominant refs: 77040, Survival refs: 77027, Failure refs: 13
Batch update: 48 refs added, 0 existing refs removed (0 new refs dominated)
Survival: 48 refs added, 0 removed (from 48 candidates)
Updated sys_vals: [0, 1]
---
Round: 1607, Unk. prob.: 9.978e-01
Upper probs: 2.210e-03, Lower probs: 0.000e+00
No. of non-dominant refs: 77088, Survival refs: 77075, Failure refs: 13
Batch update: 48 refs added, 0 existing refs removed (0 new refs dominated)
Survival: 48 refs added, 0 removed (from 48 candidates)
Updated sys_vals: [0, 1]
---
Round: 1608, Unk. prob.: 9.979e-01
Upper probs: 2.070e-03, Lower probs: 0.000e+00
No. of non-dominant refs: 77136, Survival refs: 77123, Failure refs: 13
Batch update: 48 refs added, 0 existing refs removed (0 new refs dominated)
Survival: 48 refs added, 0 removed (from 48 candidates)
Updated sys_vals: [0, 1]
---
Round: 1609, Unk. prob.: 9.976e-01
Upper probs: 2.380e-03, Lower probs: 0.000e+00
No. of non-dominant refs: 77184, Survival refs: 77171, Failure refs: 13
Batch update: 48 refs added, 0 existing refs removed (0 new refs dominated)
Survival: 48 refs added, 0 removed (from 48 candidates)
Updated sys_vals: [0, 1]
---
Round: 1610, Unk. prob.: 9.981e-01
Upper probs: 1.940e-03, Lower probs: 0.000e+00
No. of non-dominant refs: 77232, Survival refs: 77219, Failure refs: 13
Batch update: 48 refs added, 0 existing refs removed (0 new refs dominated)
Survival: 48 refs added, 0 removed (from 48 candidates)
Updated sys_vals: [0, 1]
---
Round: 1611, Unk. prob.: 9.980e-01
Upper probs: 1.960e-03, Lower probs: 0.000e+00
No. of non-dominant refs: 77280, Survival refs: 77267, Failure refs: 13
Batch update: 48 refs added, 0 existing refs removed (0 new refs dominated)
Survival: 48 refs added, 0 removed (from 48 candidates)
Updated sys_vals: [0, 1]
---
Round: 1612, Unk. prob.: 9.980e-01
Upper probs: 1.970e-03, Lower probs: 0.000e+00
No. of non-dominant refs: 77328, Survival refs: 77315, Failure refs: 13
Batch update: 48 refs added, 0 existing refs removed (0 new refs dominated)
Survival: 48 refs added, 0 removed (from 48 candidates)
Updated sys_vals: [0, 1]
---
Round: 1613, Unk. prob.: 9.979e-01
Upper probs: 2.080e-03, Lower probs: 0.000e+00
No. of non-dominant refs: 77376, Survival refs: 77363, Failure refs: 13
Batch update: 48 refs added, 0 existing refs removed (0 new refs dominated)
Survival: 48 refs added, 0 removed (from 48 candidates)
Updated sys_vals: [0, 1]
---
Round: 1614, Unk. prob.: 9.980e-01
Upper probs: 1.950e-03, Lower probs: 0.000e+00
No. of non-dominant refs: 77424, Survival refs: 77411, Failure refs: 13
Batch update: 48 refs added, 0 existing refs removed (0 new refs dominated)
Survival: 48 refs added, 0 removed (from 48 candidates)
Updated sys_vals: [0, 1]
---
Round: 1615, Unk. prob.: 9.979e-01
Upper probs: 2.080e-03, Lower probs: 0.000e+00
No. of non-dominant refs: 77472, Survival refs: 77459, Failure refs: 13
Batch update: 48 refs added, 0 existing refs removed (0 new refs dominated)
Survival: 48 refs added, 0 removed (from 48 candidates)
Updated sys_vals: [0, 1]
---
Round: 1616, Unk. prob.: 9.981e-01
Upper probs: 1.900e-03, Lower probs: 0.000e+00
No. of non-dominant refs: 77520, Survival refs: 77507, Failure refs: 13
Batch update: 48 refs added, 0 existing refs removed (0 new refs dominated)
Survival: 48 refs added, 0 removed (from 48 candidates)
Updated sys_vals: [0, 1]
---
Round: 1617, Unk. prob.: 9.980e-01
Upper probs: 1.970e-03, Lower probs: 0.000e+00
No. of non-dominant refs: 77568, Survival refs: 77555, Failure refs: 13
Batch update: 48 refs added, 0 existing refs removed (0 new refs dominated)
Survival: 48 refs added, 0 removed (from 48 candidates)
Updated sys_vals: [0, 1]
---
Round: 1618, Unk. prob.: 9.978e-01
Upper probs: 2.180e-03, Lower probs: 0.000e+00
No. of non-dominant refs: 77616, Survival refs: 77603, Failure refs: 13
Batch update: 48 refs added, 0 existing refs removed (0 new refs dominated)
Survival: 48 refs added, 0 removed (from 48 candidates)
Updated sys_vals: [0, 1]
---
Round: 1619, Unk. prob.: 9.977e-01
Upper probs: 2.280e-03, Lower probs: 0.000e+00
No. of non-dominant refs: 77664, Survival refs: 77651, Failure refs: 13
Batch update: 48 refs added, 0 existing refs removed (0 new refs dominated)
Survival: 48 refs added, 0 removed (from 48 candidates)
Updated sys_vals: [0, 1]
---
Round: 1620, Unk. prob.: 9.980e-01
Upper probs: 1.950e-03, Lower probs: 0.000e+00
No. of non-dominant refs: 77712, Survival refs: 77699, Failure refs: 13
Batch update: 48 refs added, 0 existing refs removed (0 new refs dominated)
Survival: 48 refs added, 0 removed (from 48 candidates)
Updated sys_vals: [0, 1]
---
Round: 1621, Unk. prob.: 9.980e-01
Upper probs: 2.050e-03, Lower probs: 0.000e+00
No. of non-dominant refs: 77760, Survival refs: 77747, Failure refs: 13
Batch update: 48 refs added, 0 existing refs removed (0 new refs dominated)
Survival: 48 refs added, 0 removed (from 48 candidates)
Updated sys_vals: [0, 1]
---
Round: 1622, Unk. prob.: 9.980e-01
Upper probs: 1.980e-03, Lower probs: 0.000e+00
No. of non-dominant refs: 77808, Survival refs: 77795, Failure refs: 13
Batch update: 48 refs added, 0 existing refs removed (0 new refs dominated)
Survival: 48 refs added, 0 removed (from 48 candidates)
Updated sys_vals: [0, 1]
---
Round: 1623, Unk. prob.: 9.981e-01
Upper probs: 1.910e-03, Lower probs: 0.000e+00
No. of non-dominant refs: 77856, Survival refs: 77843, Failure refs: 13
Batch update: 48 refs added, 0 existing refs removed (0 new refs dominated)
Survival: 48 refs added, 0 removed (from 48 candidates)
Updated sys_vals: [0, 1]
---
Round: 1624, Unk. prob.: 9.979e-01
Upper probs: 2.130e-03, Lower probs: 0.000e+00
No. of non-dominant refs: 77904, Survival refs: 77891, Failure refs: 13
Batch update: 48 refs added, 0 existing refs removed (0 new refs dominated)
Survival: 48 refs added, 0 removed (from 48 candidates)
Updated sys_vals: [0, 1]
---
Round: 1625, Unk. prob.: 9.979e-01
Upper probs: 2.080e-03, Lower probs: 0.000e+00
No. of non-dominant refs: 77952, Survival refs: 77939, Failure refs: 13
Batch update: 48 refs added, 0 existing refs removed (0 new refs dominated)
Survival: 48 refs added, 0 removed (from 48 candidates)
Updated sys_vals: [0, 1]
---
Round: 1626, Unk. prob.: 9.981e-01
Upper probs: 1.900e-03, Lower probs: 0.000e+00
No. of non-dominant refs: 78000, Survival refs: 77987, Failure refs: 13
Batch update: 48 refs added, 0 existing refs removed (0 new refs dominated)
Survival: 48 refs added, 0 removed (from 48 candidates)
Updated sys_vals: [0, 1]
---
Round: 1627, Unk. prob.: 9.979e-01
Upper probs: 2.100e-03, Lower probs: 0.000e+00
No. of non-dominant refs: 78048, Survival refs: 78035, Failure refs: 13
Batch update: 48 refs added, 0 existing refs removed (0 new refs dominated)
Survival: 48 refs added, 0 removed (from 48 candidates)
Updated sys_vals: [0, 1]
---
Round: 1628, Unk. prob.: 9.977e-01
Upper probs: 2.320e-03, Lower probs: 0.000e+00
No. of non-dominant refs: 78096, Survival refs: 78083, Failure refs: 13
Batch update: 48 refs added, 0 existing refs removed (0 new refs dominated)
Survival: 48 refs added, 0 removed (from 48 candidates)
Updated sys_vals: [0, 1]
---
Round: 1629, Unk. prob.: 9.979e-01
Upper probs: 2.080e-03, Lower probs: 0.000e+00
No. of non-dominant refs: 78144, Survival refs: 78131, Failure refs: 13
Batch update: 48 refs added, 0 existing refs removed (0 new refs dominated)
Survival: 48 refs added, 0 removed (from 48 candidates)
Updated sys_vals: [0, 1]
---
Round: 1630, Unk. prob.: 9.979e-01
Upper probs: 2.140e-03, Lower probs: 0.000e+00
No. of non-dominant refs: 78192, Survival refs: 78179, Failure refs: 13
Batch update: 48 refs added, 0 existing refs removed (0 new refs dominated)
Survival: 48 refs added, 0 removed (from 48 candidates)
Updated sys_vals: [0, 1]
---
Round: 1631, Unk. prob.: 9.978e-01
Upper probs: 2.210e-03, Lower probs: 0.000e+00
No. of non-dominant refs: 78240, Survival refs: 78227, Failure refs: 13
Batch update: 48 refs added, 0 existing refs removed (0 new refs dominated)
Survival: 48 refs added, 0 removed (from 48 candidates)
Updated sys_vals: [0, 1]
---
Round: 1632, Unk. prob.: 9.978e-01
Upper probs: 2.200e-03, Lower probs: 0.000e+00
No. of non-dominant refs: 78288, Survival refs: 78275, Failure refs: 13
Batch update: 48 refs added, 0 existing refs removed (0 new refs dominated)
Survival: 48 refs added, 0 removed (from 48 candidates)
Updated sys_vals: [0, 1]
---
Round: 1633, Unk. prob.: 9.978e-01
Upper probs: 2.200e-03, Lower probs: 0.000e+00
No. of non-dominant refs: 78336, Survival refs: 78323, Failure refs: 13
Batch update: 48 refs added, 0 existing refs removed (0 new refs dominated)
Survival: 48 refs added, 0 removed (from 48 candidates)
Updated sys_vals: [0, 1]
---
Round: 1634, Unk. prob.: 9.975e-01
Upper probs: 2.460e-03, Lower probs: 0.000e+00
No. of non-dominant refs: 78384, Survival refs: 78371, Failure refs: 13
Batch update: 48 refs added, 0 existing refs removed (0 new refs dominated)
Survival: 48 refs added, 0 removed (from 48 candidates)
Updated sys_vals: [0, 1]
---
Round: 1635, Unk. prob.: 9.980e-01
Upper probs: 2.010e-03, Lower probs: 0.000e+00
No. of non-dominant refs: 78432, Survival refs: 78419, Failure refs: 13
Batch update: 48 refs added, 0 existing refs removed (0 new refs dominated)
Survival: 48 refs added, 0 removed (from 48 candidates)
Updated sys_vals: [0, 1]
---
Round: 1636, Unk. prob.: 9.979e-01
Upper probs: 2.080e-03, Lower probs: 0.000e+00
No. of non-dominant refs: 78480, Survival refs: 78467, Failure refs: 13
Batch update: 48 refs added, 0 existing refs removed (0 new refs dominated)
Survival: 48 refs added, 0 removed (from 48 candidates)
Updated sys_vals: [0, 1]
---
Round: 1637, Unk. prob.: 9.979e-01
Upper probs: 2.110e-03, Lower probs: 0.000e+00
No. of non-dominant refs: 78528, Survival refs: 78515, Failure refs: 13
Batch update: 48 refs added, 0 existing refs removed (0 new refs dominated)
Survival: 48 refs added, 0 removed (from 48 candidates)
Updated sys_vals: [0, 1]
---
Round: 1638, Unk. prob.: 9.980e-01
Upper probs: 2.050e-03, Lower probs: 0.000e+00
No. of non-dominant refs: 78576, Survival refs: 78563, Failure refs: 13
Batch update: 48 refs added, 0 existing refs removed (0 new refs dominated)
Survival: 48 refs added, 0 removed (from 48 candidates)
Updated sys_vals: [0, 1]
---
Round: 1639, Unk. prob.: 9.981e-01
Upper probs: 1.870e-03, Lower probs: 0.000e+00
No. of non-dominant refs: 78624, Survival refs: 78611, Failure refs: 13
Batch update: 48 refs added, 0 existing refs removed (0 new refs dominated)
Survival: 48 refs added, 0 removed (from 48 candidates)
Updated sys_vals: [0, 1]
---
Round: 1640, Unk. prob.: 9.976e-01
Upper probs: 2.360e-03, Lower probs: 0.000e+00
No. of non-dominant refs: 78672, Survival refs: 78659, Failure refs: 13
Batch update: 48 refs added, 0 existing refs removed (0 new refs dominated)
Survival: 48 refs added, 0 removed (from 48 candidates)
Updated sys_vals: [0, 1]
---
Round: 1641, Unk. prob.: 9.977e-01
Upper probs: 2.350e-03, Lower probs: 0.000e+00
No. of non-dominant refs: 78720, Survival refs: 78707, Failure refs: 13
Batch update: 48 refs added, 0 existing refs removed (0 new refs dominated)
Survival: 48 refs added, 0 removed (from 48 candidates)
Updated sys_vals: [0, 1]
---
Round: 1642, Unk. prob.: 9.979e-01
Upper probs: 2.140e-03, Lower probs: 0.000e+00
No. of non-dominant refs: 78768, Survival refs: 78755, Failure refs: 13
Batch update: 48 refs added, 0 existing refs removed (0 new refs dominated)
Survival: 48 refs added, 0 removed (from 48 candidates)
Updated sys_vals: [0, 1]
---
Round: 1643, Unk. prob.: 9.980e-01
Upper probs: 2.050e-03, Lower probs: 0.000e+00
No. of non-dominant refs: 78816, Survival refs: 78803, Failure refs: 13
Batch update: 48 refs added, 0 existing refs removed (0 new refs dominated)
Survival: 48 refs added, 0 removed (from 48 candidates)
Updated sys_vals: [0, 1]
---
Round: 1644, Unk. prob.: 9.978e-01
Upper probs: 2.200e-03, Lower probs: 0.000e+00
No. of non-dominant refs: 78864, Survival refs: 78851, Failure refs: 13
Batch update: 48 refs added, 0 existing refs removed (0 new refs dominated)
Survival: 48 refs added, 0 removed (from 48 candidates)
Updated sys_vals: [0, 1]
---
Round: 1645, Unk. prob.: 9.981e-01
Upper probs: 1.910e-03, Lower probs: 0.000e+00
No. of non-dominant refs: 78912, Survival refs: 78899, Failure refs: 13
Batch update: 48 refs added, 0 existing refs removed (0 new refs dominated)
Survival: 48 refs added, 0 removed (from 48 candidates)
Updated sys_vals: [0, 1]
---
Round: 1646, Unk. prob.: 9.978e-01
Upper probs: 2.180e-03, Lower probs: 0.000e+00
No. of non-dominant refs: 78960, Survival refs: 78947, Failure refs: 13
Batch update: 48 refs added, 0 existing refs removed (0 new refs dominated)
Survival: 48 refs added, 0 removed (from 48 candidates)
Updated sys_vals: [0, 1]
---
Round: 1647, Unk. prob.: 9.979e-01
Upper probs: 2.110e-03, Lower probs: 0.000e+00
No. of non-dominant refs: 79008, Survival refs: 78995, Failure refs: 13
Batch update: 48 refs added, 0 existing refs removed (0 new refs dominated)
Survival: 48 refs added, 0 removed (from 48 candidates)
Updated sys_vals: [0, 1]
---
Round: 1648, Unk. prob.: 9.979e-01
Upper probs: 2.150e-03, Lower probs: 0.000e+00
No. of non-dominant refs: 79056, Survival refs: 79043, Failure refs: 13
Batch update: 48 refs added, 0 existing refs removed (0 new refs dominated)
Survival: 48 refs added, 0 removed (from 48 candidates)
Updated sys_vals: [0, 1]
---
Round: 1649, Unk. prob.: 9.979e-01
Upper probs: 2.130e-03, Lower probs: 0.000e+00
No. of non-dominant refs: 79104, Survival refs: 79091, Failure refs: 13
Batch update: 48 refs added, 0 existing refs removed (0 new refs dominated)
Survival: 48 refs added, 0 removed (from 48 candidates)
Updated sys_vals: [0, 1]
---
Round: 1650, Unk. prob.: 9.976e-01
Upper probs: 2.420e-03, Lower probs: 0.000e+00
No. of non-dominant refs: 79152, Survival refs: 79139, Failure refs: 13
Batch update: 48 refs added, 0 existing refs removed (0 new refs dominated)
Survival: 48 refs added, 0 removed (from 48 candidates)
Updated sys_vals: [0, 1]
---
Round: 1651, Unk. prob.: 9.978e-01
Upper probs: 2.200e-03, Lower probs: 0.000e+00
No. of non-dominant refs: 79200, Survival refs: 79187, Failure refs: 13
Batch update: 48 refs added, 0 existing refs removed (0 new refs dominated)
Survival: 48 refs added, 0 removed (from 48 candidates)
Updated sys_vals: [0, 1]
---
Round: 1652, Unk. prob.: 9.978e-01
Upper probs: 2.160e-03, Lower probs: 0.000e+00
No. of non-dominant refs: 79248, Survival refs: 79235, Failure refs: 13
Batch update: 48 refs added, 0 existing refs removed (0 new refs dominated)
Survival: 48 refs added, 0 removed (from 48 candidates)
Updated sys_vals: [0, 1]
---
Round: 1653, Unk. prob.: 9.978e-01
Upper probs: 2.230e-03, Lower probs: 0.000e+00
No. of non-dominant refs: 79296, Survival refs: 79283, Failure refs: 13
Batch update: 48 refs added, 0 existing refs removed (0 new refs dominated)
Survival: 48 refs added, 0 removed (from 48 candidates)
Updated sys_vals: [0, 1]
---
Round: 1654, Unk. prob.: 9.979e-01
Upper probs: 2.120e-03, Lower probs: 0.000e+00
No. of non-dominant refs: 79344, Survival refs: 79331, Failure refs: 13
Batch update: 48 refs added, 0 existing refs removed (0 new refs dominated)
Survival: 48 refs added, 0 removed (from 48 candidates)
Updated sys_vals: [0, 1]
---
Round: 1655, Unk. prob.: 9.980e-01
Upper probs: 2.010e-03, Lower probs: 0.000e+00
No. of non-dominant refs: 79392, Survival refs: 79379, Failure refs: 13
Batch update: 48 refs added, 0 existing refs removed (0 new refs dominated)
Survival: 48 refs added, 0 removed (from 48 candidates)
Updated sys_vals: [0, 1]
---
Round: 1656, Unk. prob.: 9.978e-01
Upper probs: 2.230e-03, Lower probs: 0.000e+00
No. of non-dominant refs: 79440, Survival refs: 79427, Failure refs: 13
Batch update: 48 refs added, 0 existing refs removed (0 new refs dominated)
Survival: 48 refs added, 0 removed (from 48 candidates)
Updated sys_vals: [0, 1]
---
Round: 1657, Unk. prob.: 9.980e-01
Upper probs: 2.010e-03, Lower probs: 0.000e+00
No. of non-dominant refs: 79488, Survival refs: 79475, Failure refs: 13
Batch update: 48 refs added, 0 existing refs removed (0 new refs dominated)
Survival: 48 refs added, 0 removed (from 48 candidates)
Updated sys_vals: [0, 1]
---
Round: 1658, Unk. prob.: 9.980e-01
Upper probs: 2.000e-03, Lower probs: 0.000e+00
No. of non-dominant refs: 79536, Survival refs: 79523, Failure refs: 13
Batch update: 48 refs added, 0 existing refs removed (0 new refs dominated)
Survival: 48 refs added, 0 removed (from 48 candidates)
Updated sys_vals: [0, 1]
---
Round: 1659, Unk. prob.: 9.978e-01
Upper probs: 2.220e-03, Lower probs: 0.000e+00
No. of non-dominant refs: 79584, Survival refs: 79571, Failure refs: 13
Batch update: 48 refs added, 0 existing refs removed (0 new refs dominated)
Survival: 48 refs added, 0 removed (from 48 candidates)
Updated sys_vals: [0, 1]
---
Round: 1660, Unk. prob.: 9.979e-01
Upper probs: 2.080e-03, Lower probs: 0.000e+00
No. of non-dominant refs: 79632, Survival refs: 79619, Failure refs: 13
Batch update: 48 refs added, 0 existing refs removed (0 new refs dominated)
Survival: 48 refs added, 0 removed (from 48 candidates)
Updated sys_vals: [0, 1]
---
Round: 1661, Unk. prob.: 9.979e-01
Upper probs: 2.090e-03, Lower probs: 0.000e+00
No. of non-dominant refs: 79680, Survival refs: 79667, Failure refs: 13
Batch update: 48 refs added, 0 existing refs removed (0 new refs dominated)
Survival: 48 refs added, 0 removed (from 48 candidates)
Updated sys_vals: [0, 1]
---
Round: 1662, Unk. prob.: 9.976e-01
Upper probs: 2.410e-03, Lower probs: 0.000e+00
No. of non-dominant refs: 79728, Survival refs: 79715, Failure refs: 13
Batch update: 48 refs added, 0 existing refs removed (0 new refs dominated)
Survival: 48 refs added, 0 removed (from 48 candidates)
Updated sys_vals: [0, 1]
---
Round: 1663, Unk. prob.: 9.979e-01
Upper probs: 2.110e-03, Lower probs: 0.000e+00
No. of non-dominant refs: 79776, Survival refs: 79763, Failure refs: 13
Batch update: 48 refs added, 0 existing refs removed (0 new refs dominated)
Survival: 48 refs added, 0 removed (from 48 candidates)
Updated sys_vals: [0, 1]
---
Round: 1664, Unk. prob.: 9.978e-01
Upper probs: 2.220e-03, Lower probs: 0.000e+00
No. of non-dominant refs: 79824, Survival refs: 79811, Failure refs: 13
Batch update: 48 refs added, 0 existing refs removed (0 new refs dominated)
Survival: 48 refs added, 0 removed (from 48 candidates)
Updated sys_vals: [0, 1]
---
Round: 1665, Unk. prob.: 9.978e-01
Upper probs: 2.250e-03, Lower probs: 0.000e+00
No. of non-dominant refs: 79872, Survival refs: 79859, Failure refs: 13
Batch update: 48 refs added, 0 existing refs removed (0 new refs dominated)
Survival: 48 refs added, 0 removed (from 48 candidates)
Updated sys_vals: [0, 1]
---
Round: 1666, Unk. prob.: 9.978e-01
Upper probs: 2.240e-03, Lower probs: 0.000e+00
No. of non-dominant refs: 79920, Survival refs: 79907, Failure refs: 13
Batch update: 48 refs added, 0 existing refs removed (0 new refs dominated)
Survival: 48 refs added, 0 removed (from 48 candidates)
Updated sys_vals: [0, 1]
---
Round: 1667, Unk. prob.: 9.982e-01
Upper probs: 1.760e-03, Lower probs: 0.000e+00
No. of non-dominant refs: 79968, Survival refs: 79955, Failure refs: 13
Batch update: 48 refs added, 0 existing refs removed (0 new refs dominated)
Survival: 48 refs added, 0 removed (from 48 candidates)
Updated sys_vals: [0, 1]
---
Round: 1668, Unk. prob.: 9.980e-01
Upper probs: 1.990e-03, Lower probs: 0.000e+00
No. of non-dominant refs: 80016, Survival refs: 80003, Failure refs: 13
Batch update: 48 refs added, 0 existing refs removed (0 new refs dominated)
Survival: 48 refs added, 0 removed (from 48 candidates)
Updated sys_vals: [0, 1]
---
Round: 1669, Unk. prob.: 9.978e-01
Upper probs: 2.220e-03, Lower probs: 0.000e+00
No. of non-dominant refs: 80064, Survival refs: 80051, Failure refs: 13
Batch update: 48 refs added, 0 existing refs removed (0 new refs dominated)
Survival: 48 refs added, 0 removed (from 48 candidates)
Updated sys_vals: [0, 1]
---
Round: 1670, Unk. prob.: 9.980e-01
Upper probs: 2.050e-03, Lower probs: 0.000e+00
No. of non-dominant refs: 80112, Survival refs: 80099, Failure refs: 13
Batch update: 48 refs added, 0 existing refs removed (0 new refs dominated)
Survival: 48 refs added, 0 removed (from 48 candidates)
Updated sys_vals: [0, 1]
---
Round: 1671, Unk. prob.: 9.976e-01
Upper probs: 2.360e-03, Lower probs: 0.000e+00
No. of non-dominant refs: 80160, Survival refs: 80147, Failure refs: 13
Batch update: 48 refs added, 0 existing refs removed (0 new refs dominated)
Survival: 48 refs added, 0 removed (from 48 candidates)
Updated sys_vals: [0, 1]
---
Round: 1672, Unk. prob.: 9.980e-01
Upper probs: 1.960e-03, Lower probs: 0.000e+00
No. of non-dominant refs: 80208, Survival refs: 80195, Failure refs: 13
Batch update: 48 refs added, 0 existing refs removed (0 new refs dominated)
Survival: 48 refs added, 0 removed (from 48 candidates)
Updated sys_vals: [0, 1]
---
Round: 1673, Unk. prob.: 9.977e-01
Upper probs: 2.350e-03, Lower probs: 0.000e+00
No. of non-dominant refs: 80256, Survival refs: 80243, Failure refs: 13
Batch update: 48 refs added, 0 existing refs removed (0 new refs dominated)
Survival: 48 refs added, 0 removed (from 48 candidates)
Updated sys_vals: [0, 1]
---
Round: 1674, Unk. prob.: 9.979e-01
Upper probs: 2.140e-03, Lower probs: 0.000e+00
No. of non-dominant refs: 80304, Survival refs: 80291, Failure refs: 13
Batch update: 48 refs added, 0 existing refs removed (0 new refs dominated)
Survival: 48 refs added, 0 removed (from 48 candidates)
Updated sys_vals: [0, 1]
---
Round: 1675, Unk. prob.: 9.978e-01
Upper probs: 2.170e-03, Lower probs: 0.000e+00
No. of non-dominant refs: 80352, Survival refs: 80339, Failure refs: 13
Batch update: 48 refs added, 0 existing refs removed (0 new refs dominated)
Survival: 48 refs added, 0 removed (from 48 candidates)
Updated sys_vals: [0, 1]
---
Round: 1676, Unk. prob.: 9.979e-01
Upper probs: 2.100e-03, Lower probs: 0.000e+00
No. of non-dominant refs: 80400, Survival refs: 80387, Failure refs: 13
Batch update: 48 refs added, 0 existing refs removed (0 new refs dominated)
Survival: 48 refs added, 0 removed (from 48 candidates)
Updated sys_vals: [0, 1]
---
Round: 1677, Unk. prob.: 9.980e-01
Upper probs: 2.050e-03, Lower probs: 0.000e+00
No. of non-dominant refs: 80448, Survival refs: 80435, Failure refs: 13
Batch update: 48 refs added, 0 existing refs removed (0 new refs dominated)
Survival: 48 refs added, 0 removed (from 48 candidates)
Updated sys_vals: [0, 1]
---
Round: 1678, Unk. prob.: 9.977e-01
Upper probs: 2.350e-03, Lower probs: 0.000e+00
No. of non-dominant refs: 80496, Survival refs: 80483, Failure refs: 13
Batch update: 48 refs added, 0 existing refs removed (0 new refs dominated)
Survival: 48 refs added, 0 removed (from 48 candidates)
Updated sys_vals: [0, 1]
---
Round: 1679, Unk. prob.: 9.980e-01
Upper probs: 1.950e-03, Lower probs: 0.000e+00
No. of non-dominant refs: 80544, Survival refs: 80531, Failure refs: 13
Batch update: 48 refs added, 0 existing refs removed (0 new refs dominated)
Survival: 48 refs added, 0 removed (from 48 candidates)
Updated sys_vals: [0, 1]
---
Round: 1680, Unk. prob.: 9.978e-01
Upper probs: 2.200e-03, Lower probs: 0.000e+00
No. of non-dominant refs: 80592, Survival refs: 80579, Failure refs: 13
Batch update: 48 refs added, 0 existing refs removed (0 new refs dominated)
Survival: 48 refs added, 0 removed (from 48 candidates)
Updated sys_vals: [0, 1]
---
Round: 1681, Unk. prob.: 9.977e-01
Upper probs: 2.260e-03, Lower probs: 0.000e+00
No. of non-dominant refs: 80640, Survival refs: 80627, Failure refs: 13
Batch update: 48 refs added, 0 existing refs removed (0 new refs dominated)
Survival: 48 refs added, 0 removed (from 48 candidates)
Updated sys_vals: [0, 1]
---
Round: 1682, Unk. prob.: 9.980e-01
Upper probs: 2.000e-03, Lower probs: 0.000e+00
No. of non-dominant refs: 80688, Survival refs: 80675, Failure refs: 13
Batch update: 48 refs added, 0 existing refs removed (0 new refs dominated)
Survival: 48 refs added, 0 removed (from 48 candidates)
Updated sys_vals: [0, 1]
---
Round: 1683, Unk. prob.: 9.979e-01
Upper probs: 2.110e-03, Lower probs: 0.000e+00
No. of non-dominant refs: 80736, Survival refs: 80723, Failure refs: 13
Batch update: 48 refs added, 0 existing refs removed (0 new refs dominated)
Survival: 48 refs added, 0 removed (from 48 candidates)
Updated sys_vals: [0, 1]
---
Round: 1684, Unk. prob.: 9.976e-01
Upper probs: 2.420e-03, Lower probs: 0.000e+00
No. of non-dominant refs: 80784, Survival refs: 80771, Failure refs: 13
Batch update: 48 refs added, 0 existing refs removed (0 new refs dominated)
Survival: 48 refs added, 0 removed (from 48 candidates)
Updated sys_vals: [0, 1]
---
Round: 1685, Unk. prob.: 9.979e-01
Upper probs: 2.110e-03, Lower probs: 0.000e+00
No. of non-dominant refs: 80832, Survival refs: 80819, Failure refs: 13
Batch update: 48 refs added, 0 existing refs removed (0 new refs dominated)
Survival: 48 refs added, 0 removed (from 48 candidates)
Updated sys_vals: [0, 1]
---
Round: 1686, Unk. prob.: 9.978e-01
Upper probs: 2.160e-03, Lower probs: 0.000e+00
No. of non-dominant refs: 80880, Survival refs: 80867, Failure refs: 13
Batch update: 48 refs added, 0 existing refs removed (0 new refs dominated)
Survival: 48 refs added, 0 removed (from 48 candidates)
Updated sys_vals: [0, 1]
---
Round: 1687, Unk. prob.: 9.980e-01
Upper probs: 2.000e-03, Lower probs: 0.000e+00
No. of non-dominant refs: 80928, Survival refs: 80915, Failure refs: 13
Batch update: 48 refs added, 0 existing refs removed (0 new refs dominated)
Survival: 48 refs added, 0 removed (from 48 candidates)
Updated sys_vals: [0, 1]
---
Round: 1688, Unk. prob.: 9.980e-01
Upper probs: 2.010e-03, Lower probs: 0.000e+00
No. of non-dominant refs: 80976, Survival refs: 80963, Failure refs: 13
Batch update: 48 refs added, 0 existing refs removed (0 new refs dominated)
Survival: 48 refs added, 0 removed (from 48 candidates)
Updated sys_vals: [0, 1]
---
Round: 1689, Unk. prob.: 9.978e-01
Upper probs: 2.170e-03, Lower probs: 0.000e+00
No. of non-dominant refs: 81024, Survival refs: 81011, Failure refs: 13
Batch update: 48 refs added, 0 existing refs removed (0 new refs dominated)
Survival: 48 refs added, 0 removed (from 48 candidates)
Updated sys_vals: [0, 1]
---
Round: 1690, Unk. prob.: 9.977e-01
Upper probs: 2.260e-03, Lower probs: 0.000e+00
No. of non-dominant refs: 81072, Survival refs: 81059, Failure refs: 13
Batch update: 48 refs added, 0 existing refs removed (0 new refs dominated)
Survival: 48 refs added, 0 removed (from 48 candidates)
Updated sys_vals: [0, 1]
---
Round: 1691, Unk. prob.: 9.979e-01
Upper probs: 2.130e-03, Lower probs: 0.000e+00
No. of non-dominant refs: 81120, Survival refs: 81107, Failure refs: 13
Batch update: 48 refs added, 0 existing refs removed (0 new refs dominated)
Survival: 48 refs added, 0 removed (from 48 candidates)
Updated sys_vals: [0, 1]
---
Round: 1692, Unk. prob.: 9.976e-01
Upper probs: 2.390e-03, Lower probs: 0.000e+00
No. of non-dominant refs: 81168, Survival refs: 81155, Failure refs: 13
Batch update: 48 refs added, 0 existing refs removed (0 new refs dominated)
Survival: 48 refs added, 0 removed (from 48 candidates)
Updated sys_vals: [0, 1]
---
Round: 1693, Unk. prob.: 9.977e-01
Upper probs: 2.270e-03, Lower probs: 0.000e+00
No. of non-dominant refs: 81216, Survival refs: 81203, Failure refs: 13
Batch update: 48 refs added, 0 existing refs removed (0 new refs dominated)
Survival: 48 refs added, 0 removed (from 48 candidates)
Updated sys_vals: [0, 1]
---
Round: 1694, Unk. prob.: 9.977e-01
Upper probs: 2.330e-03, Lower probs: 0.000e+00
No. of non-dominant refs: 81264, Survival refs: 81251, Failure refs: 13
Batch update: 48 refs added, 0 existing refs removed (0 new refs dominated)
Survival: 48 refs added, 0 removed (from 48 candidates)
Updated sys_vals: [0, 1]
---
Round: 1695, Unk. prob.: 9.981e-01
Upper probs: 1.880e-03, Lower probs: 0.000e+00
No. of non-dominant refs: 81312, Survival refs: 81299, Failure refs: 13
Batch update: 48 refs added, 0 existing refs removed (0 new refs dominated)
Survival: 48 refs added, 0 removed (from 48 candidates)
Updated sys_vals: [0, 1]
---
Round: 1696, Unk. prob.: 9.980e-01
Upper probs: 1.960e-03, Lower probs: 0.000e+00
No. of non-dominant refs: 81360, Survival refs: 81347, Failure refs: 13
Batch update: 48 refs added, 0 existing refs removed (0 new refs dominated)
Survival: 48 refs added, 0 removed (from 48 candidates)
Updated sys_vals: [0, 1]
---
Round: 1697, Unk. prob.: 9.977e-01
Upper probs: 2.290e-03, Lower probs: 0.000e+00
No. of non-dominant refs: 81408, Survival refs: 81395, Failure refs: 13
Batch update: 48 refs added, 0 existing refs removed (0 new refs dominated)
Survival: 48 refs added, 0 removed (from 48 candidates)
Updated sys_vals: [0, 1]
---
Round: 1698, Unk. prob.: 9.979e-01
Upper probs: 2.150e-03, Lower probs: 0.000e+00
No. of non-dominant refs: 81456, Survival refs: 81443, Failure refs: 13
Batch update: 48 refs added, 0 existing refs removed (0 new refs dominated)
Survival: 48 refs added, 0 removed (from 48 candidates)
Updated sys_vals: [0, 1]
---
Round: 1699, Unk. prob.: 9.977e-01
Upper probs: 2.280e-03, Lower probs: 0.000e+00
No. of non-dominant refs: 81504, Survival refs: 81491, Failure refs: 13
Batch update: 48 refs added, 0 existing refs removed (0 new refs dominated)
Survival: 48 refs added, 0 removed (from 48 candidates)
Updated sys_vals: [0, 1]
---
Round: 1700, Unk. prob.: 9.979e-01
Upper probs: 2.150e-03, Lower probs: 0.000e+00
No. of non-dominant refs: 81552, Survival refs: 81539, Failure refs: 13
Batch update: 48 refs added, 0 existing refs removed (0 new refs dominated)
Survival: 48 refs added, 0 removed (from 48 candidates)
Updated sys_vals: [0, 1]
---
Round: 1701, Unk. prob.: 9.979e-01
Upper probs: 2.100e-03, Lower probs: 0.000e+00
No. of non-dominant refs: 81600, Survival refs: 81587, Failure refs: 13
Batch update: 48 refs added, 0 existing refs removed (0 new refs dominated)
Survival: 48 refs added, 0 removed (from 48 candidates)
Updated sys_vals: [0, 1]
---
Round: 1702, Unk. prob.: 9.980e-01
Upper probs: 2.030e-03, Lower probs: 0.000e+00
No. of non-dominant refs: 81648, Survival refs: 81635, Failure refs: 13
Batch update: 48 refs added, 0 existing refs removed (0 new refs dominated)
Survival: 48 refs added, 0 removed (from 48 candidates)
Updated sys_vals: [0, 1]
---
Round: 1703, Unk. prob.: 9.977e-01
Upper probs: 2.280e-03, Lower probs: 0.000e+00
No. of non-dominant refs: 81696, Survival refs: 81683, Failure refs: 13
Batch update: 48 refs added, 0 existing refs removed (0 new refs dominated)
Survival: 48 refs added, 0 removed (from 48 candidates)
Updated sys_vals: [0, 1]
---
Round: 1704, Unk. prob.: 9.978e-01
Upper probs: 2.220e-03, Lower probs: 0.000e+00
No. of non-dominant refs: 81744, Survival refs: 81731, Failure refs: 13
Batch update: 48 refs added, 0 existing refs removed (0 new refs dominated)
Survival: 48 refs added, 0 removed (from 48 candidates)
Updated sys_vals: [0, 1]
---
Round: 1705, Unk. prob.: 9.974e-01
Upper probs: 2.580e-03, Lower probs: 0.000e+00
No. of non-dominant refs: 81792, Survival refs: 81779, Failure refs: 13
Batch update: 48 refs added, 0 existing refs removed (0 new refs dominated)
Survival: 48 refs added, 0 removed (from 48 candidates)
Updated sys_vals: [0, 1]
---
Round: 1706, Unk. prob.: 9.978e-01
Upper probs: 2.230e-03, Lower probs: 0.000e+00
No. of non-dominant refs: 81840, Survival refs: 81827, Failure refs: 13
Batch update: 48 refs added, 0 existing refs removed (0 new refs dominated)
Survival: 48 refs added, 0 removed (from 48 candidates)
Updated sys_vals: [0, 1]
---
Round: 1707, Unk. prob.: 9.979e-01
Upper probs: 2.090e-03, Lower probs: 0.000e+00
No. of non-dominant refs: 81888, Survival refs: 81875, Failure refs: 13
Batch update: 48 refs added, 0 existing refs removed (0 new refs dominated)
Survival: 48 refs added, 0 removed (from 48 candidates)
Updated sys_vals: [0, 1]
---
Round: 1708, Unk. prob.: 9.979e-01
Upper probs: 2.140e-03, Lower probs: 0.000e+00
No. of non-dominant refs: 81936, Survival refs: 81923, Failure refs: 13
Batch update: 48 refs added, 0 existing refs removed (0 new refs dominated)
Survival: 48 refs added, 0 removed (from 48 candidates)
Updated sys_vals: [0, 1]
---
Round: 1709, Unk. prob.: 9.979e-01
Upper probs: 2.120e-03, Lower probs: 0.000e+00
No. of non-dominant refs: 81984, Survival refs: 81971, Failure refs: 13
Batch update: 48 refs added, 0 existing refs removed (0 new refs dominated)
Survival: 48 refs added, 0 removed (from 48 candidates)
Updated sys_vals: [0, 1]
---
Round: 1710, Unk. prob.: 9.979e-01
Upper probs: 2.100e-03, Lower probs: 0.000e+00
No. of non-dominant refs: 82032, Survival refs: 82019, Failure refs: 13
Batch update: 48 refs added, 0 existing refs removed (0 new refs dominated)
Survival: 48 refs added, 0 removed (from 48 candidates)
Updated sys_vals: [0, 1]
---
Round: 1711, Unk. prob.: 9.977e-01
Upper probs: 2.260e-03, Lower probs: 0.000e+00
No. of non-dominant refs: 82080, Survival refs: 82067, Failure refs: 13
Batch update: 48 refs added, 0 existing refs removed (0 new refs dominated)
Survival: 48 refs added, 0 removed (from 48 candidates)
Updated sys_vals: [0, 1]
---
Round: 1712, Unk. prob.: 9.981e-01
Upper probs: 1.940e-03, Lower probs: 0.000e+00
No. of non-dominant refs: 82128, Survival refs: 82115, Failure refs: 13
Batch update: 48 refs added, 0 existing refs removed (0 new refs dominated)
Survival: 48 refs added, 0 removed (from 48 candidates)
Updated sys_vals: [0, 1]
---
Round: 1713, Unk. prob.: 9.981e-01
Upper probs: 1.930e-03, Lower probs: 0.000e+00
No. of non-dominant refs: 82176, Survival refs: 82163, Failure refs: 13
Batch update: 48 refs added, 0 existing refs removed (0 new refs dominated)
Survival: 48 refs added, 0 removed (from 48 candidates)
Updated sys_vals: [0, 1]
---
Round: 1714, Unk. prob.: 9.977e-01
Upper probs: 2.300e-03, Lower probs: 0.000e+00
No. of non-dominant refs: 82224, Survival refs: 82211, Failure refs: 13
Batch update: 48 refs added, 0 existing refs removed (0 new refs dominated)
Survival: 48 refs added, 0 removed (from 48 candidates)
Updated sys_vals: [0, 1]
---
Round: 1715, Unk. prob.: 9.977e-01
Upper probs: 2.290e-03, Lower probs: 0.000e+00
No. of non-dominant refs: 82272, Survival refs: 82259, Failure refs: 13
Batch update: 48 refs added, 0 existing refs removed (0 new refs dominated)
Survival: 48 refs added, 0 removed (from 48 candidates)
Updated sys_vals: [0, 1]
---
Round: 1716, Unk. prob.: 9.975e-01
Upper probs: 2.520e-03, Lower probs: 0.000e+00
No. of non-dominant refs: 82320, Survival refs: 82307, Failure refs: 13
Batch update: 48 refs added, 0 existing refs removed (0 new refs dominated)
Survival: 48 refs added, 0 removed (from 48 candidates)
Updated sys_vals: [0, 1]
---
Round: 1717, Unk. prob.: 9.978e-01
Upper probs: 2.240e-03, Lower probs: 0.000e+00
No. of non-dominant refs: 82368, Survival refs: 82355, Failure refs: 13
Batch update: 48 refs added, 0 existing refs removed (0 new refs dominated)
Survival: 48 refs added, 0 removed (from 48 candidates)
Updated sys_vals: [0, 1]
---
Round: 1718, Unk. prob.: 9.980e-01
Upper probs: 2.040e-03, Lower probs: 0.000e+00
No. of non-dominant refs: 82416, Survival refs: 82403, Failure refs: 13
Batch update: 48 refs added, 0 existing refs removed (0 new refs dominated)
Survival: 48 refs added, 0 removed (from 48 candidates)
Updated sys_vals: [0, 1]
---
Round: 1719, Unk. prob.: 9.977e-01
Upper probs: 2.290e-03, Lower probs: 0.000e+00
No. of non-dominant refs: 82464, Survival refs: 82451, Failure refs: 13
Batch update: 48 refs added, 0 existing refs removed (0 new refs dominated)
Survival: 48 refs added, 0 removed (from 48 candidates)
Updated sys_vals: [0, 1]
---
Round: 1720, Unk. prob.: 9.978e-01
Upper probs: 2.220e-03, Lower probs: 0.000e+00
No. of non-dominant refs: 82512, Survival refs: 82499, Failure refs: 13
Batch update: 48 refs added, 0 existing refs removed (0 new refs dominated)
Survival: 48 refs added, 0 removed (from 48 candidates)
Updated sys_vals: [0, 1]
---
Round: 1721, Unk. prob.: 9.978e-01
Upper probs: 2.220e-03, Lower probs: 0.000e+00
No. of non-dominant refs: 82560, Survival refs: 82547, Failure refs: 13
Batch update: 48 refs added, 0 existing refs removed (0 new refs dominated)
Survival: 48 refs added, 0 removed (from 48 candidates)
Updated sys_vals: [0, 1]
---
Round: 1722, Unk. prob.: 9.977e-01
Upper probs: 2.280e-03, Lower probs: 0.000e+00
No. of non-dominant refs: 82608, Survival refs: 82595, Failure refs: 13
Batch update: 48 refs added, 0 existing refs removed (0 new refs dominated)
Survival: 48 refs added, 0 removed (from 48 candidates)
Updated sys_vals: [0, 1]
---
Round: 1723, Unk. prob.: 9.979e-01
Upper probs: 2.150e-03, Lower probs: 0.000e+00
No. of non-dominant refs: 82656, Survival refs: 82643, Failure refs: 13
Batch update: 48 refs added, 0 existing refs removed (0 new refs dominated)
Survival: 48 refs added, 0 removed (from 48 candidates)
Updated sys_vals: [0, 1]
---
Round: 1724, Unk. prob.: 9.978e-01
Upper probs: 2.190e-03, Lower probs: 0.000e+00
No. of non-dominant refs: 82704, Survival refs: 82691, Failure refs: 13
Batch update: 48 refs added, 0 existing refs removed (0 new refs dominated)
Survival: 48 refs added, 0 removed (from 48 candidates)
Updated sys_vals: [0, 1]
---
Round: 1725, Unk. prob.: 9.975e-01
Upper probs: 2.510e-03, Lower probs: 0.000e+00
No. of non-dominant refs: 82752, Survival refs: 82739, Failure refs: 13
Batch update: 48 refs added, 0 existing refs removed (0 new refs dominated)
Survival: 48 refs added, 0 removed (from 48 candidates)
Updated sys_vals: [0, 1]
---
Round: 1726, Unk. prob.: 9.980e-01
Upper probs: 2.020e-03, Lower probs: 0.000e+00
No. of non-dominant refs: 82800, Survival refs: 82787, Failure refs: 13
Batch update: 48 refs added, 0 existing refs removed (0 new refs dominated)
Survival: 48 refs added, 0 removed (from 48 candidates)
Updated sys_vals: [0, 1]
---
Round: 1727, Unk. prob.: 9.976e-01
Upper probs: 2.430e-03, Lower probs: 0.000e+00
No. of non-dominant refs: 82848, Survival refs: 82835, Failure refs: 13
Batch update: 48 refs added, 0 existing refs removed (0 new refs dominated)
Survival: 48 refs added, 0 removed (from 48 candidates)
Updated sys_vals: [0, 1]
---
Round: 1728, Unk. prob.: 9.978e-01
Upper probs: 2.210e-03, Lower probs: 0.000e+00
No. of non-dominant refs: 82896, Survival refs: 82883, Failure refs: 13
Batch update: 48 refs added, 0 existing refs removed (0 new refs dominated)
Survival: 48 refs added, 0 removed (from 48 candidates)
Updated sys_vals: [0, 1]
---
Round: 1729, Unk. prob.: 9.980e-01
Upper probs: 2.020e-03, Lower probs: 0.000e+00
No. of non-dominant refs: 82944, Survival refs: 82931, Failure refs: 13
Batch update: 48 refs added, 0 existing refs removed (0 new refs dominated)
Survival: 48 refs added, 0 removed (from 48 candidates)
Updated sys_vals: [0, 1]
---
Round: 1730, Unk. prob.: 9.978e-01
Upper probs: 2.210e-03, Lower probs: 0.000e+00
No. of non-dominant refs: 82992, Survival refs: 82979, Failure refs: 13
Batch update: 47 refs added, 0 existing refs removed (0 new refs dominated)
Survival: 47 refs added, 0 removed (from 47 candidates)
Batch update: 1 refs added, 0 existing refs removed (0 new refs dominated)
Failure: 1 refs added, 0 removed (from 1 candidates)
Updated sys_vals: [0, 1]
---
Round: 1731, Unk. prob.: 9.978e-01
Upper probs: 2.220e-03, Lower probs: 0.000e+00
No. of non-dominant refs: 83040, Survival refs: 83026, Failure refs: 14
Batch update: 48 refs added, 0 existing refs removed (0 new refs dominated)
Survival: 48 refs added, 0 removed (from 48 candidates)
Updated sys_vals: [0, 1]
---
Round: 1732, Unk. prob.: 9.980e-01
Upper probs: 1.950e-03, Lower probs: 0.000e+00
No. of non-dominant refs: 83088, Survival refs: 83074, Failure refs: 14
Batch update: 48 refs added, 0 existing refs removed (0 new refs dominated)
Survival: 48 refs added, 0 removed (from 48 candidates)
Updated sys_vals: [0, 1]
---
Round: 1733, Unk. prob.: 9.976e-01
Upper probs: 2.360e-03, Lower probs: 0.000e+00
No. of non-dominant refs: 83136, Survival refs: 83122, Failure refs: 14
Batch update: 48 refs added, 0 existing refs removed (0 new refs dominated)
Survival: 48 refs added, 0 removed (from 48 candidates)
Updated sys_vals: [0, 1]
---
Round: 1734, Unk. prob.: 9.976e-01
Upper probs: 2.400e-03, Lower probs: 0.000e+00
No. of non-dominant refs: 83184, Survival refs: 83170, Failure refs: 14
Batch update: 48 refs added, 0 existing refs removed (0 new refs dominated)
Survival: 48 refs added, 0 removed (from 48 candidates)
Updated sys_vals: [0, 1]
---
Round: 1735, Unk. prob.: 9.977e-01
Upper probs: 2.320e-03, Lower probs: 0.000e+00
No. of non-dominant refs: 83232, Survival refs: 83218, Failure refs: 14
Batch update: 48 refs added, 0 existing refs removed (0 new refs dominated)
Survival: 48 refs added, 0 removed (from 48 candidates)
Updated sys_vals: [0, 1]
---
Round: 1736, Unk. prob.: 9.974e-01
Upper probs: 2.550e-03, Lower probs: 0.000e+00
No. of non-dominant refs: 83280, Survival refs: 83266, Failure refs: 14
Batch update: 48 refs added, 0 existing refs removed (0 new refs dominated)
Survival: 48 refs added, 0 removed (from 48 candidates)
Updated sys_vals: [0, 1]
---
Round: 1737, Unk. prob.: 9.978e-01
Upper probs: 2.240e-03, Lower probs: 0.000e+00
No. of non-dominant refs: 83328, Survival refs: 83314, Failure refs: 14
Batch update: 48 refs added, 0 existing refs removed (0 new refs dominated)
Survival: 48 refs added, 0 removed (from 48 candidates)
Updated sys_vals: [0, 1]
---
Round: 1738, Unk. prob.: 9.981e-01
Upper probs: 1.940e-03, Lower probs: 0.000e+00
No. of non-dominant refs: 83376, Survival refs: 83362, Failure refs: 14
Batch update: 48 refs added, 0 existing refs removed (0 new refs dominated)
Survival: 48 refs added, 0 removed (from 48 candidates)
Updated sys_vals: [0, 1]
---
Round: 1739, Unk. prob.: 9.974e-01
Upper probs: 2.610e-03, Lower probs: 0.000e+00
No. of non-dominant refs: 83424, Survival refs: 83410, Failure refs: 14
Batch update: 48 refs added, 0 existing refs removed (0 new refs dominated)
Survival: 48 refs added, 0 removed (from 48 candidates)
Updated sys_vals: [0, 1]
---
Round: 1740, Unk. prob.: 9.977e-01
Upper probs: 2.300e-03, Lower probs: 0.000e+00
No. of non-dominant refs: 83472, Survival refs: 83458, Failure refs: 14
Batch update: 48 refs added, 0 existing refs removed (0 new refs dominated)
Survival: 48 refs added, 0 removed (from 48 candidates)
Updated sys_vals: [0, 1]
---
Round: 1741, Unk. prob.: 9.977e-01
Upper probs: 2.330e-03, Lower probs: 0.000e+00
No. of non-dominant refs: 83520, Survival refs: 83506, Failure refs: 14
Batch update: 48 refs added, 0 existing refs removed (0 new refs dominated)
Survival: 48 refs added, 0 removed (from 48 candidates)
Updated sys_vals: [0, 1]
---
Round: 1742, Unk. prob.: 9.979e-01
Upper probs: 2.150e-03, Lower probs: 0.000e+00
No. of non-dominant refs: 83568, Survival refs: 83554, Failure refs: 14
Batch update: 48 refs added, 0 existing refs removed (0 new refs dominated)
Survival: 48 refs added, 0 removed (from 48 candidates)
Updated sys_vals: [0, 1]
---
Round: 1743, Unk. prob.: 9.977e-01
Upper probs: 2.290e-03, Lower probs: 0.000e+00
No. of non-dominant refs: 83616, Survival refs: 83602, Failure refs: 14
Batch update: 48 refs added, 0 existing refs removed (0 new refs dominated)
Survival: 48 refs added, 0 removed (from 48 candidates)
Updated sys_vals: [0, 1]
---
Round: 1744, Unk. prob.: 9.977e-01
Upper probs: 2.300e-03, Lower probs: 0.000e+00
No. of non-dominant refs: 83664, Survival refs: 83650, Failure refs: 14
Batch update: 48 refs added, 0 existing refs removed (0 new refs dominated)
Survival: 48 refs added, 0 removed (from 48 candidates)
Updated sys_vals: [0, 1]
---
Round: 1745, Unk. prob.: 9.978e-01
Upper probs: 2.170e-03, Lower probs: 0.000e+00
No. of non-dominant refs: 83712, Survival refs: 83698, Failure refs: 14
Batch update: 48 refs added, 0 existing refs removed (0 new refs dominated)
Survival: 48 refs added, 0 removed (from 48 candidates)
Updated sys_vals: [0, 1]
---
Round: 1746, Unk. prob.: 9.978e-01
Upper probs: 2.220e-03, Lower probs: 0.000e+00
No. of non-dominant refs: 83760, Survival refs: 83746, Failure refs: 14
Batch update: 48 refs added, 0 existing refs removed (0 new refs dominated)
Survival: 48 refs added, 0 removed (from 48 candidates)
Updated sys_vals: [0, 1]
---
Round: 1747, Unk. prob.: 9.977e-01
Upper probs: 2.260e-03, Lower probs: 0.000e+00
No. of non-dominant refs: 83808, Survival refs: 83794, Failure refs: 14
Batch update: 48 refs added, 0 existing refs removed (0 new refs dominated)
Survival: 48 refs added, 0 removed (from 48 candidates)
Updated sys_vals: [0, 1]
---
Round: 1748, Unk. prob.: 9.978e-01
Upper probs: 2.240e-03, Lower probs: 0.000e+00
No. of non-dominant refs: 83856, Survival refs: 83842, Failure refs: 14
Batch update: 48 refs added, 0 existing refs removed (0 new refs dominated)
Survival: 48 refs added, 0 removed (from 48 candidates)
Updated sys_vals: [0, 1]
---
Round: 1749, Unk. prob.: 9.978e-01
Upper probs: 2.240e-03, Lower probs: 0.000e+00
No. of non-dominant refs: 83904, Survival refs: 83890, Failure refs: 14
Batch update: 48 refs added, 0 existing refs removed (0 new refs dominated)
Survival: 48 refs added, 0 removed (from 48 candidates)
Updated sys_vals: [0, 1]
---
Round: 1750, Unk. prob.: 9.977e-01
Upper probs: 2.260e-03, Lower probs: 0.000e+00
No. of non-dominant refs: 83952, Survival refs: 83938, Failure refs: 14
Batch update: 48 refs added, 0 existing refs removed (0 new refs dominated)
Survival: 48 refs added, 0 removed (from 48 candidates)
Updated sys_vals: [0, 1]
---
Round: 1751, Unk. prob.: 9.979e-01
Upper probs: 2.110e-03, Lower probs: 0.000e+00
No. of non-dominant refs: 84000, Survival refs: 83986, Failure refs: 14
Batch update: 48 refs added, 0 existing refs removed (0 new refs dominated)
Survival: 48 refs added, 0 removed (from 48 candidates)
Updated sys_vals: [0, 1]
---
Round: 1752, Unk. prob.: 9.976e-01
Upper probs: 2.410e-03, Lower probs: 0.000e+00
No. of non-dominant refs: 84048, Survival refs: 84034, Failure refs: 14
Batch update: 48 refs added, 0 existing refs removed (0 new refs dominated)
Survival: 48 refs added, 0 removed (from 48 candidates)
Updated sys_vals: [0, 1]
---
Round: 1753, Unk. prob.: 9.977e-01
Upper probs: 2.340e-03, Lower probs: 0.000e+00
No. of non-dominant refs: 84096, Survival refs: 84082, Failure refs: 14
Batch update: 48 refs added, 0 existing refs removed (0 new refs dominated)
Survival: 48 refs added, 0 removed (from 48 candidates)
Updated sys_vals: [0, 1]
---
Round: 1754, Unk. prob.: 9.979e-01
Upper probs: 2.110e-03, Lower probs: 0.000e+00
No. of non-dominant refs: 84144, Survival refs: 84130, Failure refs: 14
Batch update: 48 refs added, 0 existing refs removed (0 new refs dominated)
Survival: 48 refs added, 0 removed (from 48 candidates)
Updated sys_vals: [0, 1]
---
Round: 1755, Unk. prob.: 9.976e-01
Upper probs: 2.440e-03, Lower probs: 0.000e+00
No. of non-dominant refs: 84192, Survival refs: 84178, Failure refs: 14
Batch update: 48 refs added, 0 existing refs removed (0 new refs dominated)
Survival: 48 refs added, 0 removed (from 48 candidates)
Updated sys_vals: [0, 1]
---
Round: 1756, Unk. prob.: 9.981e-01
Upper probs: 1.940e-03, Lower probs: 0.000e+00
No. of non-dominant refs: 84240, Survival refs: 84226, Failure refs: 14
Batch update: 48 refs added, 0 existing refs removed (0 new refs dominated)
Survival: 48 refs added, 0 removed (from 48 candidates)
Updated sys_vals: [0, 1]
---
Round: 1757, Unk. prob.: 9.977e-01
Upper probs: 2.300e-03, Lower probs: 0.000e+00
No. of non-dominant refs: 84288, Survival refs: 84274, Failure refs: 14
Batch update: 48 refs added, 0 existing refs removed (0 new refs dominated)
Survival: 48 refs added, 0 removed (from 48 candidates)
Updated sys_vals: [0, 1]
---
Round: 1758, Unk. prob.: 9.976e-01
Upper probs: 2.380e-03, Lower probs: 0.000e+00
No. of non-dominant refs: 84336, Survival refs: 84322, Failure refs: 14
Batch update: 48 refs added, 0 existing refs removed (0 new refs dominated)
Survival: 48 refs added, 0 removed (from 48 candidates)
Updated sys_vals: [0, 1]
---
Round: 1759, Unk. prob.: 9.979e-01
Upper probs: 2.100e-03, Lower probs: 0.000e+00
No. of non-dominant refs: 84384, Survival refs: 84370, Failure refs: 14
Batch update: 48 refs added, 0 existing refs removed (0 new refs dominated)
Survival: 48 refs added, 0 removed (from 48 candidates)
Updated sys_vals: [0, 1]
---
Round: 1760, Unk. prob.: 9.977e-01
Upper probs: 2.300e-03, Lower probs: 0.000e+00
No. of non-dominant refs: 84432, Survival refs: 84418, Failure refs: 14
Batch update: 48 refs added, 0 existing refs removed (0 new refs dominated)
Survival: 48 refs added, 0 removed (from 48 candidates)
Updated sys_vals: [0, 1]
---
Round: 1761, Unk. prob.: 9.977e-01
Upper probs: 2.330e-03, Lower probs: 0.000e+00
No. of non-dominant refs: 84480, Survival refs: 84466, Failure refs: 14
Batch update: 48 refs added, 0 existing refs removed (0 new refs dominated)
Survival: 48 refs added, 0 removed (from 48 candidates)
Updated sys_vals: [0, 1]
---
Round: 1762, Unk. prob.: 9.979e-01
Upper probs: 2.090e-03, Lower probs: 0.000e+00
No. of non-dominant refs: 84528, Survival refs: 84514, Failure refs: 14
Batch update: 48 refs added, 0 existing refs removed (0 new refs dominated)
Survival: 48 refs added, 0 removed (from 48 candidates)
Updated sys_vals: [0, 1]
---
Round: 1763, Unk. prob.: 9.978e-01
Upper probs: 2.210e-03, Lower probs: 0.000e+00
No. of non-dominant refs: 84576, Survival refs: 84562, Failure refs: 14
Batch update: 48 refs added, 0 existing refs removed (0 new refs dominated)
Survival: 48 refs added, 0 removed (from 48 candidates)
Updated sys_vals: [0, 1]
---
Round: 1764, Unk. prob.: 9.976e-01
Upper probs: 2.360e-03, Lower probs: 0.000e+00
No. of non-dominant refs: 84624, Survival refs: 84610, Failure refs: 14
Batch update: 48 refs added, 0 existing refs removed (0 new refs dominated)
Survival: 48 refs added, 0 removed (from 48 candidates)
Updated sys_vals: [0, 1]
---
Round: 1765, Unk. prob.: 9.976e-01
Upper probs: 2.360e-03, Lower probs: 0.000e+00
No. of non-dominant refs: 84672, Survival refs: 84658, Failure refs: 14
Batch update: 48 refs added, 0 existing refs removed (0 new refs dominated)
Survival: 48 refs added, 0 removed (from 48 candidates)
Updated sys_vals: [0, 1]
---
Round: 1766, Unk. prob.: 9.977e-01
Upper probs: 2.320e-03, Lower probs: 0.000e+00
No. of non-dominant refs: 84720, Survival refs: 84706, Failure refs: 14
Batch update: 48 refs added, 0 existing refs removed (0 new refs dominated)
Survival: 48 refs added, 0 removed (from 48 candidates)
Updated sys_vals: [0, 1]
---
Round: 1767, Unk. prob.: 9.976e-01
Upper probs: 2.430e-03, Lower probs: 0.000e+00
No. of non-dominant refs: 84768, Survival refs: 84754, Failure refs: 14
Batch update: 48 refs added, 0 existing refs removed (0 new refs dominated)
Survival: 48 refs added, 0 removed (from 48 candidates)
Updated sys_vals: [0, 1]
---
Round: 1768, Unk. prob.: 9.976e-01
Upper probs: 2.390e-03, Lower probs: 0.000e+00
No. of non-dominant refs: 84816, Survival refs: 84802, Failure refs: 14
Batch update: 48 refs added, 0 existing refs removed (0 new refs dominated)
Survival: 48 refs added, 0 removed (from 48 candidates)
Updated sys_vals: [0, 1]
---
Round: 1769, Unk. prob.: 9.977e-01
Upper probs: 2.300e-03, Lower probs: 0.000e+00
No. of non-dominant refs: 84864, Survival refs: 84850, Failure refs: 14
Batch update: 48 refs added, 0 existing refs removed (0 new refs dominated)
Survival: 48 refs added, 0 removed (from 48 candidates)
Updated sys_vals: [0, 1]
---
Round: 1770, Unk. prob.: 9.976e-01
Upper probs: 2.380e-03, Lower probs: 0.000e+00
No. of non-dominant refs: 84912, Survival refs: 84898, Failure refs: 14
Batch update: 48 refs added, 0 existing refs removed (0 new refs dominated)
Survival: 48 refs added, 0 removed (from 48 candidates)
Updated sys_vals: [0, 1]
---
Round: 1771, Unk. prob.: 9.978e-01
Upper probs: 2.200e-03, Lower probs: 0.000e+00
No. of non-dominant refs: 84960, Survival refs: 84946, Failure refs: 14
Batch update: 48 refs added, 0 existing refs removed (0 new refs dominated)
Survival: 48 refs added, 0 removed (from 48 candidates)
Updated sys_vals: [0, 1]
---
Round: 1772, Unk. prob.: 9.977e-01
Upper probs: 2.320e-03, Lower probs: 0.000e+00
No. of non-dominant refs: 85008, Survival refs: 84994, Failure refs: 14
Batch update: 48 refs added, 0 existing refs removed (0 new refs dominated)
Survival: 48 refs added, 0 removed (from 48 candidates)
Updated sys_vals: [0, 1]
---
Round: 1773, Unk. prob.: 9.976e-01
Upper probs: 2.410e-03, Lower probs: 0.000e+00
No. of non-dominant refs: 85056, Survival refs: 85042, Failure refs: 14
Batch update: 48 refs added, 0 existing refs removed (0 new refs dominated)
Survival: 48 refs added, 0 removed (from 48 candidates)
Updated sys_vals: [0, 1]
---
Round: 1774, Unk. prob.: 9.978e-01
Upper probs: 2.200e-03, Lower probs: 0.000e+00
No. of non-dominant refs: 85104, Survival refs: 85090, Failure refs: 14
Batch update: 48 refs added, 0 existing refs removed (0 new refs dominated)
Survival: 48 refs added, 0 removed (from 48 candidates)
Updated sys_vals: [0, 1]
---
Round: 1775, Unk. prob.: 9.979e-01
Upper probs: 2.150e-03, Lower probs: 0.000e+00
No. of non-dominant refs: 85152, Survival refs: 85138, Failure refs: 14
Batch update: 48 refs added, 0 existing refs removed (0 new refs dominated)
Survival: 48 refs added, 0 removed (from 48 candidates)
Updated sys_vals: [0, 1]
---
Round: 1776, Unk. prob.: 9.977e-01
Upper probs: 2.300e-03, Lower probs: 0.000e+00
No. of non-dominant refs: 85200, Survival refs: 85186, Failure refs: 14
Batch update: 48 refs added, 0 existing refs removed (0 new refs dominated)
Survival: 48 refs added, 0 removed (from 48 candidates)
Updated sys_vals: [0, 1]
---
Round: 1777, Unk. prob.: 9.977e-01
Upper probs: 2.330e-03, Lower probs: 0.000e+00
No. of non-dominant refs: 85248, Survival refs: 85234, Failure refs: 14
Batch update: 48 refs added, 0 existing refs removed (0 new refs dominated)
Survival: 48 refs added, 0 removed (from 48 candidates)
Updated sys_vals: [0, 1]
---
Round: 1778, Unk. prob.: 9.977e-01
Upper probs: 2.340e-03, Lower probs: 0.000e+00
No. of non-dominant refs: 85296, Survival refs: 85282, Failure refs: 14
Batch update: 48 refs added, 0 existing refs removed (0 new refs dominated)
Survival: 48 refs added, 0 removed (from 48 candidates)
Updated sys_vals: [0, 1]
---
Round: 1779, Unk. prob.: 9.977e-01
Upper probs: 2.260e-03, Lower probs: 0.000e+00
No. of non-dominant refs: 85344, Survival refs: 85330, Failure refs: 14
Batch update: 48 refs added, 0 existing refs removed (0 new refs dominated)
Survival: 48 refs added, 0 removed (from 48 candidates)
Updated sys_vals: [0, 1]
---
Round: 1780, Unk. prob.: 9.975e-01
Upper probs: 2.470e-03, Lower probs: 0.000e+00
No. of non-dominant refs: 85392, Survival refs: 85378, Failure refs: 14
Batch update: 48 refs added, 0 existing refs removed (0 new refs dominated)
Survival: 48 refs added, 0 removed (from 48 candidates)
Updated sys_vals: [0, 1]
---
Round: 1781, Unk. prob.: 9.977e-01
Upper probs: 2.270e-03, Lower probs: 0.000e+00
No. of non-dominant refs: 85440, Survival refs: 85426, Failure refs: 14
Batch update: 48 refs added, 0 existing refs removed (0 new refs dominated)
Survival: 48 refs added, 0 removed (from 48 candidates)
Updated sys_vals: [0, 1]
---
Round: 1782, Unk. prob.: 9.979e-01
Upper probs: 2.120e-03, Lower probs: 0.000e+00
No. of non-dominant refs: 85488, Survival refs: 85474, Failure refs: 14
Batch update: 48 refs added, 0 existing refs removed (0 new refs dominated)
Survival: 48 refs added, 0 removed (from 48 candidates)
Updated sys_vals: [0, 1]
---
Round: 1783, Unk. prob.: 9.979e-01
Upper probs: 2.110e-03, Lower probs: 0.000e+00
No. of non-dominant refs: 85536, Survival refs: 85522, Failure refs: 14
Batch update: 48 refs added, 0 existing refs removed (0 new refs dominated)
Survival: 48 refs added, 0 removed (from 48 candidates)
Updated sys_vals: [0, 1]
---
Round: 1784, Unk. prob.: 9.975e-01
Upper probs: 2.470e-03, Lower probs: 0.000e+00
No. of non-dominant refs: 85584, Survival refs: 85570, Failure refs: 14
Batch update: 48 refs added, 0 existing refs removed (0 new refs dominated)
Survival: 48 refs added, 0 removed (from 48 candidates)
Updated sys_vals: [0, 1]
---
Round: 1785, Unk. prob.: 9.977e-01
Upper probs: 2.290e-03, Lower probs: 0.000e+00
No. of non-dominant refs: 85632, Survival refs: 85618, Failure refs: 14
Batch update: 48 refs added, 0 existing refs removed (0 new refs dominated)
Survival: 48 refs added, 0 removed (from 48 candidates)
Updated sys_vals: [0, 1]
---
Round: 1786, Unk. prob.: 9.982e-01
Upper probs: 1.760e-03, Lower probs: 0.000e+00
No. of non-dominant refs: 85680, Survival refs: 85666, Failure refs: 14
Batch update: 48 refs added, 0 existing refs removed (0 new refs dominated)
Survival: 48 refs added, 0 removed (from 48 candidates)
Updated sys_vals: [0, 1]
---
Round: 1787, Unk. prob.: 9.980e-01
Upper probs: 2.050e-03, Lower probs: 0.000e+00
No. of non-dominant refs: 85728, Survival refs: 85714, Failure refs: 14
Batch update: 48 refs added, 0 existing refs removed (0 new refs dominated)
Survival: 48 refs added, 0 removed (from 48 candidates)
Updated sys_vals: [0, 1]
---
Round: 1788, Unk. prob.: 9.976e-01
Upper probs: 2.390e-03, Lower probs: 0.000e+00
No. of non-dominant refs: 85776, Survival refs: 85762, Failure refs: 14
Batch update: 48 refs added, 0 existing refs removed (0 new refs dominated)
Survival: 48 refs added, 0 removed (from 48 candidates)
Updated sys_vals: [0, 1]
---
Round: 1789, Unk. prob.: 9.979e-01
Upper probs: 2.100e-03, Lower probs: 0.000e+00
No. of non-dominant refs: 85824, Survival refs: 85810, Failure refs: 14
Batch update: 48 refs added, 0 existing refs removed (0 new refs dominated)
Survival: 48 refs added, 0 removed (from 48 candidates)
Updated sys_vals: [0, 1]
---
Round: 1790, Unk. prob.: 9.976e-01
Upper probs: 2.410e-03, Lower probs: 0.000e+00
No. of non-dominant refs: 85872, Survival refs: 85858, Failure refs: 14
Batch update: 48 refs added, 0 existing refs removed (0 new refs dominated)
Survival: 48 refs added, 0 removed (from 48 candidates)
Updated sys_vals: [0, 1]
---
Round: 1791, Unk. prob.: 9.979e-01
Upper probs: 2.080e-03, Lower probs: 0.000e+00
No. of non-dominant refs: 85920, Survival refs: 85906, Failure refs: 14
Batch update: 48 refs added, 0 existing refs removed (0 new refs dominated)
Survival: 48 refs added, 0 removed (from 48 candidates)
Updated sys_vals: [0, 1]
---
Round: 1792, Unk. prob.: 9.977e-01
Upper probs: 2.310e-03, Lower probs: 0.000e+00
No. of non-dominant refs: 85968, Survival refs: 85954, Failure refs: 14
Batch update: 48 refs added, 0 existing refs removed (0 new refs dominated)
Survival: 48 refs added, 0 removed (from 48 candidates)
Updated sys_vals: [0, 1]
---
Round: 1793, Unk. prob.: 9.979e-01
Upper probs: 2.150e-03, Lower probs: 0.000e+00
No. of non-dominant refs: 86016, Survival refs: 86002, Failure refs: 14
Batch update: 48 refs added, 0 existing refs removed (0 new refs dominated)
Survival: 48 refs added, 0 removed (from 48 candidates)
Updated sys_vals: [0, 1]
---
Round: 1794, Unk. prob.: 9.977e-01
Upper probs: 2.290e-03, Lower probs: 0.000e+00
No. of non-dominant refs: 86064, Survival refs: 86050, Failure refs: 14
Batch update: 48 refs added, 0 existing refs removed (0 new refs dominated)
Survival: 48 refs added, 0 removed (from 48 candidates)
Updated sys_vals: [0, 1]
---
Round: 1795, Unk. prob.: 9.979e-01
Upper probs: 2.090e-03, Lower probs: 0.000e+00
No. of non-dominant refs: 86112, Survival refs: 86098, Failure refs: 14
Batch update: 48 refs added, 0 existing refs removed (0 new refs dominated)
Survival: 48 refs added, 0 removed (from 48 candidates)
Updated sys_vals: [0, 1]
---
Round: 1796, Unk. prob.: 9.977e-01
Upper probs: 2.260e-03, Lower probs: 0.000e+00
No. of non-dominant refs: 86160, Survival refs: 86146, Failure refs: 14
Batch update: 48 refs added, 0 existing refs removed (0 new refs dominated)
Survival: 48 refs added, 0 removed (from 48 candidates)
Updated sys_vals: [0, 1]
---
Round: 1797, Unk. prob.: 9.976e-01
Upper probs: 2.410e-03, Lower probs: 0.000e+00
No. of non-dominant refs: 86208, Survival refs: 86194, Failure refs: 14
Batch update: 48 refs added, 0 existing refs removed (0 new refs dominated)
Survival: 48 refs added, 0 removed (from 48 candidates)
Updated sys_vals: [0, 1]
---
Round: 1798, Unk. prob.: 9.975e-01
Upper probs: 2.460e-03, Lower probs: 0.000e+00
No. of non-dominant refs: 86256, Survival refs: 86242, Failure refs: 14
Batch update: 48 refs added, 0 existing refs removed (0 new refs dominated)
Survival: 48 refs added, 0 removed (from 48 candidates)
Updated sys_vals: [0, 1]
---
Round: 1799, Unk. prob.: 9.975e-01
Upper probs: 2.470e-03, Lower probs: 0.000e+00
No. of non-dominant refs: 86304, Survival refs: 86290, Failure refs: 14
Batch update: 48 refs added, 0 existing refs removed (0 new refs dominated)
Survival: 48 refs added, 0 removed (from 48 candidates)
Updated sys_vals: [0, 1]
---
Round: 1800, Unk. prob.: 9.977e-01
Upper probs: 2.300e-03, Lower probs: 0.000e+00
No. of non-dominant refs: 86352, Survival refs: 86338, Failure refs: 14
Batch update: 48 refs added, 0 existing refs removed (0 new refs dominated)
Survival: 48 refs added, 0 removed (from 48 candidates)
Updated sys_vals: [0, 1]
---
Round: 1801, Unk. prob.: 9.977e-01
Upper probs: 2.270e-03, Lower probs: 0.000e+00
No. of non-dominant refs: 86400, Survival refs: 86386, Failure refs: 14
Batch update: 48 refs added, 0 existing refs removed (0 new refs dominated)
Survival: 48 refs added, 0 removed (from 48 candidates)
Updated sys_vals: [0, 1]
---
Round: 1802, Unk. prob.: 9.979e-01
Upper probs: 2.130e-03, Lower probs: 0.000e+00
No. of non-dominant refs: 86448, Survival refs: 86434, Failure refs: 14
Batch update: 48 refs added, 0 existing refs removed (0 new refs dominated)
Survival: 48 refs added, 0 removed (from 48 candidates)
Updated sys_vals: [0, 1]
---
Round: 1803, Unk. prob.: 9.976e-01
Upper probs: 2.430e-03, Lower probs: 0.000e+00
No. of non-dominant refs: 86496, Survival refs: 86482, Failure refs: 14
Batch update: 48 refs added, 0 existing refs removed (0 new refs dominated)
Survival: 48 refs added, 0 removed (from 48 candidates)
Updated sys_vals: [0, 1]
---
Round: 1804, Unk. prob.: 9.978e-01
Upper probs: 2.200e-03, Lower probs: 0.000e+00
No. of non-dominant refs: 86544, Survival refs: 86530, Failure refs: 14
Batch update: 48 refs added, 0 existing refs removed (0 new refs dominated)
Survival: 48 refs added, 0 removed (from 48 candidates)
Updated sys_vals: [0, 1]
---
Round: 1805, Unk. prob.: 9.978e-01
Upper probs: 2.200e-03, Lower probs: 0.000e+00
No. of non-dominant refs: 86592, Survival refs: 86578, Failure refs: 14
Batch update: 48 refs added, 0 existing refs removed (0 new refs dominated)
Survival: 48 refs added, 0 removed (from 48 candidates)
Updated sys_vals: [0, 1]
---
Round: 1806, Unk. prob.: 9.978e-01
Upper probs: 2.240e-03, Lower probs: 0.000e+00
No. of non-dominant refs: 86640, Survival refs: 86626, Failure refs: 14
Batch update: 48 refs added, 0 existing refs removed (0 new refs dominated)
Survival: 48 refs added, 0 removed (from 48 candidates)
Updated sys_vals: [0, 1]
---
Round: 1807, Unk. prob.: 9.978e-01
Upper probs: 2.210e-03, Lower probs: 0.000e+00
No. of non-dominant refs: 86688, Survival refs: 86674, Failure refs: 14
Batch update: 48 refs added, 0 existing refs removed (0 new refs dominated)
Survival: 48 refs added, 0 removed (from 48 candidates)
Updated sys_vals: [0, 1]
---
Round: 1808, Unk. prob.: 9.975e-01
Upper probs: 2.500e-03, Lower probs: 0.000e+00
No. of non-dominant refs: 86736, Survival refs: 86722, Failure refs: 14
Batch update: 48 refs added, 0 existing refs removed (0 new refs dominated)
Survival: 48 refs added, 0 removed (from 48 candidates)
Updated sys_vals: [0, 1]
---
Round: 1809, Unk. prob.: 9.974e-01
Upper probs: 2.640e-03, Lower probs: 0.000e+00
No. of non-dominant refs: 86784, Survival refs: 86770, Failure refs: 14
Batch update: 48 refs added, 0 existing refs removed (0 new refs dominated)
Survival: 48 refs added, 0 removed (from 48 candidates)
Updated sys_vals: [0, 1]
---
Round: 1810, Unk. prob.: 9.979e-01
Upper probs: 2.130e-03, Lower probs: 0.000e+00
No. of non-dominant refs: 86832, Survival refs: 86818, Failure refs: 14
Batch update: 48 refs added, 0 existing refs removed (0 new refs dominated)
Survival: 48 refs added, 0 removed (from 48 candidates)
Updated sys_vals: [0, 1]
---
Round: 1811, Unk. prob.: 9.975e-01
Upper probs: 2.540e-03, Lower probs: 0.000e+00
No. of non-dominant refs: 86880, Survival refs: 86866, Failure refs: 14
Batch update: 48 refs added, 0 existing refs removed (0 new refs dominated)
Survival: 48 refs added, 0 removed (from 48 candidates)
Updated sys_vals: [0, 1]
---
Round: 1812, Unk. prob.: 9.978e-01
Upper probs: 2.160e-03, Lower probs: 0.000e+00
No. of non-dominant refs: 86928, Survival refs: 86914, Failure refs: 14
Batch update: 48 refs added, 0 existing refs removed (0 new refs dominated)
Survival: 48 refs added, 0 removed (from 48 candidates)
Updated sys_vals: [0, 1]
---
Round: 1813, Unk. prob.: 9.977e-01
Upper probs: 2.330e-03, Lower probs: 0.000e+00
No. of non-dominant refs: 86976, Survival refs: 86962, Failure refs: 14
Batch update: 48 refs added, 0 existing refs removed (0 new refs dominated)
Survival: 48 refs added, 0 removed (from 48 candidates)
Updated sys_vals: [0, 1]
---
Round: 1814, Unk. prob.: 9.977e-01
Upper probs: 2.300e-03, Lower probs: 0.000e+00
No. of non-dominant refs: 87024, Survival refs: 87010, Failure refs: 14
Batch update: 48 refs added, 0 existing refs removed (0 new refs dominated)
Survival: 48 refs added, 0 removed (from 48 candidates)
Updated sys_vals: [0, 1]
---
Round: 1815, Unk. prob.: 9.978e-01
Upper probs: 2.200e-03, Lower probs: 0.000e+00
No. of non-dominant refs: 87072, Survival refs: 87058, Failure refs: 14
Batch update: 48 refs added, 0 existing refs removed (0 new refs dominated)
Survival: 48 refs added, 0 removed (from 48 candidates)
Updated sys_vals: [0, 1]
---
Round: 1816, Unk. prob.: 9.977e-01
Upper probs: 2.290e-03, Lower probs: 0.000e+00
No. of non-dominant refs: 87120, Survival refs: 87106, Failure refs: 14
Batch update: 48 refs added, 0 existing refs removed (0 new refs dominated)
Survival: 48 refs added, 0 removed (from 48 candidates)
Updated sys_vals: [0, 1]
---
Round: 1817, Unk. prob.: 9.976e-01
Upper probs: 2.420e-03, Lower probs: 0.000e+00
No. of non-dominant refs: 87168, Survival refs: 87154, Failure refs: 14
Batch update: 48 refs added, 0 existing refs removed (0 new refs dominated)
Survival: 48 refs added, 0 removed (from 48 candidates)
Updated sys_vals: [0, 1]
---
Round: 1818, Unk. prob.: 9.977e-01
Upper probs: 2.330e-03, Lower probs: 0.000e+00
No. of non-dominant refs: 87216, Survival refs: 87202, Failure refs: 14
Batch update: 48 refs added, 0 existing refs removed (0 new refs dominated)
Survival: 48 refs added, 0 removed (from 48 candidates)
Updated sys_vals: [0, 1]
---
Round: 1819, Unk. prob.: 9.977e-01
Upper probs: 2.340e-03, Lower probs: 0.000e+00
No. of non-dominant refs: 87264, Survival refs: 87250, Failure refs: 14
Batch update: 48 refs added, 0 existing refs removed (0 new refs dominated)
Survival: 48 refs added, 0 removed (from 48 candidates)
Updated sys_vals: [0, 1]
---
Round: 1820, Unk. prob.: 9.978e-01
Upper probs: 2.210e-03, Lower probs: 0.000e+00
No. of non-dominant refs: 87312, Survival refs: 87298, Failure refs: 14
Batch update: 48 refs added, 0 existing refs removed (0 new refs dominated)
Survival: 48 refs added, 0 removed (from 48 candidates)
Updated sys_vals: [0, 1]
---
Round: 1821, Unk. prob.: 9.978e-01
Upper probs: 2.220e-03, Lower probs: 0.000e+00
No. of non-dominant refs: 87360, Survival refs: 87346, Failure refs: 14
Batch update: 48 refs added, 0 existing refs removed (0 new refs dominated)
Survival: 48 refs added, 0 removed (from 48 candidates)
Updated sys_vals: [0, 1]
---
Round: 1822, Unk. prob.: 9.979e-01
Upper probs: 2.080e-03, Lower probs: 0.000e+00
No. of non-dominant refs: 87408, Survival refs: 87394, Failure refs: 14
Batch update: 48 refs added, 0 existing refs removed (0 new refs dominated)
Survival: 48 refs added, 0 removed (from 48 candidates)
Updated sys_vals: [0, 1]
---
Round: 1823, Unk. prob.: 9.975e-01
Upper probs: 2.470e-03, Lower probs: 0.000e+00
No. of non-dominant refs: 87456, Survival refs: 87442, Failure refs: 14
Batch update: 48 refs added, 0 existing refs removed (0 new refs dominated)
Survival: 48 refs added, 0 removed (from 48 candidates)
Updated sys_vals: [0, 1]
---
Round: 1824, Unk. prob.: 9.978e-01
Upper probs: 2.210e-03, Lower probs: 0.000e+00
No. of non-dominant refs: 87504, Survival refs: 87490, Failure refs: 14
Batch update: 48 refs added, 0 existing refs removed (0 new refs dominated)
Survival: 48 refs added, 0 removed (from 48 candidates)
Updated sys_vals: [0, 1]
---
Round: 1825, Unk. prob.: 9.976e-01
Upper probs: 2.430e-03, Lower probs: 0.000e+00
No. of non-dominant refs: 87552, Survival refs: 87538, Failure refs: 14
Batch update: 48 refs added, 0 existing refs removed (0 new refs dominated)
Survival: 48 refs added, 0 removed (from 48 candidates)
Updated sys_vals: [0, 1]
---
Round: 1826, Unk. prob.: 9.979e-01
Upper probs: 2.140e-03, Lower probs: 0.000e+00
No. of non-dominant refs: 87600, Survival refs: 87586, Failure refs: 14
Batch update: 48 refs added, 0 existing refs removed (0 new refs dominated)
Survival: 48 refs added, 0 removed (from 48 candidates)
Updated sys_vals: [0, 1]
---
Round: 1827, Unk. prob.: 9.974e-01
Upper probs: 2.620e-03, Lower probs: 0.000e+00
No. of non-dominant refs: 87648, Survival refs: 87634, Failure refs: 14
Batch update: 48 refs added, 0 existing refs removed (0 new refs dominated)
Survival: 48 refs added, 0 removed (from 48 candidates)
Updated sys_vals: [0, 1]
---
Round: 1828, Unk. prob.: 9.976e-01
Upper probs: 2.380e-03, Lower probs: 0.000e+00
No. of non-dominant refs: 87696, Survival refs: 87682, Failure refs: 14
Batch update: 48 refs added, 0 existing refs removed (0 new refs dominated)
Survival: 48 refs added, 0 removed (from 48 candidates)
Updated sys_vals: [0, 1]
---
Round: 1829, Unk. prob.: 9.979e-01
Upper probs: 2.110e-03, Lower probs: 0.000e+00
No. of non-dominant refs: 87744, Survival refs: 87730, Failure refs: 14
Batch update: 48 refs added, 0 existing refs removed (0 new refs dominated)
Survival: 48 refs added, 0 removed (from 48 candidates)
Updated sys_vals: [0, 1]
---
Round: 1830, Unk. prob.: 9.976e-01
Upper probs: 2.360e-03, Lower probs: 0.000e+00
No. of non-dominant refs: 87792, Survival refs: 87778, Failure refs: 14
Batch update: 48 refs added, 0 existing refs removed (0 new refs dominated)
Survival: 48 refs added, 0 removed (from 48 candidates)
Updated sys_vals: [0, 1]
---
Round: 1831, Unk. prob.: 9.975e-01
Upper probs: 2.460e-03, Lower probs: 0.000e+00
No. of non-dominant refs: 87840, Survival refs: 87826, Failure refs: 14
Batch update: 48 refs added, 0 existing refs removed (0 new refs dominated)
Survival: 48 refs added, 0 removed (from 48 candidates)
Updated sys_vals: [0, 1]
---
Round: 1832, Unk. prob.: 9.976e-01
Upper probs: 2.430e-03, Lower probs: 0.000e+00
No. of non-dominant refs: 87888, Survival refs: 87874, Failure refs: 14
Batch update: 48 refs added, 0 existing refs removed (0 new refs dominated)
Survival: 48 refs added, 0 removed (from 48 candidates)
Updated sys_vals: [0, 1]
---
Round: 1833, Unk. prob.: 9.974e-01
Upper probs: 2.590e-03, Lower probs: 0.000e+00
No. of non-dominant refs: 87936, Survival refs: 87922, Failure refs: 14
Batch update: 48 refs added, 0 existing refs removed (0 new refs dominated)
Survival: 48 refs added, 0 removed (from 48 candidates)
Updated sys_vals: [0, 1]
---
Round: 1834, Unk. prob.: 9.978e-01
Upper probs: 2.160e-03, Lower probs: 0.000e+00
No. of non-dominant refs: 87984, Survival refs: 87970, Failure refs: 14
Batch update: 48 refs added, 0 existing refs removed (0 new refs dominated)
Survival: 48 refs added, 0 removed (from 48 candidates)
Updated sys_vals: [0, 1]
---
Round: 1835, Unk. prob.: 9.977e-01
Upper probs: 2.260e-03, Lower probs: 0.000e+00
No. of non-dominant refs: 88032, Survival refs: 88018, Failure refs: 14
Batch update: 48 refs added, 0 existing refs removed (0 new refs dominated)
Survival: 48 refs added, 0 removed (from 48 candidates)
Updated sys_vals: [0, 1]
---
Round: 1836, Unk. prob.: 9.978e-01
Upper probs: 2.230e-03, Lower probs: 0.000e+00
No. of non-dominant refs: 88080, Survival refs: 88066, Failure refs: 14
Batch update: 48 refs added, 0 existing refs removed (0 new refs dominated)
Survival: 48 refs added, 0 removed (from 48 candidates)
Updated sys_vals: [0, 1]
---
Round: 1837, Unk. prob.: 9.977e-01
Upper probs: 2.330e-03, Lower probs: 0.000e+00
No. of non-dominant refs: 88128, Survival refs: 88114, Failure refs: 14
Batch update: 48 refs added, 0 existing refs removed (0 new refs dominated)
Survival: 48 refs added, 0 removed (from 48 candidates)
Updated sys_vals: [0, 1]
---
Round: 1838, Unk. prob.: 9.979e-01
Upper probs: 2.110e-03, Lower probs: 0.000e+00
No. of non-dominant refs: 88176, Survival refs: 88162, Failure refs: 14
Batch update: 48 refs added, 0 existing refs removed (0 new refs dominated)
Survival: 48 refs added, 0 removed (from 48 candidates)
Updated sys_vals: [0, 1]
---
Round: 1839, Unk. prob.: 9.977e-01
Upper probs: 2.340e-03, Lower probs: 0.000e+00
No. of non-dominant refs: 88224, Survival refs: 88210, Failure refs: 14
Batch update: 48 refs added, 0 existing refs removed (0 new refs dominated)
Survival: 48 refs added, 0 removed (from 48 candidates)
Updated sys_vals: [0, 1]
---
Round: 1840, Unk. prob.: 9.977e-01
Upper probs: 2.280e-03, Lower probs: 0.000e+00
No. of non-dominant refs: 88272, Survival refs: 88258, Failure refs: 14
Batch update: 48 refs added, 0 existing refs removed (0 new refs dominated)
Survival: 48 refs added, 0 removed (from 48 candidates)
Updated sys_vals: [0, 1]
---
Round: 1841, Unk. prob.: 9.974e-01
Upper probs: 2.630e-03, Lower probs: 0.000e+00
No. of non-dominant refs: 88320, Survival refs: 88306, Failure refs: 14
Batch update: 48 refs added, 0 existing refs removed (0 new refs dominated)
Survival: 48 refs added, 0 removed (from 48 candidates)
Updated sys_vals: [0, 1]
---
Round: 1842, Unk. prob.: 9.977e-01
Upper probs: 2.280e-03, Lower probs: 0.000e+00
No. of non-dominant refs: 88368, Survival refs: 88354, Failure refs: 14
Batch update: 48 refs added, 0 existing refs removed (0 new refs dominated)
Survival: 48 refs added, 0 removed (from 48 candidates)
Updated sys_vals: [0, 1]
---
Round: 1843, Unk. prob.: 9.975e-01
Upper probs: 2.520e-03, Lower probs: 0.000e+00
No. of non-dominant refs: 88416, Survival refs: 88402, Failure refs: 14
Batch update: 48 refs added, 0 existing refs removed (0 new refs dominated)
Survival: 48 refs added, 0 removed (from 48 candidates)
Updated sys_vals: [0, 1]
---
Round: 1844, Unk. prob.: 9.979e-01
Upper probs: 2.130e-03, Lower probs: 0.000e+00
No. of non-dominant refs: 88464, Survival refs: 88450, Failure refs: 14
Batch update: 48 refs added, 0 existing refs removed (0 new refs dominated)
Survival: 48 refs added, 0 removed (from 48 candidates)
Updated sys_vals: [0, 1]
---
Round: 1845, Unk. prob.: 9.977e-01
Upper probs: 2.310e-03, Lower probs: 0.000e+00
No. of non-dominant refs: 88512, Survival refs: 88498, Failure refs: 14
Batch update: 48 refs added, 0 existing refs removed (0 new refs dominated)
Survival: 48 refs added, 0 removed (from 48 candidates)
Updated sys_vals: [0, 1]
---
Round: 1846, Unk. prob.: 9.978e-01
Upper probs: 2.230e-03, Lower probs: 0.000e+00
No. of non-dominant refs: 88560, Survival refs: 88546, Failure refs: 14
Batch update: 48 refs added, 0 existing refs removed (0 new refs dominated)
Survival: 48 refs added, 0 removed (from 48 candidates)
Updated sys_vals: [0, 1]
---
Round: 1847, Unk. prob.: 9.978e-01
Upper probs: 2.230e-03, Lower probs: 0.000e+00
No. of non-dominant refs: 88608, Survival refs: 88594, Failure refs: 14
Batch update: 48 refs added, 0 existing refs removed (0 new refs dominated)
Survival: 48 refs added, 0 removed (from 48 candidates)
Updated sys_vals: [0, 1]
---
Round: 1848, Unk. prob.: 9.980e-01
Upper probs: 2.030e-03, Lower probs: 0.000e+00
No. of non-dominant refs: 88656, Survival refs: 88642, Failure refs: 14
Batch update: 48 refs added, 0 existing refs removed (0 new refs dominated)
Survival: 48 refs added, 0 removed (from 48 candidates)
Updated sys_vals: [0, 1]
---
Round: 1849, Unk. prob.: 9.979e-01
Upper probs: 2.070e-03, Lower probs: 0.000e+00
No. of non-dominant refs: 88704, Survival refs: 88690, Failure refs: 14
Batch update: 48 refs added, 0 existing refs removed (0 new refs dominated)
Survival: 48 refs added, 0 removed (from 48 candidates)
Updated sys_vals: [0, 1]
---
Round: 1850, Unk. prob.: 9.978e-01
Upper probs: 2.230e-03, Lower probs: 0.000e+00
No. of non-dominant refs: 88752, Survival refs: 88738, Failure refs: 14
Batch update: 48 refs added, 0 existing refs removed (0 new refs dominated)
Survival: 48 refs added, 0 removed (from 48 candidates)
Updated sys_vals: [0, 1]
---
Round: 1851, Unk. prob.: 9.976e-01
Upper probs: 2.390e-03, Lower probs: 0.000e+00
No. of non-dominant refs: 88800, Survival refs: 88786, Failure refs: 14
Batch update: 48 refs added, 0 existing refs removed (0 new refs dominated)
Survival: 48 refs added, 0 removed (from 48 candidates)
Updated sys_vals: [0, 1]
---
Round: 1852, Unk. prob.: 9.977e-01
Upper probs: 2.320e-03, Lower probs: 0.000e+00
No. of non-dominant refs: 88848, Survival refs: 88834, Failure refs: 14
Batch update: 48 refs added, 0 existing refs removed (0 new refs dominated)
Survival: 48 refs added, 0 removed (from 48 candidates)
Updated sys_vals: [0, 1]
---
Round: 1853, Unk. prob.: 9.976e-01
Upper probs: 2.430e-03, Lower probs: 0.000e+00
No. of non-dominant refs: 88896, Survival refs: 88882, Failure refs: 14
Batch update: 48 refs added, 0 existing refs removed (0 new refs dominated)
Survival: 48 refs added, 0 removed (from 48 candidates)
Updated sys_vals: [0, 1]
---
Round: 1854, Unk. prob.: 9.977e-01
Upper probs: 2.270e-03, Lower probs: 0.000e+00
No. of non-dominant refs: 88944, Survival refs: 88930, Failure refs: 14
Batch update: 48 refs added, 0 existing refs removed (0 new refs dominated)
Survival: 48 refs added, 0 removed (from 48 candidates)
Updated sys_vals: [0, 1]
---
Round: 1855, Unk. prob.: 9.976e-01
Upper probs: 2.450e-03, Lower probs: 0.000e+00
No. of non-dominant refs: 88992, Survival refs: 88978, Failure refs: 14
Batch update: 48 refs added, 0 existing refs removed (0 new refs dominated)
Survival: 48 refs added, 0 removed (from 48 candidates)
Updated sys_vals: [0, 1]
---
Round: 1856, Unk. prob.: 9.979e-01
Upper probs: 2.120e-03, Lower probs: 0.000e+00
No. of non-dominant refs: 89040, Survival refs: 89026, Failure refs: 14
Batch update: 48 refs added, 0 existing refs removed (0 new refs dominated)
Survival: 48 refs added, 0 removed (from 48 candidates)
Updated sys_vals: [0, 1]
---
Round: 1857, Unk. prob.: 9.978e-01
Upper probs: 2.170e-03, Lower probs: 0.000e+00
No. of non-dominant refs: 89088, Survival refs: 89074, Failure refs: 14
Batch update: 48 refs added, 0 existing refs removed (0 new refs dominated)
Survival: 48 refs added, 0 removed (from 48 candidates)
Updated sys_vals: [0, 1]
---
Round: 1858, Unk. prob.: 9.976e-01
Upper probs: 2.400e-03, Lower probs: 0.000e+00
No. of non-dominant refs: 89136, Survival refs: 89122, Failure refs: 14
Batch update: 48 refs added, 0 existing refs removed (0 new refs dominated)
Survival: 48 refs added, 0 removed (from 48 candidates)
Updated sys_vals: [0, 1]
---
Round: 1859, Unk. prob.: 9.975e-01
Upper probs: 2.500e-03, Lower probs: 0.000e+00
No. of non-dominant refs: 89184, Survival refs: 89170, Failure refs: 14
Batch update: 48 refs added, 0 existing refs removed (0 new refs dominated)
Survival: 48 refs added, 0 removed (from 48 candidates)
Updated sys_vals: [0, 1]
---
Round: 1860, Unk. prob.: 9.975e-01
Upper probs: 2.530e-03, Lower probs: 0.000e+00
No. of non-dominant refs: 89232, Survival refs: 89218, Failure refs: 14
Batch update: 48 refs added, 0 existing refs removed (0 new refs dominated)
Survival: 48 refs added, 0 removed (from 48 candidates)
Updated sys_vals: [0, 1]
---
Round: 1861, Unk. prob.: 9.977e-01
Upper probs: 2.260e-03, Lower probs: 0.000e+00
No. of non-dominant refs: 89280, Survival refs: 89266, Failure refs: 14
Batch update: 48 refs added, 0 existing refs removed (0 new refs dominated)
Survival: 48 refs added, 0 removed (from 48 candidates)
Updated sys_vals: [0, 1]
---
Round: 1862, Unk. prob.: 9.975e-01
Upper probs: 2.530e-03, Lower probs: 0.000e+00
No. of non-dominant refs: 89328, Survival refs: 89314, Failure refs: 14
Batch update: 48 refs added, 0 existing refs removed (0 new refs dominated)
Survival: 48 refs added, 0 removed (from 48 candidates)
Updated sys_vals: [0, 1]
---
Round: 1863, Unk. prob.: 9.978e-01
Upper probs: 2.190e-03, Lower probs: 0.000e+00
No. of non-dominant refs: 89376, Survival refs: 89362, Failure refs: 14
Batch update: 48 refs added, 0 existing refs removed (0 new refs dominated)
Survival: 48 refs added, 0 removed (from 48 candidates)
Updated sys_vals: [0, 1]
---
Round: 1864, Unk. prob.: 9.976e-01
Upper probs: 2.410e-03, Lower probs: 0.000e+00
No. of non-dominant refs: 89424, Survival refs: 89410, Failure refs: 14
Batch update: 48 refs added, 0 existing refs removed (0 new refs dominated)
Survival: 48 refs added, 0 removed (from 48 candidates)
Updated sys_vals: [0, 1]
---
Round: 1865, Unk. prob.: 9.977e-01
Upper probs: 2.320e-03, Lower probs: 0.000e+00
No. of non-dominant refs: 89472, Survival refs: 89458, Failure refs: 14
Batch update: 48 refs added, 0 existing refs removed (0 new refs dominated)
Survival: 48 refs added, 0 removed (from 48 candidates)
Updated sys_vals: [0, 1]
---
Round: 1866, Unk. prob.: 9.977e-01
Upper probs: 2.320e-03, Lower probs: 0.000e+00
No. of non-dominant refs: 89520, Survival refs: 89506, Failure refs: 14
Batch update: 48 refs added, 0 existing refs removed (0 new refs dominated)
Survival: 48 refs added, 0 removed (from 48 candidates)
Updated sys_vals: [0, 1]
---
Round: 1867, Unk. prob.: 9.978e-01
Upper probs: 2.180e-03, Lower probs: 0.000e+00
No. of non-dominant refs: 89568, Survival refs: 89554, Failure refs: 14
Batch update: 48 refs added, 0 existing refs removed (0 new refs dominated)
Survival: 48 refs added, 0 removed (from 48 candidates)
Updated sys_vals: [0, 1]
---
Round: 1868, Unk. prob.: 9.975e-01
Upper probs: 2.480e-03, Lower probs: 0.000e+00
No. of non-dominant refs: 89616, Survival refs: 89602, Failure refs: 14
Batch update: 48 refs added, 0 existing refs removed (0 new refs dominated)
Survival: 48 refs added, 0 removed (from 48 candidates)
Updated sys_vals: [0, 1]
---
Round: 1869, Unk. prob.: 9.973e-01
Upper probs: 2.650e-03, Lower probs: 0.000e+00
No. of non-dominant refs: 89664, Survival refs: 89650, Failure refs: 14
Batch update: 48 refs added, 0 existing refs removed (0 new refs dominated)
Survival: 48 refs added, 0 removed (from 48 candidates)
Updated sys_vals: [0, 1]
---
Round: 1870, Unk. prob.: 9.976e-01
Upper probs: 2.370e-03, Lower probs: 0.000e+00
No. of non-dominant refs: 89712, Survival refs: 89698, Failure refs: 14
Batch update: 48 refs added, 0 existing refs removed (0 new refs dominated)
Survival: 48 refs added, 0 removed (from 48 candidates)
Updated sys_vals: [0, 1]
---
Round: 1871, Unk. prob.: 9.978e-01
Upper probs: 2.180e-03, Lower probs: 0.000e+00
No. of non-dominant refs: 89760, Survival refs: 89746, Failure refs: 14
Batch update: 48 refs added, 0 existing refs removed (0 new refs dominated)
Survival: 48 refs added, 0 removed (from 48 candidates)
Updated sys_vals: [0, 1]
---
Round: 1872, Unk. prob.: 9.978e-01
Upper probs: 2.220e-03, Lower probs: 0.000e+00
No. of non-dominant refs: 89808, Survival refs: 89794, Failure refs: 14
Batch update: 48 refs added, 0 existing refs removed (0 new refs dominated)
Survival: 48 refs added, 0 removed (from 48 candidates)
Updated sys_vals: [0, 1]
---
Round: 1873, Unk. prob.: 9.975e-01
Upper probs: 2.460e-03, Lower probs: 0.000e+00
No. of non-dominant refs: 89856, Survival refs: 89842, Failure refs: 14
Batch update: 48 refs added, 0 existing refs removed (0 new refs dominated)
Survival: 48 refs added, 0 removed (from 48 candidates)
Updated sys_vals: [0, 1]
---
Round: 1874, Unk. prob.: 9.974e-01
Upper probs: 2.580e-03, Lower probs: 0.000e+00
No. of non-dominant refs: 89904, Survival refs: 89890, Failure refs: 14
Batch update: 48 refs added, 0 existing refs removed (0 new refs dominated)
Survival: 48 refs added, 0 removed (from 48 candidates)
Updated sys_vals: [0, 1]
---
Round: 1875, Unk. prob.: 9.973e-01
Upper probs: 2.670e-03, Lower probs: 0.000e+00
No. of non-dominant refs: 89952, Survival refs: 89938, Failure refs: 14
Batch update: 48 refs added, 0 existing refs removed (0 new refs dominated)
Survival: 48 refs added, 0 removed (from 48 candidates)
Updated sys_vals: [0, 1]
---
Round: 1876, Unk. prob.: 9.974e-01
Upper probs: 2.550e-03, Lower probs: 0.000e+00
No. of non-dominant refs: 90000, Survival refs: 89986, Failure refs: 14
Batch update: 48 refs added, 0 existing refs removed (0 new refs dominated)
Survival: 48 refs added, 0 removed (from 48 candidates)
Updated sys_vals: [0, 1]
---
Round: 1877, Unk. prob.: 9.977e-01
Upper probs: 2.290e-03, Lower probs: 0.000e+00
No. of non-dominant refs: 90048, Survival refs: 90034, Failure refs: 14
Batch update: 48 refs added, 0 existing refs removed (0 new refs dominated)
Survival: 48 refs added, 0 removed (from 48 candidates)
Updated sys_vals: [0, 1]
---
Round: 1878, Unk. prob.: 9.973e-01
Upper probs: 2.740e-03, Lower probs: 0.000e+00
No. of non-dominant refs: 90096, Survival refs: 90082, Failure refs: 14
Batch update: 48 refs added, 0 existing refs removed (0 new refs dominated)
Survival: 48 refs added, 0 removed (from 48 candidates)
Updated sys_vals: [0, 1]
---
Round: 1879, Unk. prob.: 9.977e-01
Upper probs: 2.290e-03, Lower probs: 0.000e+00
No. of non-dominant refs: 90144, Survival refs: 90130, Failure refs: 14
Batch update: 48 refs added, 0 existing refs removed (0 new refs dominated)
Survival: 48 refs added, 0 removed (from 48 candidates)
Updated sys_vals: [0, 1]
---
Round: 1880, Unk. prob.: 9.974e-01
Upper probs: 2.590e-03, Lower probs: 0.000e+00
No. of non-dominant refs: 90192, Survival refs: 90178, Failure refs: 14
Batch update: 48 refs added, 0 existing refs removed (0 new refs dominated)
Survival: 48 refs added, 0 removed (from 48 candidates)
Updated sys_vals: [0, 1]
---
Round: 1881, Unk. prob.: 9.976e-01
Upper probs: 2.450e-03, Lower probs: 0.000e+00
No. of non-dominant refs: 90240, Survival refs: 90226, Failure refs: 14
Batch update: 48 refs added, 0 existing refs removed (0 new refs dominated)
Survival: 48 refs added, 0 removed (from 48 candidates)
Updated sys_vals: [0, 1]
---
Round: 1882, Unk. prob.: 9.976e-01
Upper probs: 2.400e-03, Lower probs: 0.000e+00
No. of non-dominant refs: 90288, Survival refs: 90274, Failure refs: 14
Batch update: 48 refs added, 0 existing refs removed (0 new refs dominated)
Survival: 48 refs added, 0 removed (from 48 candidates)
Updated sys_vals: [0, 1]
---
Round: 1883, Unk. prob.: 9.977e-01
Upper probs: 2.320e-03, Lower probs: 0.000e+00
No. of non-dominant refs: 90336, Survival refs: 90322, Failure refs: 14
Batch update: 48 refs added, 0 existing refs removed (0 new refs dominated)
Survival: 48 refs added, 0 removed (from 48 candidates)
Updated sys_vals: [0, 1]
---
Round: 1884, Unk. prob.: 9.977e-01
Upper probs: 2.290e-03, Lower probs: 0.000e+00
No. of non-dominant refs: 90384, Survival refs: 90370, Failure refs: 14
Batch update: 48 refs added, 0 existing refs removed (0 new refs dominated)
Survival: 48 refs added, 0 removed (from 48 candidates)
Updated sys_vals: [0, 1]
---
Round: 1885, Unk. prob.: 9.975e-01
Upper probs: 2.460e-03, Lower probs: 0.000e+00
No. of non-dominant refs: 90432, Survival refs: 90418, Failure refs: 14
Batch update: 48 refs added, 0 existing refs removed (0 new refs dominated)
Survival: 48 refs added, 0 removed (from 48 candidates)
Updated sys_vals: [0, 1]
---
Round: 1886, Unk. prob.: 9.979e-01
Upper probs: 2.130e-03, Lower probs: 0.000e+00
No. of non-dominant refs: 90480, Survival refs: 90466, Failure refs: 14
Batch update: 48 refs added, 0 existing refs removed (0 new refs dominated)
Survival: 48 refs added, 0 removed (from 48 candidates)
Updated sys_vals: [0, 1]
---
Round: 1887, Unk. prob.: 9.977e-01
Upper probs: 2.330e-03, Lower probs: 0.000e+00
No. of non-dominant refs: 90528, Survival refs: 90514, Failure refs: 14
Batch update: 48 refs added, 0 existing refs removed (0 new refs dominated)
Survival: 48 refs added, 0 removed (from 48 candidates)
Updated sys_vals: [0, 1]
---
Round: 1888, Unk. prob.: 9.975e-01
Upper probs: 2.510e-03, Lower probs: 0.000e+00
No. of non-dominant refs: 90576, Survival refs: 90562, Failure refs: 14
Batch update: 48 refs added, 0 existing refs removed (0 new refs dominated)
Survival: 48 refs added, 0 removed (from 48 candidates)
Updated sys_vals: [0, 1]
---
Round: 1889, Unk. prob.: 9.978e-01
Upper probs: 2.190e-03, Lower probs: 0.000e+00
No. of non-dominant refs: 90624, Survival refs: 90610, Failure refs: 14
Batch update: 48 refs added, 0 existing refs removed (0 new refs dominated)
Survival: 48 refs added, 0 removed (from 48 candidates)
Updated sys_vals: [0, 1]
---
Round: 1890, Unk. prob.: 9.977e-01
Upper probs: 2.280e-03, Lower probs: 0.000e+00
No. of non-dominant refs: 90672, Survival refs: 90658, Failure refs: 14
Batch update: 48 refs added, 0 existing refs removed (0 new refs dominated)
Survival: 48 refs added, 0 removed (from 48 candidates)
Updated sys_vals: [0, 1]
---
Round: 1891, Unk. prob.: 9.976e-01
Upper probs: 2.370e-03, Lower probs: 0.000e+00
No. of non-dominant refs: 90720, Survival refs: 90706, Failure refs: 14
Batch update: 48 refs added, 0 existing refs removed (0 new refs dominated)
Survival: 48 refs added, 0 removed (from 48 candidates)
Updated sys_vals: [0, 1]
---
Round: 1892, Unk. prob.: 9.976e-01
Upper probs: 2.420e-03, Lower probs: 0.000e+00
No. of non-dominant refs: 90768, Survival refs: 90754, Failure refs: 14
Batch update: 48 refs added, 0 existing refs removed (0 new refs dominated)
Survival: 48 refs added, 0 removed (from 48 candidates)
Updated sys_vals: [0, 1]
---
Round: 1893, Unk. prob.: 9.978e-01
Upper probs: 2.190e-03, Lower probs: 0.000e+00
No. of non-dominant refs: 90816, Survival refs: 90802, Failure refs: 14
Batch update: 48 refs added, 0 existing refs removed (0 new refs dominated)
Survival: 48 refs added, 0 removed (from 48 candidates)
Updated sys_vals: [0, 1]
---
Round: 1894, Unk. prob.: 9.976e-01
Upper probs: 2.370e-03, Lower probs: 0.000e+00
No. of non-dominant refs: 90864, Survival refs: 90850, Failure refs: 14
Batch update: 48 refs added, 0 existing refs removed (0 new refs dominated)
Survival: 48 refs added, 0 removed (from 48 candidates)
Updated sys_vals: [0, 1]
---
Round: 1895, Unk. prob.: 9.975e-01
Upper probs: 2.500e-03, Lower probs: 0.000e+00
No. of non-dominant refs: 90912, Survival refs: 90898, Failure refs: 14
Batch update: 48 refs added, 0 existing refs removed (0 new refs dominated)
Survival: 48 refs added, 0 removed (from 48 candidates)
Updated sys_vals: [0, 1]
---
Round: 1896, Unk. prob.: 9.978e-01
Upper probs: 2.170e-03, Lower probs: 0.000e+00
No. of non-dominant refs: 90960, Survival refs: 90946, Failure refs: 14
Batch update: 48 refs added, 0 existing refs removed (0 new refs dominated)
Survival: 48 refs added, 0 removed (from 48 candidates)
Updated sys_vals: [0, 1]
---
Round: 1897, Unk. prob.: 9.977e-01
Upper probs: 2.290e-03, Lower probs: 0.000e+00
No. of non-dominant refs: 91008, Survival refs: 90994, Failure refs: 14
Batch update: 48 refs added, 0 existing refs removed (0 new refs dominated)
Survival: 48 refs added, 0 removed (from 48 candidates)
Updated sys_vals: [0, 1]
---
Round: 1898, Unk. prob.: 9.977e-01
Upper probs: 2.340e-03, Lower probs: 0.000e+00
No. of non-dominant refs: 91056, Survival refs: 91042, Failure refs: 14
Batch update: 48 refs added, 0 existing refs removed (0 new refs dominated)
Survival: 48 refs added, 0 removed (from 48 candidates)
Updated sys_vals: [0, 1]
---
Round: 1899, Unk. prob.: 9.975e-01
Upper probs: 2.460e-03, Lower probs: 0.000e+00
No. of non-dominant refs: 91104, Survival refs: 91090, Failure refs: 14
Batch update: 48 refs added, 0 existing refs removed (0 new refs dominated)
Survival: 48 refs added, 0 removed (from 48 candidates)
Updated sys_vals: [0, 1]
---
Round: 1900, Unk. prob.: 9.977e-01
Upper probs: 2.320e-03, Lower probs: 0.000e+00
No. of non-dominant refs: 91152, Survival refs: 91138, Failure refs: 14
Batch update: 48 refs added, 0 existing refs removed (0 new refs dominated)
Survival: 48 refs added, 0 removed (from 48 candidates)
Updated sys_vals: [0, 1]
---
Round: 1901, Unk. prob.: 9.974e-01
Upper probs: 2.590e-03, Lower probs: 0.000e+00
No. of non-dominant refs: 91200, Survival refs: 91186, Failure refs: 14
Batch update: 48 refs added, 0 existing refs removed (0 new refs dominated)
Survival: 48 refs added, 0 removed (from 48 candidates)
Updated sys_vals: [0, 1]
---
Round: 1902, Unk. prob.: 9.978e-01
Upper probs: 2.220e-03, Lower probs: 0.000e+00
No. of non-dominant refs: 91248, Survival refs: 91234, Failure refs: 14
Batch update: 48 refs added, 0 existing refs removed (0 new refs dominated)
Survival: 48 refs added, 0 removed (from 48 candidates)
Updated sys_vals: [0, 1]
---
Round: 1903, Unk. prob.: 9.978e-01
Upper probs: 2.180e-03, Lower probs: 0.000e+00
No. of non-dominant refs: 91296, Survival refs: 91282, Failure refs: 14
Batch update: 48 refs added, 0 existing refs removed (0 new refs dominated)
Survival: 48 refs added, 0 removed (from 48 candidates)
Updated sys_vals: [0, 1]
---
Round: 1904, Unk. prob.: 9.977e-01
Upper probs: 2.300e-03, Lower probs: 0.000e+00
No. of non-dominant refs: 91344, Survival refs: 91330, Failure refs: 14
Batch update: 48 refs added, 0 existing refs removed (0 new refs dominated)
Survival: 48 refs added, 0 removed (from 48 candidates)
Updated sys_vals: [0, 1]
---
Round: 1905, Unk. prob.: 9.976e-01
Upper probs: 2.400e-03, Lower probs: 0.000e+00
No. of non-dominant refs: 91392, Survival refs: 91378, Failure refs: 14
Batch update: 48 refs added, 0 existing refs removed (0 new refs dominated)
Survival: 48 refs added, 0 removed (from 48 candidates)
Updated sys_vals: [0, 1]
---
Round: 1906, Unk. prob.: 9.973e-01
Upper probs: 2.700e-03, Lower probs: 0.000e+00
No. of non-dominant refs: 91440, Survival refs: 91426, Failure refs: 14
Batch update: 48 refs added, 0 existing refs removed (0 new refs dominated)
Survival: 48 refs added, 0 removed (from 48 candidates)
Updated sys_vals: [0, 1]
---
Round: 1907, Unk. prob.: 9.975e-01
Upper probs: 2.470e-03, Lower probs: 0.000e+00
No. of non-dominant refs: 91488, Survival refs: 91474, Failure refs: 14
Batch update: 48 refs added, 0 existing refs removed (0 new refs dominated)
Survival: 48 refs added, 0 removed (from 48 candidates)
Updated sys_vals: [0, 1]
---
Round: 1908, Unk. prob.: 9.975e-01
Upper probs: 2.480e-03, Lower probs: 0.000e+00
No. of non-dominant refs: 91536, Survival refs: 91522, Failure refs: 14
Batch update: 48 refs added, 0 existing refs removed (0 new refs dominated)
Survival: 48 refs added, 0 removed (from 48 candidates)
Updated sys_vals: [0, 1]
---
Round: 1909, Unk. prob.: 9.975e-01
Upper probs: 2.460e-03, Lower probs: 0.000e+00
No. of non-dominant refs: 91584, Survival refs: 91570, Failure refs: 14
Batch update: 48 refs added, 0 existing refs removed (0 new refs dominated)
Survival: 48 refs added, 0 removed (from 48 candidates)
Updated sys_vals: [0, 1]
---
Round: 1910, Unk. prob.: 9.978e-01
Upper probs: 2.250e-03, Lower probs: 0.000e+00
No. of non-dominant refs: 91632, Survival refs: 91618, Failure refs: 14
Batch update: 48 refs added, 0 existing refs removed (0 new refs dominated)
Survival: 48 refs added, 0 removed (from 48 candidates)
Updated sys_vals: [0, 1]
---
Round: 1911, Unk. prob.: 9.978e-01
Upper probs: 2.210e-03, Lower probs: 0.000e+00
No. of non-dominant refs: 91680, Survival refs: 91666, Failure refs: 14
Batch update: 48 refs added, 0 existing refs removed (0 new refs dominated)
Survival: 48 refs added, 0 removed (from 48 candidates)
Updated sys_vals: [0, 1]
---
Round: 1912, Unk. prob.: 9.979e-01
Upper probs: 2.080e-03, Lower probs: 0.000e+00
No. of non-dominant refs: 91728, Survival refs: 91714, Failure refs: 14
Batch update: 48 refs added, 0 existing refs removed (0 new refs dominated)
Survival: 48 refs added, 0 removed (from 48 candidates)
Updated sys_vals: [0, 1]
---
Round: 1913, Unk. prob.: 9.978e-01
Upper probs: 2.180e-03, Lower probs: 0.000e+00
No. of non-dominant refs: 91776, Survival refs: 91762, Failure refs: 14
Batch update: 48 refs added, 0 existing refs removed (0 new refs dominated)
Survival: 48 refs added, 0 removed (from 48 candidates)
Updated sys_vals: [0, 1]
---
Round: 1914, Unk. prob.: 9.977e-01
Upper probs: 2.300e-03, Lower probs: 0.000e+00
No. of non-dominant refs: 91824, Survival refs: 91810, Failure refs: 14
Batch update: 48 refs added, 0 existing refs removed (0 new refs dominated)
Survival: 48 refs added, 0 removed (from 48 candidates)
Updated sys_vals: [0, 1]
---
Round: 1915, Unk. prob.: 9.974e-01
Upper probs: 2.560e-03, Lower probs: 0.000e+00
No. of non-dominant refs: 91872, Survival refs: 91858, Failure refs: 14
Batch update: 48 refs added, 0 existing refs removed (0 new refs dominated)
Survival: 48 refs added, 0 removed (from 48 candidates)
Updated sys_vals: [0, 1]
---
Round: 1916, Unk. prob.: 9.974e-01
Upper probs: 2.600e-03, Lower probs: 0.000e+00
No. of non-dominant refs: 91920, Survival refs: 91906, Failure refs: 14
Batch update: 48 refs added, 0 existing refs removed (0 new refs dominated)
Survival: 48 refs added, 0 removed (from 48 candidates)
Updated sys_vals: [0, 1]
---
Round: 1917, Unk. prob.: 9.974e-01
Upper probs: 2.600e-03, Lower probs: 0.000e+00
No. of non-dominant refs: 91968, Survival refs: 91954, Failure refs: 14
Batch update: 48 refs added, 0 existing refs removed (0 new refs dominated)
Survival: 48 refs added, 0 removed (from 48 candidates)
Updated sys_vals: [0, 1]
---
Round: 1918, Unk. prob.: 9.977e-01
Upper probs: 2.320e-03, Lower probs: 0.000e+00
No. of non-dominant refs: 92016, Survival refs: 92002, Failure refs: 14
Batch update: 48 refs added, 0 existing refs removed (0 new refs dominated)
Survival: 48 refs added, 0 removed (from 48 candidates)
Updated sys_vals: [0, 1]
---
Round: 1919, Unk. prob.: 9.975e-01
Upper probs: 2.460e-03, Lower probs: 0.000e+00
No. of non-dominant refs: 92064, Survival refs: 92050, Failure refs: 14
Batch update: 48 refs added, 0 existing refs removed (0 new refs dominated)
Survival: 48 refs added, 0 removed (from 48 candidates)
Updated sys_vals: [0, 1]
---
Round: 1920, Unk. prob.: 9.977e-01
Upper probs: 2.300e-03, Lower probs: 0.000e+00
No. of non-dominant refs: 92112, Survival refs: 92098, Failure refs: 14
Batch update: 48 refs added, 0 existing refs removed (0 new refs dominated)
Survival: 48 refs added, 0 removed (from 48 candidates)
Updated sys_vals: [0, 1]
---
Round: 1921, Unk. prob.: 9.977e-01
Upper probs: 2.330e-03, Lower probs: 0.000e+00
No. of non-dominant refs: 92160, Survival refs: 92146, Failure refs: 14
Batch update: 48 refs added, 0 existing refs removed (0 new refs dominated)
Survival: 48 refs added, 0 removed (from 48 candidates)
Updated sys_vals: [0, 1]
---
Round: 1922, Unk. prob.: 9.972e-01
Upper probs: 2.800e-03, Lower probs: 0.000e+00
No. of non-dominant refs: 92208, Survival refs: 92194, Failure refs: 14
Batch update: 48 refs added, 0 existing refs removed (0 new refs dominated)
Survival: 48 refs added, 0 removed (from 48 candidates)
Updated sys_vals: [0, 1]
---
Round: 1923, Unk. prob.: 9.973e-01
Upper probs: 2.720e-03, Lower probs: 0.000e+00
No. of non-dominant refs: 92256, Survival refs: 92242, Failure refs: 14
Batch update: 48 refs added, 0 existing refs removed (0 new refs dominated)
Survival: 48 refs added, 0 removed (from 48 candidates)
Updated sys_vals: [0, 1]
---
Round: 1924, Unk. prob.: 9.978e-01
Upper probs: 2.250e-03, Lower probs: 0.000e+00
No. of non-dominant refs: 92304, Survival refs: 92290, Failure refs: 14
Batch update: 48 refs added, 0 existing refs removed (0 new refs dominated)
Survival: 48 refs added, 0 removed (from 48 candidates)
Updated sys_vals: [0, 1]
---
Round: 1925, Unk. prob.: 9.976e-01
Upper probs: 2.430e-03, Lower probs: 0.000e+00
No. of non-dominant refs: 92352, Survival refs: 92338, Failure refs: 14
Batch update: 48 refs added, 0 existing refs removed (0 new refs dominated)
Survival: 48 refs added, 0 removed (from 48 candidates)
Updated sys_vals: [0, 1]
---
Round: 1926, Unk. prob.: 9.977e-01
Upper probs: 2.340e-03, Lower probs: 0.000e+00
No. of non-dominant refs: 92400, Survival refs: 92386, Failure refs: 14
Batch update: 48 refs added, 0 existing refs removed (0 new refs dominated)
Survival: 48 refs added, 0 removed (from 48 candidates)
Updated sys_vals: [0, 1]
---
Round: 1927, Unk. prob.: 9.975e-01
Upper probs: 2.500e-03, Lower probs: 0.000e+00
No. of non-dominant refs: 92448, Survival refs: 92434, Failure refs: 14
Batch update: 48 refs added, 0 existing refs removed (0 new refs dominated)
Survival: 48 refs added, 0 removed (from 48 candidates)
Updated sys_vals: [0, 1]
---
Round: 1928, Unk. prob.: 9.974e-01
Upper probs: 2.550e-03, Lower probs: 0.000e+00
No. of non-dominant refs: 92496, Survival refs: 92482, Failure refs: 14
Batch update: 48 refs added, 0 existing refs removed (0 new refs dominated)
Survival: 48 refs added, 0 removed (from 48 candidates)
Updated sys_vals: [0, 1]
---
Round: 1929, Unk. prob.: 9.976e-01
Upper probs: 2.370e-03, Lower probs: 0.000e+00
No. of non-dominant refs: 92544, Survival refs: 92530, Failure refs: 14
Batch update: 48 refs added, 0 existing refs removed (0 new refs dominated)
Survival: 48 refs added, 0 removed (from 48 candidates)
Updated sys_vals: [0, 1]
---
Round: 1930, Unk. prob.: 9.975e-01
Upper probs: 2.510e-03, Lower probs: 0.000e+00
No. of non-dominant refs: 92592, Survival refs: 92578, Failure refs: 14
Batch update: 48 refs added, 0 existing refs removed (0 new refs dominated)
Survival: 48 refs added, 0 removed (from 48 candidates)
Updated sys_vals: [0, 1]
---
Round: 1931, Unk. prob.: 9.976e-01
Upper probs: 2.420e-03, Lower probs: 0.000e+00
No. of non-dominant refs: 92640, Survival refs: 92626, Failure refs: 14
Batch update: 48 refs added, 0 existing refs removed (0 new refs dominated)
Survival: 48 refs added, 0 removed (from 48 candidates)
Updated sys_vals: [0, 1]
---
Round: 1932, Unk. prob.: 9.977e-01
Upper probs: 2.260e-03, Lower probs: 0.000e+00
No. of non-dominant refs: 92688, Survival refs: 92674, Failure refs: 14
Batch update: 48 refs added, 0 existing refs removed (0 new refs dominated)
Survival: 48 refs added, 0 removed (from 48 candidates)
Updated sys_vals: [0, 1]
---
Round: 1933, Unk. prob.: 9.978e-01
Upper probs: 2.210e-03, Lower probs: 0.000e+00
No. of non-dominant refs: 92736, Survival refs: 92722, Failure refs: 14
Batch update: 48 refs added, 0 existing refs removed (0 new refs dominated)
Survival: 48 refs added, 0 removed (from 48 candidates)
Updated sys_vals: [0, 1]
---
Round: 1934, Unk. prob.: 9.976e-01
Upper probs: 2.400e-03, Lower probs: 0.000e+00
No. of non-dominant refs: 92784, Survival refs: 92770, Failure refs: 14
Batch update: 48 refs added, 0 existing refs removed (0 new refs dominated)
Survival: 48 refs added, 0 removed (from 48 candidates)
Updated sys_vals: [0, 1]
---
Round: 1935, Unk. prob.: 9.975e-01
Upper probs: 2.530e-03, Lower probs: 0.000e+00
No. of non-dominant refs: 92832, Survival refs: 92818, Failure refs: 14
Batch update: 48 refs added, 0 existing refs removed (0 new refs dominated)
Survival: 48 refs added, 0 removed (from 48 candidates)
Updated sys_vals: [0, 1]
---
Round: 1936, Unk. prob.: 9.974e-01
Upper probs: 2.620e-03, Lower probs: 0.000e+00
No. of non-dominant refs: 92880, Survival refs: 92866, Failure refs: 14
Batch update: 48 refs added, 0 existing refs removed (0 new refs dominated)
Survival: 48 refs added, 0 removed (from 48 candidates)
Updated sys_vals: [0, 1]
---
Round: 1937, Unk. prob.: 9.974e-01
Upper probs: 2.580e-03, Lower probs: 0.000e+00
No. of non-dominant refs: 92928, Survival refs: 92914, Failure refs: 14
Batch update: 48 refs added, 0 existing refs removed (0 new refs dominated)
Survival: 48 refs added, 0 removed (from 48 candidates)
Updated sys_vals: [0, 1]
---
Round: 1938, Unk. prob.: 9.974e-01
Upper probs: 2.590e-03, Lower probs: 0.000e+00
No. of non-dominant refs: 92976, Survival refs: 92962, Failure refs: 14
Batch update: 48 refs added, 0 existing refs removed (0 new refs dominated)
Survival: 48 refs added, 0 removed (from 48 candidates)
Updated sys_vals: [0, 1]
---
Round: 1939, Unk. prob.: 9.975e-01
Upper probs: 2.520e-03, Lower probs: 0.000e+00
No. of non-dominant refs: 93024, Survival refs: 93010, Failure refs: 14
Batch update: 48 refs added, 0 existing refs removed (0 new refs dominated)
Survival: 48 refs added, 0 removed (from 48 candidates)
Updated sys_vals: [0, 1]
---
Round: 1940, Unk. prob.: 9.976e-01
Upper probs: 2.430e-03, Lower probs: 0.000e+00
No. of non-dominant refs: 93072, Survival refs: 93058, Failure refs: 14
Batch update: 48 refs added, 0 existing refs removed (0 new refs dominated)
Survival: 48 refs added, 0 removed (from 48 candidates)
Updated sys_vals: [0, 1]
---
Round: 1941, Unk. prob.: 9.976e-01
Upper probs: 2.370e-03, Lower probs: 0.000e+00
No. of non-dominant refs: 93120, Survival refs: 93106, Failure refs: 14
Batch update: 48 refs added, 0 existing refs removed (0 new refs dominated)
Survival: 48 refs added, 0 removed (from 48 candidates)
Updated sys_vals: [0, 1]
---
Round: 1942, Unk. prob.: 9.977e-01
Upper probs: 2.260e-03, Lower probs: 0.000e+00
No. of non-dominant refs: 93168, Survival refs: 93154, Failure refs: 14
Batch update: 48 refs added, 0 existing refs removed (0 new refs dominated)
Survival: 48 refs added, 0 removed (from 48 candidates)
Updated sys_vals: [0, 1]
---
Round: 1943, Unk. prob.: 9.974e-01
Upper probs: 2.600e-03, Lower probs: 0.000e+00
No. of non-dominant refs: 93216, Survival refs: 93202, Failure refs: 14
Batch update: 48 refs added, 0 existing refs removed (0 new refs dominated)
Survival: 48 refs added, 0 removed (from 48 candidates)
Updated sys_vals: [0, 1]
---
Round: 1944, Unk. prob.: 9.976e-01
Upper probs: 2.370e-03, Lower probs: 0.000e+00
No. of non-dominant refs: 93264, Survival refs: 93250, Failure refs: 14
Batch update: 48 refs added, 0 existing refs removed (0 new refs dominated)
Survival: 48 refs added, 0 removed (from 48 candidates)
Updated sys_vals: [0, 1]
---
Round: 1945, Unk. prob.: 9.976e-01
Upper probs: 2.450e-03, Lower probs: 0.000e+00
No. of non-dominant refs: 93312, Survival refs: 93298, Failure refs: 14
Batch update: 48 refs added, 0 existing refs removed (0 new refs dominated)
Survival: 48 refs added, 0 removed (from 48 candidates)
Updated sys_vals: [0, 1]
---
Round: 1946, Unk. prob.: 9.975e-01
Upper probs: 2.540e-03, Lower probs: 0.000e+00
No. of non-dominant refs: 93360, Survival refs: 93346, Failure refs: 14
Batch update: 48 refs added, 0 existing refs removed (0 new refs dominated)
Survival: 48 refs added, 0 removed (from 48 candidates)
Updated sys_vals: [0, 1]
---
Round: 1947, Unk. prob.: 9.975e-01
Upper probs: 2.480e-03, Lower probs: 0.000e+00
No. of non-dominant refs: 93408, Survival refs: 93394, Failure refs: 14
Batch update: 48 refs added, 0 existing refs removed (0 new refs dominated)
Survival: 48 refs added, 0 removed (from 48 candidates)
Updated sys_vals: [0, 1]
---
Round: 1948, Unk. prob.: 9.974e-01
Upper probs: 2.550e-03, Lower probs: 0.000e+00
No. of non-dominant refs: 93456, Survival refs: 93442, Failure refs: 14
Batch update: 48 refs added, 0 existing refs removed (0 new refs dominated)
Survival: 48 refs added, 0 removed (from 48 candidates)
Updated sys_vals: [0, 1]
---
Round: 1949, Unk. prob.: 9.975e-01
Upper probs: 2.530e-03, Lower probs: 0.000e+00
No. of non-dominant refs: 93504, Survival refs: 93490, Failure refs: 14
Batch update: 48 refs added, 0 existing refs removed (0 new refs dominated)
Survival: 48 refs added, 0 removed (from 48 candidates)
Updated sys_vals: [0, 1]
---
Round: 1950, Unk. prob.: 9.977e-01
Upper probs: 2.260e-03, Lower probs: 0.000e+00
No. of non-dominant refs: 93552, Survival refs: 93538, Failure refs: 14
Batch update: 48 refs added, 0 existing refs removed (0 new refs dominated)
Survival: 48 refs added, 0 removed (from 48 candidates)
Updated sys_vals: [0, 1]
---
Round: 1951, Unk. prob.: 9.977e-01
Upper probs: 2.340e-03, Lower probs: 0.000e+00
No. of non-dominant refs: 93600, Survival refs: 93586, Failure refs: 14
Batch update: 48 refs added, 0 existing refs removed (0 new refs dominated)
Survival: 48 refs added, 0 removed (from 48 candidates)
Updated sys_vals: [0, 1]
---
Round: 1952, Unk. prob.: 9.977e-01
Upper probs: 2.320e-03, Lower probs: 0.000e+00
No. of non-dominant refs: 93648, Survival refs: 93634, Failure refs: 14
Batch update: 48 refs added, 0 existing refs removed (0 new refs dominated)
Survival: 48 refs added, 0 removed (from 48 candidates)
Updated sys_vals: [0, 1]
---
Round: 1953, Unk. prob.: 9.975e-01
Upper probs: 2.490e-03, Lower probs: 0.000e+00
No. of non-dominant refs: 93696, Survival refs: 93682, Failure refs: 14
Batch update: 48 refs added, 0 existing refs removed (0 new refs dominated)
Survival: 48 refs added, 0 removed (from 48 candidates)
Updated sys_vals: [0, 1]
---
Round: 1954, Unk. prob.: 9.974e-01
Upper probs: 2.550e-03, Lower probs: 0.000e+00
No. of non-dominant refs: 93744, Survival refs: 93730, Failure refs: 14
Batch update: 48 refs added, 0 existing refs removed (0 new refs dominated)
Survival: 48 refs added, 0 removed (from 48 candidates)
Updated sys_vals: [0, 1]
---
Round: 1955, Unk. prob.: 9.976e-01
Upper probs: 2.390e-03, Lower probs: 0.000e+00
No. of non-dominant refs: 93792, Survival refs: 93778, Failure refs: 14
Batch update: 48 refs added, 0 existing refs removed (0 new refs dominated)
Survival: 48 refs added, 0 removed (from 48 candidates)
Updated sys_vals: [0, 1]
---
Round: 1956, Unk. prob.: 9.976e-01
Upper probs: 2.430e-03, Lower probs: 0.000e+00
No. of non-dominant refs: 93840, Survival refs: 93826, Failure refs: 14
Batch update: 48 refs added, 0 existing refs removed (0 new refs dominated)
Survival: 48 refs added, 0 removed (from 48 candidates)
Updated sys_vals: [0, 1]
---
Round: 1957, Unk. prob.: 9.975e-01
Upper probs: 2.530e-03, Lower probs: 0.000e+00
No. of non-dominant refs: 93888, Survival refs: 93874, Failure refs: 14
Batch update: 48 refs added, 0 existing refs removed (0 new refs dominated)
Survival: 48 refs added, 0 removed (from 48 candidates)
Updated sys_vals: [0, 1]
---
Round: 1958, Unk. prob.: 9.973e-01
Upper probs: 2.660e-03, Lower probs: 0.000e+00
No. of non-dominant refs: 93936, Survival refs: 93922, Failure refs: 14
Batch update: 48 refs added, 0 existing refs removed (0 new refs dominated)
Survival: 48 refs added, 0 removed (from 48 candidates)
Updated sys_vals: [0, 1]
---
Round: 1959, Unk. prob.: 9.976e-01
Upper probs: 2.440e-03, Lower probs: 0.000e+00
No. of non-dominant refs: 93984, Survival refs: 93970, Failure refs: 14
Batch update: 48 refs added, 0 existing refs removed (0 new refs dominated)
Survival: 48 refs added, 0 removed (from 48 candidates)
Updated sys_vals: [0, 1]
---
Round: 1960, Unk. prob.: 9.974e-01
Upper probs: 2.590e-03, Lower probs: 0.000e+00
No. of non-dominant refs: 94032, Survival refs: 94018, Failure refs: 14
Batch update: 48 refs added, 0 existing refs removed (0 new refs dominated)
Survival: 48 refs added, 0 removed (from 48 candidates)
Updated sys_vals: [0, 1]
---
Round: 1961, Unk. prob.: 9.975e-01
Upper probs: 2.480e-03, Lower probs: 0.000e+00
No. of non-dominant refs: 94080, Survival refs: 94066, Failure refs: 14
Batch update: 48 refs added, 0 existing refs removed (0 new refs dominated)
Survival: 48 refs added, 0 removed (from 48 candidates)
Updated sys_vals: [0, 1]
---
Round: 1962, Unk. prob.: 9.972e-01
Upper probs: 2.760e-03, Lower probs: 0.000e+00
No. of non-dominant refs: 94128, Survival refs: 94114, Failure refs: 14
Batch update: 48 refs added, 0 existing refs removed (0 new refs dominated)
Survival: 48 refs added, 0 removed (from 48 candidates)
Updated sys_vals: [0, 1]
---
Round: 1963, Unk. prob.: 9.975e-01
Upper probs: 2.460e-03, Lower probs: 0.000e+00
No. of non-dominant refs: 94176, Survival refs: 94162, Failure refs: 14
Batch update: 48 refs added, 0 existing refs removed (0 new refs dominated)
Survival: 48 refs added, 0 removed (from 48 candidates)
Updated sys_vals: [0, 1]
---
Round: 1964, Unk. prob.: 9.977e-01
Upper probs: 2.300e-03, Lower probs: 0.000e+00
No. of non-dominant refs: 94224, Survival refs: 94210, Failure refs: 14
Batch update: 48 refs added, 0 existing refs removed (0 new refs dominated)
Survival: 48 refs added, 0 removed (from 48 candidates)
Updated sys_vals: [0, 1]
---
Round: 1965, Unk. prob.: 9.977e-01
Upper probs: 2.330e-03, Lower probs: 0.000e+00
No. of non-dominant refs: 94272, Survival refs: 94258, Failure refs: 14
Batch update: 48 refs added, 0 existing refs removed (0 new refs dominated)
Survival: 48 refs added, 0 removed (from 48 candidates)
Updated sys_vals: [0, 1]
---
Round: 1966, Unk. prob.: 9.974e-01
Upper probs: 2.640e-03, Lower probs: 0.000e+00
No. of non-dominant refs: 94320, Survival refs: 94306, Failure refs: 14
Batch update: 48 refs added, 0 existing refs removed (0 new refs dominated)
Survival: 48 refs added, 0 removed (from 48 candidates)
Updated sys_vals: [0, 1]
---
Round: 1967, Unk. prob.: 9.978e-01
Upper probs: 2.160e-03, Lower probs: 0.000e+00
No. of non-dominant refs: 94368, Survival refs: 94354, Failure refs: 14
Batch update: 48 refs added, 0 existing refs removed (0 new refs dominated)
Survival: 48 refs added, 0 removed (from 48 candidates)
Updated sys_vals: [0, 1]
---
Round: 1968, Unk. prob.: 9.975e-01
Upper probs: 2.520e-03, Lower probs: 0.000e+00
No. of non-dominant refs: 94416, Survival refs: 94402, Failure refs: 14
Batch update: 48 refs added, 0 existing refs removed (0 new refs dominated)
Survival: 48 refs added, 0 removed (from 48 candidates)
Updated sys_vals: [0, 1]
---
Round: 1969, Unk. prob.: 9.974e-01
Upper probs: 2.580e-03, Lower probs: 0.000e+00
No. of non-dominant refs: 94464, Survival refs: 94450, Failure refs: 14
Batch update: 48 refs added, 0 existing refs removed (0 new refs dominated)
Survival: 48 refs added, 0 removed (from 48 candidates)
Updated sys_vals: [0, 1]
---
Round: 1970, Unk. prob.: 9.975e-01
Upper probs: 2.540e-03, Lower probs: 0.000e+00
No. of non-dominant refs: 94512, Survival refs: 94498, Failure refs: 14
Batch update: 48 refs added, 0 existing refs removed (0 new refs dominated)
Survival: 48 refs added, 0 removed (from 48 candidates)
Updated sys_vals: [0, 1]
---
Round: 1971, Unk. prob.: 9.977e-01
Upper probs: 2.350e-03, Lower probs: 0.000e+00
No. of non-dominant refs: 94560, Survival refs: 94546, Failure refs: 14
Batch update: 48 refs added, 0 existing refs removed (0 new refs dominated)
Survival: 48 refs added, 0 removed (from 48 candidates)
Updated sys_vals: [0, 1]
---
Round: 1972, Unk. prob.: 9.975e-01
Upper probs: 2.530e-03, Lower probs: 0.000e+00
No. of non-dominant refs: 94608, Survival refs: 94594, Failure refs: 14
Batch update: 48 refs added, 0 existing refs removed (0 new refs dominated)
Survival: 48 refs added, 0 removed (from 48 candidates)
Updated sys_vals: [0, 1]
---
Round: 1973, Unk. prob.: 9.976e-01
Upper probs: 2.360e-03, Lower probs: 0.000e+00
No. of non-dominant refs: 94656, Survival refs: 94642, Failure refs: 14
Batch update: 48 refs added, 0 existing refs removed (0 new refs dominated)
Survival: 48 refs added, 0 removed (from 48 candidates)
Updated sys_vals: [0, 1]
---
Round: 1974, Unk. prob.: 9.976e-01
Upper probs: 2.420e-03, Lower probs: 0.000e+00
No. of non-dominant refs: 94704, Survival refs: 94690, Failure refs: 14
Batch update: 48 refs added, 0 existing refs removed (0 new refs dominated)
Survival: 48 refs added, 0 removed (from 48 candidates)
Updated sys_vals: [0, 1]
---
Round: 1975, Unk. prob.: 9.976e-01
Upper probs: 2.410e-03, Lower probs: 0.000e+00
No. of non-dominant refs: 94752, Survival refs: 94738, Failure refs: 14
Batch update: 48 refs added, 0 existing refs removed (0 new refs dominated)
Survival: 48 refs added, 0 removed (from 48 candidates)
Updated sys_vals: [0, 1]
---
Round: 1976, Unk. prob.: 9.974e-01
Upper probs: 2.610e-03, Lower probs: 0.000e+00
No. of non-dominant refs: 94800, Survival refs: 94786, Failure refs: 14
Batch update: 48 refs added, 0 existing refs removed (0 new refs dominated)
Survival: 48 refs added, 0 removed (from 48 candidates)
Updated sys_vals: [0, 1]
---
Round: 1977, Unk. prob.: 9.976e-01
Upper probs: 2.370e-03, Lower probs: 0.000e+00
No. of non-dominant refs: 94848, Survival refs: 94834, Failure refs: 14
Batch update: 48 refs added, 0 existing refs removed (0 new refs dominated)
Survival: 48 refs added, 0 removed (from 48 candidates)
Updated sys_vals: [0, 1]
---
Round: 1978, Unk. prob.: 9.976e-01
Upper probs: 2.450e-03, Lower probs: 0.000e+00
No. of non-dominant refs: 94896, Survival refs: 94882, Failure refs: 14
Batch update: 48 refs added, 0 existing refs removed (0 new refs dominated)
Survival: 48 refs added, 0 removed (from 48 candidates)
Updated sys_vals: [0, 1]
---
Round: 1979, Unk. prob.: 9.974e-01
Upper probs: 2.590e-03, Lower probs: 0.000e+00
No. of non-dominant refs: 94944, Survival refs: 94930, Failure refs: 14
Batch update: 48 refs added, 0 existing refs removed (0 new refs dominated)
Survival: 48 refs added, 0 removed (from 48 candidates)
Updated sys_vals: [0, 1]
---
Round: 1980, Unk. prob.: 9.975e-01
Upper probs: 2.460e-03, Lower probs: 0.000e+00
No. of non-dominant refs: 94992, Survival refs: 94978, Failure refs: 14
Batch update: 48 refs added, 0 existing refs removed (0 new refs dominated)
Survival: 48 refs added, 0 removed (from 48 candidates)
Updated sys_vals: [0, 1]
---
Round: 1981, Unk. prob.: 9.977e-01
Upper probs: 2.350e-03, Lower probs: 0.000e+00
No. of non-dominant refs: 95040, Survival refs: 95026, Failure refs: 14
Batch update: 48 refs added, 0 existing refs removed (0 new refs dominated)
Survival: 48 refs added, 0 removed (from 48 candidates)
Updated sys_vals: [0, 1]
---
Round: 1982, Unk. prob.: 9.975e-01
Upper probs: 2.520e-03, Lower probs: 0.000e+00
No. of non-dominant refs: 95088, Survival refs: 95074, Failure refs: 14
Batch update: 48 refs added, 0 existing refs removed (0 new refs dominated)
Survival: 48 refs added, 0 removed (from 48 candidates)
Updated sys_vals: [0, 1]
---
Round: 1983, Unk. prob.: 9.976e-01
Upper probs: 2.410e-03, Lower probs: 0.000e+00
No. of non-dominant refs: 95136, Survival refs: 95122, Failure refs: 14
Batch update: 48 refs added, 0 existing refs removed (0 new refs dominated)
Survival: 48 refs added, 0 removed (from 48 candidates)
Updated sys_vals: [0, 1]
---
Round: 1984, Unk. prob.: 9.977e-01
Upper probs: 2.310e-03, Lower probs: 0.000e+00
No. of non-dominant refs: 95184, Survival refs: 95170, Failure refs: 14
Batch update: 48 refs added, 0 existing refs removed (0 new refs dominated)
Survival: 48 refs added, 0 removed (from 48 candidates)
Updated sys_vals: [0, 1]
---
Round: 1985, Unk. prob.: 9.975e-01
Upper probs: 2.540e-03, Lower probs: 0.000e+00
No. of non-dominant refs: 95232, Survival refs: 95218, Failure refs: 14
Batch update: 48 refs added, 0 existing refs removed (0 new refs dominated)
Survival: 48 refs added, 0 removed (from 48 candidates)
Updated sys_vals: [0, 1]
---
Round: 1986, Unk. prob.: 9.975e-01
Upper probs: 2.510e-03, Lower probs: 0.000e+00
No. of non-dominant refs: 95280, Survival refs: 95266, Failure refs: 14
Batch update: 48 refs added, 0 existing refs removed (0 new refs dominated)
Survival: 48 refs added, 0 removed (from 48 candidates)
Updated sys_vals: [0, 1]
---
Round: 1987, Unk. prob.: 9.975e-01
Upper probs: 2.470e-03, Lower probs: 0.000e+00
No. of non-dominant refs: 95328, Survival refs: 95314, Failure refs: 14
Batch update: 48 refs added, 0 existing refs removed (0 new refs dominated)
Survival: 48 refs added, 0 removed (from 48 candidates)
Updated sys_vals: [0, 1]
---
Round: 1988, Unk. prob.: 9.973e-01
Upper probs: 2.680e-03, Lower probs: 0.000e+00
No. of non-dominant refs: 95376, Survival refs: 95362, Failure refs: 14
Batch update: 48 refs added, 0 existing refs removed (0 new refs dominated)
Survival: 48 refs added, 0 removed (from 48 candidates)
Updated sys_vals: [0, 1]
---
Round: 1989, Unk. prob.: 9.978e-01
Upper probs: 2.250e-03, Lower probs: 0.000e+00
No. of non-dominant refs: 95424, Survival refs: 95410, Failure refs: 14
Batch update: 48 refs added, 0 existing refs removed (0 new refs dominated)
Survival: 48 refs added, 0 removed (from 48 candidates)
Updated sys_vals: [0, 1]
---
Round: 1990, Unk. prob.: 9.974e-01
Upper probs: 2.550e-03, Lower probs: 0.000e+00
No. of non-dominant refs: 95472, Survival refs: 95458, Failure refs: 14
Batch update: 48 refs added, 0 existing refs removed (0 new refs dominated)
Survival: 48 refs added, 0 removed (from 48 candidates)
Updated sys_vals: [0, 1]
---
Round: 1991, Unk. prob.: 9.976e-01
Upper probs: 2.390e-03, Lower probs: 0.000e+00
No. of non-dominant refs: 95520, Survival refs: 95506, Failure refs: 14
Batch update: 48 refs added, 0 existing refs removed (0 new refs dominated)
Survival: 48 refs added, 0 removed (from 48 candidates)
Updated sys_vals: [0, 1]
---
Round: 1992, Unk. prob.: 9.978e-01
Upper probs: 2.160e-03, Lower probs: 0.000e+00
No. of non-dominant refs: 95568, Survival refs: 95554, Failure refs: 14
Batch update: 48 refs added, 0 existing refs removed (0 new refs dominated)
Survival: 48 refs added, 0 removed (from 48 candidates)
Updated sys_vals: [0, 1]
---
Round: 1993, Unk. prob.: 9.975e-01
Upper probs: 2.470e-03, Lower probs: 0.000e+00
No. of non-dominant refs: 95616, Survival refs: 95602, Failure refs: 14
Batch update: 48 refs added, 0 existing refs removed (0 new refs dominated)
Survival: 48 refs added, 0 removed (from 48 candidates)
Updated sys_vals: [0, 1]
---
Round: 1994, Unk. prob.: 9.978e-01
Upper probs: 2.230e-03, Lower probs: 0.000e+00
No. of non-dominant refs: 95664, Survival refs: 95650, Failure refs: 14
Batch update: 48 refs added, 0 existing refs removed (0 new refs dominated)
Survival: 48 refs added, 0 removed (from 48 candidates)
Updated sys_vals: [0, 1]
---
Round: 1995, Unk. prob.: 9.977e-01
Upper probs: 2.280e-03, Lower probs: 0.000e+00
No. of non-dominant refs: 95712, Survival refs: 95698, Failure refs: 14
Batch update: 48 refs added, 0 existing refs removed (0 new refs dominated)
Survival: 48 refs added, 0 removed (from 48 candidates)
Updated sys_vals: [0, 1]
---
Round: 1996, Unk. prob.: 9.978e-01
Upper probs: 2.230e-03, Lower probs: 0.000e+00
No. of non-dominant refs: 95760, Survival refs: 95746, Failure refs: 14
Batch update: 48 refs added, 0 existing refs removed (0 new refs dominated)
Survival: 48 refs added, 0 removed (from 48 candidates)
Updated sys_vals: [0, 1]
---
Round: 1997, Unk. prob.: 9.977e-01
Upper probs: 2.280e-03, Lower probs: 0.000e+00
No. of non-dominant refs: 95808, Survival refs: 95794, Failure refs: 14
Batch update: 48 refs added, 0 existing refs removed (0 new refs dominated)
Survival: 48 refs added, 0 removed (from 48 candidates)
Updated sys_vals: [0, 1]
---
Round: 1998, Unk. prob.: 9.975e-01
Upper probs: 2.470e-03, Lower probs: 0.000e+00
No. of non-dominant refs: 95856, Survival refs: 95842, Failure refs: 14
Batch update: 48 refs added, 0 existing refs removed (0 new refs dominated)
Survival: 48 refs added, 0 removed (from 48 candidates)
Updated sys_vals: [0, 1]
---
Round: 1999, Unk. prob.: 9.974e-01
Upper probs: 2.610e-03, Lower probs: 0.000e+00
No. of non-dominant refs: 95904, Survival refs: 95890, Failure refs: 14
Batch update: 48 refs added, 0 existing refs removed (0 new refs dominated)
Survival: 48 refs added, 0 removed (from 48 candidates)
Updated sys_vals: [0, 1]
---
Round: 2000, Unk. prob.: 9.976e-01
Upper probs: 2.420e-03, Lower probs: 0.000e+00
No. of non-dominant refs: 95952, Survival refs: 95938, Failure refs: 14
Batch update: 48 refs added, 0 existing refs removed (0 new refs dominated)
Survival: 48 refs added, 0 removed (from 48 candidates)
Updated sys_vals: [0, 1]
---
Probs: 'upper':  2.450e-03, 'lower':  0.000e+00, 'unkn':  9.976e-01
---
Round: 2001, Unk. prob.: 9.976e-01
Upper probs: 2.450e-03, Lower probs: 0.000e+00
No. of non-dominant refs: 96000, Survival refs: 95986, Failure refs: 14
Batch update: 48 refs added, 0 existing refs removed (0 new refs dominated)
Survival: 48 refs added, 0 removed (from 48 candidates)
Updated sys_vals: [0, 1]
---
Round: 2002, Unk. prob.: 9.977e-01
Upper probs: 2.330e-03, Lower probs: 0.000e+00
No. of non-dominant refs: 96048, Survival refs: 96034, Failure refs: 14
Batch update: 48 refs added, 0 existing refs removed (0 new refs dominated)
Survival: 48 refs added, 0 removed (from 48 candidates)
Updated sys_vals: [0, 1]
---
Round: 2003, Unk. prob.: 9.976e-01
Upper probs: 2.450e-03, Lower probs: 0.000e+00
No. of non-dominant refs: 96096, Survival refs: 96082, Failure refs: 14
Batch update: 48 refs added, 0 existing refs removed (0 new refs dominated)
Survival: 48 refs added, 0 removed (from 48 candidates)
Updated sys_vals: [0, 1]
---
Round: 2004, Unk. prob.: 9.977e-01
Upper probs: 2.340e-03, Lower probs: 0.000e+00
No. of non-dominant refs: 96144, Survival refs: 96130, Failure refs: 14
Batch update: 48 refs added, 0 existing refs removed (0 new refs dominated)
Survival: 48 refs added, 0 removed (from 48 candidates)
Updated sys_vals: [0, 1]
---
Round: 2005, Unk. prob.: 9.976e-01
Upper probs: 2.410e-03, Lower probs: 0.000e+00
No. of non-dominant refs: 96192, Survival refs: 96178, Failure refs: 14
Batch update: 48 refs added, 0 existing refs removed (0 new refs dominated)
Survival: 48 refs added, 0 removed (from 48 candidates)
Updated sys_vals: [0, 1]
---
Round: 2006, Unk. prob.: 9.976e-01
Upper probs: 2.400e-03, Lower probs: 0.000e+00
No. of non-dominant refs: 96240, Survival refs: 96226, Failure refs: 14
Batch update: 48 refs added, 0 existing refs removed (0 new refs dominated)
Survival: 48 refs added, 0 removed (from 48 candidates)
Updated sys_vals: [0, 1]
---
Round: 2007, Unk. prob.: 9.977e-01
Upper probs: 2.330e-03, Lower probs: 0.000e+00
No. of non-dominant refs: 96288, Survival refs: 96274, Failure refs: 14
Batch update: 48 refs added, 0 existing refs removed (0 new refs dominated)
Survival: 48 refs added, 0 removed (from 48 candidates)
Updated sys_vals: [0, 1]
---
Round: 2008, Unk. prob.: 9.974e-01
Upper probs: 2.610e-03, Lower probs: 0.000e+00
No. of non-dominant refs: 96336, Survival refs: 96322, Failure refs: 14
Batch update: 48 refs added, 0 existing refs removed (0 new refs dominated)
Survival: 48 refs added, 0 removed (from 48 candidates)
Updated sys_vals: [0, 1]
---
Round: 2009, Unk. prob.: 9.975e-01
Upper probs: 2.520e-03, Lower probs: 0.000e+00
No. of non-dominant refs: 96384, Survival refs: 96370, Failure refs: 14
Batch update: 48 refs added, 0 existing refs removed (0 new refs dominated)
Survival: 48 refs added, 0 removed (from 48 candidates)
Updated sys_vals: [0, 1]
---
Round: 2010, Unk. prob.: 9.978e-01
Upper probs: 2.180e-03, Lower probs: 0.000e+00
No. of non-dominant refs: 96432, Survival refs: 96418, Failure refs: 14
Batch update: 48 refs added, 0 existing refs removed (0 new refs dominated)
Survival: 48 refs added, 0 removed (from 48 candidates)
Updated sys_vals: [0, 1]
---
Round: 2011, Unk. prob.: 9.975e-01
Upper probs: 2.460e-03, Lower probs: 0.000e+00
No. of non-dominant refs: 96480, Survival refs: 96466, Failure refs: 14
Batch update: 48 refs added, 0 existing refs removed (0 new refs dominated)
Survival: 48 refs added, 0 removed (from 48 candidates)
Updated sys_vals: [0, 1]
---
Round: 2012, Unk. prob.: 9.975e-01
Upper probs: 2.500e-03, Lower probs: 0.000e+00
No. of non-dominant refs: 96528, Survival refs: 96514, Failure refs: 14
Batch update: 48 refs added, 0 existing refs removed (0 new refs dominated)
Survival: 48 refs added, 0 removed (from 48 candidates)
Updated sys_vals: [0, 1]
---
Round: 2013, Unk. prob.: 9.976e-01
Upper probs: 2.360e-03, Lower probs: 0.000e+00
No. of non-dominant refs: 96576, Survival refs: 96562, Failure refs: 14
Batch update: 48 refs added, 0 existing refs removed (0 new refs dominated)
Survival: 48 refs added, 0 removed (from 48 candidates)
Updated sys_vals: [0, 1]
---
Round: 2014, Unk. prob.: 9.975e-01
Upper probs: 2.520e-03, Lower probs: 0.000e+00
No. of non-dominant refs: 96624, Survival refs: 96610, Failure refs: 14
Batch update: 48 refs added, 0 existing refs removed (0 new refs dominated)
Survival: 48 refs added, 0 removed (from 48 candidates)
Updated sys_vals: [0, 1]
---
Round: 2015, Unk. prob.: 9.978e-01
Upper probs: 2.240e-03, Lower probs: 0.000e+00
No. of non-dominant refs: 96672, Survival refs: 96658, Failure refs: 14
Batch update: 48 refs added, 0 existing refs removed (0 new refs dominated)
Survival: 48 refs added, 0 removed (from 48 candidates)
Updated sys_vals: [0, 1]
---
Round: 2016, Unk. prob.: 9.976e-01
Upper probs: 2.430e-03, Lower probs: 0.000e+00
No. of non-dominant refs: 96720, Survival refs: 96706, Failure refs: 14
Batch update: 48 refs added, 0 existing refs removed (0 new refs dominated)
Survival: 48 refs added, 0 removed (from 48 candidates)
Updated sys_vals: [0, 1]
---
Round: 2017, Unk. prob.: 9.973e-01
Upper probs: 2.660e-03, Lower probs: 0.000e+00
No. of non-dominant refs: 96768, Survival refs: 96754, Failure refs: 14
Batch update: 48 refs added, 0 existing refs removed (0 new refs dominated)
Survival: 48 refs added, 0 removed (from 48 candidates)
Updated sys_vals: [0, 1]
---
Round: 2018, Unk. prob.: 9.975e-01
Upper probs: 2.500e-03, Lower probs: 0.000e+00
No. of non-dominant refs: 96816, Survival refs: 96802, Failure refs: 14
Batch update: 48 refs added, 0 existing refs removed (0 new refs dominated)
Survival: 48 refs added, 0 removed (from 48 candidates)
Updated sys_vals: [0, 1]
---
Round: 2019, Unk. prob.: 9.976e-01
Upper probs: 2.380e-03, Lower probs: 0.000e+00
No. of non-dominant refs: 96864, Survival refs: 96850, Failure refs: 14
Batch update: 48 refs added, 0 existing refs removed (0 new refs dominated)
Survival: 48 refs added, 0 removed (from 48 candidates)
Updated sys_vals: [0, 1]
---
Round: 2020, Unk. prob.: 9.973e-01
Upper probs: 2.710e-03, Lower probs: 0.000e+00
No. of non-dominant refs: 96912, Survival refs: 96898, Failure refs: 14
Batch update: 48 refs added, 0 existing refs removed (0 new refs dominated)
Survival: 48 refs added, 0 removed (from 48 candidates)
Updated sys_vals: [0, 1]
---
Round: 2021, Unk. prob.: 9.975e-01
Upper probs: 2.540e-03, Lower probs: 0.000e+00
No. of non-dominant refs: 96960, Survival refs: 96946, Failure refs: 14
Batch update: 48 refs added, 0 existing refs removed (0 new refs dominated)
Survival: 48 refs added, 0 removed (from 48 candidates)
Updated sys_vals: [0, 1]
---
Round: 2022, Unk. prob.: 9.977e-01
Upper probs: 2.270e-03, Lower probs: 0.000e+00
No. of non-dominant refs: 97008, Survival refs: 96994, Failure refs: 14
Batch update: 48 refs added, 0 existing refs removed (0 new refs dominated)
Survival: 48 refs added, 0 removed (from 48 candidates)
Updated sys_vals: [0, 1]
---
Round: 2023, Unk. prob.: 9.973e-01
Upper probs: 2.690e-03, Lower probs: 0.000e+00
No. of non-dominant refs: 97056, Survival refs: 97042, Failure refs: 14
Batch update: 48 refs added, 0 existing refs removed (0 new refs dominated)
Survival: 48 refs added, 0 removed (from 48 candidates)
Updated sys_vals: [0, 1]
---
Round: 2024, Unk. prob.: 9.975e-01
Upper probs: 2.470e-03, Lower probs: 0.000e+00
No. of non-dominant refs: 97104, Survival refs: 97090, Failure refs: 14
Batch update: 48 refs added, 0 existing refs removed (0 new refs dominated)
Survival: 48 refs added, 0 removed (from 48 candidates)
Updated sys_vals: [0, 1]
---
Round: 2025, Unk. prob.: 9.975e-01
Upper probs: 2.510e-03, Lower probs: 0.000e+00
No. of non-dominant refs: 97152, Survival refs: 97138, Failure refs: 14
Batch update: 48 refs added, 0 existing refs removed (0 new refs dominated)
Survival: 48 refs added, 0 removed (from 48 candidates)
Updated sys_vals: [0, 1]
---
Round: 2026, Unk. prob.: 9.975e-01
Upper probs: 2.490e-03, Lower probs: 0.000e+00
No. of non-dominant refs: 97200, Survival refs: 97186, Failure refs: 14
Batch update: 48 refs added, 0 existing refs removed (0 new refs dominated)
Survival: 48 refs added, 0 removed (from 48 candidates)
Updated sys_vals: [0, 1]
---
Round: 2027, Unk. prob.: 9.973e-01
Upper probs: 2.670e-03, Lower probs: 0.000e+00
No. of non-dominant refs: 97248, Survival refs: 97234, Failure refs: 14
Batch update: 48 refs added, 0 existing refs removed (0 new refs dominated)
Survival: 48 refs added, 0 removed (from 48 candidates)
Updated sys_vals: [0, 1]
---
Round: 2028, Unk. prob.: 9.975e-01
Upper probs: 2.530e-03, Lower probs: 0.000e+00
No. of non-dominant refs: 97296, Survival refs: 97282, Failure refs: 14
Batch update: 48 refs added, 0 existing refs removed (0 new refs dominated)
Survival: 48 refs added, 0 removed (from 48 candidates)
Updated sys_vals: [0, 1]
---
Round: 2029, Unk. prob.: 9.976e-01
Upper probs: 2.380e-03, Lower probs: 0.000e+00
No. of non-dominant refs: 97344, Survival refs: 97330, Failure refs: 14
Batch update: 48 refs added, 0 existing refs removed (0 new refs dominated)
Survival: 48 refs added, 0 removed (from 48 candidates)
Updated sys_vals: [0, 1]
---
Round: 2030, Unk. prob.: 9.975e-01
Upper probs: 2.540e-03, Lower probs: 0.000e+00
No. of non-dominant refs: 97392, Survival refs: 97378, Failure refs: 14
Batch update: 48 refs added, 0 existing refs removed (0 new refs dominated)
Survival: 48 refs added, 0 removed (from 48 candidates)
Updated sys_vals: [0, 1]
---
Round: 2031, Unk. prob.: 9.976e-01
Upper probs: 2.380e-03, Lower probs: 0.000e+00
No. of non-dominant refs: 97440, Survival refs: 97426, Failure refs: 14
Batch update: 48 refs added, 0 existing refs removed (0 new refs dominated)
Survival: 48 refs added, 0 removed (from 48 candidates)
Updated sys_vals: [0, 1]
---
Round: 2032, Unk. prob.: 9.976e-01
Upper probs: 2.360e-03, Lower probs: 0.000e+00
No. of non-dominant refs: 97488, Survival refs: 97474, Failure refs: 14
Batch update: 48 refs added, 0 existing refs removed (0 new refs dominated)
Survival: 48 refs added, 0 removed (from 48 candidates)
Updated sys_vals: [0, 1]
---
Round: 2033, Unk. prob.: 9.973e-01
Upper probs: 2.650e-03, Lower probs: 0.000e+00
No. of non-dominant refs: 97536, Survival refs: 97522, Failure refs: 14
Batch update: 48 refs added, 0 existing refs removed (0 new refs dominated)
Survival: 48 refs added, 0 removed (from 48 candidates)
Updated sys_vals: [0, 1]
---
Round: 2034, Unk. prob.: 9.977e-01
Upper probs: 2.350e-03, Lower probs: 0.000e+00
No. of non-dominant refs: 97584, Survival refs: 97570, Failure refs: 14
Batch update: 48 refs added, 0 existing refs removed (0 new refs dominated)
Survival: 48 refs added, 0 removed (from 48 candidates)
Updated sys_vals: [0, 1]
---
Round: 2035, Unk. prob.: 9.976e-01
Upper probs: 2.420e-03, Lower probs: 0.000e+00
No. of non-dominant refs: 97632, Survival refs: 97618, Failure refs: 14
Batch update: 48 refs added, 0 existing refs removed (0 new refs dominated)
Survival: 48 refs added, 0 removed (from 48 candidates)
Updated sys_vals: [0, 1]
---
Round: 2036, Unk. prob.: 9.976e-01
Upper probs: 2.380e-03, Lower probs: 0.000e+00
No. of non-dominant refs: 97680, Survival refs: 97666, Failure refs: 14
Batch update: 48 refs added, 0 existing refs removed (0 new refs dominated)
Survival: 48 refs added, 0 removed (from 48 candidates)
Updated sys_vals: [0, 1]
---
Round: 2037, Unk. prob.: 9.974e-01
Upper probs: 2.610e-03, Lower probs: 0.000e+00
No. of non-dominant refs: 97728, Survival refs: 97714, Failure refs: 14
Batch update: 48 refs added, 0 existing refs removed (0 new refs dominated)
Survival: 48 refs added, 0 removed (from 48 candidates)
Updated sys_vals: [0, 1]
---
Round: 2038, Unk. prob.: 9.977e-01
Upper probs: 2.350e-03, Lower probs: 0.000e+00
No. of non-dominant refs: 97776, Survival refs: 97762, Failure refs: 14
Batch update: 48 refs added, 0 existing refs removed (0 new refs dominated)
Survival: 48 refs added, 0 removed (from 48 candidates)
Updated sys_vals: [0, 1]
---
Round: 2039, Unk. prob.: 9.974e-01
Upper probs: 2.630e-03, Lower probs: 0.000e+00
No. of non-dominant refs: 97824, Survival refs: 97810, Failure refs: 14
Batch update: 48 refs added, 0 existing refs removed (0 new refs dominated)
Survival: 48 refs added, 0 removed (from 48 candidates)
Updated sys_vals: [0, 1]
---
Round: 2040, Unk. prob.: 9.977e-01
Upper probs: 2.320e-03, Lower probs: 0.000e+00
No. of non-dominant refs: 97872, Survival refs: 97858, Failure refs: 14
Batch update: 48 refs added, 0 existing refs removed (0 new refs dominated)
Survival: 48 refs added, 0 removed (from 48 candidates)
Updated sys_vals: [0, 1]
---
Round: 2041, Unk. prob.: 9.972e-01
Upper probs: 2.800e-03, Lower probs: 0.000e+00
No. of non-dominant refs: 97920, Survival refs: 97906, Failure refs: 14
Batch update: 48 refs added, 0 existing refs removed (0 new refs dominated)
Survival: 48 refs added, 0 removed (from 48 candidates)
Updated sys_vals: [0, 1]
---
Round: 2042, Unk. prob.: 9.977e-01
Upper probs: 2.270e-03, Lower probs: 0.000e+00
No. of non-dominant refs: 97968, Survival refs: 97954, Failure refs: 14
Batch update: 48 refs added, 0 existing refs removed (0 new refs dominated)
Survival: 48 refs added, 0 removed (from 48 candidates)
Updated sys_vals: [0, 1]
---
Round: 2043, Unk. prob.: 9.972e-01
Upper probs: 2.810e-03, Lower probs: 0.000e+00
No. of non-dominant refs: 98016, Survival refs: 98002, Failure refs: 14
Batch update: 48 refs added, 0 existing refs removed (0 new refs dominated)
Survival: 48 refs added, 0 removed (from 48 candidates)
Updated sys_vals: [0, 1]
---
Round: 2044, Unk. prob.: 9.974e-01
Upper probs: 2.550e-03, Lower probs: 0.000e+00
No. of non-dominant refs: 98064, Survival refs: 98050, Failure refs: 14
Batch update: 48 refs added, 0 existing refs removed (0 new refs dominated)
Survival: 48 refs added, 0 removed (from 48 candidates)
Updated sys_vals: [0, 1]
---
Round: 2045, Unk. prob.: 9.975e-01
Upper probs: 2.500e-03, Lower probs: 0.000e+00
No. of non-dominant refs: 98112, Survival refs: 98098, Failure refs: 14
Batch update: 48 refs added, 0 existing refs removed (0 new refs dominated)
Survival: 48 refs added, 0 removed (from 48 candidates)
Updated sys_vals: [0, 1]
---
Round: 2046, Unk. prob.: 9.976e-01
Upper probs: 2.360e-03, Lower probs: 0.000e+00
No. of non-dominant refs: 98160, Survival refs: 98146, Failure refs: 14
Batch update: 48 refs added, 0 existing refs removed (0 new refs dominated)
Survival: 48 refs added, 0 removed (from 48 candidates)
Updated sys_vals: [0, 1]
---
Round: 2047, Unk. prob.: 9.975e-01
Upper probs: 2.530e-03, Lower probs: 0.000e+00
No. of non-dominant refs: 98208, Survival refs: 98194, Failure refs: 14
Batch update: 48 refs added, 0 existing refs removed (0 new refs dominated)
Survival: 48 refs added, 0 removed (from 48 candidates)
Updated sys_vals: [0, 1]
---
Round: 2048, Unk. prob.: 9.972e-01
Upper probs: 2.770e-03, Lower probs: 0.000e+00
No. of non-dominant refs: 98256, Survival refs: 98242, Failure refs: 14
Batch update: 48 refs added, 0 existing refs removed (0 new refs dominated)
Survival: 48 refs added, 0 removed (from 48 candidates)
Updated sys_vals: [0, 1]
---
Round: 2049, Unk. prob.: 9.975e-01
Upper probs: 2.490e-03, Lower probs: 0.000e+00
No. of non-dominant refs: 98304, Survival refs: 98290, Failure refs: 14
Batch update: 48 refs added, 0 existing refs removed (0 new refs dominated)
Survival: 48 refs added, 0 removed (from 48 candidates)
Updated sys_vals: [0, 1]
---
Round: 2050, Unk. prob.: 9.976e-01
Upper probs: 2.450e-03, Lower probs: 0.000e+00
No. of non-dominant refs: 98352, Survival refs: 98338, Failure refs: 14
Batch update: 48 refs added, 0 existing refs removed (0 new refs dominated)
Survival: 48 refs added, 0 removed (from 48 candidates)
Updated sys_vals: [0, 1]
---
Round: 2051, Unk. prob.: 9.975e-01
Upper probs: 2.530e-03, Lower probs: 0.000e+00
No. of non-dominant refs: 98400, Survival refs: 98386, Failure refs: 14
Batch update: 48 refs added, 0 existing refs removed (0 new refs dominated)
Survival: 48 refs added, 0 removed (from 48 candidates)
Updated sys_vals: [0, 1]
---
Round: 2052, Unk. prob.: 9.975e-01
Upper probs: 2.480e-03, Lower probs: 0.000e+00
No. of non-dominant refs: 98448, Survival refs: 98434, Failure refs: 14
Batch update: 48 refs added, 0 existing refs removed (0 new refs dominated)
Survival: 48 refs added, 0 removed (from 48 candidates)
Updated sys_vals: [0, 1]
---
Round: 2053, Unk. prob.: 9.973e-01
Upper probs: 2.720e-03, Lower probs: 0.000e+00
No. of non-dominant refs: 98496, Survival refs: 98482, Failure refs: 14
Batch update: 48 refs added, 0 existing refs removed (0 new refs dominated)
Survival: 48 refs added, 0 removed (from 48 candidates)
Updated sys_vals: [0, 1]
---
Round: 2054, Unk. prob.: 9.976e-01
Upper probs: 2.400e-03, Lower probs: 0.000e+00
No. of non-dominant refs: 98544, Survival refs: 98530, Failure refs: 14
Batch update: 48 refs added, 0 existing refs removed (0 new refs dominated)
Survival: 48 refs added, 0 removed (from 48 candidates)
Updated sys_vals: [0, 1]
---
Round: 2055, Unk. prob.: 9.977e-01
Upper probs: 2.320e-03, Lower probs: 0.000e+00
No. of non-dominant refs: 98592, Survival refs: 98578, Failure refs: 14
Batch update: 48 refs added, 0 existing refs removed (0 new refs dominated)
Survival: 48 refs added, 0 removed (from 48 candidates)
Updated sys_vals: [0, 1]
---
Round: 2056, Unk. prob.: 9.972e-01
Upper probs: 2.750e-03, Lower probs: 0.000e+00
No. of non-dominant refs: 98640, Survival refs: 98626, Failure refs: 14
Batch update: 48 refs added, 0 existing refs removed (0 new refs dominated)
Survival: 48 refs added, 0 removed (from 48 candidates)
Updated sys_vals: [0, 1]
---
Round: 2057, Unk. prob.: 9.977e-01
Upper probs: 2.320e-03, Lower probs: 0.000e+00
No. of non-dominant refs: 98688, Survival refs: 98674, Failure refs: 14
Batch update: 48 refs added, 0 existing refs removed (0 new refs dominated)
Survival: 48 refs added, 0 removed (from 48 candidates)
Updated sys_vals: [0, 1]
---
Round: 2058, Unk. prob.: 9.975e-01
Upper probs: 2.460e-03, Lower probs: 0.000e+00
No. of non-dominant refs: 98736, Survival refs: 98722, Failure refs: 14
Batch update: 48 refs added, 0 existing refs removed (0 new refs dominated)
Survival: 48 refs added, 0 removed (from 48 candidates)
Updated sys_vals: [0, 1]
---
Round: 2059, Unk. prob.: 9.975e-01
Upper probs: 2.510e-03, Lower probs: 0.000e+00
No. of non-dominant refs: 98784, Survival refs: 98770, Failure refs: 14
Batch update: 48 refs added, 0 existing refs removed (0 new refs dominated)
Survival: 48 refs added, 0 removed (from 48 candidates)
Updated sys_vals: [0, 1]
---
Round: 2060, Unk. prob.: 9.975e-01
Upper probs: 2.500e-03, Lower probs: 0.000e+00
No. of non-dominant refs: 98832, Survival refs: 98818, Failure refs: 14
Batch update: 48 refs added, 0 existing refs removed (0 new refs dominated)
Survival: 48 refs added, 0 removed (from 48 candidates)
Updated sys_vals: [0, 1]
---
Round: 2061, Unk. prob.: 9.975e-01
Upper probs: 2.460e-03, Lower probs: 0.000e+00
No. of non-dominant refs: 98880, Survival refs: 98866, Failure refs: 14
Batch update: 48 refs added, 0 existing refs removed (0 new refs dominated)
Survival: 48 refs added, 0 removed (from 48 candidates)
Updated sys_vals: [0, 1]
---
Round: 2062, Unk. prob.: 9.973e-01
Upper probs: 2.730e-03, Lower probs: 0.000e+00
No. of non-dominant refs: 98928, Survival refs: 98914, Failure refs: 14
Batch update: 48 refs added, 0 existing refs removed (0 new refs dominated)
Survival: 48 refs added, 0 removed (from 48 candidates)
Updated sys_vals: [0, 1]
---
Round: 2063, Unk. prob.: 9.973e-01
Upper probs: 2.680e-03, Lower probs: 0.000e+00
No. of non-dominant refs: 98976, Survival refs: 98962, Failure refs: 14
Batch update: 48 refs added, 0 existing refs removed (0 new refs dominated)
Survival: 48 refs added, 0 removed (from 48 candidates)
Updated sys_vals: [0, 1]
---
Round: 2064, Unk. prob.: 9.973e-01
Upper probs: 2.700e-03, Lower probs: 0.000e+00
No. of non-dominant refs: 99024, Survival refs: 99010, Failure refs: 14
Batch update: 48 refs added, 0 existing refs removed (0 new refs dominated)
Survival: 48 refs added, 0 removed (from 48 candidates)
Updated sys_vals: [0, 1]
---
Round: 2065, Unk. prob.: 9.976e-01
Upper probs: 2.430e-03, Lower probs: 0.000e+00
No. of non-dominant refs: 99072, Survival refs: 99058, Failure refs: 14
Batch update: 48 refs added, 0 existing refs removed (0 new refs dominated)
Survival: 48 refs added, 0 removed (from 48 candidates)
Updated sys_vals: [0, 1]
---
Round: 2066, Unk. prob.: 9.974e-01
Upper probs: 2.630e-03, Lower probs: 0.000e+00
No. of non-dominant refs: 99120, Survival refs: 99106, Failure refs: 14
Batch update: 48 refs added, 0 existing refs removed (0 new refs dominated)
Survival: 48 refs added, 0 removed (from 48 candidates)
Updated sys_vals: [0, 1]
---
Round: 2067, Unk. prob.: 9.973e-01
Upper probs: 2.690e-03, Lower probs: 0.000e+00
No. of non-dominant refs: 99168, Survival refs: 99154, Failure refs: 14
Batch update: 48 refs added, 0 existing refs removed (0 new refs dominated)
Survival: 48 refs added, 0 removed (from 48 candidates)
Updated sys_vals: [0, 1]
---
Round: 2068, Unk. prob.: 9.974e-01
Upper probs: 2.600e-03, Lower probs: 0.000e+00
No. of non-dominant refs: 99216, Survival refs: 99202, Failure refs: 14
Batch update: 48 refs added, 0 existing refs removed (0 new refs dominated)
Survival: 48 refs added, 0 removed (from 48 candidates)
Updated sys_vals: [0, 1]
---
Round: 2069, Unk. prob.: 9.974e-01
Upper probs: 2.630e-03, Lower probs: 0.000e+00
No. of non-dominant refs: 99264, Survival refs: 99250, Failure refs: 14
Batch update: 48 refs added, 0 existing refs removed (0 new refs dominated)
Survival: 48 refs added, 0 removed (from 48 candidates)
Updated sys_vals: [0, 1]
---
Round: 2070, Unk. prob.: 9.978e-01
Upper probs: 2.160e-03, Lower probs: 0.000e+00
No. of non-dominant refs: 99312, Survival refs: 99298, Failure refs: 14
Batch update: 48 refs added, 0 existing refs removed (0 new refs dominated)
Survival: 48 refs added, 0 removed (from 48 candidates)
Updated sys_vals: [0, 1]
---
Round: 2071, Unk. prob.: 9.975e-01
Upper probs: 2.490e-03, Lower probs: 0.000e+00
No. of non-dominant refs: 99360, Survival refs: 99346, Failure refs: 14
Batch update: 48 refs added, 0 existing refs removed (0 new refs dominated)
Survival: 48 refs added, 0 removed (from 48 candidates)
Updated sys_vals: [0, 1]
---
Round: 2072, Unk. prob.: 9.975e-01
Upper probs: 2.480e-03, Lower probs: 0.000e+00
No. of non-dominant refs: 99408, Survival refs: 99394, Failure refs: 14
Batch update: 48 refs added, 0 existing refs removed (0 new refs dominated)
Survival: 48 refs added, 0 removed (from 48 candidates)
Updated sys_vals: [0, 1]
---
Round: 2073, Unk. prob.: 9.976e-01
Upper probs: 2.420e-03, Lower probs: 0.000e+00
No. of non-dominant refs: 99456, Survival refs: 99442, Failure refs: 14
Batch update: 48 refs added, 0 existing refs removed (0 new refs dominated)
Survival: 48 refs added, 0 removed (from 48 candidates)
Updated sys_vals: [0, 1]
---
Round: 2074, Unk. prob.: 9.973e-01
Upper probs: 2.680e-03, Lower probs: 0.000e+00
No. of non-dominant refs: 99504, Survival refs: 99490, Failure refs: 14
Batch update: 48 refs added, 0 existing refs removed (0 new refs dominated)
Survival: 48 refs added, 0 removed (from 48 candidates)
Updated sys_vals: [0, 1]
---
Round: 2075, Unk. prob.: 9.974e-01
Upper probs: 2.610e-03, Lower probs: 0.000e+00
No. of non-dominant refs: 99552, Survival refs: 99538, Failure refs: 14
Batch update: 48 refs added, 0 existing refs removed (0 new refs dominated)
Survival: 48 refs added, 0 removed (from 48 candidates)
Updated sys_vals: [0, 1]
---
Round: 2076, Unk. prob.: 9.978e-01
Upper probs: 2.220e-03, Lower probs: 0.000e+00
No. of non-dominant refs: 99600, Survival refs: 99586, Failure refs: 14
Batch update: 48 refs added, 0 existing refs removed (0 new refs dominated)
Survival: 48 refs added, 0 removed (from 48 candidates)
Updated sys_vals: [0, 1]
---
Round: 2077, Unk. prob.: 9.976e-01
Upper probs: 2.440e-03, Lower probs: 0.000e+00
No. of non-dominant refs: 99648, Survival refs: 99634, Failure refs: 14
Batch update: 48 refs added, 0 existing refs removed (0 new refs dominated)
Survival: 48 refs added, 0 removed (from 48 candidates)
Updated sys_vals: [0, 1]
---
Round: 2078, Unk. prob.: 9.972e-01
Upper probs: 2.810e-03, Lower probs: 0.000e+00
No. of non-dominant refs: 99696, Survival refs: 99682, Failure refs: 14
Batch update: 48 refs added, 0 existing refs removed (0 new refs dominated)
Survival: 48 refs added, 0 removed (from 48 candidates)
Updated sys_vals: [0, 1]
---
Round: 2079, Unk. prob.: 9.976e-01
Upper probs: 2.390e-03, Lower probs: 0.000e+00
No. of non-dominant refs: 99744, Survival refs: 99730, Failure refs: 14
Batch update: 48 refs added, 0 existing refs removed (0 new refs dominated)
Survival: 48 refs added, 0 removed (from 48 candidates)
Updated sys_vals: [0, 1]
---
Round: 2080, Unk. prob.: 9.975e-01
Upper probs: 2.520e-03, Lower probs: 0.000e+00
No. of non-dominant refs: 99792, Survival refs: 99778, Failure refs: 14
Batch update: 48 refs added, 0 existing refs removed (0 new refs dominated)
Survival: 48 refs added, 0 removed (from 48 candidates)
Updated sys_vals: [0, 1]
---
Round: 2081, Unk. prob.: 9.973e-01
Upper probs: 2.650e-03, Lower probs: 0.000e+00
No. of non-dominant refs: 99840, Survival refs: 99826, Failure refs: 14
Batch update: 48 refs added, 0 existing refs removed (0 new refs dominated)
Survival: 48 refs added, 0 removed (from 48 candidates)
Updated sys_vals: [0, 1]
---
Round: 2082, Unk. prob.: 9.974e-01
Upper probs: 2.600e-03, Lower probs: 0.000e+00
No. of non-dominant refs: 99888, Survival refs: 99874, Failure refs: 14
Batch update: 48 refs added, 0 existing refs removed (0 new refs dominated)
Survival: 48 refs added, 0 removed (from 48 candidates)
Updated sys_vals: [0, 1]
---
Round: 2083, Unk. prob.: 9.974e-01
Upper probs: 2.630e-03, Lower probs: 0.000e+00
No. of non-dominant refs: 99936, Survival refs: 99922, Failure refs: 14
Batch update: 48 refs added, 0 existing refs removed (0 new refs dominated)
Survival: 48 refs added, 0 removed (from 48 candidates)
Updated sys_vals: [0, 1]
---
Round: 2084, Unk. prob.: 9.975e-01
Upper probs: 2.500e-03, Lower probs: 0.000e+00
No. of non-dominant refs: 99984, Survival refs: 99970, Failure refs: 14
Batch update: 48 refs added, 0 existing refs removed (0 new refs dominated)
Survival: 48 refs added, 0 removed (from 48 candidates)
Updated sys_vals: [0, 1]
Reached max_refs (100000): 100018 upper + 14 lower. Terminating.
---
[Final results] Probs: 'upper':  2.539e-03, 'lower':  0.000e+00, 'unkn':  9.975e-01

================================================================
RESULTS
================================================================
  Runtime:            55788.7s   (100018 survival rules, 14 failure rules)
  P(blackout):        0.000e+00   (bounds: [0.000e+00, 9.975e-01], gap 1.0e+00)
  P(survival):        0.0025
  Reference (paper):  p_f ~ 1.0e-04

  14 minimal cut-sets (failure modes).
  Single points of failure: none
  Smallest failure modes:
    - {vbus5≤0, vbus38≤0, vbus119≤1, vbus138≤1, vbus141≤1, vbus146≤1, vbus152≤1, vbus153≤2, vbus156≤1, vbus165≤0, vbus170≤2, vbus171≤2, vbus187≤1, vbus190≤2, vbus191≤0, vbus221≤1, vbus222≤2, vbus227≤1, vbus241≤1, vbus7130≤1, vbus7139≤1}
    - {vbus14≤0, vbus84≤1, vbus92≤1, vbus100≤0, vbus119≤0, vbus124≤2, vbus130≤0, vbus141≤2, vbus146≤2, vbus152≤1, vbus186≤2, vbus190≤2, vbus191≤1, vbus213≤2, vbus222≤0, vbus233≤1, vbus236≤0, vbus241≤1, vbus242≤1, vbus528≤0, vbus7001≤1, vbus7166≤1, br258≤0}
    - {vbus63≤2, vbus84≤1, vbus119≤1, vbus124≤1, vbus141≤1, vbus170≤1, vbus186≤1, vbus187≤0, vbus190≤1, vbus191≤0, vbus198≤1, vbus222≤1, vbus233≤1, vbus236≤1, vbus7001≤2, vbus7023≤1, vbus7024≤1, vbus7057≤1, vbus7130≤2, vbus9052≤0, br150≤0, br208≤0, br394≤0}
    - {vbus26≤0, vbus27≤0, vbus44≤0, vbus92≤1, vbus119≤0, vbus138≤2, vbus146≤2, vbus152≤2, vbus156≤2, vbus166≤0, vbus171≤2, vbus186≤0, vbus187≤1, vbus190≤1, vbus191≤1, vbus198≤2, vbus213≤2, vbus220≤2, vbus221≤2, vbus222≤2, vbus230≤1, vbus233≤2, vbus239≤1, vbus241≤2, vbus7002≤1, vbus7003≤2, vbus7024≤1, vbus7130≤1}
    - {vbus20≤2, vbus21≤0, vbus84≤1, vbus86≤0, vbus119≤1, vbus125≤1, vbus147≤1, vbus152≤2, vbus153≤0, vbus156≤2, vbus185≤2, vbus186≤2, vbus187≤1, vbus190≤1, vbus191≤1, vbus220≤2, vbus221≤2, vbus233≤2, vbus236≤1, vbus241≤0, vbus7003≤2, vbus7017≤2, vbus7071≤1, vbus7130≤0, vbus7139≤1, vbus7166≤2, vbus9003≤0, br17≤0, br387≤0}
    - {vbus20≤2, vbus63≤2, vbus92≤1, vbus98≤1, vbus108≤2, vbus119≤1, vbus127≤0, vbus133≤0, vbus141≤2, vbus143≤2, vbus171≤2, vbus190≤2, vbus191≤1, vbus213≤1, vbus220≤2, vbus227≤1, vbus233≤1, vbus236≤1, vbus238≤0, vbus246≤0, vbus7001≤2, vbus7017≤2, vbus7024≤1, vbus7057≤1, vbus7061≤2, vbus7062≤1, vbus7071≤2, vbus7139≤1, br233≤0, br394≤0, br400≤0}
    - {vbus39≤0, vbus63≤1, vbus76≤1, vbus119≤0, vbus124≤1, vbus138≤1, vbus141≤2, vbus143≤1, vbus152≤1, vbus156≤1, vbus165≤0, vbus176≤2, vbus177≤2, vbus185≤1, vbus186≤1, vbus187≤0, vbus190≤1, vbus191≤1, vbus213≤1, vbus220≤2, vbus222≤1, vbus227≤2, vbus233≤1, vbus236≤2, vbus319≤0, vbus7001≤2, vbus7003≤1, vbus7012≤2, vbus7055≤1, vbus7057≤1, vbus7062≤1, br282≤0}
    - {vbus63≤2, vbus84≤2, vbus119≤0, vbus124≤2, vbus141≤2, vbus147≤1, vbus149≤1, vbus152≤1, vbus153≤2, vbus165≤0, vbus171≤2, vbus176≤1, vbus185≤2, vbus186≤1, vbus187≤1, vbus191≤2, vbus213≤1, vbus220≤2, vbus221≤2, vbus222≤1, vbus238≤1, vbus239≤0, vbus7001≤2, vbus7002≤1, vbus7003≤1, vbus7012≤1, vbus7017≤2, vbus7023≤1, vbus7039≤1, vbus7130≤1, vbus7139≤1, br264≤0, br306≤0}

  Most critical components:
    vbus191  in 14 cut-sets (min size 21)
    vbus119  in 13 cut-sets (min size 21)
    vbus152  in 11 cut-sets (min size 21)
    vbus190  in 11 cut-sets (min size 21)
    vbus141  in 10 cut-sets (min size 21)
    vbus7130 in 10 cut-sets (min size 21)
    vbus171  in  9 cut-sets (min size 21)
    vbus187  in  9 cut-sets (min size 21)

  Saved: /scratch/n74/hxr547/rsr/demos/ieee300_blackout/out_nci/reliability.json
         /scratch/n74/hxr547/rsr/demos/ieee300_blackout/out_nci/critical_components.csv
         refs_up_1.json / refs_low_0.json (rule sets)
