================================================================
RSR demo — IEEE 118-bus DC-OPF blackout reliability
================================================================
  Resources:   GPUs=cuda:0,cuda:1  CPU workers=48  (visible: 2 GPU, 24 CPU)
  Dataset:     /scratch/n74/hxr547/rsr/demos/ieee118_blackout/../../../network-datasets/datasets/ieee118/v1
  Components:  304 (54 generator buses, 64 ordinary buses, 186 branches)
  Max states:  4   Device: cuda:0
  Threshold:   13.8% blackout → system failure
DC-OPF sfun ready: 118 buses, 54 generators, 186 branches
  All operational: blackout=  0.00%  sys_st=1
  All failed:      blackout=100.00%  sys_st=0

Extracting survival / failure rules (unknown gap < 1e-06 [abs])...

Parallel mode: 48 CPU workers for sfun + minimization
Multi-GPU mode: sampling across ['cuda:0', 'cuda:1']
---
Round: 1, Unk. prob.: 1.000e+00
Upper probs: 0.000e+00, Lower probs: 0.000e+00
No. of non-dominant refs: 0, Survival refs: 0, Failure refs: 0
Batch update: 48 refs added, 0 existing refs removed (0 new refs dominated)
Survival: 48 refs added, 0 removed (from 48 candidates)
Coverage-aware round: 14526/100000 unclassified samples covered by 48 new refs
---
Round: 2, Unk. prob.: 1.000e+00
Upper probs: 0.000e+00, Lower probs: 0.000e+00
No. of non-dominant refs: 48, Survival refs: 48, Failure refs: 0
Batch update: 48 refs added, 0 existing refs removed (0 new refs dominated)
Survival: 48 refs added, 0 removed (from 48 candidates)
Coverage-aware round: 6062/85690 unclassified samples covered by 48 new refs
---
Round: 3, Unk. prob.: 8.569e-01
Upper probs: 1.431e-01, Lower probs: 0.000e+00
No. of non-dominant refs: 96, Survival refs: 96, Failure refs: 0
Batch update: 48 refs added, 0 existing refs removed (0 new refs dominated)
Survival: 48 refs added, 0 removed (from 48 candidates)
Coverage-aware round: 4120/79715 unclassified samples covered by 48 new refs
---
Round: 4, Unk. prob.: 7.972e-01
Upper probs: 2.029e-01, Lower probs: 0.000e+00
No. of non-dominant refs: 144, Survival refs: 144, Failure refs: 0
Batch update: 48 refs added, 0 existing refs removed (0 new refs dominated)
Survival: 48 refs added, 0 removed (from 48 candidates)
Coverage-aware round: 3212/75482 unclassified samples covered by 48 new refs
---
Round: 5, Unk. prob.: 7.548e-01
Upper probs: 2.452e-01, Lower probs: 0.000e+00
No. of non-dominant refs: 192, Survival refs: 192, Failure refs: 0
Batch update: 48 refs added, 0 existing refs removed (0 new refs dominated)
Survival: 48 refs added, 0 removed (from 48 candidates)
Coverage-aware round: 3013/72410 unclassified samples covered by 48 new refs
---
Round: 6, Unk. prob.: 7.241e-01
Upper probs: 2.759e-01, Lower probs: 0.000e+00
No. of non-dominant refs: 240, Survival refs: 240, Failure refs: 0
Batch update: 48 refs added, 0 existing refs removed (0 new refs dominated)
Survival: 48 refs added, 0 removed (from 48 candidates)
Coverage-aware round: 2916/69799 unclassified samples covered by 48 new refs
---
Round: 7, Unk. prob.: 6.980e-01
Upper probs: 3.020e-01, Lower probs: 0.000e+00
No. of non-dominant refs: 288, Survival refs: 288, Failure refs: 0
Batch update: 48 refs added, 0 existing refs removed (0 new refs dominated)
Survival: 48 refs added, 0 removed (from 48 candidates)
Coverage-aware round: 2309/66696 unclassified samples covered by 48 new refs
---
Round: 8, Unk. prob.: 6.670e-01
Upper probs: 3.330e-01, Lower probs: 0.000e+00
No. of non-dominant refs: 336, Survival refs: 336, Failure refs: 0
Batch update: 48 refs added, 0 existing refs removed (0 new refs dominated)
Survival: 48 refs added, 0 removed (from 48 candidates)
Coverage-aware round: 1864/64702 unclassified samples covered by 48 new refs
---
Round: 9, Unk. prob.: 6.470e-01
Upper probs: 3.530e-01, Lower probs: 0.000e+00
No. of non-dominant refs: 384, Survival refs: 384, Failure refs: 0
Batch update: 48 refs added, 0 existing refs removed (0 new refs dominated)
Survival: 48 refs added, 0 removed (from 48 candidates)
Coverage-aware round: 1979/62877 unclassified samples covered by 48 new refs
---
Round: 10, Unk. prob.: 6.288e-01
Upper probs: 3.712e-01, Lower probs: 0.000e+00
No. of non-dominant refs: 432, Survival refs: 432, Failure refs: 0
Batch update: 48 refs added, 0 existing refs removed (0 new refs dominated)
Survival: 48 refs added, 0 removed (from 48 candidates)
Coverage-aware round: 2095/60865 unclassified samples covered by 48 new refs
---
Round: 11, Unk. prob.: 6.087e-01
Upper probs: 3.913e-01, Lower probs: 0.000e+00
No. of non-dominant refs: 480, Survival refs: 480, Failure refs: 0
Batch update: 48 refs added, 0 existing refs removed (0 new refs dominated)
Survival: 48 refs added, 0 removed (from 48 candidates)
Coverage-aware round: 1109/58860 unclassified samples covered by 48 new refs
---
Round: 12, Unk. prob.: 5.886e-01
Upper probs: 4.114e-01, Lower probs: 0.000e+00
No. of non-dominant refs: 528, Survival refs: 528, Failure refs: 0
Batch update: 48 refs added, 0 existing refs removed (0 new refs dominated)
Survival: 48 refs added, 0 removed (from 48 candidates)
Coverage-aware round: 1042/57902 unclassified samples covered by 48 new refs
---
Round: 13, Unk. prob.: 5.790e-01
Upper probs: 4.210e-01, Lower probs: 0.000e+00
No. of non-dominant refs: 576, Survival refs: 576, Failure refs: 0
Batch update: 48 refs added, 0 existing refs removed (0 new refs dominated)
Survival: 48 refs added, 0 removed (from 48 candidates)
Coverage-aware round: 1031/57041 unclassified samples covered by 48 new refs
---
Round: 14, Unk. prob.: 5.704e-01
Upper probs: 4.296e-01, Lower probs: 0.000e+00
No. of non-dominant refs: 624, Survival refs: 624, Failure refs: 0
Batch update: 48 refs added, 0 existing refs removed (0 new refs dominated)
Survival: 48 refs added, 0 removed (from 48 candidates)
Coverage-aware round: 1208/56021 unclassified samples covered by 48 new refs
---
Round: 15, Unk. prob.: 5.602e-01
Upper probs: 4.398e-01, Lower probs: 0.000e+00
No. of non-dominant refs: 672, Survival refs: 672, Failure refs: 0
Batch update: 48 refs added, 0 existing refs removed (0 new refs dominated)
Survival: 48 refs added, 0 removed (from 48 candidates)
Batch update: 2 refs added, 0 existing refs removed (0 new refs dominated)
Failure: 2 refs added, 0 removed (from 2 candidates)
Coverage-aware round: 1279/54895 unclassified samples covered by 50 new refs
---
Round: 16, Unk. prob.: 5.490e-01
Upper probs: 4.511e-01, Lower probs: 0.000e+00
No. of non-dominant refs: 722, Survival refs: 720, Failure refs: 2
Batch update: 48 refs added, 0 existing refs removed (0 new refs dominated)
Survival: 48 refs added, 0 removed (from 48 candidates)
Coverage-aware round: 806/53593 unclassified samples covered by 48 new refs
---
Round: 17, Unk. prob.: 5.359e-01
Upper probs: 4.641e-01, Lower probs: 0.000e+00
No. of non-dominant refs: 770, Survival refs: 768, Failure refs: 2
Batch update: 48 refs added, 0 existing refs removed (0 new refs dominated)
Survival: 48 refs added, 0 removed (from 48 candidates)
Coverage-aware round: 823/52866 unclassified samples covered by 48 new refs
---
Round: 18, Unk. prob.: 5.287e-01
Upper probs: 4.713e-01, Lower probs: 0.000e+00
No. of non-dominant refs: 818, Survival refs: 816, Failure refs: 2
Batch update: 48 refs added, 0 existing refs removed (0 new refs dominated)
Survival: 48 refs added, 0 removed (from 48 candidates)
Coverage-aware round: 831/51948 unclassified samples covered by 48 new refs
---
Round: 19, Unk. prob.: 5.195e-01
Upper probs: 4.805e-01, Lower probs: 0.000e+00
No. of non-dominant refs: 866, Survival refs: 864, Failure refs: 2
Batch update: 48 refs added, 0 existing refs removed (0 new refs dominated)
Survival: 48 refs added, 0 removed (from 48 candidates)
Coverage-aware round: 636/51239 unclassified samples covered by 48 new refs
---
Round: 20, Unk. prob.: 5.124e-01
Upper probs: 4.876e-01, Lower probs: 0.000e+00
No. of non-dominant refs: 914, Survival refs: 912, Failure refs: 2
Batch update: 48 refs added, 0 existing refs removed (0 new refs dominated)
Survival: 48 refs added, 0 removed (from 48 candidates)
Coverage-aware round: 741/50973 unclassified samples covered by 48 new refs
---
Round: 21, Unk. prob.: 5.097e-01
Upper probs: 4.903e-01, Lower probs: 0.000e+00
No. of non-dominant refs: 962, Survival refs: 960, Failure refs: 2
Batch update: 48 refs added, 0 existing refs removed (0 new refs dominated)
Survival: 48 refs added, 0 removed (from 48 candidates)
Coverage-aware round: 944/50126 unclassified samples covered by 48 new refs
---
Round: 22, Unk. prob.: 5.013e-01
Upper probs: 4.987e-01, Lower probs: 0.000e+00
No. of non-dominant refs: 1010, Survival refs: 1008, Failure refs: 2
Batch update: 48 refs added, 0 existing refs removed (0 new refs dominated)
Survival: 48 refs added, 0 removed (from 48 candidates)
Coverage-aware round: 765/49433 unclassified samples covered by 48 new refs
---
Round: 23, Unk. prob.: 4.943e-01
Upper probs: 5.057e-01, Lower probs: 0.000e+00
No. of non-dominant refs: 1058, Survival refs: 1056, Failure refs: 2
Batch update: 48 refs added, 0 existing refs removed (0 new refs dominated)
Survival: 48 refs added, 0 removed (from 48 candidates)
Coverage-aware round: 647/48922 unclassified samples covered by 48 new refs
---
Round: 24, Unk. prob.: 4.892e-01
Upper probs: 5.108e-01, Lower probs: 0.000e+00
No. of non-dominant refs: 1106, Survival refs: 1104, Failure refs: 2
Batch update: 48 refs added, 0 existing refs removed (0 new refs dominated)
Survival: 48 refs added, 0 removed (from 48 candidates)
Coverage-aware round: 616/48291 unclassified samples covered by 48 new refs
---
Round: 25, Unk. prob.: 4.829e-01
Upper probs: 5.171e-01, Lower probs: 0.000e+00
No. of non-dominant refs: 1154, Survival refs: 1152, Failure refs: 2
Batch update: 48 refs added, 0 existing refs removed (0 new refs dominated)
Survival: 48 refs added, 0 removed (from 48 candidates)
Coverage-aware round: 559/48046 unclassified samples covered by 48 new refs
---
Round: 26, Unk. prob.: 4.805e-01
Upper probs: 5.195e-01, Lower probs: 0.000e+00
No. of non-dominant refs: 1202, Survival refs: 1200, Failure refs: 2
Batch update: 48 refs added, 0 existing refs removed (0 new refs dominated)
Survival: 48 refs added, 0 removed (from 48 candidates)
Coverage-aware round: 799/47309 unclassified samples covered by 48 new refs
---
Round: 27, Unk. prob.: 4.731e-01
Upper probs: 5.269e-01, Lower probs: 0.000e+00
No. of non-dominant refs: 1250, Survival refs: 1248, Failure refs: 2
Batch update: 48 refs added, 0 existing refs removed (0 new refs dominated)
Survival: 48 refs added, 0 removed (from 48 candidates)
Coverage-aware round: 523/46678 unclassified samples covered by 48 new refs
---
Round: 28, Unk. prob.: 4.668e-01
Upper probs: 5.332e-01, Lower probs: 0.000e+00
No. of non-dominant refs: 1298, Survival refs: 1296, Failure refs: 2
Batch update: 48 refs added, 0 existing refs removed (0 new refs dominated)
Survival: 48 refs added, 0 removed (from 48 candidates)
Batch update: 3 refs added, 0 existing refs removed (0 new refs dominated)
Failure: 3 refs added, 0 removed (from 3 candidates)
Coverage-aware round: 642/46049 unclassified samples covered by 51 new refs
---
Round: 29, Unk. prob.: 4.605e-01
Upper probs: 5.395e-01, Lower probs: 0.000e+00
No. of non-dominant refs: 1349, Survival refs: 1344, Failure refs: 5
Batch update: 48 refs added, 0 existing refs removed (0 new refs dominated)
Survival: 48 refs added, 0 removed (from 48 candidates)
Coverage-aware round: 661/45613 unclassified samples covered by 48 new refs
---
Round: 30, Unk. prob.: 4.561e-01
Upper probs: 5.439e-01, Lower probs: 0.000e+00
No. of non-dominant refs: 1397, Survival refs: 1392, Failure refs: 5
Batch update: 48 refs added, 0 existing refs removed (0 new refs dominated)
Survival: 48 refs added, 0 removed (from 48 candidates)
Coverage-aware round: 446/44806 unclassified samples covered by 48 new refs
---
Round: 31, Unk. prob.: 4.481e-01
Upper probs: 5.519e-01, Lower probs: 0.000e+00
No. of non-dominant refs: 1445, Survival refs: 1440, Failure refs: 5
Batch update: 48 refs added, 0 existing refs removed (0 new refs dominated)
Survival: 48 refs added, 0 removed (from 48 candidates)
Coverage-aware round: 614/44532 unclassified samples covered by 48 new refs
---
Round: 32, Unk. prob.: 4.453e-01
Upper probs: 5.547e-01, Lower probs: 0.000e+00
No. of non-dominant refs: 1493, Survival refs: 1488, Failure refs: 5
Batch update: 48 refs added, 0 existing refs removed (0 new refs dominated)
Survival: 48 refs added, 0 removed (from 48 candidates)
Coverage-aware round: 553/43964 unclassified samples covered by 48 new refs
---
Round: 33, Unk. prob.: 4.396e-01
Upper probs: 5.604e-01, Lower probs: 0.000e+00
No. of non-dominant refs: 1541, Survival refs: 1536, Failure refs: 5
Batch update: 48 refs added, 0 existing refs removed (0 new refs dominated)
Survival: 48 refs added, 0 removed (from 48 candidates)
Coverage-aware round: 429/43873 unclassified samples covered by 48 new refs
---
Round: 34, Unk. prob.: 4.387e-01
Upper probs: 5.613e-01, Lower probs: 0.000e+00
No. of non-dominant refs: 1589, Survival refs: 1584, Failure refs: 5
Batch update: 48 refs added, 0 existing refs removed (0 new refs dominated)
Survival: 48 refs added, 0 removed (from 48 candidates)
Coverage-aware round: 569/43661 unclassified samples covered by 48 new refs
---
Round: 35, Unk. prob.: 4.366e-01
Upper probs: 5.634e-01, Lower probs: 0.000e+00
No. of non-dominant refs: 1637, Survival refs: 1632, Failure refs: 5
Batch update: 48 refs added, 0 existing refs removed (0 new refs dominated)
Survival: 48 refs added, 0 removed (from 48 candidates)
Coverage-aware round: 474/42954 unclassified samples covered by 48 new refs
---
Round: 36, Unk. prob.: 4.295e-01
Upper probs: 5.705e-01, Lower probs: 0.000e+00
No. of non-dominant refs: 1685, Survival refs: 1680, Failure refs: 5
Batch update: 48 refs added, 0 existing refs removed (0 new refs dominated)
Survival: 48 refs added, 0 removed (from 48 candidates)
Coverage-aware round: 402/42417 unclassified samples covered by 48 new refs
---
Round: 37, Unk. prob.: 4.242e-01
Upper probs: 5.758e-01, Lower probs: 0.000e+00
No. of non-dominant refs: 1733, Survival refs: 1728, Failure refs: 5
Batch update: 48 refs added, 0 existing refs removed (0 new refs dominated)
Survival: 48 refs added, 0 removed (from 48 candidates)
Coverage-aware round: 581/42200 unclassified samples covered by 48 new refs
---
Round: 38, Unk. prob.: 4.220e-01
Upper probs: 5.780e-01, Lower probs: 0.000e+00
No. of non-dominant refs: 1781, Survival refs: 1776, Failure refs: 5
Batch update: 48 refs added, 0 existing refs removed (0 new refs dominated)
Survival: 48 refs added, 0 removed (from 48 candidates)
Coverage-aware round: 473/41887 unclassified samples covered by 48 new refs
---
Round: 39, Unk. prob.: 4.189e-01
Upper probs: 5.811e-01, Lower probs: 0.000e+00
No. of non-dominant refs: 1829, Survival refs: 1824, Failure refs: 5
Batch update: 48 refs added, 0 existing refs removed (0 new refs dominated)
Survival: 48 refs added, 0 removed (from 48 candidates)
Coverage-aware round: 431/41455 unclassified samples covered by 48 new refs
---
Round: 40, Unk. prob.: 4.145e-01
Upper probs: 5.855e-01, Lower probs: 0.000e+00
No. of non-dominant refs: 1877, Survival refs: 1872, Failure refs: 5
Batch update: 48 refs added, 0 existing refs removed (0 new refs dominated)
Survival: 48 refs added, 0 removed (from 48 candidates)
Coverage-aware round: 442/40782 unclassified samples covered by 48 new refs
---
Round: 41, Unk. prob.: 4.078e-01
Upper probs: 5.922e-01, Lower probs: 0.000e+00
No. of non-dominant refs: 1925, Survival refs: 1920, Failure refs: 5
Batch update: 48 refs added, 0 existing refs removed (0 new refs dominated)
Survival: 48 refs added, 0 removed (from 48 candidates)
Coverage-aware round: 328/40496 unclassified samples covered by 48 new refs
---
Round: 42, Unk. prob.: 4.050e-01
Upper probs: 5.950e-01, Lower probs: 0.000e+00
No. of non-dominant refs: 1973, Survival refs: 1968, Failure refs: 5
Batch update: 48 refs added, 0 existing refs removed (0 new refs dominated)
Survival: 48 refs added, 0 removed (from 48 candidates)
Coverage-aware round: 434/40206 unclassified samples covered by 48 new refs
---
Round: 43, Unk. prob.: 4.021e-01
Upper probs: 5.979e-01, Lower probs: 0.000e+00
No. of non-dominant refs: 2021, Survival refs: 2016, Failure refs: 5
Batch update: 48 refs added, 0 existing refs removed (0 new refs dominated)
Survival: 48 refs added, 0 removed (from 48 candidates)
Coverage-aware round: 404/39756 unclassified samples covered by 48 new refs
---
Round: 44, Unk. prob.: 3.976e-01
Upper probs: 6.024e-01, Lower probs: 0.000e+00
No. of non-dominant refs: 2069, Survival refs: 2064, Failure refs: 5
Batch update: 48 refs added, 0 existing refs removed (0 new refs dominated)
Survival: 48 refs added, 0 removed (from 48 candidates)
Coverage-aware round: 297/39817 unclassified samples covered by 48 new refs
---
Round: 45, Unk. prob.: 3.982e-01
Upper probs: 6.018e-01, Lower probs: 0.000e+00
No. of non-dominant refs: 2117, Survival refs: 2112, Failure refs: 5
Batch update: 48 refs added, 0 existing refs removed (0 new refs dominated)
Survival: 48 refs added, 0 removed (from 48 candidates)
Batch update: 1 refs added, 0 existing refs removed (0 new refs dominated)
Failure: 1 refs added, 0 removed (from 1 candidates)
Coverage-aware round: 349/39284 unclassified samples covered by 49 new refs
---
Round: 46, Unk. prob.: 3.928e-01
Upper probs: 6.072e-01, Lower probs: 0.000e+00
No. of non-dominant refs: 2166, Survival refs: 2160, Failure refs: 6
Batch update: 48 refs added, 0 existing refs removed (0 new refs dominated)
Survival: 48 refs added, 0 removed (from 48 candidates)
Coverage-aware round: 293/39245 unclassified samples covered by 48 new refs
---
Round: 47, Unk. prob.: 3.925e-01
Upper probs: 6.076e-01, Lower probs: 0.000e+00
No. of non-dominant refs: 2214, Survival refs: 2208, Failure refs: 6
Batch update: 48 refs added, 0 existing refs removed (0 new refs dominated)
Survival: 48 refs added, 0 removed (from 48 candidates)
Coverage-aware round: 351/39287 unclassified samples covered by 48 new refs
---
Round: 48, Unk. prob.: 3.929e-01
Upper probs: 6.071e-01, Lower probs: 0.000e+00
No. of non-dominant refs: 2262, Survival refs: 2256, Failure refs: 6
Batch update: 48 refs added, 0 existing refs removed (0 new refs dominated)
Survival: 48 refs added, 0 removed (from 48 candidates)
Coverage-aware round: 399/38672 unclassified samples covered by 48 new refs
---
Round: 49, Unk. prob.: 3.867e-01
Upper probs: 6.133e-01, Lower probs: 0.000e+00
No. of non-dominant refs: 2310, Survival refs: 2304, Failure refs: 6
Batch update: 48 refs added, 0 existing refs removed (0 new refs dominated)
Survival: 48 refs added, 0 removed (from 48 candidates)
Coverage-aware round: 386/38346 unclassified samples covered by 48 new refs
---
Round: 50, Unk. prob.: 3.835e-01
Upper probs: 6.165e-01, Lower probs: 0.000e+00
No. of non-dominant refs: 2358, Survival refs: 2352, Failure refs: 6
Batch update: 48 refs added, 0 existing refs removed (0 new refs dominated)
Survival: 48 refs added, 0 removed (from 48 candidates)
Coverage-aware round: 342/38178 unclassified samples covered by 48 new refs
---
Round: 51, Unk. prob.: 3.818e-01
Upper probs: 6.182e-01, Lower probs: 0.000e+00
No. of non-dominant refs: 2406, Survival refs: 2400, Failure refs: 6
Batch update: 48 refs added, 0 existing refs removed (0 new refs dominated)
Survival: 48 refs added, 0 removed (from 48 candidates)
Coverage-aware round: 278/37922 unclassified samples covered by 48 new refs
---
Round: 52, Unk. prob.: 3.792e-01
Upper probs: 6.208e-01, Lower probs: 0.000e+00
No. of non-dominant refs: 2454, Survival refs: 2448, Failure refs: 6
Batch update: 48 refs added, 0 existing refs removed (0 new refs dominated)
Survival: 48 refs added, 0 removed (from 48 candidates)
Batch update: 2 refs added, 0 existing refs removed (0 new refs dominated)
Failure: 2 refs added, 0 removed (from 2 candidates)
Coverage-aware round: 352/37826 unclassified samples covered by 50 new refs
---
Round: 53, Unk. prob.: 3.783e-01
Upper probs: 6.217e-01, Lower probs: 0.000e+00
No. of non-dominant refs: 2504, Survival refs: 2496, Failure refs: 8
Batch update: 48 refs added, 0 existing refs removed (0 new refs dominated)
Survival: 48 refs added, 0 removed (from 48 candidates)
Batch update: 3 refs added, 0 existing refs removed (0 new refs dominated)
Failure: 3 refs added, 0 removed (from 3 candidates)
Coverage-aware round: 299/37560 unclassified samples covered by 51 new refs
---
Round: 54, Unk. prob.: 3.756e-01
Upper probs: 6.244e-01, Lower probs: 0.000e+00
No. of non-dominant refs: 2555, Survival refs: 2544, Failure refs: 11
Batch update: 48 refs added, 0 existing refs removed (0 new refs dominated)
Survival: 48 refs added, 0 removed (from 48 candidates)
Coverage-aware round: 282/37126 unclassified samples covered by 48 new refs
---
Round: 55, Unk. prob.: 3.713e-01
Upper probs: 6.287e-01, Lower probs: 0.000e+00
No. of non-dominant refs: 2603, Survival refs: 2592, Failure refs: 11
Batch update: 48 refs added, 0 existing refs removed (0 new refs dominated)
Survival: 48 refs added, 0 removed (from 48 candidates)
Coverage-aware round: 347/36945 unclassified samples covered by 48 new refs
---
Round: 56, Unk. prob.: 3.695e-01
Upper probs: 6.306e-01, Lower probs: 0.000e+00
No. of non-dominant refs: 2651, Survival refs: 2640, Failure refs: 11
Batch update: 48 refs added, 0 existing refs removed (0 new refs dominated)
Survival: 48 refs added, 0 removed (from 48 candidates)
Coverage-aware round: 320/36906 unclassified samples covered by 48 new refs
---
Round: 57, Unk. prob.: 3.691e-01
Upper probs: 6.309e-01, Lower probs: 0.000e+00
No. of non-dominant refs: 2699, Survival refs: 2688, Failure refs: 11
Batch update: 48 refs added, 0 existing refs removed (0 new refs dominated)
Survival: 48 refs added, 0 removed (from 48 candidates)
Coverage-aware round: 300/36710 unclassified samples covered by 48 new refs
---
Round: 58, Unk. prob.: 3.671e-01
Upper probs: 6.329e-01, Lower probs: 0.000e+00
No. of non-dominant refs: 2747, Survival refs: 2736, Failure refs: 11
Batch update: 48 refs added, 0 existing refs removed (0 new refs dominated)
Survival: 48 refs added, 0 removed (from 48 candidates)
Coverage-aware round: 282/36384 unclassified samples covered by 48 new refs
---
Round: 59, Unk. prob.: 3.638e-01
Upper probs: 6.362e-01, Lower probs: 0.000e+00
No. of non-dominant refs: 2795, Survival refs: 2784, Failure refs: 11
Batch update: 48 refs added, 0 existing refs removed (0 new refs dominated)
Survival: 48 refs added, 0 removed (from 48 candidates)
Coverage-aware round: 279/36327 unclassified samples covered by 48 new refs
---
Round: 60, Unk. prob.: 3.633e-01
Upper probs: 6.367e-01, Lower probs: 0.000e+00
No. of non-dominant refs: 2843, Survival refs: 2832, Failure refs: 11
Batch update: 48 refs added, 0 existing refs removed (0 new refs dominated)
Survival: 48 refs added, 0 removed (from 48 candidates)
Coverage-aware round: 296/35902 unclassified samples covered by 48 new refs
---
Round: 61, Unk. prob.: 3.590e-01
Upper probs: 6.410e-01, Lower probs: 0.000e+00
No. of non-dominant refs: 2891, Survival refs: 2880, Failure refs: 11
Batch update: 48 refs added, 0 existing refs removed (0 new refs dominated)
Survival: 48 refs added, 0 removed (from 48 candidates)
Coverage-aware round: 262/36056 unclassified samples covered by 48 new refs
---
Round: 62, Unk. prob.: 3.606e-01
Upper probs: 6.394e-01, Lower probs: 0.000e+00
No. of non-dominant refs: 2939, Survival refs: 2928, Failure refs: 11
Batch update: 48 refs added, 0 existing refs removed (0 new refs dominated)
Survival: 48 refs added, 0 removed (from 48 candidates)
Coverage-aware round: 289/35748 unclassified samples covered by 48 new refs
---
Round: 63, Unk. prob.: 3.575e-01
Upper probs: 6.425e-01, Lower probs: 0.000e+00
No. of non-dominant refs: 2987, Survival refs: 2976, Failure refs: 11
Batch update: 48 refs added, 0 existing refs removed (0 new refs dominated)
Survival: 48 refs added, 0 removed (from 48 candidates)
Coverage-aware round: 347/35596 unclassified samples covered by 48 new refs
---
Round: 64, Unk. prob.: 3.560e-01
Upper probs: 6.440e-01, Lower probs: 0.000e+00
No. of non-dominant refs: 3035, Survival refs: 3024, Failure refs: 11
Batch update: 48 refs added, 0 existing refs removed (0 new refs dominated)
Survival: 48 refs added, 0 removed (from 48 candidates)
Coverage-aware round: 220/35378 unclassified samples covered by 48 new refs
---
Round: 65, Unk. prob.: 3.538e-01
Upper probs: 6.462e-01, Lower probs: 0.000e+00
No. of non-dominant refs: 3083, Survival refs: 3072, Failure refs: 11
Batch update: 48 refs added, 0 existing refs removed (0 new refs dominated)
Survival: 48 refs added, 0 removed (from 48 candidates)
Coverage-aware round: 273/35036 unclassified samples covered by 48 new refs
---
Round: 66, Unk. prob.: 3.504e-01
Upper probs: 6.496e-01, Lower probs: 0.000e+00
No. of non-dominant refs: 3131, Survival refs: 3120, Failure refs: 11
Batch update: 48 refs added, 0 existing refs removed (0 new refs dominated)
Survival: 48 refs added, 0 removed (from 48 candidates)
Coverage-aware round: 238/34647 unclassified samples covered by 48 new refs
---
Round: 67, Unk. prob.: 3.465e-01
Upper probs: 6.535e-01, Lower probs: 0.000e+00
No. of non-dominant refs: 3179, Survival refs: 3168, Failure refs: 11
Batch update: 48 refs added, 0 existing refs removed (0 new refs dominated)
Survival: 48 refs added, 0 removed (from 48 candidates)
Coverage-aware round: 263/35131 unclassified samples covered by 48 new refs
---
Round: 68, Unk. prob.: 3.513e-01
Upper probs: 6.487e-01, Lower probs: 0.000e+00
No. of non-dominant refs: 3227, Survival refs: 3216, Failure refs: 11
Batch update: 48 refs added, 0 existing refs removed (0 new refs dominated)
Survival: 48 refs added, 0 removed (from 48 candidates)
Coverage-aware round: 261/34476 unclassified samples covered by 48 new refs
---
Round: 69, Unk. prob.: 3.448e-01
Upper probs: 6.552e-01, Lower probs: 0.000e+00
No. of non-dominant refs: 3275, Survival refs: 3264, Failure refs: 11
Batch update: 48 refs added, 0 existing refs removed (0 new refs dominated)
Survival: 48 refs added, 0 removed (from 48 candidates)
Coverage-aware round: 236/34345 unclassified samples covered by 48 new refs
---
Round: 70, Unk. prob.: 3.434e-01
Upper probs: 6.565e-01, Lower probs: 0.000e+00
No. of non-dominant refs: 3323, Survival refs: 3312, Failure refs: 11
Batch update: 48 refs added, 0 existing refs removed (0 new refs dominated)
Survival: 48 refs added, 0 removed (from 48 candidates)
Coverage-aware round: 279/34380 unclassified samples covered by 48 new refs
---
Round: 71, Unk. prob.: 3.438e-01
Upper probs: 6.562e-01, Lower probs: 0.000e+00
No. of non-dominant refs: 3371, Survival refs: 3360, Failure refs: 11
Batch update: 48 refs added, 0 existing refs removed (0 new refs dominated)
Survival: 48 refs added, 0 removed (from 48 candidates)
Coverage-aware round: 276/34090 unclassified samples covered by 48 new refs
---
Round: 72, Unk. prob.: 3.409e-01
Upper probs: 6.591e-01, Lower probs: 0.000e+00
No. of non-dominant refs: 3419, Survival refs: 3408, Failure refs: 11
Batch update: 48 refs added, 0 existing refs removed (0 new refs dominated)
Survival: 48 refs added, 0 removed (from 48 candidates)
Coverage-aware round: 207/33926 unclassified samples covered by 48 new refs
---
Round: 73, Unk. prob.: 3.393e-01
Upper probs: 6.607e-01, Lower probs: 0.000e+00
No. of non-dominant refs: 3467, Survival refs: 3456, Failure refs: 11
Batch update: 48 refs added, 0 existing refs removed (0 new refs dominated)
Survival: 48 refs added, 0 removed (from 48 candidates)
Coverage-aware round: 210/33737 unclassified samples covered by 48 new refs
---
Round: 74, Unk. prob.: 3.374e-01
Upper probs: 6.626e-01, Lower probs: 0.000e+00
No. of non-dominant refs: 3515, Survival refs: 3504, Failure refs: 11
Batch update: 48 refs added, 0 existing refs removed (0 new refs dominated)
Survival: 48 refs added, 0 removed (from 48 candidates)
Coverage-aware round: 245/33816 unclassified samples covered by 48 new refs
---
Round: 75, Unk. prob.: 3.382e-01
Upper probs: 6.618e-01, Lower probs: 0.000e+00
No. of non-dominant refs: 3563, Survival refs: 3552, Failure refs: 11
Batch update: 48 refs added, 0 existing refs removed (0 new refs dominated)
Survival: 48 refs added, 0 removed (from 48 candidates)
Coverage-aware round: 247/33717 unclassified samples covered by 48 new refs
---
Round: 76, Unk. prob.: 3.372e-01
Upper probs: 6.628e-01, Lower probs: 0.000e+00
No. of non-dominant refs: 3611, Survival refs: 3600, Failure refs: 11
Batch update: 48 refs added, 0 existing refs removed (0 new refs dominated)
Survival: 48 refs added, 0 removed (from 48 candidates)
Coverage-aware round: 222/33535 unclassified samples covered by 48 new refs
---
Round: 77, Unk. prob.: 3.353e-01
Upper probs: 6.646e-01, Lower probs: 0.000e+00
No. of non-dominant refs: 3659, Survival refs: 3648, Failure refs: 11
Batch update: 48 refs added, 0 existing refs removed (0 new refs dominated)
Survival: 48 refs added, 0 removed (from 48 candidates)
Coverage-aware round: 267/33271 unclassified samples covered by 48 new refs
---
Round: 78, Unk. prob.: 3.327e-01
Upper probs: 6.673e-01, Lower probs: 0.000e+00
No. of non-dominant refs: 3707, Survival refs: 3696, Failure refs: 11
Batch update: 48 refs added, 0 existing refs removed (0 new refs dominated)
Survival: 48 refs added, 0 removed (from 48 candidates)
Coverage-aware round: 180/33031 unclassified samples covered by 48 new refs
---
Round: 79, Unk. prob.: 3.303e-01
Upper probs: 6.697e-01, Lower probs: 0.000e+00
No. of non-dominant refs: 3755, Survival refs: 3744, Failure refs: 11
Batch update: 48 refs added, 0 existing refs removed (0 new refs dominated)
Survival: 48 refs added, 0 removed (from 48 candidates)
Coverage-aware round: 223/33353 unclassified samples covered by 48 new refs
---
Round: 80, Unk. prob.: 3.335e-01
Upper probs: 6.665e-01, Lower probs: 0.000e+00
No. of non-dominant refs: 3803, Survival refs: 3792, Failure refs: 11
Batch update: 48 refs added, 0 existing refs removed (0 new refs dominated)
Survival: 48 refs added, 0 removed (from 48 candidates)
Coverage-aware round: 207/32998 unclassified samples covered by 48 new refs
---
Round: 81, Unk. prob.: 3.300e-01
Upper probs: 6.700e-01, Lower probs: 0.000e+00
No. of non-dominant refs: 3851, Survival refs: 3840, Failure refs: 11
Batch update: 48 refs added, 0 existing refs removed (0 new refs dominated)
Survival: 48 refs added, 0 removed (from 48 candidates)
Coverage-aware round: 187/32826 unclassified samples covered by 48 new refs
---
Round: 82, Unk. prob.: 3.283e-01
Upper probs: 6.717e-01, Lower probs: 0.000e+00
No. of non-dominant refs: 3899, Survival refs: 3888, Failure refs: 11
Batch update: 48 refs added, 0 existing refs removed (0 new refs dominated)
Survival: 48 refs added, 0 removed (from 48 candidates)
Coverage-aware round: 187/32551 unclassified samples covered by 48 new refs
---
Round: 83, Unk. prob.: 3.255e-01
Upper probs: 6.745e-01, Lower probs: 0.000e+00
No. of non-dominant refs: 3947, Survival refs: 3936, Failure refs: 11
Batch update: 48 refs added, 0 existing refs removed (0 new refs dominated)
Survival: 48 refs added, 0 removed (from 48 candidates)
Coverage-aware round: 252/32653 unclassified samples covered by 48 new refs
---
Round: 84, Unk. prob.: 3.265e-01
Upper probs: 6.735e-01, Lower probs: 0.000e+00
No. of non-dominant refs: 3995, Survival refs: 3984, Failure refs: 11
Batch update: 48 refs added, 0 existing refs removed (0 new refs dominated)
Survival: 48 refs added, 0 removed (from 48 candidates)
Coverage-aware round: 267/32215 unclassified samples covered by 48 new refs
---
Round: 85, Unk. prob.: 3.221e-01
Upper probs: 6.778e-01, Lower probs: 0.000e+00
No. of non-dominant refs: 4043, Survival refs: 4032, Failure refs: 11
Batch update: 48 refs added, 0 existing refs removed (0 new refs dominated)
Survival: 48 refs added, 0 removed (from 48 candidates)
Coverage-aware round: 296/32463 unclassified samples covered by 48 new refs
---
Round: 86, Unk. prob.: 3.246e-01
Upper probs: 6.754e-01, Lower probs: 0.000e+00
No. of non-dominant refs: 4091, Survival refs: 4080, Failure refs: 11
Batch update: 48 refs added, 0 existing refs removed (0 new refs dominated)
Survival: 48 refs added, 0 removed (from 48 candidates)
Coverage-aware round: 200/32297 unclassified samples covered by 48 new refs
---
Round: 87, Unk. prob.: 3.230e-01
Upper probs: 6.770e-01, Lower probs: 0.000e+00
No. of non-dominant refs: 4139, Survival refs: 4128, Failure refs: 11
Batch update: 48 refs added, 0 existing refs removed (0 new refs dominated)
Survival: 48 refs added, 0 removed (from 48 candidates)
Coverage-aware round: 240/31741 unclassified samples covered by 48 new refs
---
Round: 88, Unk. prob.: 3.174e-01
Upper probs: 6.826e-01, Lower probs: 0.000e+00
No. of non-dominant refs: 4187, Survival refs: 4176, Failure refs: 11
Batch update: 48 refs added, 0 existing refs removed (0 new refs dominated)
Survival: 48 refs added, 0 removed (from 48 candidates)
Coverage-aware round: 224/31531 unclassified samples covered by 48 new refs
---
Round: 89, Unk. prob.: 3.153e-01
Upper probs: 6.847e-01, Lower probs: 0.000e+00
No. of non-dominant refs: 4235, Survival refs: 4224, Failure refs: 11
Batch update: 48 refs added, 0 existing refs removed (0 new refs dominated)
Survival: 48 refs added, 0 removed (from 48 candidates)
Coverage-aware round: 176/31789 unclassified samples covered by 48 new refs
---
Round: 90, Unk. prob.: 3.179e-01
Upper probs: 6.821e-01, Lower probs: 0.000e+00
No. of non-dominant refs: 4283, Survival refs: 4272, Failure refs: 11
Batch update: 48 refs added, 0 existing refs removed (0 new refs dominated)
Survival: 48 refs added, 0 removed (from 48 candidates)
Coverage-aware round: 183/31761 unclassified samples covered by 48 new refs
---
Round: 91, Unk. prob.: 3.176e-01
Upper probs: 6.824e-01, Lower probs: 1.000e-05
No. of non-dominant refs: 4331, Survival refs: 4320, Failure refs: 11
Batch update: 48 refs added, 0 existing refs removed (0 new refs dominated)
Survival: 48 refs added, 0 removed (from 48 candidates)
Coverage-aware round: 208/31796 unclassified samples covered by 48 new refs
---
Round: 92, Unk. prob.: 3.180e-01
Upper probs: 6.820e-01, Lower probs: 0.000e+00
No. of non-dominant refs: 4379, Survival refs: 4368, Failure refs: 11
Batch update: 48 refs added, 0 existing refs removed (0 new refs dominated)
Survival: 48 refs added, 0 removed (from 48 candidates)
Coverage-aware round: 181/31276 unclassified samples covered by 48 new refs
---
Round: 93, Unk. prob.: 3.128e-01
Upper probs: 6.872e-01, Lower probs: 0.000e+00
No. of non-dominant refs: 4427, Survival refs: 4416, Failure refs: 11
Batch update: 48 refs added, 0 existing refs removed (0 new refs dominated)
Survival: 48 refs added, 0 removed (from 48 candidates)
Coverage-aware round: 199/31475 unclassified samples covered by 48 new refs
---
Round: 94, Unk. prob.: 3.147e-01
Upper probs: 6.853e-01, Lower probs: 0.000e+00
No. of non-dominant refs: 4475, Survival refs: 4464, Failure refs: 11
Batch update: 48 refs added, 0 existing refs removed (0 new refs dominated)
Survival: 48 refs added, 0 removed (from 48 candidates)
Coverage-aware round: 199/31347 unclassified samples covered by 48 new refs
---
Round: 95, Unk. prob.: 3.135e-01
Upper probs: 6.865e-01, Lower probs: 0.000e+00
No. of non-dominant refs: 4523, Survival refs: 4512, Failure refs: 11
Batch update: 48 refs added, 0 existing refs removed (0 new refs dominated)
Survival: 48 refs added, 0 removed (from 48 candidates)
Coverage-aware round: 249/30939 unclassified samples covered by 48 new refs
---
Round: 96, Unk. prob.: 3.094e-01
Upper probs: 6.906e-01, Lower probs: 0.000e+00
No. of non-dominant refs: 4571, Survival refs: 4560, Failure refs: 11
Batch update: 48 refs added, 0 existing refs removed (0 new refs dominated)
Survival: 48 refs added, 0 removed (from 48 candidates)
Coverage-aware round: 184/30726 unclassified samples covered by 48 new refs
---
Round: 97, Unk. prob.: 3.073e-01
Upper probs: 6.927e-01, Lower probs: 0.000e+00
No. of non-dominant refs: 4619, Survival refs: 4608, Failure refs: 11
Batch update: 48 refs added, 0 existing refs removed (0 new refs dominated)
Survival: 48 refs added, 0 removed (from 48 candidates)
Coverage-aware round: 168/30766 unclassified samples covered by 48 new refs
---
Round: 98, Unk. prob.: 3.077e-01
Upper probs: 6.923e-01, Lower probs: 0.000e+00
No. of non-dominant refs: 4667, Survival refs: 4656, Failure refs: 11
Batch update: 48 refs added, 0 existing refs removed (0 new refs dominated)
Survival: 48 refs added, 0 removed (from 48 candidates)
Coverage-aware round: 199/30708 unclassified samples covered by 48 new refs
---
Round: 99, Unk. prob.: 3.071e-01
Upper probs: 6.929e-01, Lower probs: 0.000e+00
No. of non-dominant refs: 4715, Survival refs: 4704, Failure refs: 11
Batch update: 48 refs added, 0 existing refs removed (0 new refs dominated)
Survival: 48 refs added, 0 removed (from 48 candidates)
Coverage-aware round: 192/30837 unclassified samples covered by 48 new refs
---
Round: 100, Unk. prob.: 3.084e-01
Upper probs: 6.916e-01, Lower probs: 0.000e+00
No. of non-dominant refs: 4763, Survival refs: 4752, Failure refs: 11
Batch update: 48 refs added, 0 existing refs removed (0 new refs dominated)
Survival: 48 refs added, 0 removed (from 48 candidates)
Batch update: 2 refs added, 0 existing refs removed (0 new refs dominated)
Failure: 2 refs added, 0 removed (from 2 candidates)
Coverage-aware round: 170/30558 unclassified samples covered by 50 new refs
---
Round: 101, Unk. prob.: 3.056e-01
Upper probs: 6.944e-01, Lower probs: 0.000e+00
No. of non-dominant refs: 4813, Survival refs: 4800, Failure refs: 13
Batch update: 48 refs added, 0 existing refs removed (0 new refs dominated)
Survival: 48 refs added, 0 removed (from 48 candidates)
Coverage-aware round: 210/30594 unclassified samples covered by 48 new refs
---
Round: 102, Unk. prob.: 3.059e-01
Upper probs: 6.941e-01, Lower probs: 0.000e+00
No. of non-dominant refs: 4861, Survival refs: 4848, Failure refs: 13
Batch update: 48 refs added, 0 existing refs removed (0 new refs dominated)
Survival: 48 refs added, 0 removed (from 48 candidates)
Coverage-aware round: 175/30059 unclassified samples covered by 48 new refs
---
Round: 103, Unk. prob.: 3.006e-01
Upper probs: 6.994e-01, Lower probs: 0.000e+00
No. of non-dominant refs: 4909, Survival refs: 4896, Failure refs: 13
Batch update: 48 refs added, 0 existing refs removed (0 new refs dominated)
Survival: 48 refs added, 0 removed (from 48 candidates)
Coverage-aware round: 186/30008 unclassified samples covered by 48 new refs
---
Round: 104, Unk. prob.: 3.001e-01
Upper probs: 6.999e-01, Lower probs: 0.000e+00
No. of non-dominant refs: 4957, Survival refs: 4944, Failure refs: 13
Batch update: 48 refs added, 0 existing refs removed (0 new refs dominated)
Survival: 48 refs added, 0 removed (from 48 candidates)
Coverage-aware round: 230/30363 unclassified samples covered by 48 new refs
---
Round: 105, Unk. prob.: 3.036e-01
Upper probs: 6.964e-01, Lower probs: 0.000e+00
No. of non-dominant refs: 5005, Survival refs: 4992, Failure refs: 13
Batch update: 48 refs added, 0 existing refs removed (0 new refs dominated)
Survival: 48 refs added, 0 removed (from 48 candidates)
Coverage-aware round: 214/29917 unclassified samples covered by 48 new refs
---
Round: 106, Unk. prob.: 2.992e-01
Upper probs: 7.008e-01, Lower probs: 0.000e+00
No. of non-dominant refs: 5053, Survival refs: 5040, Failure refs: 13
Batch update: 48 refs added, 0 existing refs removed (0 new refs dominated)
Survival: 48 refs added, 0 removed (from 48 candidates)
Coverage-aware round: 237/30045 unclassified samples covered by 48 new refs
---
Round: 107, Unk. prob.: 3.004e-01
Upper probs: 6.996e-01, Lower probs: 0.000e+00
No. of non-dominant refs: 5101, Survival refs: 5088, Failure refs: 13
Batch update: 48 refs added, 0 existing refs removed (0 new refs dominated)
Survival: 48 refs added, 0 removed (from 48 candidates)
Coverage-aware round: 154/29948 unclassified samples covered by 48 new refs
---
Round: 108, Unk. prob.: 2.995e-01
Upper probs: 7.005e-01, Lower probs: 1.000e-05
No. of non-dominant refs: 5149, Survival refs: 5136, Failure refs: 13
Batch update: 48 refs added, 0 existing refs removed (0 new refs dominated)
Survival: 48 refs added, 0 removed (from 48 candidates)
Coverage-aware round: 165/29443 unclassified samples covered by 48 new refs
---
Round: 109, Unk. prob.: 2.944e-01
Upper probs: 7.056e-01, Lower probs: 0.000e+00
No. of non-dominant refs: 5197, Survival refs: 5184, Failure refs: 13
Batch update: 48 refs added, 0 existing refs removed (0 new refs dominated)
Survival: 48 refs added, 0 removed (from 48 candidates)
Coverage-aware round: 159/29509 unclassified samples covered by 48 new refs
---
Round: 110, Unk. prob.: 2.951e-01
Upper probs: 7.049e-01, Lower probs: 0.000e+00
No. of non-dominant refs: 5245, Survival refs: 5232, Failure refs: 13
Batch update: 48 refs added, 0 existing refs removed (0 new refs dominated)
Survival: 48 refs added, 0 removed (from 48 candidates)
Coverage-aware round: 207/29413 unclassified samples covered by 48 new refs
---
Round: 111, Unk. prob.: 2.941e-01
Upper probs: 7.059e-01, Lower probs: 0.000e+00
No. of non-dominant refs: 5293, Survival refs: 5280, Failure refs: 13
Batch update: 48 refs added, 0 existing refs removed (0 new refs dominated)
Survival: 48 refs added, 0 removed (from 48 candidates)
Coverage-aware round: 236/29511 unclassified samples covered by 48 new refs
---
Round: 112, Unk. prob.: 2.951e-01
Upper probs: 7.049e-01, Lower probs: 0.000e+00
No. of non-dominant refs: 5341, Survival refs: 5328, Failure refs: 13
Batch update: 48 refs added, 0 existing refs removed (0 new refs dominated)
Survival: 48 refs added, 0 removed (from 48 candidates)
Coverage-aware round: 135/29315 unclassified samples covered by 48 new refs
---
Round: 113, Unk. prob.: 2.932e-01
Upper probs: 7.068e-01, Lower probs: 0.000e+00
No. of non-dominant refs: 5389, Survival refs: 5376, Failure refs: 13
Batch update: 48 refs added, 0 existing refs removed (0 new refs dominated)
Survival: 48 refs added, 0 removed (from 48 candidates)
Coverage-aware round: 156/29433 unclassified samples covered by 48 new refs
---
Round: 114, Unk. prob.: 2.943e-01
Upper probs: 7.057e-01, Lower probs: 0.000e+00
No. of non-dominant refs: 5437, Survival refs: 5424, Failure refs: 13
Batch update: 48 refs added, 0 existing refs removed (0 new refs dominated)
Survival: 48 refs added, 0 removed (from 48 candidates)
Coverage-aware round: 145/29240 unclassified samples covered by 48 new refs
---
Round: 115, Unk. prob.: 2.924e-01
Upper probs: 7.076e-01, Lower probs: 0.000e+00
No. of non-dominant refs: 5485, Survival refs: 5472, Failure refs: 13
Batch update: 48 refs added, 0 existing refs removed (0 new refs dominated)
Survival: 48 refs added, 0 removed (from 48 candidates)
Coverage-aware round: 184/28987 unclassified samples covered by 48 new refs
---
Round: 116, Unk. prob.: 2.899e-01
Upper probs: 7.101e-01, Lower probs: 0.000e+00
No. of non-dominant refs: 5533, Survival refs: 5520, Failure refs: 13
Batch update: 48 refs added, 0 existing refs removed (0 new refs dominated)
Survival: 48 refs added, 0 removed (from 48 candidates)
Coverage-aware round: 142/28885 unclassified samples covered by 48 new refs
---
Round: 117, Unk. prob.: 2.888e-01
Upper probs: 7.111e-01, Lower probs: 0.000e+00
No. of non-dominant refs: 5581, Survival refs: 5568, Failure refs: 13
Batch update: 48 refs added, 0 existing refs removed (0 new refs dominated)
Survival: 48 refs added, 0 removed (from 48 candidates)
Coverage-aware round: 169/29134 unclassified samples covered by 48 new refs
---
Round: 118, Unk. prob.: 2.913e-01
Upper probs: 7.087e-01, Lower probs: 0.000e+00
No. of non-dominant refs: 5629, Survival refs: 5616, Failure refs: 13
Batch update: 48 refs added, 0 existing refs removed (0 new refs dominated)
Survival: 48 refs added, 0 removed (from 48 candidates)
Coverage-aware round: 186/28817 unclassified samples covered by 48 new refs
---
Round: 119, Unk. prob.: 2.882e-01
Upper probs: 7.118e-01, Lower probs: 0.000e+00
No. of non-dominant refs: 5677, Survival refs: 5664, Failure refs: 13
Batch update: 48 refs added, 0 existing refs removed (0 new refs dominated)
Survival: 48 refs added, 0 removed (from 48 candidates)
Coverage-aware round: 155/28464 unclassified samples covered by 48 new refs
---
Round: 120, Unk. prob.: 2.846e-01
Upper probs: 7.154e-01, Lower probs: 0.000e+00
No. of non-dominant refs: 5725, Survival refs: 5712, Failure refs: 13
Batch update: 48 refs added, 0 existing refs removed (0 new refs dominated)
Survival: 48 refs added, 0 removed (from 48 candidates)
Coverage-aware round: 166/28948 unclassified samples covered by 48 new refs
---
Round: 121, Unk. prob.: 2.895e-01
Upper probs: 7.105e-01, Lower probs: 0.000e+00
No. of non-dominant refs: 5773, Survival refs: 5760, Failure refs: 13
Batch update: 48 refs added, 0 existing refs removed (0 new refs dominated)
Survival: 48 refs added, 0 removed (from 48 candidates)
Coverage-aware round: 154/28937 unclassified samples covered by 48 new refs
---
Round: 122, Unk. prob.: 2.894e-01
Upper probs: 7.106e-01, Lower probs: 0.000e+00
No. of non-dominant refs: 5821, Survival refs: 5808, Failure refs: 13
Batch update: 48 refs added, 0 existing refs removed (0 new refs dominated)
Survival: 48 refs added, 0 removed (from 48 candidates)
Coverage-aware round: 182/28710 unclassified samples covered by 48 new refs
---
Round: 123, Unk. prob.: 2.871e-01
Upper probs: 7.129e-01, Lower probs: 0.000e+00
No. of non-dominant refs: 5869, Survival refs: 5856, Failure refs: 13
Batch update: 48 refs added, 0 existing refs removed (0 new refs dominated)
Survival: 48 refs added, 0 removed (from 48 candidates)
Coverage-aware round: 152/28710 unclassified samples covered by 48 new refs
---
Round: 124, Unk. prob.: 2.871e-01
Upper probs: 7.129e-01, Lower probs: 0.000e+00
No. of non-dominant refs: 5917, Survival refs: 5904, Failure refs: 13
Batch update: 48 refs added, 0 existing refs removed (0 new refs dominated)
Survival: 48 refs added, 0 removed (from 48 candidates)
Coverage-aware round: 158/28353 unclassified samples covered by 48 new refs
---
Round: 125, Unk. prob.: 2.835e-01
Upper probs: 7.165e-01, Lower probs: 0.000e+00
No. of non-dominant refs: 5965, Survival refs: 5952, Failure refs: 13
Batch update: 48 refs added, 0 existing refs removed (0 new refs dominated)
Survival: 48 refs added, 0 removed (from 48 candidates)
Coverage-aware round: 141/28349 unclassified samples covered by 48 new refs
---
Round: 126, Unk. prob.: 2.835e-01
Upper probs: 7.165e-01, Lower probs: 0.000e+00
No. of non-dominant refs: 6013, Survival refs: 6000, Failure refs: 13
Batch update: 48 refs added, 0 existing refs removed (0 new refs dominated)
Survival: 48 refs added, 0 removed (from 48 candidates)
Coverage-aware round: 148/28555 unclassified samples covered by 48 new refs
---
Round: 127, Unk. prob.: 2.856e-01
Upper probs: 7.145e-01, Lower probs: 0.000e+00
No. of non-dominant refs: 6061, Survival refs: 6048, Failure refs: 13
Batch update: 48 refs added, 0 existing refs removed (0 new refs dominated)
Survival: 48 refs added, 0 removed (from 48 candidates)
Coverage-aware round: 164/28630 unclassified samples covered by 48 new refs
---
Round: 128, Unk. prob.: 2.863e-01
Upper probs: 7.137e-01, Lower probs: 0.000e+00
No. of non-dominant refs: 6109, Survival refs: 6096, Failure refs: 13
Batch update: 48 refs added, 0 existing refs removed (0 new refs dominated)
Survival: 48 refs added, 0 removed (from 48 candidates)
Coverage-aware round: 148/28220 unclassified samples covered by 48 new refs
---
Round: 129, Unk. prob.: 2.822e-01
Upper probs: 7.178e-01, Lower probs: 0.000e+00
No. of non-dominant refs: 6157, Survival refs: 6144, Failure refs: 13
Batch update: 48 refs added, 0 existing refs removed (0 new refs dominated)
Survival: 48 refs added, 0 removed (from 48 candidates)
Coverage-aware round: 167/28140 unclassified samples covered by 48 new refs
---
Round: 130, Unk. prob.: 2.814e-01
Upper probs: 7.186e-01, Lower probs: 0.000e+00
No. of non-dominant refs: 6205, Survival refs: 6192, Failure refs: 13
Batch update: 48 refs added, 0 existing refs removed (0 new refs dominated)
Survival: 48 refs added, 0 removed (from 48 candidates)
Coverage-aware round: 167/28148 unclassified samples covered by 48 new refs
---
Round: 131, Unk. prob.: 2.815e-01
Upper probs: 7.185e-01, Lower probs: 0.000e+00
No. of non-dominant refs: 6253, Survival refs: 6240, Failure refs: 13
Batch update: 48 refs added, 0 existing refs removed (0 new refs dominated)
Survival: 48 refs added, 0 removed (from 48 candidates)
Coverage-aware round: 169/27884 unclassified samples covered by 48 new refs
---
Round: 132, Unk. prob.: 2.788e-01
Upper probs: 7.212e-01, Lower probs: 0.000e+00
No. of non-dominant refs: 6301, Survival refs: 6288, Failure refs: 13
Batch update: 48 refs added, 0 existing refs removed (0 new refs dominated)
Survival: 48 refs added, 0 removed (from 48 candidates)
Coverage-aware round: 153/27640 unclassified samples covered by 48 new refs
---
Round: 133, Unk. prob.: 2.764e-01
Upper probs: 7.236e-01, Lower probs: 0.000e+00
No. of non-dominant refs: 6349, Survival refs: 6336, Failure refs: 13
Batch update: 48 refs added, 0 existing refs removed (0 new refs dominated)
Survival: 48 refs added, 0 removed (from 48 candidates)
Coverage-aware round: 153/27661 unclassified samples covered by 48 new refs
---
Round: 134, Unk. prob.: 2.766e-01
Upper probs: 7.234e-01, Lower probs: 0.000e+00
No. of non-dominant refs: 6397, Survival refs: 6384, Failure refs: 13
Batch update: 48 refs added, 0 existing refs removed (0 new refs dominated)
Survival: 48 refs added, 0 removed (from 48 candidates)
Coverage-aware round: 143/27619 unclassified samples covered by 48 new refs
---
Round: 135, Unk. prob.: 2.762e-01
Upper probs: 7.238e-01, Lower probs: 1.000e-05
No. of non-dominant refs: 6445, Survival refs: 6432, Failure refs: 13
Batch update: 48 refs added, 0 existing refs removed (0 new refs dominated)
Survival: 48 refs added, 0 removed (from 48 candidates)
Coverage-aware round: 147/27555 unclassified samples covered by 48 new refs
---
Round: 136, Unk. prob.: 2.756e-01
Upper probs: 7.245e-01, Lower probs: 0.000e+00
No. of non-dominant refs: 6493, Survival refs: 6480, Failure refs: 13
Batch update: 48 refs added, 0 existing refs removed (0 new refs dominated)
Survival: 48 refs added, 0 removed (from 48 candidates)
Coverage-aware round: 145/27557 unclassified samples covered by 48 new refs
---
Round: 137, Unk. prob.: 2.756e-01
Upper probs: 7.244e-01, Lower probs: 0.000e+00
No. of non-dominant refs: 6541, Survival refs: 6528, Failure refs: 13
Batch update: 48 refs added, 0 existing refs removed (0 new refs dominated)
Survival: 48 refs added, 0 removed (from 48 candidates)
Coverage-aware round: 163/27601 unclassified samples covered by 48 new refs
---
Round: 138, Unk. prob.: 2.760e-01
Upper probs: 7.240e-01, Lower probs: 0.000e+00
No. of non-dominant refs: 6589, Survival refs: 6576, Failure refs: 13
Batch update: 48 refs added, 0 existing refs removed (0 new refs dominated)
Survival: 48 refs added, 0 removed (from 48 candidates)
Coverage-aware round: 148/27418 unclassified samples covered by 48 new refs
---
Round: 139, Unk. prob.: 2.742e-01
Upper probs: 7.258e-01, Lower probs: 0.000e+00
No. of non-dominant refs: 6637, Survival refs: 6624, Failure refs: 13
Batch update: 48 refs added, 0 existing refs removed (0 new refs dominated)
Survival: 48 refs added, 0 removed (from 48 candidates)
Coverage-aware round: 151/27368 unclassified samples covered by 48 new refs
---
Round: 140, Unk. prob.: 2.737e-01
Upper probs: 7.263e-01, Lower probs: 0.000e+00
No. of non-dominant refs: 6685, Survival refs: 6672, Failure refs: 13
Batch update: 48 refs added, 0 existing refs removed (0 new refs dominated)
Survival: 48 refs added, 0 removed (from 48 candidates)
Coverage-aware round: 144/27202 unclassified samples covered by 48 new refs
---
Round: 141, Unk. prob.: 2.720e-01
Upper probs: 7.280e-01, Lower probs: 0.000e+00
No. of non-dominant refs: 6733, Survival refs: 6720, Failure refs: 13
Batch update: 48 refs added, 0 existing refs removed (0 new refs dominated)
Survival: 48 refs added, 0 removed (from 48 candidates)
Coverage-aware round: 140/27346 unclassified samples covered by 48 new refs
---
Round: 142, Unk. prob.: 2.735e-01
Upper probs: 7.265e-01, Lower probs: 0.000e+00
No. of non-dominant refs: 6781, Survival refs: 6768, Failure refs: 13
Batch update: 48 refs added, 0 existing refs removed (0 new refs dominated)
Survival: 48 refs added, 0 removed (from 48 candidates)
Coverage-aware round: 134/27170 unclassified samples covered by 48 new refs
---
Round: 143, Unk. prob.: 2.717e-01
Upper probs: 7.283e-01, Lower probs: 0.000e+00
No. of non-dominant refs: 6829, Survival refs: 6816, Failure refs: 13
Batch update: 48 refs added, 0 existing refs removed (0 new refs dominated)
Survival: 48 refs added, 0 removed (from 48 candidates)
Coverage-aware round: 162/27111 unclassified samples covered by 48 new refs
---
Round: 144, Unk. prob.: 2.711e-01
Upper probs: 7.289e-01, Lower probs: 0.000e+00
No. of non-dominant refs: 6877, Survival refs: 6864, Failure refs: 13
Batch update: 48 refs added, 0 existing refs removed (0 new refs dominated)
Survival: 48 refs added, 0 removed (from 48 candidates)
Coverage-aware round: 188/27066 unclassified samples covered by 48 new refs
---
Round: 145, Unk. prob.: 2.707e-01
Upper probs: 7.293e-01, Lower probs: 0.000e+00
No. of non-dominant refs: 6925, Survival refs: 6912, Failure refs: 13
Batch update: 48 refs added, 0 existing refs removed (0 new refs dominated)
Survival: 48 refs added, 0 removed (from 48 candidates)
Coverage-aware round: 155/26966 unclassified samples covered by 48 new refs
---
Round: 146, Unk. prob.: 2.697e-01
Upper probs: 7.303e-01, Lower probs: 0.000e+00
No. of non-dominant refs: 6973, Survival refs: 6960, Failure refs: 13
Batch update: 48 refs added, 0 existing refs removed (0 new refs dominated)
Survival: 48 refs added, 0 removed (from 48 candidates)
Coverage-aware round: 154/27037 unclassified samples covered by 48 new refs
---
Round: 147, Unk. prob.: 2.704e-01
Upper probs: 7.296e-01, Lower probs: 0.000e+00
No. of non-dominant refs: 7021, Survival refs: 7008, Failure refs: 13
Batch update: 48 refs added, 0 existing refs removed (0 new refs dominated)
Survival: 48 refs added, 0 removed (from 48 candidates)
Coverage-aware round: 150/26932 unclassified samples covered by 48 new refs
---
Round: 148, Unk. prob.: 2.693e-01
Upper probs: 7.307e-01, Lower probs: 0.000e+00
No. of non-dominant refs: 7069, Survival refs: 7056, Failure refs: 13
Batch update: 48 refs added, 0 existing refs removed (0 new refs dominated)
Survival: 48 refs added, 0 removed (from 48 candidates)
Coverage-aware round: 158/26767 unclassified samples covered by 48 new refs
---
Round: 149, Unk. prob.: 2.677e-01
Upper probs: 7.323e-01, Lower probs: 0.000e+00
No. of non-dominant refs: 7117, Survival refs: 7104, Failure refs: 13
Batch update: 48 refs added, 0 existing refs removed (0 new refs dominated)
Survival: 48 refs added, 0 removed (from 48 candidates)
Coverage-aware round: 123/26665 unclassified samples covered by 48 new refs
---
Round: 150, Unk. prob.: 2.666e-01
Upper probs: 7.333e-01, Lower probs: 0.000e+00
No. of non-dominant refs: 7165, Survival refs: 7152, Failure refs: 13
Batch update: 48 refs added, 0 existing refs removed (0 new refs dominated)
Survival: 48 refs added, 0 removed (from 48 candidates)
Coverage-aware round: 141/26774 unclassified samples covered by 48 new refs
---
Round: 151, Unk. prob.: 2.677e-01
Upper probs: 7.323e-01, Lower probs: 0.000e+00
No. of non-dominant refs: 7213, Survival refs: 7200, Failure refs: 13
Batch update: 48 refs added, 0 existing refs removed (0 new refs dominated)
Survival: 48 refs added, 0 removed (from 48 candidates)
Coverage-aware round: 169/26735 unclassified samples covered by 48 new refs
---
Round: 152, Unk. prob.: 2.673e-01
Upper probs: 7.327e-01, Lower probs: 0.000e+00
No. of non-dominant refs: 7261, Survival refs: 7248, Failure refs: 13
Batch update: 48 refs added, 0 existing refs removed (0 new refs dominated)
Survival: 48 refs added, 0 removed (from 48 candidates)
Coverage-aware round: 147/26508 unclassified samples covered by 48 new refs
---
Round: 153, Unk. prob.: 2.651e-01
Upper probs: 7.349e-01, Lower probs: 0.000e+00
No. of non-dominant refs: 7309, Survival refs: 7296, Failure refs: 13
Batch update: 48 refs added, 0 existing refs removed (0 new refs dominated)
Survival: 48 refs added, 0 removed (from 48 candidates)
Coverage-aware round: 131/26525 unclassified samples covered by 48 new refs
---
Round: 154, Unk. prob.: 2.652e-01
Upper probs: 7.348e-01, Lower probs: 0.000e+00
No. of non-dominant refs: 7357, Survival refs: 7344, Failure refs: 13
Batch update: 48 refs added, 0 existing refs removed (0 new refs dominated)
Survival: 48 refs added, 0 removed (from 48 candidates)
Coverage-aware round: 138/26322 unclassified samples covered by 48 new refs
---
Round: 155, Unk. prob.: 2.632e-01
Upper probs: 7.368e-01, Lower probs: 0.000e+00
No. of non-dominant refs: 7405, Survival refs: 7392, Failure refs: 13
Batch update: 48 refs added, 0 existing refs removed (0 new refs dominated)
Survival: 48 refs added, 0 removed (from 48 candidates)
Coverage-aware round: 158/26271 unclassified samples covered by 48 new refs
---
Round: 156, Unk. prob.: 2.627e-01
Upper probs: 7.373e-01, Lower probs: 0.000e+00
No. of non-dominant refs: 7453, Survival refs: 7440, Failure refs: 13
Batch update: 48 refs added, 0 existing refs removed (0 new refs dominated)
Survival: 48 refs added, 0 removed (from 48 candidates)
Coverage-aware round: 133/26525 unclassified samples covered by 48 new refs
---
Round: 157, Unk. prob.: 2.652e-01
Upper probs: 7.348e-01, Lower probs: 0.000e+00
No. of non-dominant refs: 7501, Survival refs: 7488, Failure refs: 13
Batch update: 48 refs added, 0 existing refs removed (0 new refs dominated)
Survival: 48 refs added, 0 removed (from 48 candidates)
Coverage-aware round: 131/26524 unclassified samples covered by 48 new refs
---
Round: 158, Unk. prob.: 2.652e-01
Upper probs: 7.348e-01, Lower probs: 0.000e+00
No. of non-dominant refs: 7549, Survival refs: 7536, Failure refs: 13
Batch update: 48 refs added, 0 existing refs removed (0 new refs dominated)
Survival: 48 refs added, 0 removed (from 48 candidates)
Coverage-aware round: 137/26312 unclassified samples covered by 48 new refs
---
Round: 159, Unk. prob.: 2.631e-01
Upper probs: 7.369e-01, Lower probs: 0.000e+00
No. of non-dominant refs: 7597, Survival refs: 7584, Failure refs: 13
Batch update: 48 refs added, 0 existing refs removed (0 new refs dominated)
Survival: 48 refs added, 0 removed (from 48 candidates)
Coverage-aware round: 151/26291 unclassified samples covered by 48 new refs
---
Round: 160, Unk. prob.: 2.629e-01
Upper probs: 7.371e-01, Lower probs: 0.000e+00
No. of non-dominant refs: 7645, Survival refs: 7632, Failure refs: 13
Batch update: 48 refs added, 0 existing refs removed (0 new refs dominated)
Survival: 48 refs added, 0 removed (from 48 candidates)
Coverage-aware round: 134/26075 unclassified samples covered by 48 new refs
---
Round: 161, Unk. prob.: 2.607e-01
Upper probs: 7.392e-01, Lower probs: 0.000e+00
No. of non-dominant refs: 7693, Survival refs: 7680, Failure refs: 13
Batch update: 48 refs added, 0 existing refs removed (0 new refs dominated)
Survival: 48 refs added, 0 removed (from 48 candidates)
Coverage-aware round: 136/25930 unclassified samples covered by 48 new refs
---
Round: 162, Unk. prob.: 2.593e-01
Upper probs: 7.407e-01, Lower probs: 0.000e+00
No. of non-dominant refs: 7741, Survival refs: 7728, Failure refs: 13
Batch update: 48 refs added, 0 existing refs removed (0 new refs dominated)
Survival: 48 refs added, 0 removed (from 48 candidates)
Coverage-aware round: 151/26046 unclassified samples covered by 48 new refs
---
Round: 163, Unk. prob.: 2.605e-01
Upper probs: 7.395e-01, Lower probs: 0.000e+00
No. of non-dominant refs: 7789, Survival refs: 7776, Failure refs: 13
Batch update: 48 refs added, 0 existing refs removed (0 new refs dominated)
Survival: 48 refs added, 0 removed (from 48 candidates)
Coverage-aware round: 150/25818 unclassified samples covered by 48 new refs
---
Round: 164, Unk. prob.: 2.582e-01
Upper probs: 7.418e-01, Lower probs: 0.000e+00
No. of non-dominant refs: 7837, Survival refs: 7824, Failure refs: 13
Batch update: 48 refs added, 0 existing refs removed (0 new refs dominated)
Survival: 48 refs added, 0 removed (from 48 candidates)
Coverage-aware round: 148/25610 unclassified samples covered by 48 new refs
---
Round: 165, Unk. prob.: 2.561e-01
Upper probs: 7.439e-01, Lower probs: 0.000e+00
No. of non-dominant refs: 7885, Survival refs: 7872, Failure refs: 13
Batch update: 48 refs added, 0 existing refs removed (0 new refs dominated)
Survival: 48 refs added, 0 removed (from 48 candidates)
Coverage-aware round: 137/25922 unclassified samples covered by 48 new refs
---
Round: 166, Unk. prob.: 2.592e-01
Upper probs: 7.408e-01, Lower probs: 0.000e+00
No. of non-dominant refs: 7933, Survival refs: 7920, Failure refs: 13
Batch update: 48 refs added, 0 existing refs removed (0 new refs dominated)
Survival: 48 refs added, 0 removed (from 48 candidates)
Coverage-aware round: 139/25551 unclassified samples covered by 48 new refs
---
Round: 167, Unk. prob.: 2.555e-01
Upper probs: 7.445e-01, Lower probs: 0.000e+00
No. of non-dominant refs: 7981, Survival refs: 7968, Failure refs: 13
Batch update: 48 refs added, 0 existing refs removed (0 new refs dominated)
Survival: 48 refs added, 0 removed (from 48 candidates)
Coverage-aware round: 133/25530 unclassified samples covered by 48 new refs
---
Round: 168, Unk. prob.: 2.553e-01
Upper probs: 7.447e-01, Lower probs: 0.000e+00
No. of non-dominant refs: 8029, Survival refs: 8016, Failure refs: 13
Batch update: 48 refs added, 0 existing refs removed (0 new refs dominated)
Survival: 48 refs added, 0 removed (from 48 candidates)
Coverage-aware round: 125/25596 unclassified samples covered by 48 new refs
---
Round: 169, Unk. prob.: 2.560e-01
Upper probs: 7.440e-01, Lower probs: 0.000e+00
No. of non-dominant refs: 8077, Survival refs: 8064, Failure refs: 13
Batch update: 48 refs added, 0 existing refs removed (0 new refs dominated)
Survival: 48 refs added, 0 removed (from 48 candidates)
Coverage-aware round: 132/25687 unclassified samples covered by 48 new refs
---
Round: 170, Unk. prob.: 2.569e-01
Upper probs: 7.431e-01, Lower probs: 0.000e+00
No. of non-dominant refs: 8125, Survival refs: 8112, Failure refs: 13
Batch update: 48 refs added, 0 existing refs removed (0 new refs dominated)
Survival: 48 refs added, 0 removed (from 48 candidates)
Coverage-aware round: 130/25451 unclassified samples covered by 48 new refs
---
Round: 171, Unk. prob.: 2.545e-01
Upper probs: 7.455e-01, Lower probs: 0.000e+00
No. of non-dominant refs: 8173, Survival refs: 8160, Failure refs: 13
Batch update: 48 refs added, 0 existing refs removed (0 new refs dominated)
Survival: 48 refs added, 0 removed (from 48 candidates)
Coverage-aware round: 141/25539 unclassified samples covered by 48 new refs
---
Round: 172, Unk. prob.: 2.554e-01
Upper probs: 7.446e-01, Lower probs: 0.000e+00
No. of non-dominant refs: 8221, Survival refs: 8208, Failure refs: 13
Batch update: 48 refs added, 0 existing refs removed (0 new refs dominated)
Survival: 48 refs added, 0 removed (from 48 candidates)
Coverage-aware round: 158/25370 unclassified samples covered by 48 new refs
---
Round: 173, Unk. prob.: 2.537e-01
Upper probs: 7.463e-01, Lower probs: 0.000e+00
No. of non-dominant refs: 8269, Survival refs: 8256, Failure refs: 13
Batch update: 48 refs added, 0 existing refs removed (0 new refs dominated)
Survival: 48 refs added, 0 removed (from 48 candidates)
Coverage-aware round: 125/25393 unclassified samples covered by 48 new refs
---
Round: 174, Unk. prob.: 2.539e-01
Upper probs: 7.461e-01, Lower probs: 0.000e+00
No. of non-dominant refs: 8317, Survival refs: 8304, Failure refs: 13
Batch update: 48 refs added, 0 existing refs removed (0 new refs dominated)
Survival: 48 refs added, 0 removed (from 48 candidates)
Coverage-aware round: 146/25406 unclassified samples covered by 48 new refs
---
Round: 175, Unk. prob.: 2.541e-01
Upper probs: 7.459e-01, Lower probs: 0.000e+00
No. of non-dominant refs: 8365, Survival refs: 8352, Failure refs: 13
Batch update: 48 refs added, 0 existing refs removed (0 new refs dominated)
Survival: 48 refs added, 0 removed (from 48 candidates)
Coverage-aware round: 127/24909 unclassified samples covered by 48 new refs
---
Round: 176, Unk. prob.: 2.491e-01
Upper probs: 7.509e-01, Lower probs: 0.000e+00
No. of non-dominant refs: 8413, Survival refs: 8400, Failure refs: 13
Batch update: 48 refs added, 0 existing refs removed (0 new refs dominated)
Survival: 48 refs added, 0 removed (from 48 candidates)
Coverage-aware round: 136/25238 unclassified samples covered by 48 new refs
---
Round: 177, Unk. prob.: 2.524e-01
Upper probs: 7.476e-01, Lower probs: 1.000e-05
No. of non-dominant refs: 8461, Survival refs: 8448, Failure refs: 13
Batch update: 48 refs added, 0 existing refs removed (0 new refs dominated)
Survival: 48 refs added, 0 removed (from 48 candidates)
Coverage-aware round: 127/25091 unclassified samples covered by 48 new refs
---
Round: 178, Unk. prob.: 2.509e-01
Upper probs: 7.491e-01, Lower probs: 0.000e+00
No. of non-dominant refs: 8509, Survival refs: 8496, Failure refs: 13
Batch update: 48 refs added, 0 existing refs removed (0 new refs dominated)
Survival: 48 refs added, 0 removed (from 48 candidates)
Coverage-aware round: 127/25094 unclassified samples covered by 48 new refs
---
Round: 179, Unk. prob.: 2.509e-01
Upper probs: 7.491e-01, Lower probs: 0.000e+00
No. of non-dominant refs: 8557, Survival refs: 8544, Failure refs: 13
Batch update: 48 refs added, 0 existing refs removed (0 new refs dominated)
Survival: 48 refs added, 0 removed (from 48 candidates)
Coverage-aware round: 120/25028 unclassified samples covered by 48 new refs
---
Round: 180, Unk. prob.: 2.503e-01
Upper probs: 7.497e-01, Lower probs: 0.000e+00
No. of non-dominant refs: 8605, Survival refs: 8592, Failure refs: 13
Batch update: 48 refs added, 0 existing refs removed (0 new refs dominated)
Survival: 48 refs added, 0 removed (from 48 candidates)
Coverage-aware round: 121/24900 unclassified samples covered by 48 new refs
---
Round: 181, Unk. prob.: 2.490e-01
Upper probs: 7.510e-01, Lower probs: 0.000e+00
No. of non-dominant refs: 8653, Survival refs: 8640, Failure refs: 13
Batch update: 48 refs added, 0 existing refs removed (0 new refs dominated)
Survival: 48 refs added, 0 removed (from 48 candidates)
Batch update: 2 refs added, 0 existing refs removed (0 new refs dominated)
Failure: 2 refs added, 0 removed (from 2 candidates)
Coverage-aware round: 137/24990 unclassified samples covered by 50 new refs
---
Round: 182, Unk. prob.: 2.499e-01
Upper probs: 7.501e-01, Lower probs: 0.000e+00
No. of non-dominant refs: 8703, Survival refs: 8688, Failure refs: 15
Batch update: 48 refs added, 0 existing refs removed (0 new refs dominated)
Survival: 48 refs added, 0 removed (from 48 candidates)
Coverage-aware round: 125/25141 unclassified samples covered by 48 new refs
---
Round: 183, Unk. prob.: 2.514e-01
Upper probs: 7.486e-01, Lower probs: 0.000e+00
No. of non-dominant refs: 8751, Survival refs: 8736, Failure refs: 15
Batch update: 48 refs added, 0 existing refs removed (0 new refs dominated)
Survival: 48 refs added, 0 removed (from 48 candidates)
Coverage-aware round: 128/24961 unclassified samples covered by 48 new refs
---
Round: 184, Unk. prob.: 2.496e-01
Upper probs: 7.504e-01, Lower probs: 0.000e+00
No. of non-dominant refs: 8799, Survival refs: 8784, Failure refs: 15
Batch update: 48 refs added, 0 existing refs removed (0 new refs dominated)
Survival: 48 refs added, 0 removed (from 48 candidates)
Coverage-aware round: 144/24840 unclassified samples covered by 48 new refs
---
Round: 185, Unk. prob.: 2.484e-01
Upper probs: 7.516e-01, Lower probs: 0.000e+00
No. of non-dominant refs: 8847, Survival refs: 8832, Failure refs: 15
Batch update: 48 refs added, 0 existing refs removed (0 new refs dominated)
Survival: 48 refs added, 0 removed (from 48 candidates)
Batch update: 1 refs added, 0 existing refs removed (0 new refs dominated)
Failure: 1 refs added, 0 removed (from 1 candidates)
Coverage-aware round: 143/24870 unclassified samples covered by 49 new refs
---
Round: 186, Unk. prob.: 2.487e-01
Upper probs: 7.513e-01, Lower probs: 0.000e+00
No. of non-dominant refs: 8896, Survival refs: 8880, Failure refs: 16
Batch update: 48 refs added, 0 existing refs removed (0 new refs dominated)
Survival: 48 refs added, 0 removed (from 48 candidates)
Coverage-aware round: 125/24761 unclassified samples covered by 48 new refs
---
Round: 187, Unk. prob.: 2.476e-01
Upper probs: 7.524e-01, Lower probs: 0.000e+00
No. of non-dominant refs: 8944, Survival refs: 8928, Failure refs: 16
Batch update: 48 refs added, 0 existing refs removed (0 new refs dominated)
Survival: 48 refs added, 0 removed (from 48 candidates)
Coverage-aware round: 130/24254 unclassified samples covered by 48 new refs
---
Round: 188, Unk. prob.: 2.425e-01
Upper probs: 7.575e-01, Lower probs: 0.000e+00
No. of non-dominant refs: 8992, Survival refs: 8976, Failure refs: 16
Batch update: 48 refs added, 0 existing refs removed (0 new refs dominated)
Survival: 48 refs added, 0 removed (from 48 candidates)
Coverage-aware round: 142/24888 unclassified samples covered by 48 new refs
---
Round: 189, Unk. prob.: 2.489e-01
Upper probs: 7.511e-01, Lower probs: 0.000e+00
No. of non-dominant refs: 9040, Survival refs: 9024, Failure refs: 16
Batch update: 48 refs added, 0 existing refs removed (0 new refs dominated)
Survival: 48 refs added, 0 removed (from 48 candidates)
Coverage-aware round: 117/24593 unclassified samples covered by 48 new refs
---
Round: 190, Unk. prob.: 2.459e-01
Upper probs: 7.541e-01, Lower probs: 0.000e+00
No. of non-dominant refs: 9088, Survival refs: 9072, Failure refs: 16
Batch update: 48 refs added, 0 existing refs removed (0 new refs dominated)
Survival: 48 refs added, 0 removed (from 48 candidates)
Coverage-aware round: 124/24551 unclassified samples covered by 48 new refs
---
Round: 191, Unk. prob.: 2.455e-01
Upper probs: 7.545e-01, Lower probs: 0.000e+00
No. of non-dominant refs: 9136, Survival refs: 9120, Failure refs: 16
Batch update: 48 refs added, 0 existing refs removed (0 new refs dominated)
Survival: 48 refs added, 0 removed (from 48 candidates)
Coverage-aware round: 128/24598 unclassified samples covered by 48 new refs
---
Round: 192, Unk. prob.: 2.460e-01
Upper probs: 7.540e-01, Lower probs: 0.000e+00
No. of non-dominant refs: 9184, Survival refs: 9168, Failure refs: 16
Batch update: 48 refs added, 0 existing refs removed (0 new refs dominated)
Survival: 48 refs added, 0 removed (from 48 candidates)
Coverage-aware round: 123/24593 unclassified samples covered by 48 new refs
---
Round: 193, Unk. prob.: 2.459e-01
Upper probs: 7.541e-01, Lower probs: 0.000e+00
No. of non-dominant refs: 9232, Survival refs: 9216, Failure refs: 16
Batch update: 48 refs added, 0 existing refs removed (0 new refs dominated)
Survival: 48 refs added, 0 removed (from 48 candidates)
Coverage-aware round: 124/24593 unclassified samples covered by 48 new refs
---
Round: 194, Unk. prob.: 2.459e-01
Upper probs: 7.541e-01, Lower probs: 0.000e+00
No. of non-dominant refs: 9280, Survival refs: 9264, Failure refs: 16
Batch update: 48 refs added, 0 existing refs removed (0 new refs dominated)
Survival: 48 refs added, 0 removed (from 48 candidates)
Coverage-aware round: 125/24481 unclassified samples covered by 48 new refs
---
Round: 195, Unk. prob.: 2.448e-01
Upper probs: 7.552e-01, Lower probs: 1.000e-05
No. of non-dominant refs: 9328, Survival refs: 9312, Failure refs: 16
Batch update: 48 refs added, 0 existing refs removed (0 new refs dominated)
Survival: 48 refs added, 0 removed (from 48 candidates)
Coverage-aware round: 122/24209 unclassified samples covered by 48 new refs
---
Round: 196, Unk. prob.: 2.421e-01
Upper probs: 7.579e-01, Lower probs: 0.000e+00
No. of non-dominant refs: 9376, Survival refs: 9360, Failure refs: 16
Batch update: 48 refs added, 0 existing refs removed (0 new refs dominated)
Survival: 48 refs added, 0 removed (from 48 candidates)
Coverage-aware round: 113/24339 unclassified samples covered by 48 new refs
---
Round: 197, Unk. prob.: 2.434e-01
Upper probs: 7.566e-01, Lower probs: 0.000e+00
No. of non-dominant refs: 9424, Survival refs: 9408, Failure refs: 16
Batch update: 48 refs added, 0 existing refs removed (0 new refs dominated)
Survival: 48 refs added, 0 removed (from 48 candidates)
Coverage-aware round: 125/24183 unclassified samples covered by 48 new refs
---
Round: 198, Unk. prob.: 2.418e-01
Upper probs: 7.582e-01, Lower probs: 0.000e+00
No. of non-dominant refs: 9472, Survival refs: 9456, Failure refs: 16
Batch update: 48 refs added, 0 existing refs removed (0 new refs dominated)
Survival: 48 refs added, 0 removed (from 48 candidates)
Coverage-aware round: 140/24311 unclassified samples covered by 48 new refs
---
Round: 199, Unk. prob.: 2.431e-01
Upper probs: 7.569e-01, Lower probs: 0.000e+00
No. of non-dominant refs: 9520, Survival refs: 9504, Failure refs: 16
Batch update: 48 refs added, 0 existing refs removed (0 new refs dominated)
Survival: 48 refs added, 0 removed (from 48 candidates)
Coverage-aware round: 114/24149 unclassified samples covered by 48 new refs
---
Round: 200, Unk. prob.: 2.415e-01
Upper probs: 7.585e-01, Lower probs: 0.000e+00
No. of non-dominant refs: 9568, Survival refs: 9552, Failure refs: 16
Batch update: 48 refs added, 0 existing refs removed (0 new refs dominated)
Survival: 48 refs added, 0 removed (from 48 candidates)
Coverage-aware round: 129/24266 unclassified samples covered by 48 new refs
---
Round: 201, Unk. prob.: 2.427e-01
Upper probs: 7.573e-01, Lower probs: 0.000e+00
No. of non-dominant refs: 9616, Survival refs: 9600, Failure refs: 16
Batch update: 48 refs added, 0 existing refs removed (0 new refs dominated)
Survival: 48 refs added, 0 removed (from 48 candidates)
Coverage-aware round: 125/23991 unclassified samples covered by 48 new refs
---
Round: 202, Unk. prob.: 2.399e-01
Upper probs: 7.601e-01, Lower probs: 0.000e+00
No. of non-dominant refs: 9664, Survival refs: 9648, Failure refs: 16
Batch update: 48 refs added, 0 existing refs removed (0 new refs dominated)
Survival: 48 refs added, 0 removed (from 48 candidates)
Coverage-aware round: 127/24110 unclassified samples covered by 48 new refs
---
Round: 203, Unk. prob.: 2.411e-01
Upper probs: 7.589e-01, Lower probs: 0.000e+00
No. of non-dominant refs: 9712, Survival refs: 9696, Failure refs: 16
Batch update: 48 refs added, 0 existing refs removed (0 new refs dominated)
Survival: 48 refs added, 0 removed (from 48 candidates)
Coverage-aware round: 118/24131 unclassified samples covered by 48 new refs
---
Round: 204, Unk. prob.: 2.413e-01
Upper probs: 7.587e-01, Lower probs: 0.000e+00
No. of non-dominant refs: 9760, Survival refs: 9744, Failure refs: 16
Batch update: 48 refs added, 0 existing refs removed (0 new refs dominated)
Survival: 48 refs added, 0 removed (from 48 candidates)
Coverage-aware round: 129/23859 unclassified samples covered by 48 new refs
---
Round: 205, Unk. prob.: 2.386e-01
Upper probs: 7.614e-01, Lower probs: 0.000e+00
No. of non-dominant refs: 9808, Survival refs: 9792, Failure refs: 16
Batch update: 48 refs added, 0 existing refs removed (0 new refs dominated)
Survival: 48 refs added, 0 removed (from 48 candidates)
Coverage-aware round: 130/23909 unclassified samples covered by 48 new refs
---
Round: 206, Unk. prob.: 2.391e-01
Upper probs: 7.609e-01, Lower probs: 0.000e+00
No. of non-dominant refs: 9856, Survival refs: 9840, Failure refs: 16
Batch update: 48 refs added, 0 existing refs removed (0 new refs dominated)
Survival: 48 refs added, 0 removed (from 48 candidates)
Coverage-aware round: 126/23869 unclassified samples covered by 48 new refs
---
Round: 207, Unk. prob.: 2.387e-01
Upper probs: 7.613e-01, Lower probs: 0.000e+00
No. of non-dominant refs: 9904, Survival refs: 9888, Failure refs: 16
Batch update: 48 refs added, 0 existing refs removed (0 new refs dominated)
Survival: 48 refs added, 0 removed (from 48 candidates)
Coverage-aware round: 119/23836 unclassified samples covered by 48 new refs
---
Round: 208, Unk. prob.: 2.384e-01
Upper probs: 7.616e-01, Lower probs: 0.000e+00
No. of non-dominant refs: 9952, Survival refs: 9936, Failure refs: 16
Batch update: 48 refs added, 0 existing refs removed (0 new refs dominated)
Survival: 48 refs added, 0 removed (from 48 candidates)
Coverage-aware round: 113/23906 unclassified samples covered by 48 new refs
---
Round: 209, Unk. prob.: 2.391e-01
Upper probs: 7.609e-01, Lower probs: 0.000e+00
No. of non-dominant refs: 10000, Survival refs: 9984, Failure refs: 16
Batch update: 48 refs added, 0 existing refs removed (0 new refs dominated)
Survival: 48 refs added, 0 removed (from 48 candidates)
Coverage-aware round: 126/23886 unclassified samples covered by 48 new refs
---
Round: 210, Unk. prob.: 2.389e-01
Upper probs: 7.611e-01, Lower probs: 0.000e+00
No. of non-dominant refs: 10048, Survival refs: 10032, Failure refs: 16
Batch update: 48 refs added, 0 existing refs removed (0 new refs dominated)
Survival: 48 refs added, 0 removed (from 48 candidates)
Coverage-aware round: 143/23628 unclassified samples covered by 48 new refs
---
Round: 211, Unk. prob.: 2.363e-01
Upper probs: 7.637e-01, Lower probs: 0.000e+00
No. of non-dominant refs: 10096, Survival refs: 10080, Failure refs: 16
Batch update: 48 refs added, 0 existing refs removed (0 new refs dominated)
Survival: 48 refs added, 0 removed (from 48 candidates)
Coverage-aware round: 145/23797 unclassified samples covered by 48 new refs
---
Round: 212, Unk. prob.: 2.380e-01
Upper probs: 7.620e-01, Lower probs: 0.000e+00
No. of non-dominant refs: 10144, Survival refs: 10128, Failure refs: 16
Batch update: 48 refs added, 0 existing refs removed (0 new refs dominated)
Survival: 48 refs added, 0 removed (from 48 candidates)
Coverage-aware round: 113/23764 unclassified samples covered by 48 new refs
---
Round: 213, Unk. prob.: 2.376e-01
Upper probs: 7.624e-01, Lower probs: 0.000e+00
No. of non-dominant refs: 10192, Survival refs: 10176, Failure refs: 16
Batch update: 48 refs added, 0 existing refs removed (0 new refs dominated)
Survival: 48 refs added, 0 removed (from 48 candidates)
Coverage-aware round: 120/23627 unclassified samples covered by 48 new refs
---
Round: 214, Unk. prob.: 2.363e-01
Upper probs: 7.637e-01, Lower probs: 0.000e+00
No. of non-dominant refs: 10240, Survival refs: 10224, Failure refs: 16
Batch update: 48 refs added, 0 existing refs removed (0 new refs dominated)
Survival: 48 refs added, 0 removed (from 48 candidates)
Coverage-aware round: 119/23716 unclassified samples covered by 48 new refs
---
Round: 215, Unk. prob.: 2.372e-01
Upper probs: 7.628e-01, Lower probs: 0.000e+00
No. of non-dominant refs: 10288, Survival refs: 10272, Failure refs: 16
Batch update: 48 refs added, 0 existing refs removed (0 new refs dominated)
Survival: 48 refs added, 0 removed (from 48 candidates)
Batch update: 3 refs added, 0 existing refs removed (0 new refs dominated)
Failure: 3 refs added, 0 removed (from 3 candidates)
Coverage-aware round: 117/23739 unclassified samples covered by 51 new refs
---
Round: 216, Unk. prob.: 2.374e-01
Upper probs: 7.626e-01, Lower probs: 0.000e+00
No. of non-dominant refs: 10339, Survival refs: 10320, Failure refs: 19
Batch update: 48 refs added, 0 existing refs removed (0 new refs dominated)
Survival: 48 refs added, 0 removed (from 48 candidates)
Coverage-aware round: 116/23661 unclassified samples covered by 48 new refs
---
Round: 217, Unk. prob.: 2.366e-01
Upper probs: 7.634e-01, Lower probs: 0.000e+00
No. of non-dominant refs: 10387, Survival refs: 10368, Failure refs: 19
Batch update: 48 refs added, 0 existing refs removed (0 new refs dominated)
Survival: 48 refs added, 0 removed (from 48 candidates)
Coverage-aware round: 123/23600 unclassified samples covered by 48 new refs
---
Round: 218, Unk. prob.: 2.360e-01
Upper probs: 7.640e-01, Lower probs: 0.000e+00
No. of non-dominant refs: 10435, Survival refs: 10416, Failure refs: 19
Batch update: 48 refs added, 0 existing refs removed (0 new refs dominated)
Survival: 48 refs added, 0 removed (from 48 candidates)
Coverage-aware round: 113/23465 unclassified samples covered by 48 new refs
---
Round: 219, Unk. prob.: 2.346e-01
Upper probs: 7.653e-01, Lower probs: 0.000e+00
No. of non-dominant refs: 10483, Survival refs: 10464, Failure refs: 19
Batch update: 48 refs added, 0 existing refs removed (0 new refs dominated)
Survival: 48 refs added, 0 removed (from 48 candidates)
Coverage-aware round: 124/23162 unclassified samples covered by 48 new refs
---
Round: 220, Unk. prob.: 2.316e-01
Upper probs: 7.684e-01, Lower probs: 0.000e+00
No. of non-dominant refs: 10531, Survival refs: 10512, Failure refs: 19
Batch update: 48 refs added, 0 existing refs removed (0 new refs dominated)
Survival: 48 refs added, 0 removed (from 48 candidates)
Coverage-aware round: 114/23325 unclassified samples covered by 48 new refs
---
Round: 221, Unk. prob.: 2.333e-01
Upper probs: 7.668e-01, Lower probs: 0.000e+00
No. of non-dominant refs: 10579, Survival refs: 10560, Failure refs: 19
Batch update: 48 refs added, 0 existing refs removed (0 new refs dominated)
Survival: 48 refs added, 0 removed (from 48 candidates)
Coverage-aware round: 104/23259 unclassified samples covered by 48 new refs
---
Round: 222, Unk. prob.: 2.326e-01
Upper probs: 7.674e-01, Lower probs: 0.000e+00
No. of non-dominant refs: 10627, Survival refs: 10608, Failure refs: 19
Batch update: 48 refs added, 0 existing refs removed (0 new refs dominated)
Survival: 48 refs added, 0 removed (from 48 candidates)
Coverage-aware round: 108/23257 unclassified samples covered by 48 new refs
---
Round: 223, Unk. prob.: 2.326e-01
Upper probs: 7.674e-01, Lower probs: 0.000e+00
No. of non-dominant refs: 10675, Survival refs: 10656, Failure refs: 19
Batch update: 48 refs added, 0 existing refs removed (0 new refs dominated)
Survival: 48 refs added, 0 removed (from 48 candidates)
Coverage-aware round: 126/23383 unclassified samples covered by 48 new refs
---
Round: 224, Unk. prob.: 2.338e-01
Upper probs: 7.662e-01, Lower probs: 0.000e+00
No. of non-dominant refs: 10723, Survival refs: 10704, Failure refs: 19
Batch update: 48 refs added, 0 existing refs removed (0 new refs dominated)
Survival: 48 refs added, 0 removed (from 48 candidates)
Coverage-aware round: 112/23395 unclassified samples covered by 48 new refs
---
Round: 225, Unk. prob.: 2.339e-01
Upper probs: 7.661e-01, Lower probs: 0.000e+00
No. of non-dominant refs: 10771, Survival refs: 10752, Failure refs: 19
Batch update: 48 refs added, 0 existing refs removed (0 new refs dominated)
Survival: 48 refs added, 0 removed (from 48 candidates)
Coverage-aware round: 127/23343 unclassified samples covered by 48 new refs
---
Round: 226, Unk. prob.: 2.334e-01
Upper probs: 7.666e-01, Lower probs: 0.000e+00
No. of non-dominant refs: 10819, Survival refs: 10800, Failure refs: 19
Batch update: 48 refs added, 0 existing refs removed (0 new refs dominated)
Survival: 48 refs added, 0 removed (from 48 candidates)
Coverage-aware round: 122/23207 unclassified samples covered by 48 new refs
---
Round: 227, Unk. prob.: 2.321e-01
Upper probs: 7.679e-01, Lower probs: 0.000e+00
No. of non-dominant refs: 10867, Survival refs: 10848, Failure refs: 19
Batch update: 48 refs added, 0 existing refs removed (0 new refs dominated)
Survival: 48 refs added, 0 removed (from 48 candidates)
Coverage-aware round: 112/22977 unclassified samples covered by 48 new refs
---
Round: 228, Unk. prob.: 2.298e-01
Upper probs: 7.702e-01, Lower probs: 0.000e+00
No. of non-dominant refs: 10915, Survival refs: 10896, Failure refs: 19
Batch update: 48 refs added, 0 existing refs removed (0 new refs dominated)
Survival: 48 refs added, 0 removed (from 48 candidates)
Coverage-aware round: 107/23178 unclassified samples covered by 48 new refs
---
Round: 229, Unk. prob.: 2.318e-01
Upper probs: 7.682e-01, Lower probs: 0.000e+00
No. of non-dominant refs: 10963, Survival refs: 10944, Failure refs: 19
Batch update: 48 refs added, 0 existing refs removed (0 new refs dominated)
Survival: 48 refs added, 0 removed (from 48 candidates)
Coverage-aware round: 107/23091 unclassified samples covered by 48 new refs
---
Round: 230, Unk. prob.: 2.309e-01
Upper probs: 7.691e-01, Lower probs: 0.000e+00
No. of non-dominant refs: 11011, Survival refs: 10992, Failure refs: 19
Batch update: 48 refs added, 0 existing refs removed (0 new refs dominated)
Survival: 48 refs added, 0 removed (from 48 candidates)
Coverage-aware round: 129/22933 unclassified samples covered by 48 new refs
---
Round: 231, Unk. prob.: 2.293e-01
Upper probs: 7.707e-01, Lower probs: 0.000e+00
No. of non-dominant refs: 11059, Survival refs: 11040, Failure refs: 19
Batch update: 48 refs added, 0 existing refs removed (0 new refs dominated)
Survival: 48 refs added, 0 removed (from 48 candidates)
Coverage-aware round: 110/23063 unclassified samples covered by 48 new refs
---
Round: 232, Unk. prob.: 2.306e-01
Upper probs: 7.694e-01, Lower probs: 0.000e+00
No. of non-dominant refs: 11107, Survival refs: 11088, Failure refs: 19
Batch update: 48 refs added, 0 existing refs removed (0 new refs dominated)
Survival: 48 refs added, 0 removed (from 48 candidates)
Coverage-aware round: 111/22993 unclassified samples covered by 48 new refs
---
Round: 233, Unk. prob.: 2.299e-01
Upper probs: 7.701e-01, Lower probs: 0.000e+00
No. of non-dominant refs: 11155, Survival refs: 11136, Failure refs: 19
Batch update: 48 refs added, 0 existing refs removed (0 new refs dominated)
Survival: 48 refs added, 0 removed (from 48 candidates)
Coverage-aware round: 110/23057 unclassified samples covered by 48 new refs
---
Round: 234, Unk. prob.: 2.306e-01
Upper probs: 7.694e-01, Lower probs: 0.000e+00
No. of non-dominant refs: 11203, Survival refs: 11184, Failure refs: 19
Batch update: 48 refs added, 0 existing refs removed (0 new refs dominated)
Survival: 48 refs added, 0 removed (from 48 candidates)
Coverage-aware round: 118/23041 unclassified samples covered by 48 new refs
---
Round: 235, Unk. prob.: 2.304e-01
Upper probs: 7.696e-01, Lower probs: 0.000e+00
No. of non-dominant refs: 11251, Survival refs: 11232, Failure refs: 19
Batch update: 48 refs added, 0 existing refs removed (0 new refs dominated)
Survival: 48 refs added, 0 removed (from 48 candidates)
Coverage-aware round: 92/22787 unclassified samples covered by 48 new refs
---
Round: 236, Unk. prob.: 2.279e-01
Upper probs: 7.721e-01, Lower probs: 0.000e+00
No. of non-dominant refs: 11299, Survival refs: 11280, Failure refs: 19
Batch update: 48 refs added, 0 existing refs removed (0 new refs dominated)
Survival: 48 refs added, 0 removed (from 48 candidates)
Coverage-aware round: 121/23159 unclassified samples covered by 48 new refs
---
Round: 237, Unk. prob.: 2.316e-01
Upper probs: 7.684e-01, Lower probs: 0.000e+00
No. of non-dominant refs: 11347, Survival refs: 11328, Failure refs: 19
Batch update: 48 refs added, 0 existing refs removed (0 new refs dominated)
Survival: 48 refs added, 0 removed (from 48 candidates)
Coverage-aware round: 114/23080 unclassified samples covered by 48 new refs
---
Round: 238, Unk. prob.: 2.308e-01
Upper probs: 7.692e-01, Lower probs: 0.000e+00
No. of non-dominant refs: 11395, Survival refs: 11376, Failure refs: 19
Batch update: 48 refs added, 0 existing refs removed (0 new refs dominated)
Survival: 48 refs added, 0 removed (from 48 candidates)
Coverage-aware round: 99/22762 unclassified samples covered by 48 new refs
---
Round: 239, Unk. prob.: 2.276e-01
Upper probs: 7.724e-01, Lower probs: 0.000e+00
No. of non-dominant refs: 11443, Survival refs: 11424, Failure refs: 19
Batch update: 48 refs added, 0 existing refs removed (0 new refs dominated)
Survival: 48 refs added, 0 removed (from 48 candidates)
Coverage-aware round: 104/22760 unclassified samples covered by 48 new refs
---
Round: 240, Unk. prob.: 2.276e-01
Upper probs: 7.724e-01, Lower probs: 0.000e+00
No. of non-dominant refs: 11491, Survival refs: 11472, Failure refs: 19
Batch update: 48 refs added, 0 existing refs removed (0 new refs dominated)
Survival: 48 refs added, 0 removed (from 48 candidates)
Coverage-aware round: 124/22667 unclassified samples covered by 48 new refs
---
Round: 241, Unk. prob.: 2.267e-01
Upper probs: 7.733e-01, Lower probs: 0.000e+00
No. of non-dominant refs: 11539, Survival refs: 11520, Failure refs: 19
Batch update: 48 refs added, 0 existing refs removed (0 new refs dominated)
Survival: 48 refs added, 0 removed (from 48 candidates)
Coverage-aware round: 97/22812 unclassified samples covered by 48 new refs
---
Round: 242, Unk. prob.: 2.281e-01
Upper probs: 7.719e-01, Lower probs: 0.000e+00
No. of non-dominant refs: 11587, Survival refs: 11568, Failure refs: 19
Batch update: 48 refs added, 0 existing refs removed (0 new refs dominated)
Survival: 48 refs added, 0 removed (from 48 candidates)
Coverage-aware round: 117/22758 unclassified samples covered by 48 new refs
---
Round: 243, Unk. prob.: 2.276e-01
Upper probs: 7.724e-01, Lower probs: 0.000e+00
No. of non-dominant refs: 11635, Survival refs: 11616, Failure refs: 19
Batch update: 48 refs added, 0 existing refs removed (0 new refs dominated)
Survival: 48 refs added, 0 removed (from 48 candidates)
Coverage-aware round: 111/22631 unclassified samples covered by 48 new refs
---
Round: 244, Unk. prob.: 2.263e-01
Upper probs: 7.737e-01, Lower probs: 0.000e+00
No. of non-dominant refs: 11683, Survival refs: 11664, Failure refs: 19
Batch update: 48 refs added, 0 existing refs removed (0 new refs dominated)
Survival: 48 refs added, 0 removed (from 48 candidates)
Coverage-aware round: 123/22680 unclassified samples covered by 48 new refs
---
Round: 245, Unk. prob.: 2.268e-01
Upper probs: 7.732e-01, Lower probs: 0.000e+00
No. of non-dominant refs: 11731, Survival refs: 11712, Failure refs: 19
Batch update: 48 refs added, 0 existing refs removed (0 new refs dominated)
Survival: 48 refs added, 0 removed (from 48 candidates)
Coverage-aware round: 106/22373 unclassified samples covered by 48 new refs
---
Round: 246, Unk. prob.: 2.237e-01
Upper probs: 7.763e-01, Lower probs: 0.000e+00
No. of non-dominant refs: 11779, Survival refs: 11760, Failure refs: 19
Batch update: 48 refs added, 0 existing refs removed (0 new refs dominated)
Survival: 48 refs added, 0 removed (from 48 candidates)
Coverage-aware round: 96/22651 unclassified samples covered by 48 new refs
---
Round: 247, Unk. prob.: 2.265e-01
Upper probs: 7.735e-01, Lower probs: 0.000e+00
No. of non-dominant refs: 11827, Survival refs: 11808, Failure refs: 19
Batch update: 48 refs added, 0 existing refs removed (0 new refs dominated)
Survival: 48 refs added, 0 removed (from 48 candidates)
Coverage-aware round: 115/22641 unclassified samples covered by 48 new refs
---
Round: 248, Unk. prob.: 2.264e-01
Upper probs: 7.736e-01, Lower probs: 0.000e+00
No. of non-dominant refs: 11875, Survival refs: 11856, Failure refs: 19
Batch update: 48 refs added, 0 existing refs removed (0 new refs dominated)
Survival: 48 refs added, 0 removed (from 48 candidates)
Coverage-aware round: 110/22608 unclassified samples covered by 48 new refs
---
Round: 249, Unk. prob.: 2.261e-01
Upper probs: 7.739e-01, Lower probs: 0.000e+00
No. of non-dominant refs: 11923, Survival refs: 11904, Failure refs: 19
Batch update: 48 refs added, 0 existing refs removed (0 new refs dominated)
Survival: 48 refs added, 0 removed (from 48 candidates)
Coverage-aware round: 90/22290 unclassified samples covered by 48 new refs
---
Round: 250, Unk. prob.: 2.229e-01
Upper probs: 7.771e-01, Lower probs: 0.000e+00
No. of non-dominant refs: 11971, Survival refs: 11952, Failure refs: 19
Batch update: 48 refs added, 0 existing refs removed (0 new refs dominated)
Survival: 48 refs added, 0 removed (from 48 candidates)
Batch update: 2 refs added, 0 existing refs removed (0 new refs dominated)
Failure: 2 refs added, 0 removed (from 2 candidates)
Coverage-aware round: 129/22625 unclassified samples covered by 50 new refs
---
Round: 251, Unk. prob.: 2.263e-01
Upper probs: 7.738e-01, Lower probs: 0.000e+00
No. of non-dominant refs: 12021, Survival refs: 12000, Failure refs: 21
Batch update: 48 refs added, 0 existing refs removed (0 new refs dominated)
Survival: 48 refs added, 0 removed (from 48 candidates)
Coverage-aware round: 120/22378 unclassified samples covered by 48 new refs
---
Round: 252, Unk. prob.: 2.238e-01
Upper probs: 7.762e-01, Lower probs: 0.000e+00
No. of non-dominant refs: 12069, Survival refs: 12048, Failure refs: 21
Batch update: 48 refs added, 0 existing refs removed (0 new refs dominated)
Survival: 48 refs added, 0 removed (from 48 candidates)
Coverage-aware round: 139/22519 unclassified samples covered by 48 new refs
---
Round: 253, Unk. prob.: 2.252e-01
Upper probs: 7.748e-01, Lower probs: 0.000e+00
No. of non-dominant refs: 12117, Survival refs: 12096, Failure refs: 21
Batch update: 48 refs added, 0 existing refs removed (0 new refs dominated)
Survival: 48 refs added, 0 removed (from 48 candidates)
Coverage-aware round: 103/22499 unclassified samples covered by 48 new refs
---
Round: 254, Unk. prob.: 2.250e-01
Upper probs: 7.750e-01, Lower probs: 0.000e+00
No. of non-dominant refs: 12165, Survival refs: 12144, Failure refs: 21
Batch update: 48 refs added, 0 existing refs removed (0 new refs dominated)
Survival: 48 refs added, 0 removed (from 48 candidates)
Coverage-aware round: 117/22179 unclassified samples covered by 48 new refs
---
Round: 255, Unk. prob.: 2.218e-01
Upper probs: 7.782e-01, Lower probs: 0.000e+00
No. of non-dominant refs: 12213, Survival refs: 12192, Failure refs: 21
Batch update: 48 refs added, 0 existing refs removed (0 new refs dominated)
Survival: 48 refs added, 0 removed (from 48 candidates)
Coverage-aware round: 119/22296 unclassified samples covered by 48 new refs
---
Round: 256, Unk. prob.: 2.230e-01
Upper probs: 7.770e-01, Lower probs: 0.000e+00
No. of non-dominant refs: 12261, Survival refs: 12240, Failure refs: 21
Batch update: 48 refs added, 0 existing refs removed (0 new refs dominated)
Survival: 48 refs added, 0 removed (from 48 candidates)
Coverage-aware round: 107/22101 unclassified samples covered by 48 new refs
---
Round: 257, Unk. prob.: 2.210e-01
Upper probs: 7.790e-01, Lower probs: 0.000e+00
No. of non-dominant refs: 12309, Survival refs: 12288, Failure refs: 21
Batch update: 48 refs added, 0 existing refs removed (0 new refs dominated)
Survival: 48 refs added, 0 removed (from 48 candidates)
Coverage-aware round: 116/22112 unclassified samples covered by 48 new refs
---
Round: 258, Unk. prob.: 2.211e-01
Upper probs: 7.789e-01, Lower probs: 1.000e-05
No. of non-dominant refs: 12357, Survival refs: 12336, Failure refs: 21
Batch update: 48 refs added, 0 existing refs removed (0 new refs dominated)
Survival: 48 refs added, 0 removed (from 48 candidates)
Coverage-aware round: 120/22185 unclassified samples covered by 48 new refs
---
Round: 259, Unk. prob.: 2.218e-01
Upper probs: 7.782e-01, Lower probs: 0.000e+00
No. of non-dominant refs: 12405, Survival refs: 12384, Failure refs: 21
Batch update: 48 refs added, 0 existing refs removed (0 new refs dominated)
Survival: 48 refs added, 0 removed (from 48 candidates)
Coverage-aware round: 116/22284 unclassified samples covered by 48 new refs
---
Round: 260, Unk. prob.: 2.228e-01
Upper probs: 7.772e-01, Lower probs: 0.000e+00
No. of non-dominant refs: 12453, Survival refs: 12432, Failure refs: 21
Batch update: 48 refs added, 0 existing refs removed (0 new refs dominated)
Survival: 48 refs added, 0 removed (from 48 candidates)
Coverage-aware round: 102/21926 unclassified samples covered by 48 new refs
---
Round: 261, Unk. prob.: 2.193e-01
Upper probs: 7.807e-01, Lower probs: 0.000e+00
No. of non-dominant refs: 12501, Survival refs: 12480, Failure refs: 21
Batch update: 48 refs added, 0 existing refs removed (0 new refs dominated)
Survival: 48 refs added, 0 removed (from 48 candidates)
Coverage-aware round: 113/21911 unclassified samples covered by 48 new refs
---
Round: 262, Unk. prob.: 2.191e-01
Upper probs: 7.809e-01, Lower probs: 0.000e+00
No. of non-dominant refs: 12549, Survival refs: 12528, Failure refs: 21
Batch update: 48 refs added, 0 existing refs removed (0 new refs dominated)
Survival: 48 refs added, 0 removed (from 48 candidates)
Coverage-aware round: 101/21996 unclassified samples covered by 48 new refs
---
Round: 263, Unk. prob.: 2.200e-01
Upper probs: 7.800e-01, Lower probs: 0.000e+00
No. of non-dominant refs: 12597, Survival refs: 12576, Failure refs: 21
Batch update: 48 refs added, 0 existing refs removed (0 new refs dominated)
Survival: 48 refs added, 0 removed (from 48 candidates)
Coverage-aware round: 95/22103 unclassified samples covered by 48 new refs
---
Round: 264, Unk. prob.: 2.210e-01
Upper probs: 7.790e-01, Lower probs: 1.000e-05
No. of non-dominant refs: 12645, Survival refs: 12624, Failure refs: 21
Batch update: 48 refs added, 0 existing refs removed (0 new refs dominated)
Survival: 48 refs added, 0 removed (from 48 candidates)
Coverage-aware round: 99/21903 unclassified samples covered by 48 new refs
---
Round: 265, Unk. prob.: 2.190e-01
Upper probs: 7.810e-01, Lower probs: 0.000e+00
No. of non-dominant refs: 12693, Survival refs: 12672, Failure refs: 21
Batch update: 48 refs added, 0 existing refs removed (0 new refs dominated)
Survival: 48 refs added, 0 removed (from 48 candidates)
Coverage-aware round: 106/21859 unclassified samples covered by 48 new refs
---
Round: 266, Unk. prob.: 2.186e-01
Upper probs: 7.814e-01, Lower probs: 0.000e+00
No. of non-dominant refs: 12741, Survival refs: 12720, Failure refs: 21
Batch update: 48 refs added, 0 existing refs removed (0 new refs dominated)
Survival: 48 refs added, 0 removed (from 48 candidates)
Coverage-aware round: 116/22110 unclassified samples covered by 48 new refs
---
Round: 267, Unk. prob.: 2.211e-01
Upper probs: 7.789e-01, Lower probs: 0.000e+00
No. of non-dominant refs: 12789, Survival refs: 12768, Failure refs: 21
Batch update: 48 refs added, 0 existing refs removed (0 new refs dominated)
Survival: 48 refs added, 0 removed (from 48 candidates)
Coverage-aware round: 109/22027 unclassified samples covered by 48 new refs
---
Round: 268, Unk. prob.: 2.203e-01
Upper probs: 7.797e-01, Lower probs: 0.000e+00
No. of non-dominant refs: 12837, Survival refs: 12816, Failure refs: 21
Batch update: 48 refs added, 0 existing refs removed (0 new refs dominated)
Survival: 48 refs added, 0 removed (from 48 candidates)
Coverage-aware round: 109/21990 unclassified samples covered by 48 new refs
---
Round: 269, Unk. prob.: 2.199e-01
Upper probs: 7.801e-01, Lower probs: 0.000e+00
No. of non-dominant refs: 12885, Survival refs: 12864, Failure refs: 21
Batch update: 48 refs added, 0 existing refs removed (0 new refs dominated)
Survival: 48 refs added, 0 removed (from 48 candidates)
Coverage-aware round: 93/21777 unclassified samples covered by 48 new refs
---
Round: 270, Unk. prob.: 2.178e-01
Upper probs: 7.822e-01, Lower probs: 0.000e+00
No. of non-dominant refs: 12933, Survival refs: 12912, Failure refs: 21
Batch update: 48 refs added, 0 existing refs removed (0 new refs dominated)
Survival: 48 refs added, 0 removed (from 48 candidates)
Coverage-aware round: 104/21825 unclassified samples covered by 48 new refs
---
Round: 271, Unk. prob.: 2.182e-01
Upper probs: 7.817e-01, Lower probs: 0.000e+00
No. of non-dominant refs: 12981, Survival refs: 12960, Failure refs: 21
Batch update: 48 refs added, 0 existing refs removed (0 new refs dominated)
Survival: 48 refs added, 0 removed (from 48 candidates)
Coverage-aware round: 100/21712 unclassified samples covered by 48 new refs
---
Round: 272, Unk. prob.: 2.171e-01
Upper probs: 7.829e-01, Lower probs: 0.000e+00
No. of non-dominant refs: 13029, Survival refs: 13008, Failure refs: 21
Batch update: 48 refs added, 0 existing refs removed (0 new refs dominated)
Survival: 48 refs added, 0 removed (from 48 candidates)
Coverage-aware round: 112/21755 unclassified samples covered by 48 new refs
---
Round: 273, Unk. prob.: 2.175e-01
Upper probs: 7.824e-01, Lower probs: 0.000e+00
No. of non-dominant refs: 13077, Survival refs: 13056, Failure refs: 21
Batch update: 48 refs added, 0 existing refs removed (0 new refs dominated)
Survival: 48 refs added, 0 removed (from 48 candidates)
Coverage-aware round: 116/21913 unclassified samples covered by 48 new refs
---
Round: 274, Unk. prob.: 2.191e-01
Upper probs: 7.809e-01, Lower probs: 0.000e+00
No. of non-dominant refs: 13125, Survival refs: 13104, Failure refs: 21
Batch update: 48 refs added, 0 existing refs removed (0 new refs dominated)
Survival: 48 refs added, 0 removed (from 48 candidates)
Coverage-aware round: 114/21825 unclassified samples covered by 48 new refs
---
Round: 275, Unk. prob.: 2.182e-01
Upper probs: 7.817e-01, Lower probs: 1.000e-05
No. of non-dominant refs: 13173, Survival refs: 13152, Failure refs: 21
Batch update: 48 refs added, 0 existing refs removed (0 new refs dominated)
Survival: 48 refs added, 0 removed (from 48 candidates)
Coverage-aware round: 107/21832 unclassified samples covered by 48 new refs
---
Round: 276, Unk. prob.: 2.183e-01
Upper probs: 7.817e-01, Lower probs: 0.000e+00
No. of non-dominant refs: 13221, Survival refs: 13200, Failure refs: 21
Batch update: 48 refs added, 0 existing refs removed (0 new refs dominated)
Survival: 48 refs added, 0 removed (from 48 candidates)
Coverage-aware round: 127/21762 unclassified samples covered by 48 new refs
---
Round: 277, Unk. prob.: 2.176e-01
Upper probs: 7.824e-01, Lower probs: 0.000e+00
No. of non-dominant refs: 13269, Survival refs: 13248, Failure refs: 21
Batch update: 48 refs added, 0 existing refs removed (0 new refs dominated)
Survival: 48 refs added, 0 removed (from 48 candidates)
Batch update: 1 refs added, 0 existing refs removed (0 new refs dominated)
Failure: 1 refs added, 0 removed (from 1 candidates)
Coverage-aware round: 96/21849 unclassified samples covered by 49 new refs
---
Round: 278, Unk. prob.: 2.185e-01
Upper probs: 7.815e-01, Lower probs: 0.000e+00
No. of non-dominant refs: 13318, Survival refs: 13296, Failure refs: 22
Batch update: 48 refs added, 0 existing refs removed (0 new refs dominated)
Survival: 48 refs added, 0 removed (from 48 candidates)
Coverage-aware round: 101/21395 unclassified samples covered by 48 new refs
---
Round: 279, Unk. prob.: 2.140e-01
Upper probs: 7.861e-01, Lower probs: 0.000e+00
No. of non-dominant refs: 13366, Survival refs: 13344, Failure refs: 22
Batch update: 48 refs added, 0 existing refs removed (0 new refs dominated)
Survival: 48 refs added, 0 removed (from 48 candidates)
Coverage-aware round: 104/21615 unclassified samples covered by 48 new refs
---
Round: 280, Unk. prob.: 2.162e-01
Upper probs: 7.839e-01, Lower probs: 0.000e+00
No. of non-dominant refs: 13414, Survival refs: 13392, Failure refs: 22
Batch update: 48 refs added, 0 existing refs removed (0 new refs dominated)
Survival: 48 refs added, 0 removed (from 48 candidates)
Coverage-aware round: 109/21745 unclassified samples covered by 48 new refs
---
Round: 281, Unk. prob.: 2.175e-01
Upper probs: 7.825e-01, Lower probs: 1.000e-05
No. of non-dominant refs: 13462, Survival refs: 13440, Failure refs: 22
Batch update: 48 refs added, 0 existing refs removed (0 new refs dominated)
Survival: 48 refs added, 0 removed (from 48 candidates)
Batch update: 3 refs added, 0 existing refs removed (0 new refs dominated)
Failure: 3 refs added, 0 removed (from 3 candidates)
Coverage-aware round: 114/21586 unclassified samples covered by 51 new refs
---
Round: 282, Unk. prob.: 2.159e-01
Upper probs: 7.841e-01, Lower probs: 0.000e+00
No. of non-dominant refs: 13513, Survival refs: 13488, Failure refs: 25
Batch update: 48 refs added, 0 existing refs removed (0 new refs dominated)
Survival: 48 refs added, 0 removed (from 48 candidates)
Coverage-aware round: 100/21369 unclassified samples covered by 48 new refs
---
Round: 283, Unk. prob.: 2.137e-01
Upper probs: 7.863e-01, Lower probs: 0.000e+00
No. of non-dominant refs: 13561, Survival refs: 13536, Failure refs: 25
Batch update: 48 refs added, 0 existing refs removed (0 new refs dominated)
Survival: 48 refs added, 0 removed (from 48 candidates)
Coverage-aware round: 103/21617 unclassified samples covered by 48 new refs
---
Round: 284, Unk. prob.: 2.162e-01
Upper probs: 7.838e-01, Lower probs: 0.000e+00
No. of non-dominant refs: 13609, Survival refs: 13584, Failure refs: 25
Batch update: 48 refs added, 0 existing refs removed (0 new refs dominated)
Survival: 48 refs added, 0 removed (from 48 candidates)
Coverage-aware round: 110/21498 unclassified samples covered by 48 new refs
---
Round: 285, Unk. prob.: 2.150e-01
Upper probs: 7.850e-01, Lower probs: 1.000e-05
No. of non-dominant refs: 13657, Survival refs: 13632, Failure refs: 25
Batch update: 48 refs added, 0 existing refs removed (0 new refs dominated)
Survival: 48 refs added, 0 removed (from 48 candidates)
Coverage-aware round: 102/21504 unclassified samples covered by 48 new refs
---
Round: 286, Unk. prob.: 2.150e-01
Upper probs: 7.850e-01, Lower probs: 0.000e+00
No. of non-dominant refs: 13705, Survival refs: 13680, Failure refs: 25
Batch update: 48 refs added, 0 existing refs removed (0 new refs dominated)
Survival: 48 refs added, 0 removed (from 48 candidates)
Coverage-aware round: 91/21364 unclassified samples covered by 48 new refs
---
Round: 287, Unk. prob.: 2.136e-01
Upper probs: 7.864e-01, Lower probs: 0.000e+00
No. of non-dominant refs: 13753, Survival refs: 13728, Failure refs: 25
Batch update: 48 refs added, 0 existing refs removed (0 new refs dominated)
Survival: 48 refs added, 0 removed (from 48 candidates)
Coverage-aware round: 95/21434 unclassified samples covered by 48 new refs
---
Round: 288, Unk. prob.: 2.143e-01
Upper probs: 7.857e-01, Lower probs: 0.000e+00
No. of non-dominant refs: 13801, Survival refs: 13776, Failure refs: 25
Batch update: 48 refs added, 0 existing refs removed (0 new refs dominated)
Survival: 48 refs added, 0 removed (from 48 candidates)
Coverage-aware round: 106/21064 unclassified samples covered by 48 new refs
---
Round: 289, Unk. prob.: 2.106e-01
Upper probs: 7.894e-01, Lower probs: 0.000e+00
No. of non-dominant refs: 13849, Survival refs: 13824, Failure refs: 25
Batch update: 48 refs added, 0 existing refs removed (0 new refs dominated)
Survival: 48 refs added, 0 removed (from 48 candidates)
Coverage-aware round: 117/21421 unclassified samples covered by 48 new refs
---
Round: 290, Unk. prob.: 2.142e-01
Upper probs: 7.858e-01, Lower probs: 0.000e+00
No. of non-dominant refs: 13897, Survival refs: 13872, Failure refs: 25
Batch update: 48 refs added, 0 existing refs removed (0 new refs dominated)
Survival: 48 refs added, 0 removed (from 48 candidates)
Coverage-aware round: 104/21390 unclassified samples covered by 48 new refs
---
Round: 291, Unk. prob.: 2.139e-01
Upper probs: 7.861e-01, Lower probs: 0.000e+00
No. of non-dominant refs: 13945, Survival refs: 13920, Failure refs: 25
Batch update: 48 refs added, 0 existing refs removed (0 new refs dominated)
Survival: 48 refs added, 0 removed (from 48 candidates)
Coverage-aware round: 104/21420 unclassified samples covered by 48 new refs
---
Round: 292, Unk. prob.: 2.142e-01
Upper probs: 7.858e-01, Lower probs: 0.000e+00
No. of non-dominant refs: 13993, Survival refs: 13968, Failure refs: 25
Batch update: 48 refs added, 0 existing refs removed (0 new refs dominated)
Survival: 48 refs added, 0 removed (from 48 candidates)
Coverage-aware round: 99/21383 unclassified samples covered by 48 new refs
---
Round: 293, Unk. prob.: 2.138e-01
Upper probs: 7.862e-01, Lower probs: 0.000e+00
No. of non-dominant refs: 14041, Survival refs: 14016, Failure refs: 25
Batch update: 48 refs added, 0 existing refs removed (0 new refs dominated)
Survival: 48 refs added, 0 removed (from 48 candidates)
Coverage-aware round: 95/21063 unclassified samples covered by 48 new refs
---
Round: 294, Unk. prob.: 2.106e-01
Upper probs: 7.894e-01, Lower probs: 0.000e+00
No. of non-dominant refs: 14089, Survival refs: 14064, Failure refs: 25
Batch update: 48 refs added, 0 existing refs removed (0 new refs dominated)
Survival: 48 refs added, 0 removed (from 48 candidates)
Coverage-aware round: 100/21179 unclassified samples covered by 48 new refs
---
Round: 295, Unk. prob.: 2.118e-01
Upper probs: 7.882e-01, Lower probs: 0.000e+00
No. of non-dominant refs: 14137, Survival refs: 14112, Failure refs: 25
Batch update: 48 refs added, 0 existing refs removed (0 new refs dominated)
Survival: 48 refs added, 0 removed (from 48 candidates)
Coverage-aware round: 106/21316 unclassified samples covered by 48 new refs
---
Round: 296, Unk. prob.: 2.132e-01
Upper probs: 7.868e-01, Lower probs: 0.000e+00
No. of non-dominant refs: 14185, Survival refs: 14160, Failure refs: 25
Batch update: 48 refs added, 0 existing refs removed (0 new refs dominated)
Survival: 48 refs added, 0 removed (from 48 candidates)
Coverage-aware round: 99/21349 unclassified samples covered by 48 new refs
---
Round: 297, Unk. prob.: 2.135e-01
Upper probs: 7.865e-01, Lower probs: 0.000e+00
No. of non-dominant refs: 14233, Survival refs: 14208, Failure refs: 25
Batch update: 48 refs added, 0 existing refs removed (0 new refs dominated)
Survival: 48 refs added, 0 removed (from 48 candidates)
Coverage-aware round: 104/21484 unclassified samples covered by 48 new refs
---
Round: 298, Unk. prob.: 2.148e-01
Upper probs: 7.852e-01, Lower probs: 0.000e+00
No. of non-dominant refs: 14281, Survival refs: 14256, Failure refs: 25
Batch update: 48 refs added, 0 existing refs removed (0 new refs dominated)
Survival: 48 refs added, 0 removed (from 48 candidates)
Coverage-aware round: 99/21496 unclassified samples covered by 48 new refs
---
Round: 299, Unk. prob.: 2.150e-01
Upper probs: 7.850e-01, Lower probs: 0.000e+00
No. of non-dominant refs: 14329, Survival refs: 14304, Failure refs: 25
Batch update: 48 refs added, 0 existing refs removed (0 new refs dominated)
Survival: 48 refs added, 0 removed (from 48 candidates)
Coverage-aware round: 97/21048 unclassified samples covered by 48 new refs
---
Round: 300, Unk. prob.: 2.105e-01
Upper probs: 7.895e-01, Lower probs: 0.000e+00
No. of non-dominant refs: 14377, Survival refs: 14352, Failure refs: 25
Batch update: 48 refs added, 0 existing refs removed (0 new refs dominated)
Survival: 48 refs added, 0 removed (from 48 candidates)
Coverage-aware round: 93/21001 unclassified samples covered by 48 new refs
---
Round: 301, Unk. prob.: 2.100e-01
Upper probs: 7.900e-01, Lower probs: 0.000e+00
No. of non-dominant refs: 14425, Survival refs: 14400, Failure refs: 25
Batch update: 48 refs added, 0 existing refs removed (0 new refs dominated)
Survival: 48 refs added, 0 removed (from 48 candidates)
Coverage-aware round: 114/21224 unclassified samples covered by 48 new refs
---
Round: 302, Unk. prob.: 2.122e-01
Upper probs: 7.878e-01, Lower probs: 0.000e+00
No. of non-dominant refs: 14473, Survival refs: 14448, Failure refs: 25
Batch update: 48 refs added, 0 existing refs removed (0 new refs dominated)
Survival: 48 refs added, 0 removed (from 48 candidates)
Coverage-aware round: 108/20963 unclassified samples covered by 48 new refs
---
Round: 303, Unk. prob.: 2.096e-01
Upper probs: 7.904e-01, Lower probs: 0.000e+00
No. of non-dominant refs: 14521, Survival refs: 14496, Failure refs: 25
Batch update: 48 refs added, 0 existing refs removed (0 new refs dominated)
Survival: 48 refs added, 0 removed (from 48 candidates)
Coverage-aware round: 100/21170 unclassified samples covered by 48 new refs
---
Round: 304, Unk. prob.: 2.117e-01
Upper probs: 7.883e-01, Lower probs: 0.000e+00
No. of non-dominant refs: 14569, Survival refs: 14544, Failure refs: 25
Batch update: 48 refs added, 0 existing refs removed (0 new refs dominated)
Survival: 48 refs added, 0 removed (from 48 candidates)
Coverage-aware round: 97/20956 unclassified samples covered by 48 new refs
---
Round: 305, Unk. prob.: 2.096e-01
Upper probs: 7.904e-01, Lower probs: 0.000e+00
No. of non-dominant refs: 14617, Survival refs: 14592, Failure refs: 25
Batch update: 48 refs added, 0 existing refs removed (0 new refs dominated)
Survival: 48 refs added, 0 removed (from 48 candidates)
Coverage-aware round: 113/20927 unclassified samples covered by 48 new refs
---
Round: 306, Unk. prob.: 2.093e-01
Upper probs: 7.907e-01, Lower probs: 0.000e+00
No. of non-dominant refs: 14665, Survival refs: 14640, Failure refs: 25
Batch update: 48 refs added, 0 existing refs removed (0 new refs dominated)
Survival: 48 refs added, 0 removed (from 48 candidates)
Coverage-aware round: 105/20695 unclassified samples covered by 48 new refs
---
Round: 307, Unk. prob.: 2.069e-01
Upper probs: 7.931e-01, Lower probs: 0.000e+00
No. of non-dominant refs: 14713, Survival refs: 14688, Failure refs: 25
Batch update: 48 refs added, 0 existing refs removed (0 new refs dominated)
Survival: 48 refs added, 0 removed (from 48 candidates)
Coverage-aware round: 84/21113 unclassified samples covered by 48 new refs
---
Round: 308, Unk. prob.: 2.111e-01
Upper probs: 7.889e-01, Lower probs: 0.000e+00
No. of non-dominant refs: 14761, Survival refs: 14736, Failure refs: 25
Batch update: 48 refs added, 0 existing refs removed (0 new refs dominated)
Survival: 48 refs added, 0 removed (from 48 candidates)
Coverage-aware round: 84/20797 unclassified samples covered by 48 new refs
---
Round: 309, Unk. prob.: 2.080e-01
Upper probs: 7.920e-01, Lower probs: 0.000e+00
No. of non-dominant refs: 14809, Survival refs: 14784, Failure refs: 25
Batch update: 48 refs added, 0 existing refs removed (0 new refs dominated)
Survival: 48 refs added, 0 removed (from 48 candidates)
Coverage-aware round: 94/21047 unclassified samples covered by 48 new refs
---
Round: 310, Unk. prob.: 2.105e-01
Upper probs: 7.895e-01, Lower probs: 0.000e+00
No. of non-dominant refs: 14857, Survival refs: 14832, Failure refs: 25
Batch update: 48 refs added, 0 existing refs removed (0 new refs dominated)
Survival: 48 refs added, 0 removed (from 48 candidates)
Coverage-aware round: 111/20927 unclassified samples covered by 48 new refs
---
Round: 311, Unk. prob.: 2.093e-01
Upper probs: 7.907e-01, Lower probs: 0.000e+00
No. of non-dominant refs: 14905, Survival refs: 14880, Failure refs: 25
Batch update: 48 refs added, 0 existing refs removed (0 new refs dominated)
Survival: 48 refs added, 0 removed (from 48 candidates)
Coverage-aware round: 102/21028 unclassified samples covered by 48 new refs
---
Round: 312, Unk. prob.: 2.103e-01
Upper probs: 7.897e-01, Lower probs: 0.000e+00
No. of non-dominant refs: 14953, Survival refs: 14928, Failure refs: 25
Batch update: 48 refs added, 0 existing refs removed (0 new refs dominated)
Survival: 48 refs added, 0 removed (from 48 candidates)
Coverage-aware round: 96/20963 unclassified samples covered by 48 new refs
---
Round: 313, Unk. prob.: 2.096e-01
Upper probs: 7.904e-01, Lower probs: 0.000e+00
No. of non-dominant refs: 15001, Survival refs: 14976, Failure refs: 25
Batch update: 48 refs added, 0 existing refs removed (0 new refs dominated)
Survival: 48 refs added, 0 removed (from 48 candidates)
Coverage-aware round: 109/21007 unclassified samples covered by 48 new refs
---
Round: 314, Unk. prob.: 2.101e-01
Upper probs: 7.899e-01, Lower probs: 0.000e+00
No. of non-dominant refs: 15049, Survival refs: 15024, Failure refs: 25
Batch update: 48 refs added, 0 existing refs removed (0 new refs dominated)
Survival: 48 refs added, 0 removed (from 48 candidates)
Coverage-aware round: 95/20893 unclassified samples covered by 48 new refs
---
Round: 315, Unk. prob.: 2.089e-01
Upper probs: 7.911e-01, Lower probs: 0.000e+00
No. of non-dominant refs: 15097, Survival refs: 15072, Failure refs: 25
Batch update: 48 refs added, 0 existing refs removed (0 new refs dominated)
Survival: 48 refs added, 0 removed (from 48 candidates)
Coverage-aware round: 90/20851 unclassified samples covered by 48 new refs
---
Round: 316, Unk. prob.: 2.085e-01
Upper probs: 7.915e-01, Lower probs: 0.000e+00
No. of non-dominant refs: 15145, Survival refs: 15120, Failure refs: 25
Batch update: 48 refs added, 0 existing refs removed (0 new refs dominated)
Survival: 48 refs added, 0 removed (from 48 candidates)
Coverage-aware round: 85/20817 unclassified samples covered by 48 new refs
---
Round: 317, Unk. prob.: 2.082e-01
Upper probs: 7.918e-01, Lower probs: 0.000e+00
No. of non-dominant refs: 15193, Survival refs: 15168, Failure refs: 25
Batch update: 48 refs added, 0 existing refs removed (0 new refs dominated)
Survival: 48 refs added, 0 removed (from 48 candidates)
Coverage-aware round: 109/20791 unclassified samples covered by 48 new refs
---
Round: 318, Unk. prob.: 2.079e-01
Upper probs: 7.921e-01, Lower probs: 0.000e+00
No. of non-dominant refs: 15241, Survival refs: 15216, Failure refs: 25
Batch update: 48 refs added, 0 existing refs removed (0 new refs dominated)
Survival: 48 refs added, 0 removed (from 48 candidates)
Coverage-aware round: 86/20780 unclassified samples covered by 48 new refs
---
Round: 319, Unk. prob.: 2.078e-01
Upper probs: 7.922e-01, Lower probs: 0.000e+00
No. of non-dominant refs: 15289, Survival refs: 15264, Failure refs: 25
Batch update: 48 refs added, 0 existing refs removed (0 new refs dominated)
Survival: 48 refs added, 0 removed (from 48 candidates)
Coverage-aware round: 96/20724 unclassified samples covered by 48 new refs
---
Round: 320, Unk. prob.: 2.072e-01
Upper probs: 7.928e-01, Lower probs: 0.000e+00
No. of non-dominant refs: 15337, Survival refs: 15312, Failure refs: 25
Batch update: 48 refs added, 0 existing refs removed (0 new refs dominated)
Survival: 48 refs added, 0 removed (from 48 candidates)
Coverage-aware round: 106/20665 unclassified samples covered by 48 new refs
---
Round: 321, Unk. prob.: 2.067e-01
Upper probs: 7.933e-01, Lower probs: 1.000e-05
No. of non-dominant refs: 15385, Survival refs: 15360, Failure refs: 25
Batch update: 48 refs added, 0 existing refs removed (0 new refs dominated)
Survival: 48 refs added, 0 removed (from 48 candidates)
Coverage-aware round: 94/20565 unclassified samples covered by 48 new refs
---
Round: 322, Unk. prob.: 2.056e-01
Upper probs: 7.943e-01, Lower probs: 1.000e-05
No. of non-dominant refs: 15433, Survival refs: 15408, Failure refs: 25
Batch update: 48 refs added, 0 existing refs removed (0 new refs dominated)
Survival: 48 refs added, 0 removed (from 48 candidates)
Coverage-aware round: 107/20488 unclassified samples covered by 48 new refs
---
Round: 323, Unk. prob.: 2.049e-01
Upper probs: 7.951e-01, Lower probs: 0.000e+00
No. of non-dominant refs: 15481, Survival refs: 15456, Failure refs: 25
Batch update: 48 refs added, 0 existing refs removed (0 new refs dominated)
Survival: 48 refs added, 0 removed (from 48 candidates)
Coverage-aware round: 96/20749 unclassified samples covered by 48 new refs
---
Round: 324, Unk. prob.: 2.075e-01
Upper probs: 7.925e-01, Lower probs: 0.000e+00
No. of non-dominant refs: 15529, Survival refs: 15504, Failure refs: 25
Batch update: 48 refs added, 0 existing refs removed (0 new refs dominated)
Survival: 48 refs added, 0 removed (from 48 candidates)
Coverage-aware round: 91/20551 unclassified samples covered by 48 new refs
---
Round: 325, Unk. prob.: 2.055e-01
Upper probs: 7.945e-01, Lower probs: 1.000e-05
No. of non-dominant refs: 15577, Survival refs: 15552, Failure refs: 25
Batch update: 48 refs added, 0 existing refs removed (0 new refs dominated)
Survival: 48 refs added, 0 removed (from 48 candidates)
Coverage-aware round: 95/20694 unclassified samples covered by 48 new refs
---
Round: 326, Unk. prob.: 2.069e-01
Upper probs: 7.931e-01, Lower probs: 0.000e+00
No. of non-dominant refs: 15625, Survival refs: 15600, Failure refs: 25
Batch update: 48 refs added, 0 existing refs removed (0 new refs dominated)
Survival: 48 refs added, 0 removed (from 48 candidates)
Coverage-aware round: 106/20790 unclassified samples covered by 48 new refs
---
Round: 327, Unk. prob.: 2.079e-01
Upper probs: 7.921e-01, Lower probs: 0.000e+00
No. of non-dominant refs: 15673, Survival refs: 15648, Failure refs: 25
Batch update: 48 refs added, 0 existing refs removed (0 new refs dominated)
Survival: 48 refs added, 0 removed (from 48 candidates)
Coverage-aware round: 97/20453 unclassified samples covered by 48 new refs
---
Round: 328, Unk. prob.: 2.045e-01
Upper probs: 7.955e-01, Lower probs: 0.000e+00
No. of non-dominant refs: 15721, Survival refs: 15696, Failure refs: 25
Batch update: 48 refs added, 0 existing refs removed (0 new refs dominated)
Survival: 48 refs added, 0 removed (from 48 candidates)
Batch update: 4 refs added, 0 existing refs removed (0 new refs dominated)
Failure: 4 refs added, 0 removed (from 4 candidates)
Coverage-aware round: 96/20265 unclassified samples covered by 52 new refs
---
Round: 329, Unk. prob.: 2.026e-01
Upper probs: 7.974e-01, Lower probs: 0.000e+00
No. of non-dominant refs: 15773, Survival refs: 15744, Failure refs: 29
Batch update: 48 refs added, 0 existing refs removed (0 new refs dominated)
Survival: 48 refs added, 0 removed (from 48 candidates)
Coverage-aware round: 105/20381 unclassified samples covered by 48 new refs
---
Round: 330, Unk. prob.: 2.038e-01
Upper probs: 7.962e-01, Lower probs: 0.000e+00
No. of non-dominant refs: 15821, Survival refs: 15792, Failure refs: 29
Batch update: 48 refs added, 0 existing refs removed (0 new refs dominated)
Survival: 48 refs added, 0 removed (from 48 candidates)
Coverage-aware round: 98/20395 unclassified samples covered by 48 new refs
---
Round: 331, Unk. prob.: 2.039e-01
Upper probs: 7.961e-01, Lower probs: 0.000e+00
No. of non-dominant refs: 15869, Survival refs: 15840, Failure refs: 29
Batch update: 48 refs added, 0 existing refs removed (0 new refs dominated)
Survival: 48 refs added, 0 removed (from 48 candidates)
Coverage-aware round: 72/20442 unclassified samples covered by 48 new refs
---
Round: 332, Unk. prob.: 2.044e-01
Upper probs: 7.956e-01, Lower probs: 0.000e+00
No. of non-dominant refs: 15917, Survival refs: 15888, Failure refs: 29
Batch update: 48 refs added, 0 existing refs removed (0 new refs dominated)
Survival: 48 refs added, 0 removed (from 48 candidates)
Coverage-aware round: 81/20463 unclassified samples covered by 48 new refs
---
Round: 333, Unk. prob.: 2.046e-01
Upper probs: 7.954e-01, Lower probs: 0.000e+00
No. of non-dominant refs: 15965, Survival refs: 15936, Failure refs: 29
Batch update: 48 refs added, 0 existing refs removed (0 new refs dominated)
Survival: 48 refs added, 0 removed (from 48 candidates)
Coverage-aware round: 91/20300 unclassified samples covered by 48 new refs
---
Round: 334, Unk. prob.: 2.030e-01
Upper probs: 7.970e-01, Lower probs: 0.000e+00
No. of non-dominant refs: 16013, Survival refs: 15984, Failure refs: 29
Batch update: 48 refs added, 0 existing refs removed (0 new refs dominated)
Survival: 48 refs added, 0 removed (from 48 candidates)
Coverage-aware round: 108/20240 unclassified samples covered by 48 new refs
---
Round: 335, Unk. prob.: 2.024e-01
Upper probs: 7.976e-01, Lower probs: 0.000e+00
No. of non-dominant refs: 16061, Survival refs: 16032, Failure refs: 29
Batch update: 48 refs added, 0 existing refs removed (0 new refs dominated)
Survival: 48 refs added, 0 removed (from 48 candidates)
Coverage-aware round: 88/20384 unclassified samples covered by 48 new refs
---
Round: 336, Unk. prob.: 2.038e-01
Upper probs: 7.962e-01, Lower probs: 0.000e+00
No. of non-dominant refs: 16109, Survival refs: 16080, Failure refs: 29
Batch update: 48 refs added, 0 existing refs removed (0 new refs dominated)
Survival: 48 refs added, 0 removed (from 48 candidates)
Coverage-aware round: 94/20394 unclassified samples covered by 48 new refs
---
Round: 337, Unk. prob.: 2.039e-01
Upper probs: 7.961e-01, Lower probs: 0.000e+00
No. of non-dominant refs: 16157, Survival refs: 16128, Failure refs: 29
Batch update: 48 refs added, 0 existing refs removed (0 new refs dominated)
Survival: 48 refs added, 0 removed (from 48 candidates)
Coverage-aware round: 100/20368 unclassified samples covered by 48 new refs
---
Round: 338, Unk. prob.: 2.037e-01
Upper probs: 7.963e-01, Lower probs: 0.000e+00
No. of non-dominant refs: 16205, Survival refs: 16176, Failure refs: 29
Batch update: 48 refs added, 0 existing refs removed (0 new refs dominated)
Survival: 48 refs added, 0 removed (from 48 candidates)
Coverage-aware round: 109/20392 unclassified samples covered by 48 new refs
---
Round: 339, Unk. prob.: 2.039e-01
Upper probs: 7.961e-01, Lower probs: 0.000e+00
No. of non-dominant refs: 16253, Survival refs: 16224, Failure refs: 29
Batch update: 48 refs added, 0 existing refs removed (0 new refs dominated)
Survival: 48 refs added, 0 removed (from 48 candidates)
Coverage-aware round: 93/20653 unclassified samples covered by 48 new refs
---
Round: 340, Unk. prob.: 2.065e-01
Upper probs: 7.935e-01, Lower probs: 0.000e+00
No. of non-dominant refs: 16301, Survival refs: 16272, Failure refs: 29
Batch update: 48 refs added, 0 existing refs removed (0 new refs dominated)
Survival: 48 refs added, 0 removed (from 48 candidates)
Coverage-aware round: 87/20267 unclassified samples covered by 48 new refs
---
Round: 341, Unk. prob.: 2.027e-01
Upper probs: 7.973e-01, Lower probs: 0.000e+00
No. of non-dominant refs: 16349, Survival refs: 16320, Failure refs: 29
Batch update: 48 refs added, 0 existing refs removed (0 new refs dominated)
Survival: 48 refs added, 0 removed (from 48 candidates)
Coverage-aware round: 94/20282 unclassified samples covered by 48 new refs
---
Round: 342, Unk. prob.: 2.028e-01
Upper probs: 7.972e-01, Lower probs: 0.000e+00
No. of non-dominant refs: 16397, Survival refs: 16368, Failure refs: 29
Batch update: 48 refs added, 0 existing refs removed (0 new refs dominated)
Survival: 48 refs added, 0 removed (from 48 candidates)
Coverage-aware round: 82/20245 unclassified samples covered by 48 new refs
---
Round: 343, Unk. prob.: 2.024e-01
Upper probs: 7.975e-01, Lower probs: 0.000e+00
No. of non-dominant refs: 16445, Survival refs: 16416, Failure refs: 29
Batch update: 48 refs added, 0 existing refs removed (0 new refs dominated)
Survival: 48 refs added, 0 removed (from 48 candidates)
Coverage-aware round: 107/20168 unclassified samples covered by 48 new refs
---
Round: 344, Unk. prob.: 2.017e-01
Upper probs: 7.983e-01, Lower probs: 1.000e-05
No. of non-dominant refs: 16493, Survival refs: 16464, Failure refs: 29
Batch update: 48 refs added, 0 existing refs removed (0 new refs dominated)
Survival: 48 refs added, 0 removed (from 48 candidates)
Coverage-aware round: 116/19968 unclassified samples covered by 48 new refs
---
Round: 345, Unk. prob.: 1.997e-01
Upper probs: 8.003e-01, Lower probs: 0.000e+00
No. of non-dominant refs: 16541, Survival refs: 16512, Failure refs: 29
Batch update: 48 refs added, 0 existing refs removed (0 new refs dominated)
Survival: 48 refs added, 0 removed (from 48 candidates)
Coverage-aware round: 98/20173 unclassified samples covered by 48 new refs
---
Round: 346, Unk. prob.: 2.017e-01
Upper probs: 7.983e-01, Lower probs: 0.000e+00
No. of non-dominant refs: 16589, Survival refs: 16560, Failure refs: 29
Batch update: 48 refs added, 0 existing refs removed (0 new refs dominated)
Survival: 48 refs added, 0 removed (from 48 candidates)
Batch update: 2 refs added, 0 existing refs removed (0 new refs dominated)
Failure: 2 refs added, 0 removed (from 2 candidates)
Coverage-aware round: 99/20140 unclassified samples covered by 50 new refs
---
Round: 347, Unk. prob.: 2.014e-01
Upper probs: 7.986e-01, Lower probs: 0.000e+00
No. of non-dominant refs: 16639, Survival refs: 16608, Failure refs: 31
Batch update: 48 refs added, 0 existing refs removed (0 new refs dominated)
Survival: 48 refs added, 0 removed (from 48 candidates)
Coverage-aware round: 98/20082 unclassified samples covered by 48 new refs
---
Round: 348, Unk. prob.: 2.008e-01
Upper probs: 7.992e-01, Lower probs: 0.000e+00
No. of non-dominant refs: 16687, Survival refs: 16656, Failure refs: 31
Batch update: 48 refs added, 0 existing refs removed (0 new refs dominated)
Survival: 48 refs added, 0 removed (from 48 candidates)
Coverage-aware round: 88/20332 unclassified samples covered by 48 new refs
---
Round: 349, Unk. prob.: 2.033e-01
Upper probs: 7.967e-01, Lower probs: 0.000e+00
No. of non-dominant refs: 16735, Survival refs: 16704, Failure refs: 31
Batch update: 48 refs added, 0 existing refs removed (0 new refs dominated)
Survival: 48 refs added, 0 removed (from 48 candidates)
Coverage-aware round: 94/20277 unclassified samples covered by 48 new refs
---
Round: 350, Unk. prob.: 2.028e-01
Upper probs: 7.972e-01, Lower probs: 0.000e+00
No. of non-dominant refs: 16783, Survival refs: 16752, Failure refs: 31
Batch update: 48 refs added, 0 existing refs removed (0 new refs dominated)
Survival: 48 refs added, 0 removed (from 48 candidates)
Coverage-aware round: 94/19849 unclassified samples covered by 48 new refs
---
Round: 351, Unk. prob.: 1.985e-01
Upper probs: 8.015e-01, Lower probs: 0.000e+00
No. of non-dominant refs: 16831, Survival refs: 16800, Failure refs: 31
Batch update: 48 refs added, 0 existing refs removed (0 new refs dominated)
Survival: 48 refs added, 0 removed (from 48 candidates)
Coverage-aware round: 91/20063 unclassified samples covered by 48 new refs
---
Round: 352, Unk. prob.: 2.006e-01
Upper probs: 7.994e-01, Lower probs: 0.000e+00
No. of non-dominant refs: 16879, Survival refs: 16848, Failure refs: 31
Batch update: 48 refs added, 0 existing refs removed (0 new refs dominated)
Survival: 48 refs added, 0 removed (from 48 candidates)
Coverage-aware round: 103/20198 unclassified samples covered by 48 new refs
---
Round: 353, Unk. prob.: 2.020e-01
Upper probs: 7.980e-01, Lower probs: 0.000e+00
No. of non-dominant refs: 16927, Survival refs: 16896, Failure refs: 31
Batch update: 48 refs added, 0 existing refs removed (0 new refs dominated)
Survival: 48 refs added, 0 removed (from 48 candidates)
Coverage-aware round: 88/20068 unclassified samples covered by 48 new refs
---
Round: 354, Unk. prob.: 2.007e-01
Upper probs: 7.993e-01, Lower probs: 0.000e+00
No. of non-dominant refs: 16975, Survival refs: 16944, Failure refs: 31
Batch update: 48 refs added, 0 existing refs removed (0 new refs dominated)
Survival: 48 refs added, 0 removed (from 48 candidates)
Coverage-aware round: 93/19801 unclassified samples covered by 48 new refs
---
Round: 355, Unk. prob.: 1.980e-01
Upper probs: 8.020e-01, Lower probs: 0.000e+00
No. of non-dominant refs: 17023, Survival refs: 16992, Failure refs: 31
Batch update: 48 refs added, 0 existing refs removed (0 new refs dominated)
Survival: 48 refs added, 0 removed (from 48 candidates)
Coverage-aware round: 90/20048 unclassified samples covered by 48 new refs
---
Round: 356, Unk. prob.: 2.005e-01
Upper probs: 7.995e-01, Lower probs: 0.000e+00
No. of non-dominant refs: 17071, Survival refs: 17040, Failure refs: 31
Batch update: 48 refs added, 0 existing refs removed (0 new refs dominated)
Survival: 48 refs added, 0 removed (from 48 candidates)
Coverage-aware round: 105/19985 unclassified samples covered by 48 new refs
---
Round: 357, Unk. prob.: 1.998e-01
Upper probs: 8.002e-01, Lower probs: 0.000e+00
No. of non-dominant refs: 17119, Survival refs: 17088, Failure refs: 31
Batch update: 48 refs added, 0 existing refs removed (0 new refs dominated)
Survival: 48 refs added, 0 removed (from 48 candidates)
Coverage-aware round: 106/19981 unclassified samples covered by 48 new refs
---
Round: 358, Unk. prob.: 1.998e-01
Upper probs: 8.002e-01, Lower probs: 0.000e+00
No. of non-dominant refs: 17167, Survival refs: 17136, Failure refs: 31
Batch update: 48 refs added, 0 existing refs removed (0 new refs dominated)
Survival: 48 refs added, 0 removed (from 48 candidates)
Coverage-aware round: 94/19785 unclassified samples covered by 48 new refs
---
Round: 359, Unk. prob.: 1.978e-01
Upper probs: 8.022e-01, Lower probs: 0.000e+00
No. of non-dominant refs: 17215, Survival refs: 17184, Failure refs: 31
Batch update: 48 refs added, 0 existing refs removed (0 new refs dominated)
Survival: 48 refs added, 0 removed (from 48 candidates)
Coverage-aware round: 101/19731 unclassified samples covered by 48 new refs
---
Round: 360, Unk. prob.: 1.973e-01
Upper probs: 8.027e-01, Lower probs: 0.000e+00
No. of non-dominant refs: 17263, Survival refs: 17232, Failure refs: 31
Batch update: 48 refs added, 0 existing refs removed (0 new refs dominated)
Survival: 48 refs added, 0 removed (from 48 candidates)
Coverage-aware round: 95/19989 unclassified samples covered by 48 new refs
---
Round: 361, Unk. prob.: 1.999e-01
Upper probs: 8.001e-01, Lower probs: 0.000e+00
No. of non-dominant refs: 17311, Survival refs: 17280, Failure refs: 31
Batch update: 48 refs added, 0 existing refs removed (0 new refs dominated)
Survival: 48 refs added, 0 removed (from 48 candidates)
Coverage-aware round: 84/19916 unclassified samples covered by 48 new refs
---
Round: 362, Unk. prob.: 1.992e-01
Upper probs: 8.008e-01, Lower probs: 1.000e-05
No. of non-dominant refs: 17359, Survival refs: 17328, Failure refs: 31
Batch update: 48 refs added, 0 existing refs removed (0 new refs dominated)
Survival: 48 refs added, 0 removed (from 48 candidates)
Coverage-aware round: 89/19762 unclassified samples covered by 48 new refs
---
Round: 363, Unk. prob.: 1.976e-01
Upper probs: 8.024e-01, Lower probs: 1.000e-05
No. of non-dominant refs: 17407, Survival refs: 17376, Failure refs: 31
Batch update: 48 refs added, 0 existing refs removed (0 new refs dominated)
Survival: 48 refs added, 0 removed (from 48 candidates)
Coverage-aware round: 93/19820 unclassified samples covered by 48 new refs
---
Round: 364, Unk. prob.: 1.982e-01
Upper probs: 8.018e-01, Lower probs: 0.000e+00
No. of non-dominant refs: 17455, Survival refs: 17424, Failure refs: 31
Batch update: 48 refs added, 0 existing refs removed (0 new refs dominated)
Survival: 48 refs added, 0 removed (from 48 candidates)
Coverage-aware round: 97/19821 unclassified samples covered by 48 new refs
---
Round: 365, Unk. prob.: 1.982e-01
Upper probs: 8.018e-01, Lower probs: 0.000e+00
No. of non-dominant refs: 17503, Survival refs: 17472, Failure refs: 31
Batch update: 48 refs added, 0 existing refs removed (0 new refs dominated)
Survival: 48 refs added, 0 removed (from 48 candidates)
Coverage-aware round: 85/19558 unclassified samples covered by 48 new refs
---
Round: 366, Unk. prob.: 1.956e-01
Upper probs: 8.044e-01, Lower probs: 0.000e+00
No. of non-dominant refs: 17551, Survival refs: 17520, Failure refs: 31
Batch update: 48 refs added, 0 existing refs removed (0 new refs dominated)
Survival: 48 refs added, 0 removed (from 48 candidates)
Coverage-aware round: 93/20022 unclassified samples covered by 48 new refs
---
Round: 367, Unk. prob.: 2.002e-01
Upper probs: 7.998e-01, Lower probs: 0.000e+00
No. of non-dominant refs: 17599, Survival refs: 17568, Failure refs: 31
Batch update: 48 refs added, 0 existing refs removed (0 new refs dominated)
Survival: 48 refs added, 0 removed (from 48 candidates)
Coverage-aware round: 91/19770 unclassified samples covered by 48 new refs
---
Round: 368, Unk. prob.: 1.977e-01
Upper probs: 8.023e-01, Lower probs: 0.000e+00
No. of non-dominant refs: 17647, Survival refs: 17616, Failure refs: 31
Batch update: 48 refs added, 0 existing refs removed (0 new refs dominated)
Survival: 48 refs added, 0 removed (from 48 candidates)
Coverage-aware round: 98/19869 unclassified samples covered by 48 new refs
---
Round: 369, Unk. prob.: 1.987e-01
Upper probs: 8.013e-01, Lower probs: 0.000e+00
No. of non-dominant refs: 17695, Survival refs: 17664, Failure refs: 31
Batch update: 48 refs added, 0 existing refs removed (0 new refs dominated)
Survival: 48 refs added, 0 removed (from 48 candidates)
Coverage-aware round: 87/19734 unclassified samples covered by 48 new refs
---
Round: 370, Unk. prob.: 1.973e-01
Upper probs: 8.027e-01, Lower probs: 0.000e+00
No. of non-dominant refs: 17743, Survival refs: 17712, Failure refs: 31
Batch update: 48 refs added, 0 existing refs removed (0 new refs dominated)
Survival: 48 refs added, 0 removed (from 48 candidates)
Coverage-aware round: 107/19787 unclassified samples covered by 48 new refs
---
Round: 371, Unk. prob.: 1.979e-01
Upper probs: 8.021e-01, Lower probs: 0.000e+00
No. of non-dominant refs: 17791, Survival refs: 17760, Failure refs: 31
Batch update: 48 refs added, 0 existing refs removed (0 new refs dominated)
Survival: 48 refs added, 0 removed (from 48 candidates)
Coverage-aware round: 102/19844 unclassified samples covered by 48 new refs
---
Round: 372, Unk. prob.: 1.984e-01
Upper probs: 8.016e-01, Lower probs: 0.000e+00
No. of non-dominant refs: 17839, Survival refs: 17808, Failure refs: 31
Batch update: 48 refs added, 0 existing refs removed (0 new refs dominated)
Survival: 48 refs added, 0 removed (from 48 candidates)
Coverage-aware round: 93/19768 unclassified samples covered by 48 new refs
---
Round: 373, Unk. prob.: 1.977e-01
Upper probs: 8.023e-01, Lower probs: 0.000e+00
No. of non-dominant refs: 17887, Survival refs: 17856, Failure refs: 31
Batch update: 48 refs added, 0 existing refs removed (0 new refs dominated)
Survival: 48 refs added, 0 removed (from 48 candidates)
Coverage-aware round: 87/19765 unclassified samples covered by 48 new refs
---
Round: 374, Unk. prob.: 1.976e-01
Upper probs: 8.024e-01, Lower probs: 0.000e+00
No. of non-dominant refs: 17935, Survival refs: 17904, Failure refs: 31
Batch update: 48 refs added, 0 existing refs removed (0 new refs dominated)
Survival: 48 refs added, 0 removed (from 48 candidates)
Coverage-aware round: 99/19620 unclassified samples covered by 48 new refs
---
Round: 375, Unk. prob.: 1.962e-01
Upper probs: 8.038e-01, Lower probs: 0.000e+00
No. of non-dominant refs: 17983, Survival refs: 17952, Failure refs: 31
Batch update: 48 refs added, 0 existing refs removed (0 new refs dominated)
Survival: 48 refs added, 0 removed (from 48 candidates)
Coverage-aware round: 104/19387 unclassified samples covered by 48 new refs
---
Round: 376, Unk. prob.: 1.939e-01
Upper probs: 8.061e-01, Lower probs: 0.000e+00
No. of non-dominant refs: 18031, Survival refs: 18000, Failure refs: 31
Batch update: 48 refs added, 0 existing refs removed (0 new refs dominated)
Survival: 48 refs added, 0 removed (from 48 candidates)
Coverage-aware round: 86/19557 unclassified samples covered by 48 new refs
---
Round: 377, Unk. prob.: 1.956e-01
Upper probs: 8.044e-01, Lower probs: 1.000e-05
No. of non-dominant refs: 18079, Survival refs: 18048, Failure refs: 31
Batch update: 48 refs added, 0 existing refs removed (0 new refs dominated)
Survival: 48 refs added, 0 removed (from 48 candidates)
Coverage-aware round: 85/19542 unclassified samples covered by 48 new refs
---
Round: 378, Unk. prob.: 1.954e-01
Upper probs: 8.046e-01, Lower probs: 0.000e+00
No. of non-dominant refs: 18127, Survival refs: 18096, Failure refs: 31
Batch update: 48 refs added, 0 existing refs removed (0 new refs dominated)
Survival: 48 refs added, 0 removed (from 48 candidates)
Coverage-aware round: 85/19553 unclassified samples covered by 48 new refs
---
Round: 379, Unk. prob.: 1.955e-01
Upper probs: 8.045e-01, Lower probs: 1.000e-05
No. of non-dominant refs: 18175, Survival refs: 18144, Failure refs: 31
Batch update: 48 refs added, 0 existing refs removed (0 new refs dominated)
Survival: 48 refs added, 0 removed (from 48 candidates)
Coverage-aware round: 96/19406 unclassified samples covered by 48 new refs
---
Round: 380, Unk. prob.: 1.941e-01
Upper probs: 8.059e-01, Lower probs: 0.000e+00
No. of non-dominant refs: 18223, Survival refs: 18192, Failure refs: 31
Batch update: 48 refs added, 0 existing refs removed (0 new refs dominated)
Survival: 48 refs added, 0 removed (from 48 candidates)
Coverage-aware round: 85/19484 unclassified samples covered by 48 new refs
---
Round: 381, Unk. prob.: 1.948e-01
Upper probs: 8.052e-01, Lower probs: 0.000e+00
No. of non-dominant refs: 18271, Survival refs: 18240, Failure refs: 31
Batch update: 48 refs added, 0 existing refs removed (0 new refs dominated)
Survival: 48 refs added, 0 removed (from 48 candidates)
Coverage-aware round: 96/19475 unclassified samples covered by 48 new refs
---
Round: 382, Unk. prob.: 1.948e-01
Upper probs: 8.052e-01, Lower probs: 1.000e-05
No. of non-dominant refs: 18319, Survival refs: 18288, Failure refs: 31
Batch update: 48 refs added, 0 existing refs removed (0 new refs dominated)
Survival: 48 refs added, 0 removed (from 48 candidates)
Coverage-aware round: 84/19523 unclassified samples covered by 48 new refs
---
Round: 383, Unk. prob.: 1.952e-01
Upper probs: 8.048e-01, Lower probs: 0.000e+00
No. of non-dominant refs: 18367, Survival refs: 18336, Failure refs: 31
Batch update: 48 refs added, 0 existing refs removed (0 new refs dominated)
Survival: 48 refs added, 0 removed (from 48 candidates)
Coverage-aware round: 84/19275 unclassified samples covered by 48 new refs
---
Round: 384, Unk. prob.: 1.928e-01
Upper probs: 8.073e-01, Lower probs: 0.000e+00
No. of non-dominant refs: 18415, Survival refs: 18384, Failure refs: 31
Batch update: 48 refs added, 0 existing refs removed (0 new refs dominated)
Survival: 48 refs added, 0 removed (from 48 candidates)
Coverage-aware round: 79/19479 unclassified samples covered by 48 new refs
---
Round: 385, Unk. prob.: 1.948e-01
Upper probs: 8.052e-01, Lower probs: 0.000e+00
No. of non-dominant refs: 18463, Survival refs: 18432, Failure refs: 31
Batch update: 48 refs added, 0 existing refs removed (0 new refs dominated)
Survival: 48 refs added, 0 removed (from 48 candidates)
Coverage-aware round: 81/19404 unclassified samples covered by 48 new refs
---
Round: 386, Unk. prob.: 1.940e-01
Upper probs: 8.060e-01, Lower probs: 1.000e-05
No. of non-dominant refs: 18511, Survival refs: 18480, Failure refs: 31
Batch update: 48 refs added, 0 existing refs removed (0 new refs dominated)
Survival: 48 refs added, 0 removed (from 48 candidates)
Coverage-aware round: 90/19212 unclassified samples covered by 48 new refs
---
Round: 387, Unk. prob.: 1.921e-01
Upper probs: 8.079e-01, Lower probs: 0.000e+00
No. of non-dominant refs: 18559, Survival refs: 18528, Failure refs: 31
Batch update: 48 refs added, 0 existing refs removed (0 new refs dominated)
Survival: 48 refs added, 0 removed (from 48 candidates)
Coverage-aware round: 94/19595 unclassified samples covered by 48 new refs
---
Round: 388, Unk. prob.: 1.960e-01
Upper probs: 8.041e-01, Lower probs: 0.000e+00
No. of non-dominant refs: 18607, Survival refs: 18576, Failure refs: 31
Batch update: 48 refs added, 0 existing refs removed (0 new refs dominated)
Survival: 48 refs added, 0 removed (from 48 candidates)
Coverage-aware round: 92/19324 unclassified samples covered by 48 new refs
---
Round: 389, Unk. prob.: 1.932e-01
Upper probs: 8.068e-01, Lower probs: 0.000e+00
No. of non-dominant refs: 18655, Survival refs: 18624, Failure refs: 31
Batch update: 48 refs added, 0 existing refs removed (0 new refs dominated)
Survival: 48 refs added, 0 removed (from 48 candidates)
Coverage-aware round: 88/19338 unclassified samples covered by 48 new refs
---
Round: 390, Unk. prob.: 1.934e-01
Upper probs: 8.066e-01, Lower probs: 0.000e+00
No. of non-dominant refs: 18703, Survival refs: 18672, Failure refs: 31
Batch update: 48 refs added, 0 existing refs removed (0 new refs dominated)
Survival: 48 refs added, 0 removed (from 48 candidates)
Coverage-aware round: 82/19302 unclassified samples covered by 48 new refs
---
Round: 391, Unk. prob.: 1.930e-01
Upper probs: 8.070e-01, Lower probs: 0.000e+00
No. of non-dominant refs: 18751, Survival refs: 18720, Failure refs: 31
Batch update: 48 refs added, 0 existing refs removed (0 new refs dominated)
Survival: 48 refs added, 0 removed (from 48 candidates)
Coverage-aware round: 91/19423 unclassified samples covered by 48 new refs
---
Round: 392, Unk. prob.: 1.942e-01
Upper probs: 8.058e-01, Lower probs: 0.000e+00
No. of non-dominant refs: 18799, Survival refs: 18768, Failure refs: 31
Batch update: 48 refs added, 0 existing refs removed (0 new refs dominated)
Survival: 48 refs added, 0 removed (from 48 candidates)
Coverage-aware round: 89/19582 unclassified samples covered by 48 new refs
---
Round: 393, Unk. prob.: 1.958e-01
Upper probs: 8.042e-01, Lower probs: 0.000e+00
No. of non-dominant refs: 18847, Survival refs: 18816, Failure refs: 31
Batch update: 48 refs added, 0 existing refs removed (0 new refs dominated)
Survival: 48 refs added, 0 removed (from 48 candidates)
Coverage-aware round: 88/19307 unclassified samples covered by 48 new refs
---
Round: 394, Unk. prob.: 1.931e-01
Upper probs: 8.069e-01, Lower probs: 1.000e-05
No. of non-dominant refs: 18895, Survival refs: 18864, Failure refs: 31
Batch update: 48 refs added, 0 existing refs removed (0 new refs dominated)
Survival: 48 refs added, 0 removed (from 48 candidates)
Coverage-aware round: 90/19349 unclassified samples covered by 48 new refs
---
Round: 395, Unk. prob.: 1.935e-01
Upper probs: 8.065e-01, Lower probs: 0.000e+00
No. of non-dominant refs: 18943, Survival refs: 18912, Failure refs: 31
Batch update: 48 refs added, 0 existing refs removed (0 new refs dominated)
Survival: 48 refs added, 0 removed (from 48 candidates)
Coverage-aware round: 91/19468 unclassified samples covered by 48 new refs
---
Round: 396, Unk. prob.: 1.947e-01
Upper probs: 8.053e-01, Lower probs: 0.000e+00
No. of non-dominant refs: 18991, Survival refs: 18960, Failure refs: 31
Batch update: 48 refs added, 0 existing refs removed (0 new refs dominated)
Survival: 48 refs added, 0 removed (from 48 candidates)
Batch update: 3 refs added, 0 existing refs removed (0 new refs dominated)
Failure: 3 refs added, 0 removed (from 3 candidates)
Coverage-aware round: 101/19130 unclassified samples covered by 51 new refs
---
Round: 397, Unk. prob.: 1.913e-01
Upper probs: 8.087e-01, Lower probs: 0.000e+00
No. of non-dominant refs: 19042, Survival refs: 19008, Failure refs: 34
Batch update: 48 refs added, 0 existing refs removed (0 new refs dominated)
Survival: 48 refs added, 0 removed (from 48 candidates)
Coverage-aware round: 93/19254 unclassified samples covered by 48 new refs
---
Round: 398, Unk. prob.: 1.925e-01
Upper probs: 8.075e-01, Lower probs: 0.000e+00
No. of non-dominant refs: 19090, Survival refs: 19056, Failure refs: 34
Batch update: 48 refs added, 0 existing refs removed (0 new refs dominated)
Survival: 48 refs added, 0 removed (from 48 candidates)
Coverage-aware round: 84/19334 unclassified samples covered by 48 new refs
---
Round: 399, Unk. prob.: 1.933e-01
Upper probs: 8.067e-01, Lower probs: 0.000e+00
No. of non-dominant refs: 19138, Survival refs: 19104, Failure refs: 34
Batch update: 48 refs added, 0 existing refs removed (0 new refs dominated)
Survival: 48 refs added, 0 removed (from 48 candidates)
Coverage-aware round: 89/19111 unclassified samples covered by 48 new refs
---
Round: 400, Unk. prob.: 1.911e-01
Upper probs: 8.089e-01, Lower probs: 0.000e+00
No. of non-dominant refs: 19186, Survival refs: 19152, Failure refs: 34
Batch update: 48 refs added, 0 existing refs removed (0 new refs dominated)
Survival: 48 refs added, 0 removed (from 48 candidates)
Coverage-aware round: 88/19340 unclassified samples covered by 48 new refs
---
Round: 401, Unk. prob.: 1.934e-01
Upper probs: 8.066e-01, Lower probs: 0.000e+00
No. of non-dominant refs: 19234, Survival refs: 19200, Failure refs: 34
Batch update: 48 refs added, 0 existing refs removed (0 new refs dominated)
Survival: 48 refs added, 0 removed (from 48 candidates)
Coverage-aware round: 79/19153 unclassified samples covered by 48 new refs
---
Round: 402, Unk. prob.: 1.915e-01
Upper probs: 8.085e-01, Lower probs: 0.000e+00
No. of non-dominant refs: 19282, Survival refs: 19248, Failure refs: 34
Batch update: 48 refs added, 0 existing refs removed (0 new refs dominated)
Survival: 48 refs added, 0 removed (from 48 candidates)
Coverage-aware round: 88/19167 unclassified samples covered by 48 new refs
---
Round: 403, Unk. prob.: 1.917e-01
Upper probs: 8.083e-01, Lower probs: 0.000e+00
No. of non-dominant refs: 19330, Survival refs: 19296, Failure refs: 34
Batch update: 48 refs added, 0 existing refs removed (0 new refs dominated)
Survival: 48 refs added, 0 removed (from 48 candidates)
Coverage-aware round: 82/19100 unclassified samples covered by 48 new refs
---
Round: 404, Unk. prob.: 1.910e-01
Upper probs: 8.090e-01, Lower probs: 0.000e+00
No. of non-dominant refs: 19378, Survival refs: 19344, Failure refs: 34
Batch update: 48 refs added, 0 existing refs removed (0 new refs dominated)
Survival: 48 refs added, 0 removed (from 48 candidates)
Coverage-aware round: 83/19231 unclassified samples covered by 48 new refs
---
Round: 405, Unk. prob.: 1.923e-01
Upper probs: 8.077e-01, Lower probs: 0.000e+00
No. of non-dominant refs: 19426, Survival refs: 19392, Failure refs: 34
Batch update: 48 refs added, 0 existing refs removed (0 new refs dominated)
Survival: 48 refs added, 0 removed (from 48 candidates)
Batch update: 1 refs added, 0 existing refs removed (0 new refs dominated)
Failure: 1 refs added, 0 removed (from 1 candidates)
Coverage-aware round: 80/19117 unclassified samples covered by 49 new refs
---
Round: 406, Unk. prob.: 1.912e-01
Upper probs: 8.088e-01, Lower probs: 0.000e+00
No. of non-dominant refs: 19475, Survival refs: 19440, Failure refs: 35
Batch update: 48 refs added, 0 existing refs removed (0 new refs dominated)
Survival: 48 refs added, 0 removed (from 48 candidates)
Coverage-aware round: 82/19107 unclassified samples covered by 48 new refs
---
Round: 407, Unk. prob.: 1.911e-01
Upper probs: 8.089e-01, Lower probs: 0.000e+00
No. of non-dominant refs: 19523, Survival refs: 19488, Failure refs: 35
Batch update: 48 refs added, 0 existing refs removed (0 new refs dominated)
Survival: 48 refs added, 0 removed (from 48 candidates)
Coverage-aware round: 88/18998 unclassified samples covered by 48 new refs
---
Round: 408, Unk. prob.: 1.900e-01
Upper probs: 8.100e-01, Lower probs: 0.000e+00
No. of non-dominant refs: 19571, Survival refs: 19536, Failure refs: 35
Batch update: 48 refs added, 0 existing refs removed (0 new refs dominated)
Survival: 48 refs added, 0 removed (from 48 candidates)
Coverage-aware round: 97/18981 unclassified samples covered by 48 new refs
---
Round: 409, Unk. prob.: 1.898e-01
Upper probs: 8.102e-01, Lower probs: 0.000e+00
No. of non-dominant refs: 19619, Survival refs: 19584, Failure refs: 35
Batch update: 48 refs added, 0 existing refs removed (0 new refs dominated)
Survival: 48 refs added, 0 removed (from 48 candidates)
Coverage-aware round: 81/19161 unclassified samples covered by 48 new refs
---
Round: 410, Unk. prob.: 1.916e-01
Upper probs: 8.084e-01, Lower probs: 0.000e+00
No. of non-dominant refs: 19667, Survival refs: 19632, Failure refs: 35
Batch update: 48 refs added, 0 existing refs removed (0 new refs dominated)
Survival: 48 refs added, 0 removed (from 48 candidates)
Coverage-aware round: 89/19148 unclassified samples covered by 48 new refs
---
Round: 411, Unk. prob.: 1.915e-01
Upper probs: 8.085e-01, Lower probs: 0.000e+00
No. of non-dominant refs: 19715, Survival refs: 19680, Failure refs: 35
Batch update: 48 refs added, 0 existing refs removed (0 new refs dominated)
Survival: 48 refs added, 0 removed (from 48 candidates)
Coverage-aware round: 78/19023 unclassified samples covered by 48 new refs
---
Round: 412, Unk. prob.: 1.902e-01
Upper probs: 8.098e-01, Lower probs: 0.000e+00
No. of non-dominant refs: 19763, Survival refs: 19728, Failure refs: 35
Batch update: 48 refs added, 0 existing refs removed (0 new refs dominated)
Survival: 48 refs added, 0 removed (from 48 candidates)
Coverage-aware round: 83/18725 unclassified samples covered by 48 new refs
---
Round: 413, Unk. prob.: 1.872e-01
Upper probs: 8.127e-01, Lower probs: 0.000e+00
No. of non-dominant refs: 19811, Survival refs: 19776, Failure refs: 35
Batch update: 48 refs added, 0 existing refs removed (0 new refs dominated)
Survival: 48 refs added, 0 removed (from 48 candidates)
Coverage-aware round: 86/19009 unclassified samples covered by 48 new refs
---
Round: 414, Unk. prob.: 1.901e-01
Upper probs: 8.099e-01, Lower probs: 0.000e+00
No. of non-dominant refs: 19859, Survival refs: 19824, Failure refs: 35
Batch update: 48 refs added, 0 existing refs removed (0 new refs dominated)
Survival: 48 refs added, 0 removed (from 48 candidates)
Coverage-aware round: 83/19000 unclassified samples covered by 48 new refs
---
Round: 415, Unk. prob.: 1.900e-01
Upper probs: 8.100e-01, Lower probs: 0.000e+00
No. of non-dominant refs: 19907, Survival refs: 19872, Failure refs: 35
Batch update: 48 refs added, 0 existing refs removed (0 new refs dominated)
Survival: 48 refs added, 0 removed (from 48 candidates)
Coverage-aware round: 81/18952 unclassified samples covered by 48 new refs
---
Round: 416, Unk. prob.: 1.895e-01
Upper probs: 8.105e-01, Lower probs: 1.000e-05
No. of non-dominant refs: 19955, Survival refs: 19920, Failure refs: 35
Batch update: 48 refs added, 0 existing refs removed (0 new refs dominated)
Survival: 48 refs added, 0 removed (from 48 candidates)
Coverage-aware round: 93/19040 unclassified samples covered by 48 new refs
---
Round: 417, Unk. prob.: 1.904e-01
Upper probs: 8.096e-01, Lower probs: 0.000e+00
No. of non-dominant refs: 20003, Survival refs: 19968, Failure refs: 35
Batch update: 48 refs added, 0 existing refs removed (0 new refs dominated)
Survival: 48 refs added, 0 removed (from 48 candidates)
Coverage-aware round: 81/18815 unclassified samples covered by 48 new refs
---
Round: 418, Unk. prob.: 1.882e-01
Upper probs: 8.118e-01, Lower probs: 0.000e+00
No. of non-dominant refs: 20051, Survival refs: 20016, Failure refs: 35
Batch update: 48 refs added, 0 existing refs removed (0 new refs dominated)
Survival: 48 refs added, 0 removed (from 48 candidates)
Coverage-aware round: 79/18921 unclassified samples covered by 48 new refs
---
Round: 419, Unk. prob.: 1.892e-01
Upper probs: 8.108e-01, Lower probs: 0.000e+00
No. of non-dominant refs: 20099, Survival refs: 20064, Failure refs: 35
Batch update: 48 refs added, 0 existing refs removed (0 new refs dominated)
Survival: 48 refs added, 0 removed (from 48 candidates)
Coverage-aware round: 79/18940 unclassified samples covered by 48 new refs
---
Round: 420, Unk. prob.: 1.894e-01
Upper probs: 8.106e-01, Lower probs: 0.000e+00
No. of non-dominant refs: 20147, Survival refs: 20112, Failure refs: 35
Batch update: 48 refs added, 0 existing refs removed (0 new refs dominated)
Survival: 48 refs added, 0 removed (from 48 candidates)
Coverage-aware round: 93/18710 unclassified samples covered by 48 new refs
---
Round: 421, Unk. prob.: 1.871e-01
Upper probs: 8.129e-01, Lower probs: 0.000e+00
No. of non-dominant refs: 20195, Survival refs: 20160, Failure refs: 35
Batch update: 48 refs added, 0 existing refs removed (0 new refs dominated)
Survival: 48 refs added, 0 removed (from 48 candidates)
Coverage-aware round: 75/19006 unclassified samples covered by 48 new refs
---
Round: 422, Unk. prob.: 1.901e-01
Upper probs: 8.099e-01, Lower probs: 0.000e+00
No. of non-dominant refs: 20243, Survival refs: 20208, Failure refs: 35
Batch update: 48 refs added, 0 existing refs removed (0 new refs dominated)
Survival: 48 refs added, 0 removed (from 48 candidates)
Coverage-aware round: 84/18975 unclassified samples covered by 48 new refs
---
Round: 423, Unk. prob.: 1.898e-01
Upper probs: 8.102e-01, Lower probs: 1.000e-05
No. of non-dominant refs: 20291, Survival refs: 20256, Failure refs: 35
Batch update: 48 refs added, 0 existing refs removed (0 new refs dominated)
Survival: 48 refs added, 0 removed (from 48 candidates)
Coverage-aware round: 85/18926 unclassified samples covered by 48 new refs
---
Round: 424, Unk. prob.: 1.893e-01
Upper probs: 8.107e-01, Lower probs: 0.000e+00
No. of non-dominant refs: 20339, Survival refs: 20304, Failure refs: 35
Batch update: 48 refs added, 0 existing refs removed (0 new refs dominated)
Survival: 48 refs added, 0 removed (from 48 candidates)
Coverage-aware round: 76/18884 unclassified samples covered by 48 new refs
---
Round: 425, Unk. prob.: 1.888e-01
Upper probs: 8.112e-01, Lower probs: 0.000e+00
No. of non-dominant refs: 20387, Survival refs: 20352, Failure refs: 35
Batch update: 48 refs added, 0 existing refs removed (0 new refs dominated)
Survival: 48 refs added, 0 removed (from 48 candidates)
Coverage-aware round: 87/19021 unclassified samples covered by 48 new refs
---
Round: 426, Unk. prob.: 1.902e-01
Upper probs: 8.098e-01, Lower probs: 1.000e-05
No. of non-dominant refs: 20435, Survival refs: 20400, Failure refs: 35
Batch update: 48 refs added, 0 existing refs removed (0 new refs dominated)
Survival: 48 refs added, 0 removed (from 48 candidates)
Coverage-aware round: 86/18699 unclassified samples covered by 48 new refs
---
Round: 427, Unk. prob.: 1.870e-01
Upper probs: 8.130e-01, Lower probs: 0.000e+00
No. of non-dominant refs: 20483, Survival refs: 20448, Failure refs: 35
Batch update: 48 refs added, 0 existing refs removed (0 new refs dominated)
Survival: 48 refs added, 0 removed (from 48 candidates)
Coverage-aware round: 83/18971 unclassified samples covered by 48 new refs
---
Round: 428, Unk. prob.: 1.897e-01
Upper probs: 8.103e-01, Lower probs: 0.000e+00
No. of non-dominant refs: 20531, Survival refs: 20496, Failure refs: 35
Batch update: 48 refs added, 0 existing refs removed (0 new refs dominated)
Survival: 48 refs added, 0 removed (from 48 candidates)
Coverage-aware round: 79/18788 unclassified samples covered by 48 new refs
---
Round: 429, Unk. prob.: 1.879e-01
Upper probs: 8.121e-01, Lower probs: 0.000e+00
No. of non-dominant refs: 20579, Survival refs: 20544, Failure refs: 35
Batch update: 48 refs added, 0 existing refs removed (0 new refs dominated)
Survival: 48 refs added, 0 removed (from 48 candidates)
Coverage-aware round: 81/18746 unclassified samples covered by 48 new refs
---
Round: 430, Unk. prob.: 1.875e-01
Upper probs: 8.125e-01, Lower probs: 0.000e+00
No. of non-dominant refs: 20627, Survival refs: 20592, Failure refs: 35
Batch update: 48 refs added, 0 existing refs removed (0 new refs dominated)
Survival: 48 refs added, 0 removed (from 48 candidates)
Coverage-aware round: 84/18606 unclassified samples covered by 48 new refs
---
Round: 431, Unk. prob.: 1.861e-01
Upper probs: 8.139e-01, Lower probs: 0.000e+00
No. of non-dominant refs: 20675, Survival refs: 20640, Failure refs: 35
Batch update: 48 refs added, 0 existing refs removed (0 new refs dominated)
Survival: 48 refs added, 0 removed (from 48 candidates)
Coverage-aware round: 84/18753 unclassified samples covered by 48 new refs
---
Round: 432, Unk. prob.: 1.875e-01
Upper probs: 8.125e-01, Lower probs: 0.000e+00
No. of non-dominant refs: 20723, Survival refs: 20688, Failure refs: 35
Batch update: 48 refs added, 0 existing refs removed (0 new refs dominated)
Survival: 48 refs added, 0 removed (from 48 candidates)
Coverage-aware round: 71/18676 unclassified samples covered by 48 new refs
---
Round: 433, Unk. prob.: 1.868e-01
Upper probs: 8.132e-01, Lower probs: 0.000e+00
No. of non-dominant refs: 20771, Survival refs: 20736, Failure refs: 35
Batch update: 48 refs added, 0 existing refs removed (0 new refs dominated)
Survival: 48 refs added, 0 removed (from 48 candidates)
Coverage-aware round: 81/18644 unclassified samples covered by 48 new refs
---
Round: 434, Unk. prob.: 1.864e-01
Upper probs: 8.136e-01, Lower probs: 0.000e+00
No. of non-dominant refs: 20819, Survival refs: 20784, Failure refs: 35
Batch update: 48 refs added, 0 existing refs removed (0 new refs dominated)
Survival: 48 refs added, 0 removed (from 48 candidates)
Coverage-aware round: 101/18796 unclassified samples covered by 48 new refs
---
Round: 435, Unk. prob.: 1.880e-01
Upper probs: 8.120e-01, Lower probs: 0.000e+00
No. of non-dominant refs: 20867, Survival refs: 20832, Failure refs: 35
Batch update: 48 refs added, 0 existing refs removed (0 new refs dominated)
Survival: 48 refs added, 0 removed (from 48 candidates)
Coverage-aware round: 92/18740 unclassified samples covered by 48 new refs
---
Round: 436, Unk. prob.: 1.874e-01
Upper probs: 8.126e-01, Lower probs: 1.000e-05
No. of non-dominant refs: 20915, Survival refs: 20880, Failure refs: 35
Batch update: 48 refs added, 0 existing refs removed (0 new refs dominated)
Survival: 48 refs added, 0 removed (from 48 candidates)
Coverage-aware round: 81/18728 unclassified samples covered by 48 new refs
---
Round: 437, Unk. prob.: 1.873e-01
Upper probs: 8.127e-01, Lower probs: 0.000e+00
No. of non-dominant refs: 20963, Survival refs: 20928, Failure refs: 35
Batch update: 48 refs added, 0 existing refs removed (0 new refs dominated)
Survival: 48 refs added, 0 removed (from 48 candidates)
Coverage-aware round: 90/18750 unclassified samples covered by 48 new refs
---
Round: 438, Unk. prob.: 1.875e-01
Upper probs: 8.125e-01, Lower probs: 0.000e+00
No. of non-dominant refs: 21011, Survival refs: 20976, Failure refs: 35
Batch update: 48 refs added, 0 existing refs removed (0 new refs dominated)
Survival: 48 refs added, 0 removed (from 48 candidates)
Coverage-aware round: 92/18636 unclassified samples covered by 48 new refs
---
Round: 439, Unk. prob.: 1.864e-01
Upper probs: 8.136e-01, Lower probs: 0.000e+00
No. of non-dominant refs: 21059, Survival refs: 21024, Failure refs: 35
Batch update: 48 refs added, 0 existing refs removed (0 new refs dominated)
Survival: 48 refs added, 0 removed (from 48 candidates)
Coverage-aware round: 89/18612 unclassified samples covered by 48 new refs
---
Round: 440, Unk. prob.: 1.861e-01
Upper probs: 8.139e-01, Lower probs: 0.000e+00
No. of non-dominant refs: 21107, Survival refs: 21072, Failure refs: 35
Batch update: 48 refs added, 0 existing refs removed (0 new refs dominated)
Survival: 48 refs added, 0 removed (from 48 candidates)
Coverage-aware round: 99/19045 unclassified samples covered by 48 new refs
---
Round: 441, Unk. prob.: 1.905e-01
Upper probs: 8.095e-01, Lower probs: 0.000e+00
No. of non-dominant refs: 21155, Survival refs: 21120, Failure refs: 35
Batch update: 48 refs added, 0 existing refs removed (0 new refs dominated)
Survival: 48 refs added, 0 removed (from 48 candidates)
Coverage-aware round: 96/18465 unclassified samples covered by 48 new refs
---
Round: 442, Unk. prob.: 1.847e-01
Upper probs: 8.153e-01, Lower probs: 1.000e-05
No. of non-dominant refs: 21203, Survival refs: 21168, Failure refs: 35
Batch update: 48 refs added, 0 existing refs removed (0 new refs dominated)
Survival: 48 refs added, 0 removed (from 48 candidates)
Coverage-aware round: 88/18639 unclassified samples covered by 48 new refs
---
Round: 443, Unk. prob.: 1.864e-01
Upper probs: 8.136e-01, Lower probs: 0.000e+00
No. of non-dominant refs: 21251, Survival refs: 21216, Failure refs: 35
Batch update: 48 refs added, 0 existing refs removed (0 new refs dominated)
Survival: 48 refs added, 0 removed (from 48 candidates)
Coverage-aware round: 93/18631 unclassified samples covered by 48 new refs
---
Round: 444, Unk. prob.: 1.863e-01
Upper probs: 8.137e-01, Lower probs: 0.000e+00
No. of non-dominant refs: 21299, Survival refs: 21264, Failure refs: 35
Batch update: 48 refs added, 0 existing refs removed (0 new refs dominated)
Survival: 48 refs added, 0 removed (from 48 candidates)
Coverage-aware round: 83/18743 unclassified samples covered by 48 new refs
---
Round: 445, Unk. prob.: 1.874e-01
Upper probs: 8.126e-01, Lower probs: 0.000e+00
No. of non-dominant refs: 21347, Survival refs: 21312, Failure refs: 35
Batch update: 48 refs added, 0 existing refs removed (0 new refs dominated)
Survival: 48 refs added, 0 removed (from 48 candidates)
Coverage-aware round: 99/18441 unclassified samples covered by 48 new refs
---
Round: 446, Unk. prob.: 1.844e-01
Upper probs: 8.156e-01, Lower probs: 0.000e+00
No. of non-dominant refs: 21395, Survival refs: 21360, Failure refs: 35
Batch update: 48 refs added, 0 existing refs removed (0 new refs dominated)
Survival: 48 refs added, 0 removed (from 48 candidates)
Coverage-aware round: 72/18556 unclassified samples covered by 48 new refs
---
Round: 447, Unk. prob.: 1.856e-01
Upper probs: 8.144e-01, Lower probs: 0.000e+00
No. of non-dominant refs: 21443, Survival refs: 21408, Failure refs: 35
Batch update: 48 refs added, 0 existing refs removed (0 new refs dominated)
Survival: 48 refs added, 0 removed (from 48 candidates)
Coverage-aware round: 102/18574 unclassified samples covered by 48 new refs
---
Round: 448, Unk. prob.: 1.857e-01
Upper probs: 8.143e-01, Lower probs: 0.000e+00
No. of non-dominant refs: 21491, Survival refs: 21456, Failure refs: 35
Batch update: 48 refs added, 0 existing refs removed (0 new refs dominated)
Survival: 48 refs added, 0 removed (from 48 candidates)
Coverage-aware round: 81/18569 unclassified samples covered by 48 new refs
---
Round: 449, Unk. prob.: 1.857e-01
Upper probs: 8.143e-01, Lower probs: 0.000e+00
No. of non-dominant refs: 21539, Survival refs: 21504, Failure refs: 35
Batch update: 48 refs added, 0 existing refs removed (0 new refs dominated)
Survival: 48 refs added, 0 removed (from 48 candidates)
Coverage-aware round: 92/18626 unclassified samples covered by 48 new refs
---
Round: 450, Unk. prob.: 1.863e-01
Upper probs: 8.137e-01, Lower probs: 0.000e+00
No. of non-dominant refs: 21587, Survival refs: 21552, Failure refs: 35
Batch update: 48 refs added, 0 existing refs removed (0 new refs dominated)
Survival: 48 refs added, 0 removed (from 48 candidates)
Coverage-aware round: 87/18448 unclassified samples covered by 48 new refs
---
Round: 451, Unk. prob.: 1.845e-01
Upper probs: 8.155e-01, Lower probs: 0.000e+00
No. of non-dominant refs: 21635, Survival refs: 21600, Failure refs: 35
Batch update: 48 refs added, 0 existing refs removed (0 new refs dominated)
Survival: 48 refs added, 0 removed (from 48 candidates)
Coverage-aware round: 85/18443 unclassified samples covered by 48 new refs
---
Round: 452, Unk. prob.: 1.844e-01
Upper probs: 8.156e-01, Lower probs: 0.000e+00
No. of non-dominant refs: 21683, Survival refs: 21648, Failure refs: 35
Batch update: 48 refs added, 0 existing refs removed (0 new refs dominated)
Survival: 48 refs added, 0 removed (from 48 candidates)
Coverage-aware round: 82/18323 unclassified samples covered by 48 new refs
---
Round: 453, Unk. prob.: 1.832e-01
Upper probs: 8.168e-01, Lower probs: 0.000e+00
No. of non-dominant refs: 21731, Survival refs: 21696, Failure refs: 35
Batch update: 48 refs added, 0 existing refs removed (0 new refs dominated)
Survival: 48 refs added, 0 removed (from 48 candidates)
Coverage-aware round: 78/18259 unclassified samples covered by 48 new refs
---
Round: 454, Unk. prob.: 1.826e-01
Upper probs: 8.174e-01, Lower probs: 0.000e+00
No. of non-dominant refs: 21779, Survival refs: 21744, Failure refs: 35
Batch update: 48 refs added, 0 existing refs removed (0 new refs dominated)
Survival: 48 refs added, 0 removed (from 48 candidates)
Coverage-aware round: 72/18464 unclassified samples covered by 48 new refs
---
Round: 455, Unk. prob.: 1.846e-01
Upper probs: 8.154e-01, Lower probs: 0.000e+00
No. of non-dominant refs: 21827, Survival refs: 21792, Failure refs: 35
Batch update: 48 refs added, 0 existing refs removed (0 new refs dominated)
Survival: 48 refs added, 0 removed (from 48 candidates)
Coverage-aware round: 81/18296 unclassified samples covered by 48 new refs
---
Round: 456, Unk. prob.: 1.830e-01
Upper probs: 8.170e-01, Lower probs: 0.000e+00
No. of non-dominant refs: 21875, Survival refs: 21840, Failure refs: 35
Batch update: 48 refs added, 0 existing refs removed (0 new refs dominated)
Survival: 48 refs added, 0 removed (from 48 candidates)
Coverage-aware round: 91/18416 unclassified samples covered by 48 new refs
---
Round: 457, Unk. prob.: 1.842e-01
Upper probs: 8.158e-01, Lower probs: 1.000e-05
No. of non-dominant refs: 21923, Survival refs: 21888, Failure refs: 35
Batch update: 48 refs added, 0 existing refs removed (0 new refs dominated)
Survival: 48 refs added, 0 removed (from 48 candidates)
Coverage-aware round: 84/18179 unclassified samples covered by 48 new refs
---
Round: 458, Unk. prob.: 1.818e-01
Upper probs: 8.182e-01, Lower probs: 0.000e+00
No. of non-dominant refs: 21971, Survival refs: 21936, Failure refs: 35
Batch update: 48 refs added, 0 existing refs removed (0 new refs dominated)
Survival: 48 refs added, 0 removed (from 48 candidates)
Coverage-aware round: 80/18352 unclassified samples covered by 48 new refs
---
Round: 459, Unk. prob.: 1.835e-01
Upper probs: 8.165e-01, Lower probs: 0.000e+00
No. of non-dominant refs: 22019, Survival refs: 21984, Failure refs: 35
Batch update: 48 refs added, 0 existing refs removed (0 new refs dominated)
Survival: 48 refs added, 0 removed (from 48 candidates)
Coverage-aware round: 93/18398 unclassified samples covered by 48 new refs
---
Round: 460, Unk. prob.: 1.840e-01
Upper probs: 8.160e-01, Lower probs: 0.000e+00
No. of non-dominant refs: 22067, Survival refs: 22032, Failure refs: 35
Batch update: 48 refs added, 0 existing refs removed (0 new refs dominated)
Survival: 48 refs added, 0 removed (from 48 candidates)
Coverage-aware round: 93/18407 unclassified samples covered by 48 new refs
---
Round: 461, Unk. prob.: 1.841e-01
Upper probs: 8.159e-01, Lower probs: 0.000e+00
No. of non-dominant refs: 22115, Survival refs: 22080, Failure refs: 35
Batch update: 48 refs added, 0 existing refs removed (0 new refs dominated)
Survival: 48 refs added, 0 removed (from 48 candidates)
Coverage-aware round: 92/18443 unclassified samples covered by 48 new refs
---
Round: 462, Unk. prob.: 1.844e-01
Upper probs: 8.156e-01, Lower probs: 1.000e-05
No. of non-dominant refs: 22163, Survival refs: 22128, Failure refs: 35
Batch update: 48 refs added, 0 existing refs removed (0 new refs dominated)
Survival: 48 refs added, 0 removed (from 48 candidates)
Coverage-aware round: 88/18233 unclassified samples covered by 48 new refs
---
Round: 463, Unk. prob.: 1.823e-01
Upper probs: 8.177e-01, Lower probs: 0.000e+00
No. of non-dominant refs: 22211, Survival refs: 22176, Failure refs: 35
Batch update: 48 refs added, 0 existing refs removed (0 new refs dominated)
Survival: 48 refs added, 0 removed (from 48 candidates)
Coverage-aware round: 82/18201 unclassified samples covered by 48 new refs
---
Round: 464, Unk. prob.: 1.820e-01
Upper probs: 8.180e-01, Lower probs: 0.000e+00
No. of non-dominant refs: 22259, Survival refs: 22224, Failure refs: 35
Batch update: 48 refs added, 0 existing refs removed (0 new refs dominated)
Survival: 48 refs added, 0 removed (from 48 candidates)
Coverage-aware round: 77/18310 unclassified samples covered by 48 new refs
---
Round: 465, Unk. prob.: 1.831e-01
Upper probs: 8.169e-01, Lower probs: 0.000e+00
No. of non-dominant refs: 22307, Survival refs: 22272, Failure refs: 35
Batch update: 48 refs added, 0 existing refs removed (0 new refs dominated)
Survival: 48 refs added, 0 removed (from 48 candidates)
Batch update: 3 refs added, 0 existing refs removed (0 new refs dominated)
Failure: 3 refs added, 0 removed (from 3 candidates)
Coverage-aware round: 92/18318 unclassified samples covered by 51 new refs
---
Round: 466, Unk. prob.: 1.832e-01
Upper probs: 8.168e-01, Lower probs: 0.000e+00
No. of non-dominant refs: 22358, Survival refs: 22320, Failure refs: 38
Batch update: 48 refs added, 0 existing refs removed (0 new refs dominated)
Survival: 48 refs added, 0 removed (from 48 candidates)
Coverage-aware round: 76/18292 unclassified samples covered by 48 new refs
---
Round: 467, Unk. prob.: 1.829e-01
Upper probs: 8.171e-01, Lower probs: 0.000e+00
No. of non-dominant refs: 22406, Survival refs: 22368, Failure refs: 38
Batch update: 48 refs added, 0 existing refs removed (0 new refs dominated)
Survival: 48 refs added, 0 removed (from 48 candidates)
Coverage-aware round: 80/17953 unclassified samples covered by 48 new refs
---
Round: 468, Unk. prob.: 1.795e-01
Upper probs: 8.205e-01, Lower probs: 0.000e+00
No. of non-dominant refs: 22454, Survival refs: 22416, Failure refs: 38
Batch update: 48 refs added, 0 existing refs removed (0 new refs dominated)
Survival: 48 refs added, 0 removed (from 48 candidates)
Coverage-aware round: 74/18372 unclassified samples covered by 48 new refs
---
Round: 469, Unk. prob.: 1.837e-01
Upper probs: 8.163e-01, Lower probs: 1.000e-05
No. of non-dominant refs: 22502, Survival refs: 22464, Failure refs: 38
Batch update: 48 refs added, 0 existing refs removed (0 new refs dominated)
Survival: 48 refs added, 0 removed (from 48 candidates)
Coverage-aware round: 85/18154 unclassified samples covered by 48 new refs
---
Round: 470, Unk. prob.: 1.815e-01
Upper probs: 8.185e-01, Lower probs: 0.000e+00
No. of non-dominant refs: 22550, Survival refs: 22512, Failure refs: 38
Batch update: 48 refs added, 0 existing refs removed (0 new refs dominated)
Survival: 48 refs added, 0 removed (from 48 candidates)
Coverage-aware round: 72/18336 unclassified samples covered by 48 new refs
---
Round: 471, Unk. prob.: 1.834e-01
Upper probs: 8.166e-01, Lower probs: 0.000e+00
No. of non-dominant refs: 22598, Survival refs: 22560, Failure refs: 38
Batch update: 48 refs added, 0 existing refs removed (0 new refs dominated)
Survival: 48 refs added, 0 removed (from 48 candidates)
Coverage-aware round: 85/18165 unclassified samples covered by 48 new refs
---
Round: 472, Unk. prob.: 1.817e-01
Upper probs: 8.184e-01, Lower probs: 0.000e+00
No. of non-dominant refs: 22646, Survival refs: 22608, Failure refs: 38
Batch update: 48 refs added, 0 existing refs removed (0 new refs dominated)
Survival: 48 refs added, 0 removed (from 48 candidates)
Coverage-aware round: 84/18151 unclassified samples covered by 48 new refs
---
Round: 473, Unk. prob.: 1.815e-01
Upper probs: 8.185e-01, Lower probs: 0.000e+00
No. of non-dominant refs: 22694, Survival refs: 22656, Failure refs: 38
Batch update: 48 refs added, 0 existing refs removed (0 new refs dominated)
Survival: 48 refs added, 0 removed (from 48 candidates)
Coverage-aware round: 74/18103 unclassified samples covered by 48 new refs
---
Round: 474, Unk. prob.: 1.810e-01
Upper probs: 8.190e-01, Lower probs: 1.000e-05
No. of non-dominant refs: 22742, Survival refs: 22704, Failure refs: 38
Batch update: 48 refs added, 0 existing refs removed (0 new refs dominated)
Survival: 48 refs added, 0 removed (from 48 candidates)
Coverage-aware round: 83/17832 unclassified samples covered by 48 new refs
---
Round: 475, Unk. prob.: 1.783e-01
Upper probs: 8.217e-01, Lower probs: 0.000e+00
No. of non-dominant refs: 22790, Survival refs: 22752, Failure refs: 38
Batch update: 48 refs added, 0 existing refs removed (0 new refs dominated)
Survival: 48 refs added, 0 removed (from 48 candidates)
Coverage-aware round: 87/18345 unclassified samples covered by 48 new refs
---
Round: 476, Unk. prob.: 1.835e-01
Upper probs: 8.165e-01, Lower probs: 0.000e+00
No. of non-dominant refs: 22838, Survival refs: 22800, Failure refs: 38
Batch update: 48 refs added, 0 existing refs removed (0 new refs dominated)
Survival: 48 refs added, 0 removed (from 48 candidates)
Coverage-aware round: 90/18200 unclassified samples covered by 48 new refs
---
Round: 477, Unk. prob.: 1.820e-01
Upper probs: 8.180e-01, Lower probs: 0.000e+00
No. of non-dominant refs: 22886, Survival refs: 22848, Failure refs: 38
Batch update: 48 refs added, 0 existing refs removed (0 new refs dominated)
Survival: 48 refs added, 0 removed (from 48 candidates)
Coverage-aware round: 84/18046 unclassified samples covered by 48 new refs
---
Round: 478, Unk. prob.: 1.805e-01
Upper probs: 8.195e-01, Lower probs: 0.000e+00
No. of non-dominant refs: 22934, Survival refs: 22896, Failure refs: 38
Batch update: 48 refs added, 0 existing refs removed (0 new refs dominated)
Survival: 48 refs added, 0 removed (from 48 candidates)
Coverage-aware round: 84/18024 unclassified samples covered by 48 new refs
---
Round: 479, Unk. prob.: 1.802e-01
Upper probs: 8.198e-01, Lower probs: 0.000e+00
No. of non-dominant refs: 22982, Survival refs: 22944, Failure refs: 38
Batch update: 48 refs added, 0 existing refs removed (0 new refs dominated)
Survival: 48 refs added, 0 removed (from 48 candidates)
Coverage-aware round: 88/18008 unclassified samples covered by 48 new refs
---
Round: 480, Unk. prob.: 1.801e-01
Upper probs: 8.199e-01, Lower probs: 1.000e-05
No. of non-dominant refs: 23030, Survival refs: 22992, Failure refs: 38
Batch update: 48 refs added, 0 existing refs removed (0 new refs dominated)
Survival: 48 refs added, 0 removed (from 48 candidates)
Coverage-aware round: 77/18239 unclassified samples covered by 48 new refs
---
Round: 481, Unk. prob.: 1.824e-01
Upper probs: 8.176e-01, Lower probs: 0.000e+00
No. of non-dominant refs: 23078, Survival refs: 23040, Failure refs: 38
Batch update: 48 refs added, 0 existing refs removed (0 new refs dominated)
Survival: 48 refs added, 0 removed (from 48 candidates)
Coverage-aware round: 93/17987 unclassified samples covered by 48 new refs
---
Round: 482, Unk. prob.: 1.799e-01
Upper probs: 8.201e-01, Lower probs: 0.000e+00
No. of non-dominant refs: 23126, Survival refs: 23088, Failure refs: 38
Batch update: 48 refs added, 0 existing refs removed (0 new refs dominated)
Survival: 48 refs added, 0 removed (from 48 candidates)
Batch update: 3 refs added, 0 existing refs removed (0 new refs dominated)
Failure: 3 refs added, 0 removed (from 3 candidates)
Coverage-aware round: 92/18064 unclassified samples covered by 51 new refs
---
Round: 483, Unk. prob.: 1.806e-01
Upper probs: 8.194e-01, Lower probs: 1.000e-05
No. of non-dominant refs: 23177, Survival refs: 23136, Failure refs: 41
Batch update: 48 refs added, 0 existing refs removed (0 new refs dominated)
Survival: 48 refs added, 0 removed (from 48 candidates)
Coverage-aware round: 83/17988 unclassified samples covered by 48 new refs
---
Round: 484, Unk. prob.: 1.799e-01
Upper probs: 8.201e-01, Lower probs: 0.000e+00
No. of non-dominant refs: 23225, Survival refs: 23184, Failure refs: 41
Batch update: 48 refs added, 0 existing refs removed (0 new refs dominated)
Survival: 48 refs added, 0 removed (from 48 candidates)
Coverage-aware round: 84/17834 unclassified samples covered by 48 new refs
---
Round: 485, Unk. prob.: 1.783e-01
Upper probs: 8.217e-01, Lower probs: 0.000e+00
No. of non-dominant refs: 23273, Survival refs: 23232, Failure refs: 41
Batch update: 48 refs added, 0 existing refs removed (0 new refs dominated)
Survival: 48 refs added, 0 removed (from 48 candidates)
Coverage-aware round: 74/17954 unclassified samples covered by 48 new refs
---
Round: 486, Unk. prob.: 1.795e-01
Upper probs: 8.205e-01, Lower probs: 0.000e+00
No. of non-dominant refs: 23321, Survival refs: 23280, Failure refs: 41
Batch update: 48 refs added, 0 existing refs removed (0 new refs dominated)
Survival: 48 refs added, 0 removed (from 48 candidates)
Coverage-aware round: 96/18024 unclassified samples covered by 48 new refs
---
Round: 487, Unk. prob.: 1.802e-01
Upper probs: 8.198e-01, Lower probs: 0.000e+00
No. of non-dominant refs: 23369, Survival refs: 23328, Failure refs: 41
Batch update: 48 refs added, 0 existing refs removed (0 new refs dominated)
Survival: 48 refs added, 0 removed (from 48 candidates)
Coverage-aware round: 89/18121 unclassified samples covered by 48 new refs
---
Round: 488, Unk. prob.: 1.812e-01
Upper probs: 8.188e-01, Lower probs: 0.000e+00
No. of non-dominant refs: 23417, Survival refs: 23376, Failure refs: 41
Batch update: 48 refs added, 0 existing refs removed (0 new refs dominated)
Survival: 48 refs added, 0 removed (from 48 candidates)
Coverage-aware round: 79/18024 unclassified samples covered by 48 new refs
---
Round: 489, Unk. prob.: 1.802e-01
Upper probs: 8.198e-01, Lower probs: 0.000e+00
No. of non-dominant refs: 23465, Survival refs: 23424, Failure refs: 41
Batch update: 48 refs added, 0 existing refs removed (0 new refs dominated)
Survival: 48 refs added, 0 removed (from 48 candidates)
Coverage-aware round: 76/18131 unclassified samples covered by 48 new refs
---
Round: 490, Unk. prob.: 1.813e-01
Upper probs: 8.187e-01, Lower probs: 0.000e+00
No. of non-dominant refs: 23513, Survival refs: 23472, Failure refs: 41
Batch update: 48 refs added, 0 existing refs removed (0 new refs dominated)
Survival: 48 refs added, 0 removed (from 48 candidates)
Coverage-aware round: 84/17901 unclassified samples covered by 48 new refs
---
Round: 491, Unk. prob.: 1.790e-01
Upper probs: 8.210e-01, Lower probs: 0.000e+00
No. of non-dominant refs: 23561, Survival refs: 23520, Failure refs: 41
Batch update: 48 refs added, 0 existing refs removed (0 new refs dominated)
Survival: 48 refs added, 0 removed (from 48 candidates)
Coverage-aware round: 87/18176 unclassified samples covered by 48 new refs
---
Round: 492, Unk. prob.: 1.818e-01
Upper probs: 8.182e-01, Lower probs: 0.000e+00
No. of non-dominant refs: 23609, Survival refs: 23568, Failure refs: 41
Batch update: 48 refs added, 0 existing refs removed (0 new refs dominated)
Survival: 48 refs added, 0 removed (from 48 candidates)
Coverage-aware round: 89/17874 unclassified samples covered by 48 new refs
---
Round: 493, Unk. prob.: 1.787e-01
Upper probs: 8.213e-01, Lower probs: 0.000e+00
No. of non-dominant refs: 23657, Survival refs: 23616, Failure refs: 41
Batch update: 48 refs added, 0 existing refs removed (0 new refs dominated)
Survival: 48 refs added, 0 removed (from 48 candidates)
Coverage-aware round: 72/17881 unclassified samples covered by 48 new refs
---
Round: 494, Unk. prob.: 1.788e-01
Upper probs: 8.212e-01, Lower probs: 1.000e-05
No. of non-dominant refs: 23705, Survival refs: 23664, Failure refs: 41
Batch update: 48 refs added, 0 existing refs removed (0 new refs dominated)
Survival: 48 refs added, 0 removed (from 48 candidates)
Coverage-aware round: 80/17907 unclassified samples covered by 48 new refs
---
Round: 495, Unk. prob.: 1.791e-01
Upper probs: 8.209e-01, Lower probs: 0.000e+00
No. of non-dominant refs: 23753, Survival refs: 23712, Failure refs: 41
Batch update: 48 refs added, 0 existing refs removed (0 new refs dominated)
Survival: 48 refs added, 0 removed (from 48 candidates)
Coverage-aware round: 76/17831 unclassified samples covered by 48 new refs
---
Round: 496, Unk. prob.: 1.783e-01
Upper probs: 8.217e-01, Lower probs: 0.000e+00
No. of non-dominant refs: 23801, Survival refs: 23760, Failure refs: 41
Batch update: 48 refs added, 0 existing refs removed (0 new refs dominated)
Survival: 48 refs added, 0 removed (from 48 candidates)
Coverage-aware round: 79/18030 unclassified samples covered by 48 new refs
---
Round: 497, Unk. prob.: 1.803e-01
Upper probs: 8.197e-01, Lower probs: 0.000e+00
No. of non-dominant refs: 23849, Survival refs: 23808, Failure refs: 41
Batch update: 48 refs added, 0 existing refs removed (0 new refs dominated)
Survival: 48 refs added, 0 removed (from 48 candidates)
Coverage-aware round: 79/17938 unclassified samples covered by 48 new refs
---
Round: 498, Unk. prob.: 1.794e-01
Upper probs: 8.206e-01, Lower probs: 0.000e+00
No. of non-dominant refs: 23897, Survival refs: 23856, Failure refs: 41
Batch update: 48 refs added, 0 existing refs removed (0 new refs dominated)
Survival: 48 refs added, 0 removed (from 48 candidates)
Batch update: 3 refs added, 0 existing refs removed (0 new refs dominated)
Failure: 3 refs added, 0 removed (from 3 candidates)
Coverage-aware round: 81/17705 unclassified samples covered by 51 new refs
---
Round: 499, Unk. prob.: 1.771e-01
Upper probs: 8.229e-01, Lower probs: 0.000e+00
No. of non-dominant refs: 23948, Survival refs: 23904, Failure refs: 44
Batch update: 48 refs added, 0 existing refs removed (0 new refs dominated)
Survival: 48 refs added, 0 removed (from 48 candidates)
Coverage-aware round: 85/17803 unclassified samples covered by 48 new refs
---
Round: 500, Unk. prob.: 1.780e-01
Upper probs: 8.220e-01, Lower probs: 0.000e+00
No. of non-dominant refs: 23996, Survival refs: 23952, Failure refs: 44
Batch update: 48 refs added, 0 existing refs removed (0 new refs dominated)
Survival: 48 refs added, 0 removed (from 48 candidates)
Coverage-aware round: 83/17851 unclassified samples covered by 48 new refs
---
Probs: 'upper':  8.218e-01, 'lower':  9.000e-07, 'unkn':  1.782e-01
---
Round: 501, Unk. prob.: 1.782e-01
Upper probs: 8.218e-01, Lower probs: 9.000e-07
No. of non-dominant refs: 24044, Survival refs: 24000, Failure refs: 44
Batch update: 48 refs added, 0 existing refs removed (0 new refs dominated)
Survival: 48 refs added, 0 removed (from 48 candidates)
Coverage-aware round: 71/17758 unclassified samples covered by 48 new refs
---
Round: 502, Unk. prob.: 1.776e-01
Upper probs: 8.224e-01, Lower probs: 0.000e+00
No. of non-dominant refs: 24092, Survival refs: 24048, Failure refs: 44
Batch update: 48 refs added, 0 existing refs removed (0 new refs dominated)
Survival: 48 refs added, 0 removed (from 48 candidates)
Coverage-aware round: 82/17765 unclassified samples covered by 48 new refs
---
Round: 503, Unk. prob.: 1.777e-01
Upper probs: 8.224e-01, Lower probs: 0.000e+00
No. of non-dominant refs: 24140, Survival refs: 24096, Failure refs: 44
Batch update: 48 refs added, 0 existing refs removed (0 new refs dominated)
Survival: 48 refs added, 0 removed (from 48 candidates)
Coverage-aware round: 82/17836 unclassified samples covered by 48 new refs
---
Round: 504, Unk. prob.: 1.784e-01
Upper probs: 8.216e-01, Lower probs: 0.000e+00
No. of non-dominant refs: 24188, Survival refs: 24144, Failure refs: 44
Batch update: 48 refs added, 0 existing refs removed (0 new refs dominated)
Survival: 48 refs added, 0 removed (from 48 candidates)
Batch update: 4 refs added, 0 existing refs removed (0 new refs dominated)
Failure: 4 refs added, 0 removed (from 4 candidates)
Coverage-aware round: 85/17652 unclassified samples covered by 52 new refs
---
Round: 505, Unk. prob.: 1.765e-01
Upper probs: 8.235e-01, Lower probs: 0.000e+00
No. of non-dominant refs: 24240, Survival refs: 24192, Failure refs: 48
Batch update: 48 refs added, 0 existing refs removed (0 new refs dominated)
Survival: 48 refs added, 0 removed (from 48 candidates)
Coverage-aware round: 88/17940 unclassified samples covered by 48 new refs
---
Round: 506, Unk. prob.: 1.794e-01
Upper probs: 8.206e-01, Lower probs: 0.000e+00
No. of non-dominant refs: 24288, Survival refs: 24240, Failure refs: 48
Batch update: 48 refs added, 0 existing refs removed (0 new refs dominated)
Survival: 48 refs added, 0 removed (from 48 candidates)
Coverage-aware round: 76/17883 unclassified samples covered by 48 new refs
---
Round: 507, Unk. prob.: 1.788e-01
Upper probs: 8.212e-01, Lower probs: 0.000e+00
No. of non-dominant refs: 24336, Survival refs: 24288, Failure refs: 48
Batch update: 48 refs added, 0 existing refs removed (0 new refs dominated)
Survival: 48 refs added, 0 removed (from 48 candidates)
Coverage-aware round: 77/17679 unclassified samples covered by 48 new refs
---
Round: 508, Unk. prob.: 1.768e-01
Upper probs: 8.232e-01, Lower probs: 0.000e+00
No. of non-dominant refs: 24384, Survival refs: 24336, Failure refs: 48
Batch update: 48 refs added, 0 existing refs removed (0 new refs dominated)
Survival: 48 refs added, 0 removed (from 48 candidates)
Coverage-aware round: 70/17855 unclassified samples covered by 48 new refs
---
Round: 509, Unk. prob.: 1.785e-01
Upper probs: 8.215e-01, Lower probs: 0.000e+00
No. of non-dominant refs: 24432, Survival refs: 24384, Failure refs: 48
Batch update: 48 refs added, 0 existing refs removed (0 new refs dominated)
Survival: 48 refs added, 0 removed (from 48 candidates)
Coverage-aware round: 79/17476 unclassified samples covered by 48 new refs
---
Round: 510, Unk. prob.: 1.748e-01
Upper probs: 8.252e-01, Lower probs: 0.000e+00
No. of non-dominant refs: 24480, Survival refs: 24432, Failure refs: 48
Batch update: 48 refs added, 0 existing refs removed (0 new refs dominated)
Survival: 48 refs added, 0 removed (from 48 candidates)
Coverage-aware round: 72/17591 unclassified samples covered by 48 new refs
---
Round: 511, Unk. prob.: 1.759e-01
Upper probs: 8.241e-01, Lower probs: 0.000e+00
No. of non-dominant refs: 24528, Survival refs: 24480, Failure refs: 48
Batch update: 48 refs added, 0 existing refs removed (0 new refs dominated)
Survival: 48 refs added, 0 removed (from 48 candidates)
Coverage-aware round: 76/17746 unclassified samples covered by 48 new refs
---
Round: 512, Unk. prob.: 1.775e-01
Upper probs: 8.225e-01, Lower probs: 0.000e+00
No. of non-dominant refs: 24576, Survival refs: 24528, Failure refs: 48
Batch update: 48 refs added, 0 existing refs removed (0 new refs dominated)
Survival: 48 refs added, 0 removed (from 48 candidates)
Coverage-aware round: 74/17782 unclassified samples covered by 48 new refs
---
Round: 513, Unk. prob.: 1.778e-01
Upper probs: 8.222e-01, Lower probs: 1.000e-05
No. of non-dominant refs: 24624, Survival refs: 24576, Failure refs: 48
Batch update: 48 refs added, 0 existing refs removed (0 new refs dominated)
Survival: 48 refs added, 0 removed (from 48 candidates)
Coverage-aware round: 83/17557 unclassified samples covered by 48 new refs
---
Round: 514, Unk. prob.: 1.756e-01
Upper probs: 8.244e-01, Lower probs: 0.000e+00
No. of non-dominant refs: 24672, Survival refs: 24624, Failure refs: 48
Batch update: 48 refs added, 0 existing refs removed (0 new refs dominated)
Survival: 48 refs added, 0 removed (from 48 candidates)
Coverage-aware round: 79/17596 unclassified samples covered by 48 new refs
---
Round: 515, Unk. prob.: 1.760e-01
Upper probs: 8.240e-01, Lower probs: 0.000e+00
No. of non-dominant refs: 24720, Survival refs: 24672, Failure refs: 48
Batch update: 48 refs added, 0 existing refs removed (0 new refs dominated)
Survival: 48 refs added, 0 removed (from 48 candidates)
Coverage-aware round: 72/17717 unclassified samples covered by 48 new refs
---
Round: 516, Unk. prob.: 1.772e-01
Upper probs: 8.228e-01, Lower probs: 0.000e+00
No. of non-dominant refs: 24768, Survival refs: 24720, Failure refs: 48
Batch update: 48 refs added, 0 existing refs removed (0 new refs dominated)
Survival: 48 refs added, 0 removed (from 48 candidates)
Coverage-aware round: 77/17616 unclassified samples covered by 48 new refs
---
Round: 517, Unk. prob.: 1.762e-01
Upper probs: 8.238e-01, Lower probs: 0.000e+00
No. of non-dominant refs: 24816, Survival refs: 24768, Failure refs: 48
Batch update: 48 refs added, 0 existing refs removed (0 new refs dominated)
Survival: 48 refs added, 0 removed (from 48 candidates)
Coverage-aware round: 79/17572 unclassified samples covered by 48 new refs
---
Round: 518, Unk. prob.: 1.757e-01
Upper probs: 8.243e-01, Lower probs: 0.000e+00
No. of non-dominant refs: 24864, Survival refs: 24816, Failure refs: 48
Batch update: 48 refs added, 0 existing refs removed (0 new refs dominated)
Survival: 48 refs added, 0 removed (from 48 candidates)
Coverage-aware round: 78/17537 unclassified samples covered by 48 new refs
---
Round: 519, Unk. prob.: 1.754e-01
Upper probs: 8.246e-01, Lower probs: 0.000e+00
No. of non-dominant refs: 24912, Survival refs: 24864, Failure refs: 48
Batch update: 48 refs added, 0 existing refs removed (0 new refs dominated)
Survival: 48 refs added, 0 removed (from 48 candidates)
Coverage-aware round: 86/17603 unclassified samples covered by 48 new refs
---
Round: 520, Unk. prob.: 1.760e-01
Upper probs: 8.240e-01, Lower probs: 0.000e+00
No. of non-dominant refs: 24960, Survival refs: 24912, Failure refs: 48
Batch update: 48 refs added, 0 existing refs removed (0 new refs dominated)
Survival: 48 refs added, 0 removed (from 48 candidates)
Coverage-aware round: 83/17570 unclassified samples covered by 48 new refs
---
Round: 521, Unk. prob.: 1.757e-01
Upper probs: 8.243e-01, Lower probs: 0.000e+00
No. of non-dominant refs: 25008, Survival refs: 24960, Failure refs: 48
Batch update: 48 refs added, 0 existing refs removed (0 new refs dominated)
Survival: 48 refs added, 0 removed (from 48 candidates)
Coverage-aware round: 87/17654 unclassified samples covered by 48 new refs
---
Round: 522, Unk. prob.: 1.765e-01
Upper probs: 8.235e-01, Lower probs: 0.000e+00
No. of non-dominant refs: 25056, Survival refs: 25008, Failure refs: 48
Batch update: 48 refs added, 0 existing refs removed (0 new refs dominated)
Survival: 48 refs added, 0 removed (from 48 candidates)
Coverage-aware round: 72/17582 unclassified samples covered by 48 new refs
---
Round: 523, Unk. prob.: 1.758e-01
Upper probs: 8.242e-01, Lower probs: 0.000e+00
No. of non-dominant refs: 25104, Survival refs: 25056, Failure refs: 48
Batch update: 48 refs added, 0 existing refs removed (0 new refs dominated)
Survival: 48 refs added, 0 removed (from 48 candidates)
Coverage-aware round: 77/17454 unclassified samples covered by 48 new refs
---
Round: 524, Unk. prob.: 1.745e-01
Upper probs: 8.255e-01, Lower probs: 0.000e+00
No. of non-dominant refs: 25152, Survival refs: 25104, Failure refs: 48
Batch update: 48 refs added, 0 existing refs removed (0 new refs dominated)
Survival: 48 refs added, 0 removed (from 48 candidates)
Coverage-aware round: 86/17578 unclassified samples covered by 48 new refs
---
Round: 525, Unk. prob.: 1.758e-01
Upper probs: 8.242e-01, Lower probs: 0.000e+00
No. of non-dominant refs: 25200, Survival refs: 25152, Failure refs: 48
Batch update: 48 refs added, 0 existing refs removed (0 new refs dominated)
Survival: 48 refs added, 0 removed (from 48 candidates)
Coverage-aware round: 76/17703 unclassified samples covered by 48 new refs
---
Round: 526, Unk. prob.: 1.770e-01
Upper probs: 8.230e-01, Lower probs: 1.000e-05
No. of non-dominant refs: 25248, Survival refs: 25200, Failure refs: 48
Batch update: 48 refs added, 0 existing refs removed (0 new refs dominated)
Survival: 48 refs added, 0 removed (from 48 candidates)
Coverage-aware round: 79/17389 unclassified samples covered by 48 new refs
---
Round: 527, Unk. prob.: 1.739e-01
Upper probs: 8.261e-01, Lower probs: 0.000e+00
No. of non-dominant refs: 25296, Survival refs: 25248, Failure refs: 48
Batch update: 48 refs added, 0 existing refs removed (0 new refs dominated)
Survival: 48 refs added, 0 removed (from 48 candidates)
Batch update: 1 refs added, 0 existing refs removed (0 new refs dominated)
Failure: 1 refs added, 0 removed (from 1 candidates)
Coverage-aware round: 74/17508 unclassified samples covered by 49 new refs
---
Round: 528, Unk. prob.: 1.751e-01
Upper probs: 8.249e-01, Lower probs: 1.000e-05
No. of non-dominant refs: 25345, Survival refs: 25296, Failure refs: 49
Batch update: 48 refs added, 0 existing refs removed (0 new refs dominated)
Survival: 48 refs added, 0 removed (from 48 candidates)
Coverage-aware round: 78/17437 unclassified samples covered by 48 new refs
---
Round: 529, Unk. prob.: 1.744e-01
Upper probs: 8.256e-01, Lower probs: 0.000e+00
No. of non-dominant refs: 25393, Survival refs: 25344, Failure refs: 49
Batch update: 48 refs added, 0 existing refs removed (0 new refs dominated)
Survival: 48 refs added, 0 removed (from 48 candidates)
Coverage-aware round: 82/17285 unclassified samples covered by 48 new refs
---
Round: 530, Unk. prob.: 1.729e-01
Upper probs: 8.272e-01, Lower probs: 0.000e+00
No. of non-dominant refs: 25441, Survival refs: 25392, Failure refs: 49
Batch update: 48 refs added, 0 existing refs removed (0 new refs dominated)
Survival: 48 refs added, 0 removed (from 48 candidates)
Coverage-aware round: 70/17602 unclassified samples covered by 48 new refs
---
Round: 531, Unk. prob.: 1.760e-01
Upper probs: 8.240e-01, Lower probs: 0.000e+00
No. of non-dominant refs: 25489, Survival refs: 25440, Failure refs: 49
Batch update: 48 refs added, 0 existing refs removed (0 new refs dominated)
Survival: 48 refs added, 0 removed (from 48 candidates)
Coverage-aware round: 80/17542 unclassified samples covered by 48 new refs
---
Round: 532, Unk. prob.: 1.754e-01
Upper probs: 8.246e-01, Lower probs: 0.000e+00
No. of non-dominant refs: 25537, Survival refs: 25488, Failure refs: 49
Batch update: 48 refs added, 0 existing refs removed (0 new refs dominated)
Survival: 48 refs added, 0 removed (from 48 candidates)
Coverage-aware round: 78/17462 unclassified samples covered by 48 new refs
---
Round: 533, Unk. prob.: 1.746e-01
Upper probs: 8.254e-01, Lower probs: 1.000e-05
No. of non-dominant refs: 25585, Survival refs: 25536, Failure refs: 49
Batch update: 48 refs added, 0 existing refs removed (0 new refs dominated)
Survival: 48 refs added, 0 removed (from 48 candidates)
Coverage-aware round: 71/17445 unclassified samples covered by 48 new refs
---
Round: 534, Unk. prob.: 1.744e-01
Upper probs: 8.256e-01, Lower probs: 0.000e+00
No. of non-dominant refs: 25633, Survival refs: 25584, Failure refs: 49
Batch update: 48 refs added, 0 existing refs removed (0 new refs dominated)
Survival: 48 refs added, 0 removed (from 48 candidates)
Coverage-aware round: 71/17602 unclassified samples covered by 48 new refs
---
Round: 535, Unk. prob.: 1.760e-01
Upper probs: 8.240e-01, Lower probs: 0.000e+00
No. of non-dominant refs: 25681, Survival refs: 25632, Failure refs: 49
Batch update: 48 refs added, 0 existing refs removed (0 new refs dominated)
Survival: 48 refs added, 0 removed (from 48 candidates)
Coverage-aware round: 81/17512 unclassified samples covered by 48 new refs
---
Round: 536, Unk. prob.: 1.751e-01
Upper probs: 8.249e-01, Lower probs: 1.000e-05
No. of non-dominant refs: 25729, Survival refs: 25680, Failure refs: 49
Batch update: 48 refs added, 0 existing refs removed (0 new refs dominated)
Survival: 48 refs added, 0 removed (from 48 candidates)
Coverage-aware round: 76/17439 unclassified samples covered by 48 new refs
---
Round: 537, Unk. prob.: 1.744e-01
Upper probs: 8.256e-01, Lower probs: 1.000e-05
No. of non-dominant refs: 25777, Survival refs: 25728, Failure refs: 49
Batch update: 48 refs added, 0 existing refs removed (0 new refs dominated)
Survival: 48 refs added, 0 removed (from 48 candidates)
Coverage-aware round: 86/17306 unclassified samples covered by 48 new refs
---
Round: 538, Unk. prob.: 1.731e-01
Upper probs: 8.269e-01, Lower probs: 0.000e+00
No. of non-dominant refs: 25825, Survival refs: 25776, Failure refs: 49
Batch update: 48 refs added, 0 existing refs removed (0 new refs dominated)
Survival: 48 refs added, 0 removed (from 48 candidates)
Coverage-aware round: 78/17455 unclassified samples covered by 48 new refs
---
Round: 539, Unk. prob.: 1.746e-01
Upper probs: 8.255e-01, Lower probs: 0.000e+00
No. of non-dominant refs: 25873, Survival refs: 25824, Failure refs: 49
Batch update: 48 refs added, 0 existing refs removed (0 new refs dominated)
Survival: 48 refs added, 0 removed (from 48 candidates)
Coverage-aware round: 75/17573 unclassified samples covered by 48 new refs
---
Round: 540, Unk. prob.: 1.757e-01
Upper probs: 8.243e-01, Lower probs: 1.000e-05
No. of non-dominant refs: 25921, Survival refs: 25872, Failure refs: 49
Batch update: 48 refs added, 0 existing refs removed (0 new refs dominated)
Survival: 48 refs added, 0 removed (from 48 candidates)
Coverage-aware round: 74/17524 unclassified samples covered by 48 new refs
---
Round: 541, Unk. prob.: 1.752e-01
Upper probs: 8.248e-01, Lower probs: 0.000e+00
No. of non-dominant refs: 25969, Survival refs: 25920, Failure refs: 49
Batch update: 48 refs added, 0 existing refs removed (0 new refs dominated)
Survival: 48 refs added, 0 removed (from 48 candidates)
Coverage-aware round: 98/17356 unclassified samples covered by 48 new refs
---
Round: 542, Unk. prob.: 1.736e-01
Upper probs: 8.264e-01, Lower probs: 0.000e+00
No. of non-dominant refs: 26017, Survival refs: 25968, Failure refs: 49
Batch update: 48 refs added, 0 existing refs removed (0 new refs dominated)
Survival: 48 refs added, 0 removed (from 48 candidates)
Coverage-aware round: 81/17105 unclassified samples covered by 48 new refs
---
Round: 543, Unk. prob.: 1.711e-01
Upper probs: 8.289e-01, Lower probs: 0.000e+00
No. of non-dominant refs: 26065, Survival refs: 26016, Failure refs: 49
Batch update: 48 refs added, 0 existing refs removed (0 new refs dominated)
Survival: 48 refs added, 0 removed (from 48 candidates)
Coverage-aware round: 72/17212 unclassified samples covered by 48 new refs
---
Round: 544, Unk. prob.: 1.721e-01
Upper probs: 8.279e-01, Lower probs: 0.000e+00
No. of non-dominant refs: 26113, Survival refs: 26064, Failure refs: 49
Batch update: 48 refs added, 0 existing refs removed (0 new refs dominated)
Survival: 48 refs added, 0 removed (from 48 candidates)
Coverage-aware round: 74/17023 unclassified samples covered by 48 new refs
---
Round: 545, Unk. prob.: 1.702e-01
Upper probs: 8.298e-01, Lower probs: 1.000e-05
No. of non-dominant refs: 26161, Survival refs: 26112, Failure refs: 49
Batch update: 48 refs added, 0 existing refs removed (0 new refs dominated)
Survival: 48 refs added, 0 removed (from 48 candidates)
Coverage-aware round: 85/17469 unclassified samples covered by 48 new refs
---
Round: 546, Unk. prob.: 1.747e-01
Upper probs: 8.253e-01, Lower probs: 1.000e-05
No. of non-dominant refs: 26209, Survival refs: 26160, Failure refs: 49
Batch update: 48 refs added, 0 existing refs removed (0 new refs dominated)
Survival: 48 refs added, 0 removed (from 48 candidates)
Coverage-aware round: 86/17344 unclassified samples covered by 48 new refs
---
Round: 547, Unk. prob.: 1.734e-01
Upper probs: 8.266e-01, Lower probs: 0.000e+00
No. of non-dominant refs: 26257, Survival refs: 26208, Failure refs: 49
Batch update: 48 refs added, 0 existing refs removed (0 new refs dominated)
Survival: 48 refs added, 0 removed (from 48 candidates)
Coverage-aware round: 72/17241 unclassified samples covered by 48 new refs
---
Round: 548, Unk. prob.: 1.724e-01
Upper probs: 8.276e-01, Lower probs: 1.000e-05
No. of non-dominant refs: 26305, Survival refs: 26256, Failure refs: 49
Batch update: 48 refs added, 0 existing refs removed (0 new refs dominated)
Survival: 48 refs added, 0 removed (from 48 candidates)
Coverage-aware round: 79/17165 unclassified samples covered by 48 new refs
---
Round: 549, Unk. prob.: 1.716e-01
Upper probs: 8.283e-01, Lower probs: 1.000e-05
No. of non-dominant refs: 26353, Survival refs: 26304, Failure refs: 49
Batch update: 48 refs added, 0 existing refs removed (0 new refs dominated)
Survival: 48 refs added, 0 removed (from 48 candidates)
Coverage-aware round: 84/17504 unclassified samples covered by 48 new refs
---
Round: 550, Unk. prob.: 1.750e-01
Upper probs: 8.250e-01, Lower probs: 0.000e+00
No. of non-dominant refs: 26401, Survival refs: 26352, Failure refs: 49
Batch update: 48 refs added, 0 existing refs removed (0 new refs dominated)
Survival: 48 refs added, 0 removed (from 48 candidates)
Coverage-aware round: 75/17238 unclassified samples covered by 48 new refs
---
Round: 551, Unk. prob.: 1.724e-01
Upper probs: 8.276e-01, Lower probs: 1.000e-05
No. of non-dominant refs: 26449, Survival refs: 26400, Failure refs: 49
Batch update: 48 refs added, 0 existing refs removed (0 new refs dominated)
Survival: 48 refs added, 0 removed (from 48 candidates)
Batch update: 1 refs added, 0 existing refs removed (0 new refs dominated)
Failure: 1 refs added, 0 removed (from 1 candidates)
Coverage-aware round: 83/17075 unclassified samples covered by 49 new refs
---
Round: 552, Unk. prob.: 1.708e-01
Upper probs: 8.293e-01, Lower probs: 0.000e+00
No. of non-dominant refs: 26498, Survival refs: 26448, Failure refs: 50
Batch update: 48 refs added, 0 existing refs removed (0 new refs dominated)
Survival: 48 refs added, 0 removed (from 48 candidates)
Coverage-aware round: 82/17179 unclassified samples covered by 48 new refs
---
Round: 553, Unk. prob.: 1.718e-01
Upper probs: 8.282e-01, Lower probs: 0.000e+00
No. of non-dominant refs: 26546, Survival refs: 26496, Failure refs: 50
Batch update: 48 refs added, 0 existing refs removed (0 new refs dominated)
Survival: 48 refs added, 0 removed (from 48 candidates)
Coverage-aware round: 79/17165 unclassified samples covered by 48 new refs
---
Round: 554, Unk. prob.: 1.716e-01
Upper probs: 8.283e-01, Lower probs: 1.000e-05
No. of non-dominant refs: 26594, Survival refs: 26544, Failure refs: 50
Batch update: 48 refs added, 0 existing refs removed (0 new refs dominated)
Survival: 48 refs added, 0 removed (from 48 candidates)
Coverage-aware round: 79/17496 unclassified samples covered by 48 new refs
---
Round: 555, Unk. prob.: 1.750e-01
Upper probs: 8.250e-01, Lower probs: 0.000e+00
No. of non-dominant refs: 26642, Survival refs: 26592, Failure refs: 50
Batch update: 48 refs added, 0 existing refs removed (0 new refs dominated)
Survival: 48 refs added, 0 removed (from 48 candidates)
Coverage-aware round: 78/17251 unclassified samples covered by 48 new refs
---
Round: 556, Unk. prob.: 1.725e-01
Upper probs: 8.275e-01, Lower probs: 0.000e+00
No. of non-dominant refs: 26690, Survival refs: 26640, Failure refs: 50
Batch update: 48 refs added, 0 existing refs removed (0 new refs dominated)
Survival: 48 refs added, 0 removed (from 48 candidates)
Batch update: 2 refs added, 0 existing refs removed (0 new refs dominated)
Failure: 2 refs added, 0 removed (from 2 candidates)
Coverage-aware round: 74/17187 unclassified samples covered by 50 new refs
---
Round: 557, Unk. prob.: 1.719e-01
Upper probs: 8.281e-01, Lower probs: 0.000e+00
No. of non-dominant refs: 26740, Survival refs: 26688, Failure refs: 52
Batch update: 48 refs added, 0 existing refs removed (0 new refs dominated)
Survival: 48 refs added, 0 removed (from 48 candidates)
Coverage-aware round: 68/17234 unclassified samples covered by 48 new refs
---
Round: 558, Unk. prob.: 1.723e-01
Upper probs: 8.277e-01, Lower probs: 0.000e+00
No. of non-dominant refs: 26788, Survival refs: 26736, Failure refs: 52
Batch update: 48 refs added, 0 existing refs removed (0 new refs dominated)
Survival: 48 refs added, 0 removed (from 48 candidates)
Coverage-aware round: 92/17216 unclassified samples covered by 48 new refs
---
Round: 559, Unk. prob.: 1.722e-01
Upper probs: 8.278e-01, Lower probs: 0.000e+00
No. of non-dominant refs: 26836, Survival refs: 26784, Failure refs: 52
Batch update: 48 refs added, 0 existing refs removed (0 new refs dominated)
Survival: 48 refs added, 0 removed (from 48 candidates)
Coverage-aware round: 79/17155 unclassified samples covered by 48 new refs
---
Round: 560, Unk. prob.: 1.716e-01
Upper probs: 8.285e-01, Lower probs: 0.000e+00
No. of non-dominant refs: 26884, Survival refs: 26832, Failure refs: 52
Batch update: 48 refs added, 0 existing refs removed (0 new refs dominated)
Survival: 48 refs added, 0 removed (from 48 candidates)
Coverage-aware round: 80/17072 unclassified samples covered by 48 new refs
---
Round: 561, Unk. prob.: 1.707e-01
Upper probs: 8.293e-01, Lower probs: 0.000e+00
No. of non-dominant refs: 26932, Survival refs: 26880, Failure refs: 52
Batch update: 48 refs added, 0 existing refs removed (0 new refs dominated)
Survival: 48 refs added, 0 removed (from 48 candidates)
Coverage-aware round: 78/17046 unclassified samples covered by 48 new refs
---
Round: 562, Unk. prob.: 1.705e-01
Upper probs: 8.295e-01, Lower probs: 0.000e+00
No. of non-dominant refs: 26980, Survival refs: 26928, Failure refs: 52
Batch update: 48 refs added, 0 existing refs removed (0 new refs dominated)
Survival: 48 refs added, 0 removed (from 48 candidates)
Coverage-aware round: 71/17103 unclassified samples covered by 48 new refs
---
Round: 563, Unk. prob.: 1.710e-01
Upper probs: 8.290e-01, Lower probs: 0.000e+00
No. of non-dominant refs: 27028, Survival refs: 26976, Failure refs: 52
Batch update: 48 refs added, 0 existing refs removed (0 new refs dominated)
Survival: 48 refs added, 0 removed (from 48 candidates)
Coverage-aware round: 68/17024 unclassified samples covered by 48 new refs
---
Round: 564, Unk. prob.: 1.702e-01
Upper probs: 8.298e-01, Lower probs: 0.000e+00
No. of non-dominant refs: 27076, Survival refs: 27024, Failure refs: 52
Batch update: 48 refs added, 0 existing refs removed (0 new refs dominated)
Survival: 48 refs added, 0 removed (from 48 candidates)
Coverage-aware round: 80/17201 unclassified samples covered by 48 new refs
---
Round: 565, Unk. prob.: 1.720e-01
Upper probs: 8.280e-01, Lower probs: 0.000e+00
No. of non-dominant refs: 27124, Survival refs: 27072, Failure refs: 52
Batch update: 48 refs added, 0 existing refs removed (0 new refs dominated)
Survival: 48 refs added, 0 removed (from 48 candidates)
Coverage-aware round: 70/17178 unclassified samples covered by 48 new refs
---
Round: 566, Unk. prob.: 1.718e-01
Upper probs: 8.282e-01, Lower probs: 0.000e+00
No. of non-dominant refs: 27172, Survival refs: 27120, Failure refs: 52
Batch update: 48 refs added, 0 existing refs removed (0 new refs dominated)
Survival: 48 refs added, 0 removed (from 48 candidates)
Coverage-aware round: 78/17166 unclassified samples covered by 48 new refs
---
Round: 567, Unk. prob.: 1.717e-01
Upper probs: 8.283e-01, Lower probs: 0.000e+00
No. of non-dominant refs: 27220, Survival refs: 27168, Failure refs: 52
Batch update: 48 refs added, 0 existing refs removed (0 new refs dominated)
Survival: 48 refs added, 0 removed (from 48 candidates)
Coverage-aware round: 74/17041 unclassified samples covered by 48 new refs
---
Round: 568, Unk. prob.: 1.704e-01
Upper probs: 8.296e-01, Lower probs: 0.000e+00
No. of non-dominant refs: 27268, Survival refs: 27216, Failure refs: 52
Batch update: 48 refs added, 0 existing refs removed (0 new refs dominated)
Survival: 48 refs added, 0 removed (from 48 candidates)
Coverage-aware round: 77/17054 unclassified samples covered by 48 new refs
---
Round: 569, Unk. prob.: 1.705e-01
Upper probs: 8.295e-01, Lower probs: 0.000e+00
No. of non-dominant refs: 27316, Survival refs: 27264, Failure refs: 52
Batch update: 48 refs added, 0 existing refs removed (0 new refs dominated)
Survival: 48 refs added, 0 removed (from 48 candidates)
Coverage-aware round: 84/17038 unclassified samples covered by 48 new refs
---
Round: 570, Unk. prob.: 1.704e-01
Upper probs: 8.296e-01, Lower probs: 0.000e+00
No. of non-dominant refs: 27364, Survival refs: 27312, Failure refs: 52
Batch update: 48 refs added, 0 existing refs removed (0 new refs dominated)
Survival: 48 refs added, 0 removed (from 48 candidates)
Coverage-aware round: 74/17071 unclassified samples covered by 48 new refs
---
Round: 571, Unk. prob.: 1.707e-01
Upper probs: 8.293e-01, Lower probs: 0.000e+00
No. of non-dominant refs: 27412, Survival refs: 27360, Failure refs: 52
Batch update: 48 refs added, 0 existing refs removed (0 new refs dominated)
Survival: 48 refs added, 0 removed (from 48 candidates)
Coverage-aware round: 73/17097 unclassified samples covered by 48 new refs
---
Round: 572, Unk. prob.: 1.710e-01
Upper probs: 8.290e-01, Lower probs: 1.000e-05
No. of non-dominant refs: 27460, Survival refs: 27408, Failure refs: 52
Batch update: 48 refs added, 0 existing refs removed (0 new refs dominated)
Survival: 48 refs added, 0 removed (from 48 candidates)
Coverage-aware round: 72/17086 unclassified samples covered by 48 new refs
---
Round: 573, Unk. prob.: 1.709e-01
Upper probs: 8.291e-01, Lower probs: 0.000e+00
No. of non-dominant refs: 27508, Survival refs: 27456, Failure refs: 52
Batch update: 48 refs added, 0 existing refs removed (0 new refs dominated)
Survival: 48 refs added, 0 removed (from 48 candidates)
Coverage-aware round: 72/17081 unclassified samples covered by 48 new refs
---
Round: 574, Unk. prob.: 1.708e-01
Upper probs: 8.292e-01, Lower probs: 0.000e+00
No. of non-dominant refs: 27556, Survival refs: 27504, Failure refs: 52
Batch update: 48 refs added, 0 existing refs removed (0 new refs dominated)
Survival: 48 refs added, 0 removed (from 48 candidates)
Coverage-aware round: 82/16987 unclassified samples covered by 48 new refs
---
Round: 575, Unk. prob.: 1.699e-01
Upper probs: 8.301e-01, Lower probs: 0.000e+00
No. of non-dominant refs: 27604, Survival refs: 27552, Failure refs: 52
Batch update: 48 refs added, 0 existing refs removed (0 new refs dominated)
Survival: 48 refs added, 0 removed (from 48 candidates)
Coverage-aware round: 73/17303 unclassified samples covered by 48 new refs
---
Round: 576, Unk. prob.: 1.730e-01
Upper probs: 8.270e-01, Lower probs: 1.000e-05
No. of non-dominant refs: 27652, Survival refs: 27600, Failure refs: 52
Batch update: 48 refs added, 0 existing refs removed (0 new refs dominated)
Survival: 48 refs added, 0 removed (from 48 candidates)
Coverage-aware round: 74/17108 unclassified samples covered by 48 new refs
---
Round: 577, Unk. prob.: 1.711e-01
Upper probs: 8.289e-01, Lower probs: 0.000e+00
No. of non-dominant refs: 27700, Survival refs: 27648, Failure refs: 52
Batch update: 48 refs added, 0 existing refs removed (0 new refs dominated)
Survival: 48 refs added, 0 removed (from 48 candidates)
Coverage-aware round: 80/16781 unclassified samples covered by 48 new refs
---
Round: 578, Unk. prob.: 1.678e-01
Upper probs: 8.322e-01, Lower probs: 0.000e+00
No. of non-dominant refs: 27748, Survival refs: 27696, Failure refs: 52
Batch update: 48 refs added, 0 existing refs removed (0 new refs dominated)
Survival: 48 refs added, 0 removed (from 48 candidates)
Coverage-aware round: 86/17099 unclassified samples covered by 48 new refs
---
Round: 579, Unk. prob.: 1.710e-01
Upper probs: 8.290e-01, Lower probs: 0.000e+00
No. of non-dominant refs: 27796, Survival refs: 27744, Failure refs: 52
Batch update: 48 refs added, 0 existing refs removed (0 new refs dominated)
Survival: 48 refs added, 0 removed (from 48 candidates)
Coverage-aware round: 82/16867 unclassified samples covered by 48 new refs
---
Round: 580, Unk. prob.: 1.687e-01
Upper probs: 8.313e-01, Lower probs: 0.000e+00
No. of non-dominant refs: 27844, Survival refs: 27792, Failure refs: 52
Batch update: 48 refs added, 0 existing refs removed (0 new refs dominated)
Survival: 48 refs added, 0 removed (from 48 candidates)
Coverage-aware round: 70/16806 unclassified samples covered by 48 new refs
---
Round: 581, Unk. prob.: 1.681e-01
Upper probs: 8.319e-01, Lower probs: 0.000e+00
No. of non-dominant refs: 27892, Survival refs: 27840, Failure refs: 52
Batch update: 48 refs added, 0 existing refs removed (0 new refs dominated)
Survival: 48 refs added, 0 removed (from 48 candidates)
Batch update: 1 refs added, 0 existing refs removed (0 new refs dominated)
Failure: 1 refs added, 0 removed (from 1 candidates)
Coverage-aware round: 82/16818 unclassified samples covered by 49 new refs
---
Round: 582, Unk. prob.: 1.682e-01
Upper probs: 8.318e-01, Lower probs: 0.000e+00
No. of non-dominant refs: 27941, Survival refs: 27888, Failure refs: 53
Batch update: 48 refs added, 0 existing refs removed (0 new refs dominated)
Survival: 48 refs added, 0 removed (from 48 candidates)
Batch update: 1 refs added, 0 existing refs removed (0 new refs dominated)
Failure: 1 refs added, 0 removed (from 1 candidates)
Coverage-aware round: 72/16820 unclassified samples covered by 49 new refs
---
Round: 583, Unk. prob.: 1.682e-01
Upper probs: 8.318e-01, Lower probs: 0.000e+00
No. of non-dominant refs: 27990, Survival refs: 27936, Failure refs: 54
Batch update: 48 refs added, 0 existing refs removed (0 new refs dominated)
Survival: 48 refs added, 0 removed (from 48 candidates)
Coverage-aware round: 72/17134 unclassified samples covered by 48 new refs
---
Round: 584, Unk. prob.: 1.713e-01
Upper probs: 8.287e-01, Lower probs: 0.000e+00
No. of non-dominant refs: 28038, Survival refs: 27984, Failure refs: 54
Batch update: 48 refs added, 0 existing refs removed (0 new refs dominated)
Survival: 48 refs added, 0 removed (from 48 candidates)
Coverage-aware round: 73/16853 unclassified samples covered by 48 new refs
---
Round: 585, Unk. prob.: 1.685e-01
Upper probs: 8.315e-01, Lower probs: 0.000e+00
No. of non-dominant refs: 28086, Survival refs: 28032, Failure refs: 54
Batch update: 48 refs added, 0 existing refs removed (0 new refs dominated)
Survival: 48 refs added, 0 removed (from 48 candidates)
Coverage-aware round: 80/16935 unclassified samples covered by 48 new refs
---
Round: 586, Unk. prob.: 1.694e-01
Upper probs: 8.306e-01, Lower probs: 0.000e+00
No. of non-dominant refs: 28134, Survival refs: 28080, Failure refs: 54
Batch update: 48 refs added, 0 existing refs removed (0 new refs dominated)
Survival: 48 refs added, 0 removed (from 48 candidates)
Coverage-aware round: 76/17011 unclassified samples covered by 48 new refs
---
Round: 587, Unk. prob.: 1.701e-01
Upper probs: 8.299e-01, Lower probs: 0.000e+00
No. of non-dominant refs: 28182, Survival refs: 28128, Failure refs: 54
Batch update: 48 refs added, 0 existing refs removed (0 new refs dominated)
Survival: 48 refs added, 0 removed (from 48 candidates)
Coverage-aware round: 68/17040 unclassified samples covered by 48 new refs
---
Round: 588, Unk. prob.: 1.704e-01
Upper probs: 8.296e-01, Lower probs: 0.000e+00
No. of non-dominant refs: 28230, Survival refs: 28176, Failure refs: 54
Batch update: 48 refs added, 0 existing refs removed (0 new refs dominated)
Survival: 48 refs added, 0 removed (from 48 candidates)
Coverage-aware round: 76/16820 unclassified samples covered by 48 new refs
---
Round: 589, Unk. prob.: 1.682e-01
Upper probs: 8.318e-01, Lower probs: 0.000e+00
No. of non-dominant refs: 28278, Survival refs: 28224, Failure refs: 54
Batch update: 48 refs added, 0 existing refs removed (0 new refs dominated)
Survival: 48 refs added, 0 removed (from 48 candidates)
Coverage-aware round: 70/16978 unclassified samples covered by 48 new refs
---
Round: 590, Unk. prob.: 1.698e-01
Upper probs: 8.302e-01, Lower probs: 0.000e+00
No. of non-dominant refs: 28326, Survival refs: 28272, Failure refs: 54
Batch update: 48 refs added, 0 existing refs removed (0 new refs dominated)
Survival: 48 refs added, 0 removed (from 48 candidates)
Coverage-aware round: 67/16953 unclassified samples covered by 48 new refs
---
Round: 591, Unk. prob.: 1.695e-01
Upper probs: 8.305e-01, Lower probs: 0.000e+00
No. of non-dominant refs: 28374, Survival refs: 28320, Failure refs: 54
Batch update: 48 refs added, 0 existing refs removed (0 new refs dominated)
Survival: 48 refs added, 0 removed (from 48 candidates)
Coverage-aware round: 77/16836 unclassified samples covered by 48 new refs
---
Round: 592, Unk. prob.: 1.684e-01
Upper probs: 8.316e-01, Lower probs: 1.000e-05
No. of non-dominant refs: 28422, Survival refs: 28368, Failure refs: 54
Batch update: 48 refs added, 0 existing refs removed (0 new refs dominated)
Survival: 48 refs added, 0 removed (from 48 candidates)
Coverage-aware round: 75/16828 unclassified samples covered by 48 new refs
---
Round: 593, Unk. prob.: 1.683e-01
Upper probs: 8.317e-01, Lower probs: 0.000e+00
No. of non-dominant refs: 28470, Survival refs: 28416, Failure refs: 54
Batch update: 48 refs added, 0 existing refs removed (0 new refs dominated)
Survival: 48 refs added, 0 removed (from 48 candidates)
Coverage-aware round: 79/17145 unclassified samples covered by 48 new refs
---
Round: 594, Unk. prob.: 1.714e-01
Upper probs: 8.286e-01, Lower probs: 0.000e+00
No. of non-dominant refs: 28518, Survival refs: 28464, Failure refs: 54
Batch update: 48 refs added, 0 existing refs removed (0 new refs dominated)
Survival: 48 refs added, 0 removed (from 48 candidates)
Coverage-aware round: 86/16759 unclassified samples covered by 48 new refs
---
Round: 595, Unk. prob.: 1.676e-01
Upper probs: 8.324e-01, Lower probs: 0.000e+00
No. of non-dominant refs: 28566, Survival refs: 28512, Failure refs: 54
Batch update: 48 refs added, 0 existing refs removed (0 new refs dominated)
Survival: 48 refs added, 0 removed (from 48 candidates)
Coverage-aware round: 79/16796 unclassified samples covered by 48 new refs
---
Round: 596, Unk. prob.: 1.680e-01
Upper probs: 8.320e-01, Lower probs: 0.000e+00
No. of non-dominant refs: 28614, Survival refs: 28560, Failure refs: 54
Batch update: 48 refs added, 0 existing refs removed (0 new refs dominated)
Survival: 48 refs added, 0 removed (from 48 candidates)
Coverage-aware round: 77/16798 unclassified samples covered by 48 new refs
---
Round: 597, Unk. prob.: 1.680e-01
Upper probs: 8.320e-01, Lower probs: 0.000e+00
No. of non-dominant refs: 28662, Survival refs: 28608, Failure refs: 54
Batch update: 48 refs added, 0 existing refs removed (0 new refs dominated)
Survival: 48 refs added, 0 removed (from 48 candidates)
Coverage-aware round: 88/16884 unclassified samples covered by 48 new refs
---
Round: 598, Unk. prob.: 1.688e-01
Upper probs: 8.312e-01, Lower probs: 0.000e+00
No. of non-dominant refs: 28710, Survival refs: 28656, Failure refs: 54
Batch update: 48 refs added, 0 existing refs removed (0 new refs dominated)
Survival: 48 refs added, 0 removed (from 48 candidates)
Coverage-aware round: 70/16853 unclassified samples covered by 48 new refs
---
Round: 599, Unk. prob.: 1.685e-01
Upper probs: 8.315e-01, Lower probs: 0.000e+00
No. of non-dominant refs: 28758, Survival refs: 28704, Failure refs: 54
Batch update: 48 refs added, 0 existing refs removed (0 new refs dominated)
Survival: 48 refs added, 0 removed (from 48 candidates)
Coverage-aware round: 73/16923 unclassified samples covered by 48 new refs
---
Round: 600, Unk. prob.: 1.692e-01
Upper probs: 8.308e-01, Lower probs: 0.000e+00
No. of non-dominant refs: 28806, Survival refs: 28752, Failure refs: 54
Batch update: 48 refs added, 0 existing refs removed (0 new refs dominated)
Survival: 48 refs added, 0 removed (from 48 candidates)
Coverage-aware round: 82/16779 unclassified samples covered by 48 new refs
---
Round: 601, Unk. prob.: 1.678e-01
Upper probs: 8.322e-01, Lower probs: 0.000e+00
No. of non-dominant refs: 28854, Survival refs: 28800, Failure refs: 54
Batch update: 48 refs added, 0 existing refs removed (0 new refs dominated)
Survival: 48 refs added, 0 removed (from 48 candidates)
Coverage-aware round: 69/16952 unclassified samples covered by 48 new refs
---
Round: 602, Unk. prob.: 1.695e-01
Upper probs: 8.305e-01, Lower probs: 1.000e-05
No. of non-dominant refs: 28902, Survival refs: 28848, Failure refs: 54
Batch update: 48 refs added, 0 existing refs removed (0 new refs dominated)
Survival: 48 refs added, 0 removed (from 48 candidates)
Coverage-aware round: 79/16757 unclassified samples covered by 48 new refs
---
Round: 603, Unk. prob.: 1.676e-01
Upper probs: 8.324e-01, Lower probs: 0.000e+00
No. of non-dominant refs: 28950, Survival refs: 28896, Failure refs: 54
Batch update: 48 refs added, 0 existing refs removed (0 new refs dominated)
Survival: 48 refs added, 0 removed (from 48 candidates)
Coverage-aware round: 74/16733 unclassified samples covered by 48 new refs
---
Round: 604, Unk. prob.: 1.673e-01
Upper probs: 8.327e-01, Lower probs: 0.000e+00
No. of non-dominant refs: 28998, Survival refs: 28944, Failure refs: 54
Batch update: 48 refs added, 0 existing refs removed (0 new refs dominated)
Survival: 48 refs added, 0 removed (from 48 candidates)
Coverage-aware round: 79/16801 unclassified samples covered by 48 new refs
---
Round: 605, Unk. prob.: 1.680e-01
Upper probs: 8.320e-01, Lower probs: 0.000e+00
No. of non-dominant refs: 29046, Survival refs: 28992, Failure refs: 54
Batch update: 48 refs added, 0 existing refs removed (0 new refs dominated)
Survival: 48 refs added, 0 removed (from 48 candidates)
Coverage-aware round: 71/16561 unclassified samples covered by 48 new refs
---
Round: 606, Unk. prob.: 1.656e-01
Upper probs: 8.344e-01, Lower probs: 0.000e+00
No. of non-dominant refs: 29094, Survival refs: 29040, Failure refs: 54
Batch update: 48 refs added, 0 existing refs removed (0 new refs dominated)
Survival: 48 refs added, 0 removed (from 48 candidates)
Coverage-aware round: 77/16660 unclassified samples covered by 48 new refs
---
Round: 607, Unk. prob.: 1.666e-01
Upper probs: 8.334e-01, Lower probs: 0.000e+00
No. of non-dominant refs: 29142, Survival refs: 29088, Failure refs: 54
Batch update: 48 refs added, 0 existing refs removed (0 new refs dominated)
Survival: 48 refs added, 0 removed (from 48 candidates)
Coverage-aware round: 72/16797 unclassified samples covered by 48 new refs
---
Round: 608, Unk. prob.: 1.680e-01
Upper probs: 8.320e-01, Lower probs: 0.000e+00
No. of non-dominant refs: 29190, Survival refs: 29136, Failure refs: 54
Batch update: 48 refs added, 0 existing refs removed (0 new refs dominated)
Survival: 48 refs added, 0 removed (from 48 candidates)
Batch update: 2 refs added, 0 existing refs removed (0 new refs dominated)
Failure: 2 refs added, 0 removed (from 2 candidates)
Coverage-aware round: 73/16778 unclassified samples covered by 50 new refs
---
Round: 609, Unk. prob.: 1.678e-01
Upper probs: 8.322e-01, Lower probs: 1.000e-05
No. of non-dominant refs: 29240, Survival refs: 29184, Failure refs: 56
Batch update: 48 refs added, 0 existing refs removed (0 new refs dominated)
Survival: 48 refs added, 0 removed (from 48 candidates)
Coverage-aware round: 72/16546 unclassified samples covered by 48 new refs
---
Round: 610, Unk. prob.: 1.655e-01
Upper probs: 8.345e-01, Lower probs: 0.000e+00
No. of non-dominant refs: 29288, Survival refs: 29232, Failure refs: 56
Batch update: 48 refs added, 0 existing refs removed (0 new refs dominated)
Survival: 48 refs added, 0 removed (from 48 candidates)
Coverage-aware round: 64/16680 unclassified samples covered by 48 new refs
---
Round: 611, Unk. prob.: 1.668e-01
Upper probs: 8.332e-01, Lower probs: 0.000e+00
No. of non-dominant refs: 29336, Survival refs: 29280, Failure refs: 56
Batch update: 48 refs added, 0 existing refs removed (0 new refs dominated)
Survival: 48 refs added, 0 removed (from 48 candidates)
Batch update: 1 refs added, 0 existing refs removed (0 new refs dominated)
Failure: 1 refs added, 0 removed (from 1 candidates)
Coverage-aware round: 78/16804 unclassified samples covered by 49 new refs
---
Round: 612, Unk. prob.: 1.680e-01
Upper probs: 8.320e-01, Lower probs: 0.000e+00
No. of non-dominant refs: 29385, Survival refs: 29328, Failure refs: 57
Batch update: 48 refs added, 0 existing refs removed (0 new refs dominated)
Survival: 48 refs added, 0 removed (from 48 candidates)
Coverage-aware round: 78/16603 unclassified samples covered by 48 new refs
---
Round: 613, Unk. prob.: 1.660e-01
Upper probs: 8.340e-01, Lower probs: 0.000e+00
No. of non-dominant refs: 29433, Survival refs: 29376, Failure refs: 57
Batch update: 48 refs added, 0 existing refs removed (0 new refs dominated)
Survival: 48 refs added, 0 removed (from 48 candidates)
Coverage-aware round: 76/16746 unclassified samples covered by 48 new refs
---
Round: 614, Unk. prob.: 1.675e-01
Upper probs: 8.325e-01, Lower probs: 0.000e+00
No. of non-dominant refs: 29481, Survival refs: 29424, Failure refs: 57
Batch update: 48 refs added, 0 existing refs removed (0 new refs dominated)
Survival: 48 refs added, 0 removed (from 48 candidates)
Coverage-aware round: 78/16687 unclassified samples covered by 48 new refs
---
Round: 615, Unk. prob.: 1.669e-01
Upper probs: 8.331e-01, Lower probs: 0.000e+00
No. of non-dominant refs: 29529, Survival refs: 29472, Failure refs: 57
Batch update: 48 refs added, 0 existing refs removed (0 new refs dominated)
Survival: 48 refs added, 0 removed (from 48 candidates)
Coverage-aware round: 66/16851 unclassified samples covered by 48 new refs
---
Round: 616, Unk. prob.: 1.685e-01
Upper probs: 8.315e-01, Lower probs: 0.000e+00
No. of non-dominant refs: 29577, Survival refs: 29520, Failure refs: 57
Batch update: 48 refs added, 0 existing refs removed (0 new refs dominated)
Survival: 48 refs added, 0 removed (from 48 candidates)
Coverage-aware round: 80/16672 unclassified samples covered by 48 new refs
---
Round: 617, Unk. prob.: 1.667e-01
Upper probs: 8.333e-01, Lower probs: 0.000e+00
No. of non-dominant refs: 29625, Survival refs: 29568, Failure refs: 57
Batch update: 48 refs added, 0 existing refs removed (0 new refs dominated)
Survival: 48 refs added, 0 removed (from 48 candidates)
Coverage-aware round: 74/16716 unclassified samples covered by 48 new refs
---
Round: 618, Unk. prob.: 1.672e-01
Upper probs: 8.328e-01, Lower probs: 1.000e-05
No. of non-dominant refs: 29673, Survival refs: 29616, Failure refs: 57
Batch update: 48 refs added, 0 existing refs removed (0 new refs dominated)
Survival: 48 refs added, 0 removed (from 48 candidates)
Coverage-aware round: 77/16660 unclassified samples covered by 48 new refs
---
Round: 619, Unk. prob.: 1.666e-01
Upper probs: 8.334e-01, Lower probs: 0.000e+00
No. of non-dominant refs: 29721, Survival refs: 29664, Failure refs: 57
Batch update: 48 refs added, 0 existing refs removed (0 new refs dominated)
Survival: 48 refs added, 0 removed (from 48 candidates)
Coverage-aware round: 70/16677 unclassified samples covered by 48 new refs
---
Round: 620, Unk. prob.: 1.668e-01
Upper probs: 8.332e-01, Lower probs: 0.000e+00
No. of non-dominant refs: 29769, Survival refs: 29712, Failure refs: 57
Batch update: 48 refs added, 0 existing refs removed (0 new refs dominated)
Survival: 48 refs added, 0 removed (from 48 candidates)
Coverage-aware round: 63/16735 unclassified samples covered by 48 new refs
---
Round: 621, Unk. prob.: 1.673e-01
Upper probs: 8.327e-01, Lower probs: 0.000e+00
No. of non-dominant refs: 29817, Survival refs: 29760, Failure refs: 57
Batch update: 48 refs added, 0 existing refs removed (0 new refs dominated)
Survival: 48 refs added, 0 removed (from 48 candidates)
Coverage-aware round: 70/16675 unclassified samples covered by 48 new refs
---
Round: 622, Unk. prob.: 1.668e-01
Upper probs: 8.333e-01, Lower probs: 0.000e+00
No. of non-dominant refs: 29865, Survival refs: 29808, Failure refs: 57
Batch update: 48 refs added, 0 existing refs removed (0 new refs dominated)
Survival: 48 refs added, 0 removed (from 48 candidates)
Coverage-aware round: 74/16620 unclassified samples covered by 48 new refs
---
Round: 623, Unk. prob.: 1.662e-01
Upper probs: 8.338e-01, Lower probs: 0.000e+00
No. of non-dominant refs: 29913, Survival refs: 29856, Failure refs: 57
Batch update: 48 refs added, 0 existing refs removed (0 new refs dominated)
Survival: 48 refs added, 0 removed (from 48 candidates)
Coverage-aware round: 73/16782 unclassified samples covered by 48 new refs
---
Round: 624, Unk. prob.: 1.678e-01
Upper probs: 8.322e-01, Lower probs: 0.000e+00
No. of non-dominant refs: 29961, Survival refs: 29904, Failure refs: 57
Batch update: 48 refs added, 0 existing refs removed (0 new refs dominated)
Survival: 48 refs added, 0 removed (from 48 candidates)
Coverage-aware round: 81/16538 unclassified samples covered by 48 new refs
---
Round: 625, Unk. prob.: 1.654e-01
Upper probs: 8.346e-01, Lower probs: 0.000e+00
No. of non-dominant refs: 30009, Survival refs: 29952, Failure refs: 57
Batch update: 48 refs added, 0 existing refs removed (0 new refs dominated)
Survival: 48 refs added, 0 removed (from 48 candidates)
Batch update: 2 refs added, 0 existing refs removed (0 new refs dominated)
Failure: 2 refs added, 0 removed (from 2 candidates)
Coverage-aware round: 75/16561 unclassified samples covered by 50 new refs
---
Round: 626, Unk. prob.: 1.656e-01
Upper probs: 8.344e-01, Lower probs: 0.000e+00
No. of non-dominant refs: 30059, Survival refs: 30000, Failure refs: 59
Batch update: 48 refs added, 0 existing refs removed (0 new refs dominated)
Survival: 48 refs added, 0 removed (from 48 candidates)
Coverage-aware round: 68/16621 unclassified samples covered by 48 new refs
---
Round: 627, Unk. prob.: 1.662e-01
Upper probs: 8.338e-01, Lower probs: 0.000e+00
No. of non-dominant refs: 30107, Survival refs: 30048, Failure refs: 59
Batch update: 48 refs added, 0 existing refs removed (0 new refs dominated)
Survival: 48 refs added, 0 removed (from 48 candidates)
Coverage-aware round: 73/16474 unclassified samples covered by 48 new refs
---
Round: 628, Unk. prob.: 1.647e-01
Upper probs: 8.353e-01, Lower probs: 0.000e+00
No. of non-dominant refs: 30155, Survival refs: 30096, Failure refs: 59
Batch update: 48 refs added, 0 existing refs removed (0 new refs dominated)
Survival: 48 refs added, 0 removed (from 48 candidates)
Coverage-aware round: 74/16566 unclassified samples covered by 48 new refs
---
Round: 629, Unk. prob.: 1.657e-01
Upper probs: 8.343e-01, Lower probs: 0.000e+00
No. of non-dominant refs: 30203, Survival refs: 30144, Failure refs: 59
Batch update: 48 refs added, 0 existing refs removed (0 new refs dominated)
Survival: 48 refs added, 0 removed (from 48 candidates)
Coverage-aware round: 74/16649 unclassified samples covered by 48 new refs
---
Round: 630, Unk. prob.: 1.665e-01
Upper probs: 8.335e-01, Lower probs: 0.000e+00
No. of non-dominant refs: 30251, Survival refs: 30192, Failure refs: 59
Batch update: 48 refs added, 0 existing refs removed (0 new refs dominated)
Survival: 48 refs added, 0 removed (from 48 candidates)
Coverage-aware round: 80/16681 unclassified samples covered by 48 new refs
---
Round: 631, Unk. prob.: 1.668e-01
Upper probs: 8.332e-01, Lower probs: 0.000e+00
No. of non-dominant refs: 30299, Survival refs: 30240, Failure refs: 59
Batch update: 48 refs added, 0 existing refs removed (0 new refs dominated)
Survival: 48 refs added, 0 removed (from 48 candidates)
Coverage-aware round: 62/16693 unclassified samples covered by 48 new refs
---
Round: 632, Unk. prob.: 1.669e-01
Upper probs: 8.331e-01, Lower probs: 1.000e-05
No. of non-dominant refs: 30347, Survival refs: 30288, Failure refs: 59
Batch update: 48 refs added, 0 existing refs removed (0 new refs dominated)
Survival: 48 refs added, 0 removed (from 48 candidates)
Coverage-aware round: 70/16623 unclassified samples covered by 48 new refs
---
Round: 633, Unk. prob.: 1.662e-01
Upper probs: 8.338e-01, Lower probs: 0.000e+00
No. of non-dominant refs: 30395, Survival refs: 30336, Failure refs: 59
Batch update: 48 refs added, 0 existing refs removed (0 new refs dominated)
Survival: 48 refs added, 0 removed (from 48 candidates)
Coverage-aware round: 74/16592 unclassified samples covered by 48 new refs
---
Round: 634, Unk. prob.: 1.659e-01
Upper probs: 8.341e-01, Lower probs: 0.000e+00
No. of non-dominant refs: 30443, Survival refs: 30384, Failure refs: 59
Batch update: 48 refs added, 0 existing refs removed (0 new refs dominated)
Survival: 48 refs added, 0 removed (from 48 candidates)
Coverage-aware round: 80/16618 unclassified samples covered by 48 new refs
---
Round: 635, Unk. prob.: 1.662e-01
Upper probs: 8.338e-01, Lower probs: 0.000e+00
No. of non-dominant refs: 30491, Survival refs: 30432, Failure refs: 59
Batch update: 48 refs added, 0 existing refs removed (0 new refs dominated)
Survival: 48 refs added, 0 removed (from 48 candidates)
Coverage-aware round: 77/16460 unclassified samples covered by 48 new refs
---
Round: 636, Unk. prob.: 1.646e-01
Upper probs: 8.354e-01, Lower probs: 0.000e+00
No. of non-dominant refs: 30539, Survival refs: 30480, Failure refs: 59
Batch update: 48 refs added, 0 existing refs removed (0 new refs dominated)
Survival: 48 refs added, 0 removed (from 48 candidates)
Coverage-aware round: 72/16328 unclassified samples covered by 48 new refs
---
Round: 637, Unk. prob.: 1.633e-01
Upper probs: 8.367e-01, Lower probs: 0.000e+00
No. of non-dominant refs: 30587, Survival refs: 30528, Failure refs: 59
Batch update: 48 refs added, 0 existing refs removed (0 new refs dominated)
Survival: 48 refs added, 0 removed (from 48 candidates)
Coverage-aware round: 85/16510 unclassified samples covered by 48 new refs
---
Round: 638, Unk. prob.: 1.651e-01
Upper probs: 8.349e-01, Lower probs: 0.000e+00
No. of non-dominant refs: 30635, Survival refs: 30576, Failure refs: 59
Batch update: 48 refs added, 0 existing refs removed (0 new refs dominated)
Survival: 48 refs added, 0 removed (from 48 candidates)
Coverage-aware round: 78/16369 unclassified samples covered by 48 new refs
---
Round: 639, Unk. prob.: 1.637e-01
Upper probs: 8.363e-01, Lower probs: 0.000e+00
No. of non-dominant refs: 30683, Survival refs: 30624, Failure refs: 59
Batch update: 48 refs added, 0 existing refs removed (0 new refs dominated)
Survival: 48 refs added, 0 removed (from 48 candidates)
Coverage-aware round: 74/16468 unclassified samples covered by 48 new refs
---
Round: 640, Unk. prob.: 1.647e-01
Upper probs: 8.353e-01, Lower probs: 0.000e+00
No. of non-dominant refs: 30731, Survival refs: 30672, Failure refs: 59
Batch update: 48 refs added, 0 existing refs removed (0 new refs dominated)
Survival: 48 refs added, 0 removed (from 48 candidates)
Coverage-aware round: 80/16282 unclassified samples covered by 48 new refs
---
Round: 641, Unk. prob.: 1.628e-01
Upper probs: 8.372e-01, Lower probs: 0.000e+00
No. of non-dominant refs: 30779, Survival refs: 30720, Failure refs: 59
Batch update: 48 refs added, 0 existing refs removed (0 new refs dominated)
Survival: 48 refs added, 0 removed (from 48 candidates)
Batch update: 1 refs added, 0 existing refs removed (0 new refs dominated)
Failure: 1 refs added, 0 removed (from 1 candidates)
Coverage-aware round: 74/16466 unclassified samples covered by 49 new refs
---
Round: 642, Unk. prob.: 1.647e-01
Upper probs: 8.353e-01, Lower probs: 1.000e-05
No. of non-dominant refs: 30828, Survival refs: 30768, Failure refs: 60
Batch update: 48 refs added, 0 existing refs removed (0 new refs dominated)
Survival: 48 refs added, 0 removed (from 48 candidates)
Coverage-aware round: 82/16456 unclassified samples covered by 48 new refs
---
Round: 643, Unk. prob.: 1.646e-01
Upper probs: 8.354e-01, Lower probs: 0.000e+00
No. of non-dominant refs: 30876, Survival refs: 30816, Failure refs: 60
Batch update: 48 refs added, 0 existing refs removed (0 new refs dominated)
Survival: 48 refs added, 0 removed (from 48 candidates)
Coverage-aware round: 84/16449 unclassified samples covered by 48 new refs
---
Round: 644, Unk. prob.: 1.645e-01
Upper probs: 8.355e-01, Lower probs: 0.000e+00
No. of non-dominant refs: 30924, Survival refs: 30864, Failure refs: 60
Batch update: 48 refs added, 0 existing refs removed (0 new refs dominated)
Survival: 48 refs added, 0 removed (from 48 candidates)
Coverage-aware round: 71/16321 unclassified samples covered by 48 new refs
---
Round: 645, Unk. prob.: 1.632e-01
Upper probs: 8.368e-01, Lower probs: 0.000e+00
No. of non-dominant refs: 30972, Survival refs: 30912, Failure refs: 60
Batch update: 48 refs added, 0 existing refs removed (0 new refs dominated)
Survival: 48 refs added, 0 removed (from 48 candidates)
Coverage-aware round: 65/16421 unclassified samples covered by 48 new refs
---
Round: 646, Unk. prob.: 1.642e-01
Upper probs: 8.358e-01, Lower probs: 0.000e+00
No. of non-dominant refs: 31020, Survival refs: 30960, Failure refs: 60
Batch update: 48 refs added, 0 existing refs removed (0 new refs dominated)
Survival: 48 refs added, 0 removed (from 48 candidates)
Coverage-aware round: 77/16331 unclassified samples covered by 48 new refs
---
Round: 647, Unk. prob.: 1.633e-01
Upper probs: 8.367e-01, Lower probs: 0.000e+00
No. of non-dominant refs: 31068, Survival refs: 31008, Failure refs: 60
Batch update: 48 refs added, 0 existing refs removed (0 new refs dominated)
Survival: 48 refs added, 0 removed (from 48 candidates)
Coverage-aware round: 63/16403 unclassified samples covered by 48 new refs
---
Round: 648, Unk. prob.: 1.640e-01
Upper probs: 8.360e-01, Lower probs: 0.000e+00
No. of non-dominant refs: 31116, Survival refs: 31056, Failure refs: 60
Batch update: 48 refs added, 0 existing refs removed (0 new refs dominated)
Survival: 48 refs added, 0 removed (from 48 candidates)
Coverage-aware round: 65/16428 unclassified samples covered by 48 new refs
---
Round: 649, Unk. prob.: 1.643e-01
Upper probs: 8.357e-01, Lower probs: 0.000e+00
No. of non-dominant refs: 31164, Survival refs: 31104, Failure refs: 60
Batch update: 48 refs added, 0 existing refs removed (0 new refs dominated)
Survival: 48 refs added, 0 removed (from 48 candidates)
Batch update: 2 refs added, 0 existing refs removed (0 new refs dominated)
Failure: 2 refs added, 0 removed (from 2 candidates)
Coverage-aware round: 74/16366 unclassified samples covered by 50 new refs
---
Round: 650, Unk. prob.: 1.637e-01
Upper probs: 8.363e-01, Lower probs: 0.000e+00
No. of non-dominant refs: 31214, Survival refs: 31152, Failure refs: 62
Batch update: 48 refs added, 0 existing refs removed (0 new refs dominated)
Survival: 48 refs added, 0 removed (from 48 candidates)
Coverage-aware round: 72/16409 unclassified samples covered by 48 new refs
---
Round: 651, Unk. prob.: 1.641e-01
Upper probs: 8.359e-01, Lower probs: 0.000e+00
No. of non-dominant refs: 31262, Survival refs: 31200, Failure refs: 62
Batch update: 48 refs added, 0 existing refs removed (0 new refs dominated)
Survival: 48 refs added, 0 removed (from 48 candidates)
Coverage-aware round: 79/16302 unclassified samples covered by 48 new refs
---
Round: 652, Unk. prob.: 1.630e-01
Upper probs: 8.370e-01, Lower probs: 1.000e-05
No. of non-dominant refs: 31310, Survival refs: 31248, Failure refs: 62
Batch update: 48 refs added, 0 existing refs removed (0 new refs dominated)
Survival: 48 refs added, 0 removed (from 48 candidates)
Coverage-aware round: 67/16502 unclassified samples covered by 48 new refs
---
Round: 653, Unk. prob.: 1.650e-01
Upper probs: 8.350e-01, Lower probs: 0.000e+00
No. of non-dominant refs: 31358, Survival refs: 31296, Failure refs: 62
Batch update: 48 refs added, 0 existing refs removed (0 new refs dominated)
Survival: 48 refs added, 0 removed (from 48 candidates)
Coverage-aware round: 70/16286 unclassified samples covered by 48 new refs
---
Round: 654, Unk. prob.: 1.629e-01
Upper probs: 8.371e-01, Lower probs: 0.000e+00
No. of non-dominant refs: 31406, Survival refs: 31344, Failure refs: 62
Batch update: 48 refs added, 0 existing refs removed (0 new refs dominated)
Survival: 48 refs added, 0 removed (from 48 candidates)
Coverage-aware round: 66/16111 unclassified samples covered by 48 new refs
---
Round: 655, Unk. prob.: 1.611e-01
Upper probs: 8.389e-01, Lower probs: 1.000e-05
No. of non-dominant refs: 31454, Survival refs: 31392, Failure refs: 62
Batch update: 48 refs added, 0 existing refs removed (0 new refs dominated)
Survival: 48 refs added, 0 removed (from 48 candidates)
Batch update: 1 refs added, 0 existing refs removed (0 new refs dominated)
Failure: 1 refs added, 0 removed (from 1 candidates)
Coverage-aware round: 66/16481 unclassified samples covered by 49 new refs
---
Round: 656, Unk. prob.: 1.648e-01
Upper probs: 8.352e-01, Lower probs: 0.000e+00
No. of non-dominant refs: 31503, Survival refs: 31440, Failure refs: 63
Batch update: 48 refs added, 0 existing refs removed (0 new refs dominated)
Survival: 48 refs added, 0 removed (from 48 candidates)
Coverage-aware round: 72/16396 unclassified samples covered by 48 new refs
---
Round: 657, Unk. prob.: 1.640e-01
Upper probs: 8.360e-01, Lower probs: 0.000e+00
No. of non-dominant refs: 31551, Survival refs: 31488, Failure refs: 63
Batch update: 48 refs added, 0 existing refs removed (0 new refs dominated)
Survival: 48 refs added, 0 removed (from 48 candidates)
Coverage-aware round: 72/16271 unclassified samples covered by 48 new refs
---
Round: 658, Unk. prob.: 1.627e-01
Upper probs: 8.373e-01, Lower probs: 0.000e+00
No. of non-dominant refs: 31599, Survival refs: 31536, Failure refs: 63
Batch update: 48 refs added, 0 existing refs removed (0 new refs dominated)
Survival: 48 refs added, 0 removed (from 48 candidates)
Coverage-aware round: 74/16328 unclassified samples covered by 48 new refs
---
Round: 659, Unk. prob.: 1.633e-01
Upper probs: 8.367e-01, Lower probs: 0.000e+00
No. of non-dominant refs: 31647, Survival refs: 31584, Failure refs: 63
Batch update: 48 refs added, 0 existing refs removed (0 new refs dominated)
Survival: 48 refs added, 0 removed (from 48 candidates)
Coverage-aware round: 69/16580 unclassified samples covered by 48 new refs
---
Round: 660, Unk. prob.: 1.658e-01
Upper probs: 8.342e-01, Lower probs: 0.000e+00
No. of non-dominant refs: 31695, Survival refs: 31632, Failure refs: 63
Batch update: 48 refs added, 0 existing refs removed (0 new refs dominated)
Survival: 48 refs added, 0 removed (from 48 candidates)
Coverage-aware round: 77/16614 unclassified samples covered by 48 new refs
---
Round: 661, Unk. prob.: 1.661e-01
Upper probs: 8.339e-01, Lower probs: 0.000e+00
No. of non-dominant refs: 31743, Survival refs: 31680, Failure refs: 63
Batch update: 48 refs added, 0 existing refs removed (0 new refs dominated)
Survival: 48 refs added, 0 removed (from 48 candidates)
Coverage-aware round: 67/16430 unclassified samples covered by 48 new refs
---
Round: 662, Unk. prob.: 1.643e-01
Upper probs: 8.357e-01, Lower probs: 0.000e+00
No. of non-dominant refs: 31791, Survival refs: 31728, Failure refs: 63
Batch update: 48 refs added, 0 existing refs removed (0 new refs dominated)
Survival: 48 refs added, 0 removed (from 48 candidates)
Coverage-aware round: 77/16240 unclassified samples covered by 48 new refs
---
Round: 663, Unk. prob.: 1.624e-01
Upper probs: 8.376e-01, Lower probs: 0.000e+00
No. of non-dominant refs: 31839, Survival refs: 31776, Failure refs: 63
Batch update: 48 refs added, 0 existing refs removed (0 new refs dominated)
Survival: 48 refs added, 0 removed (from 48 candidates)
Coverage-aware round: 67/16192 unclassified samples covered by 48 new refs
---
Round: 664, Unk. prob.: 1.619e-01
Upper probs: 8.381e-01, Lower probs: 0.000e+00
No. of non-dominant refs: 31887, Survival refs: 31824, Failure refs: 63
Batch update: 48 refs added, 0 existing refs removed (0 new refs dominated)
Survival: 48 refs added, 0 removed (from 48 candidates)
Coverage-aware round: 73/16334 unclassified samples covered by 48 new refs
---
Round: 665, Unk. prob.: 1.633e-01
Upper probs: 8.367e-01, Lower probs: 0.000e+00
No. of non-dominant refs: 31935, Survival refs: 31872, Failure refs: 63
Batch update: 48 refs added, 0 existing refs removed (0 new refs dominated)
Survival: 48 refs added, 0 removed (from 48 candidates)
Coverage-aware round: 66/16300 unclassified samples covered by 48 new refs
---
Round: 666, Unk. prob.: 1.630e-01
Upper probs: 8.370e-01, Lower probs: 0.000e+00
No. of non-dominant refs: 31983, Survival refs: 31920, Failure refs: 63
Batch update: 48 refs added, 0 existing refs removed (0 new refs dominated)
Survival: 48 refs added, 0 removed (from 48 candidates)
Coverage-aware round: 68/16230 unclassified samples covered by 48 new refs
---
Round: 667, Unk. prob.: 1.623e-01
Upper probs: 8.377e-01, Lower probs: 0.000e+00
No. of non-dominant refs: 32031, Survival refs: 31968, Failure refs: 63
Batch update: 48 refs added, 0 existing refs removed (0 new refs dominated)
Survival: 48 refs added, 0 removed (from 48 candidates)
Coverage-aware round: 62/16194 unclassified samples covered by 48 new refs
---
Round: 668, Unk. prob.: 1.619e-01
Upper probs: 8.381e-01, Lower probs: 0.000e+00
No. of non-dominant refs: 32079, Survival refs: 32016, Failure refs: 63
Batch update: 48 refs added, 0 existing refs removed (0 new refs dominated)
Survival: 48 refs added, 0 removed (from 48 candidates)
Coverage-aware round: 74/16208 unclassified samples covered by 48 new refs
---
Round: 669, Unk. prob.: 1.621e-01
Upper probs: 8.379e-01, Lower probs: 0.000e+00
No. of non-dominant refs: 32127, Survival refs: 32064, Failure refs: 63
Batch update: 48 refs added, 0 existing refs removed (0 new refs dominated)
Survival: 48 refs added, 0 removed (from 48 candidates)
Coverage-aware round: 64/16237 unclassified samples covered by 48 new refs
---
Round: 670, Unk. prob.: 1.624e-01
Upper probs: 8.376e-01, Lower probs: 0.000e+00
No. of non-dominant refs: 32175, Survival refs: 32112, Failure refs: 63
Batch update: 48 refs added, 0 existing refs removed (0 new refs dominated)
Survival: 48 refs added, 0 removed (from 48 candidates)
Coverage-aware round: 81/16291 unclassified samples covered by 48 new refs
---
Round: 671, Unk. prob.: 1.629e-01
Upper probs: 8.371e-01, Lower probs: 0.000e+00
No. of non-dominant refs: 32223, Survival refs: 32160, Failure refs: 63
Batch update: 48 refs added, 0 existing refs removed (0 new refs dominated)
Survival: 48 refs added, 0 removed (from 48 candidates)
Coverage-aware round: 68/16035 unclassified samples covered by 48 new refs
---
Round: 672, Unk. prob.: 1.603e-01
Upper probs: 8.397e-01, Lower probs: 0.000e+00
No. of non-dominant refs: 32271, Survival refs: 32208, Failure refs: 63
Batch update: 48 refs added, 0 existing refs removed (0 new refs dominated)
Survival: 48 refs added, 0 removed (from 48 candidates)
Coverage-aware round: 72/16157 unclassified samples covered by 48 new refs
---
Round: 673, Unk. prob.: 1.616e-01
Upper probs: 8.384e-01, Lower probs: 0.000e+00
No. of non-dominant refs: 32319, Survival refs: 32256, Failure refs: 63
Batch update: 48 refs added, 0 existing refs removed (0 new refs dominated)
Survival: 48 refs added, 0 removed (from 48 candidates)
Coverage-aware round: 77/16244 unclassified samples covered by 48 new refs
---
Round: 674, Unk. prob.: 1.624e-01
Upper probs: 8.376e-01, Lower probs: 0.000e+00
No. of non-dominant refs: 32367, Survival refs: 32304, Failure refs: 63
Batch update: 48 refs added, 0 existing refs removed (0 new refs dominated)
Survival: 48 refs added, 0 removed (from 48 candidates)
Coverage-aware round: 70/16224 unclassified samples covered by 48 new refs
---
Round: 675, Unk. prob.: 1.622e-01
Upper probs: 8.378e-01, Lower probs: 0.000e+00
No. of non-dominant refs: 32415, Survival refs: 32352, Failure refs: 63
Batch update: 48 refs added, 0 existing refs removed (0 new refs dominated)
Survival: 48 refs added, 0 removed (from 48 candidates)
Coverage-aware round: 67/16110 unclassified samples covered by 48 new refs
---
Round: 676, Unk. prob.: 1.611e-01
Upper probs: 8.389e-01, Lower probs: 1.000e-05
No. of non-dominant refs: 32463, Survival refs: 32400, Failure refs: 63
Batch update: 48 refs added, 0 existing refs removed (0 new refs dominated)
Survival: 48 refs added, 0 removed (from 48 candidates)
Coverage-aware round: 76/16323 unclassified samples covered by 48 new refs
---
Round: 677, Unk. prob.: 1.632e-01
Upper probs: 8.368e-01, Lower probs: 0.000e+00
No. of non-dominant refs: 32511, Survival refs: 32448, Failure refs: 63
Batch update: 48 refs added, 0 existing refs removed (0 new refs dominated)
Survival: 48 refs added, 0 removed (from 48 candidates)
Coverage-aware round: 66/16140 unclassified samples covered by 48 new refs
---
Round: 678, Unk. prob.: 1.614e-01
Upper probs: 8.386e-01, Lower probs: 0.000e+00
No. of non-dominant refs: 32559, Survival refs: 32496, Failure refs: 63
Batch update: 48 refs added, 0 existing refs removed (0 new refs dominated)
Survival: 48 refs added, 0 removed (from 48 candidates)
Coverage-aware round: 86/16237 unclassified samples covered by 48 new refs
---
Round: 679, Unk. prob.: 1.624e-01
Upper probs: 8.376e-01, Lower probs: 0.000e+00
No. of non-dominant refs: 32607, Survival refs: 32544, Failure refs: 63
Batch update: 48 refs added, 0 existing refs removed (0 new refs dominated)
Survival: 48 refs added, 0 removed (from 48 candidates)
Coverage-aware round: 62/16318 unclassified samples covered by 48 new refs
---
Round: 680, Unk. prob.: 1.632e-01
Upper probs: 8.368e-01, Lower probs: 0.000e+00
No. of non-dominant refs: 32655, Survival refs: 32592, Failure refs: 63
Batch update: 48 refs added, 0 existing refs removed (0 new refs dominated)
Survival: 48 refs added, 0 removed (from 48 candidates)
Coverage-aware round: 86/16262 unclassified samples covered by 48 new refs
---
Round: 681, Unk. prob.: 1.626e-01
Upper probs: 8.374e-01, Lower probs: 0.000e+00
No. of non-dominant refs: 32703, Survival refs: 32640, Failure refs: 63
Batch update: 48 refs added, 0 existing refs removed (0 new refs dominated)
Survival: 48 refs added, 0 removed (from 48 candidates)
Coverage-aware round: 71/16331 unclassified samples covered by 48 new refs
---
Round: 682, Unk. prob.: 1.633e-01
Upper probs: 8.367e-01, Lower probs: 0.000e+00
No. of non-dominant refs: 32751, Survival refs: 32688, Failure refs: 63
Batch update: 48 refs added, 0 existing refs removed (0 new refs dominated)
Survival: 48 refs added, 0 removed (from 48 candidates)
Coverage-aware round: 70/16073 unclassified samples covered by 48 new refs
---
Round: 683, Unk. prob.: 1.607e-01
Upper probs: 8.393e-01, Lower probs: 0.000e+00
No. of non-dominant refs: 32799, Survival refs: 32736, Failure refs: 63
Batch update: 48 refs added, 0 existing refs removed (0 new refs dominated)
Survival: 48 refs added, 0 removed (from 48 candidates)
Coverage-aware round: 66/16162 unclassified samples covered by 48 new refs
---
Round: 684, Unk. prob.: 1.616e-01
Upper probs: 8.384e-01, Lower probs: 1.000e-05
No. of non-dominant refs: 32847, Survival refs: 32784, Failure refs: 63
Batch update: 48 refs added, 0 existing refs removed (0 new refs dominated)
Survival: 48 refs added, 0 removed (from 48 candidates)
Coverage-aware round: 69/16125 unclassified samples covered by 48 new refs
---
Round: 685, Unk. prob.: 1.613e-01
Upper probs: 8.387e-01, Lower probs: 1.000e-05
No. of non-dominant refs: 32895, Survival refs: 32832, Failure refs: 63
Batch update: 48 refs added, 0 existing refs removed (0 new refs dominated)
Survival: 48 refs added, 0 removed (from 48 candidates)
Coverage-aware round: 72/16254 unclassified samples covered by 48 new refs
---
Round: 686, Unk. prob.: 1.625e-01
Upper probs: 8.375e-01, Lower probs: 0.000e+00
No. of non-dominant refs: 32943, Survival refs: 32880, Failure refs: 63
Batch update: 48 refs added, 0 existing refs removed (0 new refs dominated)
Survival: 48 refs added, 0 removed (from 48 candidates)
Coverage-aware round: 68/16158 unclassified samples covered by 48 new refs
---
Round: 687, Unk. prob.: 1.616e-01
Upper probs: 8.384e-01, Lower probs: 0.000e+00
No. of non-dominant refs: 32991, Survival refs: 32928, Failure refs: 63
Batch update: 48 refs added, 0 existing refs removed (0 new refs dominated)
Survival: 48 refs added, 0 removed (from 48 candidates)
Coverage-aware round: 84/16231 unclassified samples covered by 48 new refs
---
Round: 688, Unk. prob.: 1.623e-01
Upper probs: 8.377e-01, Lower probs: 1.000e-05
No. of non-dominant refs: 33039, Survival refs: 32976, Failure refs: 63
Batch update: 48 refs added, 0 existing refs removed (0 new refs dominated)
Survival: 48 refs added, 0 removed (from 48 candidates)
Coverage-aware round: 63/16132 unclassified samples covered by 48 new refs
---
Round: 689, Unk. prob.: 1.613e-01
Upper probs: 8.387e-01, Lower probs: 0.000e+00
No. of non-dominant refs: 33087, Survival refs: 33024, Failure refs: 63
Batch update: 48 refs added, 0 existing refs removed (0 new refs dominated)
Survival: 48 refs added, 0 removed (from 48 candidates)
Coverage-aware round: 70/16253 unclassified samples covered by 48 new refs
---
Round: 690, Unk. prob.: 1.625e-01
Upper probs: 8.375e-01, Lower probs: 1.000e-05
No. of non-dominant refs: 33135, Survival refs: 33072, Failure refs: 63
Batch update: 48 refs added, 0 existing refs removed (0 new refs dominated)
Survival: 48 refs added, 0 removed (from 48 candidates)
Coverage-aware round: 74/16079 unclassified samples covered by 48 new refs
---
Round: 691, Unk. prob.: 1.608e-01
Upper probs: 8.392e-01, Lower probs: 0.000e+00
No. of non-dominant refs: 33183, Survival refs: 33120, Failure refs: 63
Batch update: 48 refs added, 0 existing refs removed (0 new refs dominated)
Survival: 48 refs added, 0 removed (from 48 candidates)
Coverage-aware round: 71/16021 unclassified samples covered by 48 new refs
---
Round: 692, Unk. prob.: 1.602e-01
Upper probs: 8.398e-01, Lower probs: 0.000e+00
No. of non-dominant refs: 33231, Survival refs: 33168, Failure refs: 63
Batch update: 48 refs added, 0 existing refs removed (0 new refs dominated)
Survival: 48 refs added, 0 removed (from 48 candidates)
Coverage-aware round: 77/16250 unclassified samples covered by 48 new refs
---
Round: 693, Unk. prob.: 1.625e-01
Upper probs: 8.375e-01, Lower probs: 0.000e+00
No. of non-dominant refs: 33279, Survival refs: 33216, Failure refs: 63
Batch update: 48 refs added, 0 existing refs removed (0 new refs dominated)
Survival: 48 refs added, 0 removed (from 48 candidates)
Coverage-aware round: 67/16176 unclassified samples covered by 48 new refs
---
Round: 694, Unk. prob.: 1.618e-01
Upper probs: 8.382e-01, Lower probs: 0.000e+00
No. of non-dominant refs: 33327, Survival refs: 33264, Failure refs: 63
Batch update: 48 refs added, 0 existing refs removed (0 new refs dominated)
Survival: 48 refs added, 0 removed (from 48 candidates)
Coverage-aware round: 80/16031 unclassified samples covered by 48 new refs
---
Round: 695, Unk. prob.: 1.603e-01
Upper probs: 8.397e-01, Lower probs: 2.000e-05
No. of non-dominant refs: 33375, Survival refs: 33312, Failure refs: 63
Batch update: 48 refs added, 0 existing refs removed (0 new refs dominated)
Survival: 48 refs added, 0 removed (from 48 candidates)
Coverage-aware round: 72/15994 unclassified samples covered by 48 new refs
---
Round: 696, Unk. prob.: 1.599e-01
Upper probs: 8.401e-01, Lower probs: 0.000e+00
No. of non-dominant refs: 33423, Survival refs: 33360, Failure refs: 63
Batch update: 48 refs added, 0 existing refs removed (0 new refs dominated)
Survival: 48 refs added, 0 removed (from 48 candidates)
Batch update: 4 refs added, 0 existing refs removed (0 new refs dominated)
Failure: 4 refs added, 0 removed (from 4 candidates)
Coverage-aware round: 70/16202 unclassified samples covered by 52 new refs
---
Round: 697, Unk. prob.: 1.620e-01
Upper probs: 8.380e-01, Lower probs: 0.000e+00
No. of non-dominant refs: 33475, Survival refs: 33408, Failure refs: 67
Batch update: 48 refs added, 0 existing refs removed (0 new refs dominated)
Survival: 48 refs added, 0 removed (from 48 candidates)
Coverage-aware round: 70/16133 unclassified samples covered by 48 new refs
---
Round: 698, Unk. prob.: 1.613e-01
Upper probs: 8.387e-01, Lower probs: 0.000e+00
No. of non-dominant refs: 33523, Survival refs: 33456, Failure refs: 67
Batch update: 48 refs added, 0 existing refs removed (0 new refs dominated)
Survival: 48 refs added, 0 removed (from 48 candidates)
Batch update: 1 refs added, 0 existing refs removed (0 new refs dominated)
Failure: 1 refs added, 0 removed (from 1 candidates)
Coverage-aware round: 76/16228 unclassified samples covered by 49 new refs
---
Round: 699, Unk. prob.: 1.623e-01
Upper probs: 8.377e-01, Lower probs: 0.000e+00
No. of non-dominant refs: 33572, Survival refs: 33504, Failure refs: 68
Batch update: 48 refs added, 0 existing refs removed (0 new refs dominated)
Survival: 48 refs added, 0 removed (from 48 candidates)
Coverage-aware round: 71/16190 unclassified samples covered by 48 new refs
---
Round: 700, Unk. prob.: 1.619e-01
Upper probs: 8.381e-01, Lower probs: 0.000e+00
No. of non-dominant refs: 33620, Survival refs: 33552, Failure refs: 68
Batch update: 48 refs added, 0 existing refs removed (0 new refs dominated)
Survival: 48 refs added, 0 removed (from 48 candidates)
Coverage-aware round: 64/15867 unclassified samples covered by 48 new refs
---
Round: 701, Unk. prob.: 1.587e-01
Upper probs: 8.413e-01, Lower probs: 0.000e+00
No. of non-dominant refs: 33668, Survival refs: 33600, Failure refs: 68
Batch update: 48 refs added, 0 existing refs removed (0 new refs dominated)
Survival: 48 refs added, 0 removed (from 48 candidates)
Batch update: 1 refs added, 0 existing refs removed (0 new refs dominated)
Failure: 1 refs added, 0 removed (from 1 candidates)
Coverage-aware round: 75/15871 unclassified samples covered by 49 new refs
---
Round: 702, Unk. prob.: 1.587e-01
Upper probs: 8.413e-01, Lower probs: 0.000e+00
No. of non-dominant refs: 33717, Survival refs: 33648, Failure refs: 69
Batch update: 48 refs added, 0 existing refs removed (0 new refs dominated)
Survival: 48 refs added, 0 removed (from 48 candidates)
Coverage-aware round: 66/16088 unclassified samples covered by 48 new refs
---
Round: 703, Unk. prob.: 1.609e-01
Upper probs: 8.391e-01, Lower probs: 0.000e+00
No. of non-dominant refs: 33765, Survival refs: 33696, Failure refs: 69
Batch update: 48 refs added, 0 existing refs removed (0 new refs dominated)
Survival: 48 refs added, 0 removed (from 48 candidates)
Coverage-aware round: 72/16110 unclassified samples covered by 48 new refs
---
Round: 704, Unk. prob.: 1.611e-01
Upper probs: 8.389e-01, Lower probs: 1.000e-05
No. of non-dominant refs: 33813, Survival refs: 33744, Failure refs: 69
Batch update: 48 refs added, 0 existing refs removed (0 new refs dominated)
Survival: 48 refs added, 0 removed (from 48 candidates)
Coverage-aware round: 65/16068 unclassified samples covered by 48 new refs
---
Round: 705, Unk. prob.: 1.607e-01
Upper probs: 8.393e-01, Lower probs: 0.000e+00
No. of non-dominant refs: 33861, Survival refs: 33792, Failure refs: 69
Batch update: 48 refs added, 0 existing refs removed (0 new refs dominated)
Survival: 48 refs added, 0 removed (from 48 candidates)
Coverage-aware round: 71/15938 unclassified samples covered by 48 new refs
---
Round: 706, Unk. prob.: 1.594e-01
Upper probs: 8.406e-01, Lower probs: 0.000e+00
No. of non-dominant refs: 33909, Survival refs: 33840, Failure refs: 69
Batch update: 48 refs added, 0 existing refs removed (0 new refs dominated)
Survival: 48 refs added, 0 removed (from 48 candidates)
Coverage-aware round: 66/16088 unclassified samples covered by 48 new refs
---
Round: 707, Unk. prob.: 1.609e-01
Upper probs: 8.391e-01, Lower probs: 0.000e+00
No. of non-dominant refs: 33957, Survival refs: 33888, Failure refs: 69
Batch update: 48 refs added, 0 existing refs removed (0 new refs dominated)
Survival: 48 refs added, 0 removed (from 48 candidates)
Coverage-aware round: 73/15867 unclassified samples covered by 48 new refs
---
Round: 708, Unk. prob.: 1.587e-01
Upper probs: 8.413e-01, Lower probs: 0.000e+00
No. of non-dominant refs: 34005, Survival refs: 33936, Failure refs: 69
Batch update: 48 refs added, 0 existing refs removed (0 new refs dominated)
Survival: 48 refs added, 0 removed (from 48 candidates)
Coverage-aware round: 71/16059 unclassified samples covered by 48 new refs
---
Round: 709, Unk. prob.: 1.606e-01
Upper probs: 8.394e-01, Lower probs: 0.000e+00
No. of non-dominant refs: 34053, Survival refs: 33984, Failure refs: 69
Batch update: 48 refs added, 0 existing refs removed (0 new refs dominated)
Survival: 48 refs added, 0 removed (from 48 candidates)
Coverage-aware round: 74/16125 unclassified samples covered by 48 new refs
---
Round: 710, Unk. prob.: 1.613e-01
Upper probs: 8.387e-01, Lower probs: 0.000e+00
No. of non-dominant refs: 34101, Survival refs: 34032, Failure refs: 69
Batch update: 48 refs added, 0 existing refs removed (0 new refs dominated)
Survival: 48 refs added, 0 removed (from 48 candidates)
Coverage-aware round: 66/16059 unclassified samples covered by 48 new refs
---
Round: 711, Unk. prob.: 1.606e-01
Upper probs: 8.394e-01, Lower probs: 0.000e+00
No. of non-dominant refs: 34149, Survival refs: 34080, Failure refs: 69
Batch update: 48 refs added, 0 existing refs removed (0 new refs dominated)
Survival: 48 refs added, 0 removed (from 48 candidates)
Coverage-aware round: 82/15974 unclassified samples covered by 48 new refs
---
Round: 712, Unk. prob.: 1.597e-01
Upper probs: 8.403e-01, Lower probs: 0.000e+00
No. of non-dominant refs: 34197, Survival refs: 34128, Failure refs: 69
Batch update: 48 refs added, 0 existing refs removed (0 new refs dominated)
Survival: 48 refs added, 0 removed (from 48 candidates)
Coverage-aware round: 66/15925 unclassified samples covered by 48 new refs
---
Round: 713, Unk. prob.: 1.593e-01
Upper probs: 8.407e-01, Lower probs: 0.000e+00
No. of non-dominant refs: 34245, Survival refs: 34176, Failure refs: 69
Batch update: 48 refs added, 0 existing refs removed (0 new refs dominated)
Survival: 48 refs added, 0 removed (from 48 candidates)
Coverage-aware round: 74/15811 unclassified samples covered by 48 new refs
---
Round: 714, Unk. prob.: 1.581e-01
Upper probs: 8.419e-01, Lower probs: 1.000e-05
No. of non-dominant refs: 34293, Survival refs: 34224, Failure refs: 69
Batch update: 48 refs added, 0 existing refs removed (0 new refs dominated)
Survival: 48 refs added, 0 removed (from 48 candidates)
Coverage-aware round: 74/16013 unclassified samples covered by 48 new refs
---
Round: 715, Unk. prob.: 1.601e-01
Upper probs: 8.399e-01, Lower probs: 0.000e+00
No. of non-dominant refs: 34341, Survival refs: 34272, Failure refs: 69
Batch update: 48 refs added, 0 existing refs removed (0 new refs dominated)
Survival: 48 refs added, 0 removed (from 48 candidates)
Coverage-aware round: 73/15965 unclassified samples covered by 48 new refs
---
Round: 716, Unk. prob.: 1.596e-01
Upper probs: 8.404e-01, Lower probs: 0.000e+00
No. of non-dominant refs: 34389, Survival refs: 34320, Failure refs: 69
Batch update: 48 refs added, 0 existing refs removed (0 new refs dominated)
Survival: 48 refs added, 0 removed (from 48 candidates)
Coverage-aware round: 66/15972 unclassified samples covered by 48 new refs
---
Round: 717, Unk. prob.: 1.597e-01
Upper probs: 8.403e-01, Lower probs: 1.000e-05
No. of non-dominant refs: 34437, Survival refs: 34368, Failure refs: 69
Batch update: 48 refs added, 0 existing refs removed (0 new refs dominated)
Survival: 48 refs added, 0 removed (from 48 candidates)
Coverage-aware round: 69/15703 unclassified samples covered by 48 new refs
---
Round: 718, Unk. prob.: 1.570e-01
Upper probs: 8.430e-01, Lower probs: 0.000e+00
No. of non-dominant refs: 34485, Survival refs: 34416, Failure refs: 69
Batch update: 48 refs added, 0 existing refs removed (0 new refs dominated)
Survival: 48 refs added, 0 removed (from 48 candidates)
Coverage-aware round: 73/15952 unclassified samples covered by 48 new refs
---
Round: 719, Unk. prob.: 1.595e-01
Upper probs: 8.405e-01, Lower probs: 1.000e-05
No. of non-dominant refs: 34533, Survival refs: 34464, Failure refs: 69
Batch update: 48 refs added, 0 existing refs removed (0 new refs dominated)
Survival: 48 refs added, 0 removed (from 48 candidates)
Coverage-aware round: 73/15765 unclassified samples covered by 48 new refs
---
Round: 720, Unk. prob.: 1.577e-01
Upper probs: 8.424e-01, Lower probs: 0.000e+00
No. of non-dominant refs: 34581, Survival refs: 34512, Failure refs: 69
Batch update: 48 refs added, 0 existing refs removed (0 new refs dominated)
Survival: 48 refs added, 0 removed (from 48 candidates)
Batch update: 4 refs added, 0 existing refs removed (0 new refs dominated)
Failure: 4 refs added, 0 removed (from 4 candidates)
Coverage-aware round: 90/15741 unclassified samples covered by 52 new refs
---
Round: 721, Unk. prob.: 1.574e-01
Upper probs: 8.426e-01, Lower probs: 0.000e+00
No. of non-dominant refs: 34633, Survival refs: 34560, Failure refs: 73
Batch update: 48 refs added, 0 existing refs removed (0 new refs dominated)
Survival: 48 refs added, 0 removed (from 48 candidates)
Coverage-aware round: 74/15892 unclassified samples covered by 48 new refs
---
Round: 722, Unk. prob.: 1.589e-01
Upper probs: 8.411e-01, Lower probs: 0.000e+00
No. of non-dominant refs: 34681, Survival refs: 34608, Failure refs: 73
Batch update: 48 refs added, 0 existing refs removed (0 new refs dominated)
Survival: 48 refs added, 0 removed (from 48 candidates)
Batch update: 2 refs added, 0 existing refs removed (0 new refs dominated)
Failure: 2 refs added, 0 removed (from 2 candidates)
Coverage-aware round: 68/16069 unclassified samples covered by 50 new refs
---
Round: 723, Unk. prob.: 1.607e-01
Upper probs: 8.393e-01, Lower probs: 0.000e+00
No. of non-dominant refs: 34731, Survival refs: 34656, Failure refs: 75
Batch update: 48 refs added, 0 existing refs removed (0 new refs dominated)
Survival: 48 refs added, 0 removed (from 48 candidates)
Coverage-aware round: 73/16019 unclassified samples covered by 48 new refs
---
Round: 724, Unk. prob.: 1.602e-01
Upper probs: 8.398e-01, Lower probs: 0.000e+00
No. of non-dominant refs: 34779, Survival refs: 34704, Failure refs: 75
Batch update: 48 refs added, 0 existing refs removed (0 new refs dominated)
Survival: 48 refs added, 0 removed (from 48 candidates)
Coverage-aware round: 68/15943 unclassified samples covered by 48 new refs
---
Round: 725, Unk. prob.: 1.594e-01
Upper probs: 8.406e-01, Lower probs: 1.000e-05
No. of non-dominant refs: 34827, Survival refs: 34752, Failure refs: 75
Batch update: 48 refs added, 0 existing refs removed (0 new refs dominated)
Survival: 48 refs added, 0 removed (from 48 candidates)
Coverage-aware round: 66/15837 unclassified samples covered by 48 new refs
---
Round: 726, Unk. prob.: 1.584e-01
Upper probs: 8.416e-01, Lower probs: 0.000e+00
No. of non-dominant refs: 34875, Survival refs: 34800, Failure refs: 75
Batch update: 48 refs added, 0 existing refs removed (0 new refs dominated)
Survival: 48 refs added, 0 removed (from 48 candidates)
Coverage-aware round: 75/15788 unclassified samples covered by 48 new refs
---
Round: 727, Unk. prob.: 1.579e-01
Upper probs: 8.421e-01, Lower probs: 0.000e+00
No. of non-dominant refs: 34923, Survival refs: 34848, Failure refs: 75
Batch update: 48 refs added, 0 existing refs removed (0 new refs dominated)
Survival: 48 refs added, 0 removed (from 48 candidates)
Coverage-aware round: 66/15796 unclassified samples covered by 48 new refs
---
Round: 728, Unk. prob.: 1.580e-01
Upper probs: 8.420e-01, Lower probs: 0.000e+00
No. of non-dominant refs: 34971, Survival refs: 34896, Failure refs: 75
Batch update: 48 refs added, 0 existing refs removed (0 new refs dominated)
Survival: 48 refs added, 0 removed (from 48 candidates)
Coverage-aware round: 70/15850 unclassified samples covered by 48 new refs
---
Round: 729, Unk. prob.: 1.585e-01
Upper probs: 8.415e-01, Lower probs: 0.000e+00
No. of non-dominant refs: 35019, Survival refs: 34944, Failure refs: 75
Batch update: 48 refs added, 0 existing refs removed (0 new refs dominated)
Survival: 48 refs added, 0 removed (from 48 candidates)
Coverage-aware round: 65/15915 unclassified samples covered by 48 new refs
---
Round: 730, Unk. prob.: 1.592e-01
Upper probs: 8.408e-01, Lower probs: 0.000e+00
No. of non-dominant refs: 35067, Survival refs: 34992, Failure refs: 75
Batch update: 48 refs added, 0 existing refs removed (0 new refs dominated)
Survival: 48 refs added, 0 removed (from 48 candidates)
Coverage-aware round: 73/15919 unclassified samples covered by 48 new refs
---
Round: 731, Unk. prob.: 1.592e-01
Upper probs: 8.408e-01, Lower probs: 1.000e-05
No. of non-dominant refs: 35115, Survival refs: 35040, Failure refs: 75
Batch update: 48 refs added, 0 existing refs removed (0 new refs dominated)
Survival: 48 refs added, 0 removed (from 48 candidates)
Coverage-aware round: 76/15900 unclassified samples covered by 48 new refs
---
Round: 732, Unk. prob.: 1.590e-01
Upper probs: 8.410e-01, Lower probs: 0.000e+00
No. of non-dominant refs: 35163, Survival refs: 35088, Failure refs: 75
Batch update: 48 refs added, 0 existing refs removed (0 new refs dominated)
Survival: 48 refs added, 0 removed (from 48 candidates)
Coverage-aware round: 70/15795 unclassified samples covered by 48 new refs
---
Round: 733, Unk. prob.: 1.580e-01
Upper probs: 8.420e-01, Lower probs: 0.000e+00
No. of non-dominant refs: 35211, Survival refs: 35136, Failure refs: 75
Batch update: 48 refs added, 0 existing refs removed (0 new refs dominated)
Survival: 48 refs added, 0 removed (from 48 candidates)
Coverage-aware round: 80/15909 unclassified samples covered by 48 new refs
---
Round: 734, Unk. prob.: 1.591e-01
Upper probs: 8.409e-01, Lower probs: 0.000e+00
No. of non-dominant refs: 35259, Survival refs: 35184, Failure refs: 75
Batch update: 48 refs added, 0 existing refs removed (0 new refs dominated)
Survival: 48 refs added, 0 removed (from 48 candidates)
Coverage-aware round: 67/15815 unclassified samples covered by 48 new refs
---
Round: 735, Unk. prob.: 1.582e-01
Upper probs: 8.418e-01, Lower probs: 0.000e+00
No. of non-dominant refs: 35307, Survival refs: 35232, Failure refs: 75
Batch update: 48 refs added, 0 existing refs removed (0 new refs dominated)
Survival: 48 refs added, 0 removed (from 48 candidates)
Coverage-aware round: 75/15615 unclassified samples covered by 48 new refs
---
Round: 736, Unk. prob.: 1.562e-01
Upper probs: 8.438e-01, Lower probs: 0.000e+00
No. of non-dominant refs: 35355, Survival refs: 35280, Failure refs: 75
Batch update: 48 refs added, 0 existing refs removed (0 new refs dominated)
Survival: 48 refs added, 0 removed (from 48 candidates)
Coverage-aware round: 73/15633 unclassified samples covered by 48 new refs
---
Round: 737, Unk. prob.: 1.563e-01
Upper probs: 8.437e-01, Lower probs: 1.000e-05
No. of non-dominant refs: 35403, Survival refs: 35328, Failure refs: 75
Batch update: 48 refs added, 0 existing refs removed (0 new refs dominated)
Survival: 48 refs added, 0 removed (from 48 candidates)
Coverage-aware round: 65/16112 unclassified samples covered by 48 new refs
---
Round: 738, Unk. prob.: 1.611e-01
Upper probs: 8.389e-01, Lower probs: 1.000e-05
No. of non-dominant refs: 35451, Survival refs: 35376, Failure refs: 75
Batch update: 48 refs added, 0 existing refs removed (0 new refs dominated)
Survival: 48 refs added, 0 removed (from 48 candidates)
Coverage-aware round: 70/15614 unclassified samples covered by 48 new refs
---
Round: 739, Unk. prob.: 1.561e-01
Upper probs: 8.439e-01, Lower probs: 0.000e+00
No. of non-dominant refs: 35499, Survival refs: 35424, Failure refs: 75
Batch update: 48 refs added, 0 existing refs removed (0 new refs dominated)
Survival: 48 refs added, 0 removed (from 48 candidates)
Coverage-aware round: 77/16017 unclassified samples covered by 48 new refs
---
Round: 740, Unk. prob.: 1.602e-01
Upper probs: 8.398e-01, Lower probs: 0.000e+00
No. of non-dominant refs: 35547, Survival refs: 35472, Failure refs: 75
Batch update: 48 refs added, 0 existing refs removed (0 new refs dominated)
Survival: 48 refs added, 0 removed (from 48 candidates)
Coverage-aware round: 72/15914 unclassified samples covered by 48 new refs
---
Round: 741, Unk. prob.: 1.591e-01
Upper probs: 8.409e-01, Lower probs: 0.000e+00
No. of non-dominant refs: 35595, Survival refs: 35520, Failure refs: 75
Batch update: 48 refs added, 0 existing refs removed (0 new refs dominated)
Survival: 48 refs added, 0 removed (from 48 candidates)
Batch update: 2 refs added, 0 existing refs removed (0 new refs dominated)
Failure: 2 refs added, 0 removed (from 2 candidates)
Coverage-aware round: 73/15786 unclassified samples covered by 50 new refs
---
Round: 742, Unk. prob.: 1.579e-01
Upper probs: 8.421e-01, Lower probs: 0.000e+00
No. of non-dominant refs: 35645, Survival refs: 35568, Failure refs: 77
Batch update: 48 refs added, 0 existing refs removed (0 new refs dominated)
Survival: 48 refs added, 0 removed (from 48 candidates)
Coverage-aware round: 67/15831 unclassified samples covered by 48 new refs
---
Round: 743, Unk. prob.: 1.583e-01
Upper probs: 8.417e-01, Lower probs: 0.000e+00
No. of non-dominant refs: 35693, Survival refs: 35616, Failure refs: 77
Batch update: 48 refs added, 0 existing refs removed (0 new refs dominated)
Survival: 48 refs added, 0 removed (from 48 candidates)
Coverage-aware round: 72/15682 unclassified samples covered by 48 new refs
---
Round: 744, Unk. prob.: 1.568e-01
Upper probs: 8.432e-01, Lower probs: 0.000e+00
No. of non-dominant refs: 35741, Survival refs: 35664, Failure refs: 77
Batch update: 48 refs added, 0 existing refs removed (0 new refs dominated)
Survival: 48 refs added, 0 removed (from 48 candidates)
Coverage-aware round: 67/15640 unclassified samples covered by 48 new refs
---
Round: 745, Unk. prob.: 1.564e-01
Upper probs: 8.436e-01, Lower probs: 0.000e+00
No. of non-dominant refs: 35789, Survival refs: 35712, Failure refs: 77
Batch update: 48 refs added, 0 existing refs removed (0 new refs dominated)
Survival: 48 refs added, 0 removed (from 48 candidates)
Coverage-aware round: 60/15790 unclassified samples covered by 48 new refs
---
Round: 746, Unk. prob.: 1.579e-01
Upper probs: 8.421e-01, Lower probs: 0.000e+00
No. of non-dominant refs: 35837, Survival refs: 35760, Failure refs: 77
Batch update: 48 refs added, 0 existing refs removed (0 new refs dominated)
Survival: 48 refs added, 0 removed (from 48 candidates)
Coverage-aware round: 69/15892 unclassified samples covered by 48 new refs
---
Round: 747, Unk. prob.: 1.589e-01
Upper probs: 8.411e-01, Lower probs: 0.000e+00
No. of non-dominant refs: 35885, Survival refs: 35808, Failure refs: 77
Batch update: 48 refs added, 0 existing refs removed (0 new refs dominated)
Survival: 48 refs added, 0 removed (from 48 candidates)
Coverage-aware round: 64/15636 unclassified samples covered by 48 new refs
---
Round: 748, Unk. prob.: 1.564e-01
Upper probs: 8.436e-01, Lower probs: 0.000e+00
No. of non-dominant refs: 35933, Survival refs: 35856, Failure refs: 77
Batch update: 48 refs added, 0 existing refs removed (0 new refs dominated)
Survival: 48 refs added, 0 removed (from 48 candidates)
Coverage-aware round: 63/15612 unclassified samples covered by 48 new refs
---
Round: 749, Unk. prob.: 1.561e-01
Upper probs: 8.439e-01, Lower probs: 0.000e+00
No. of non-dominant refs: 35981, Survival refs: 35904, Failure refs: 77
Batch update: 48 refs added, 0 existing refs removed (0 new refs dominated)
Survival: 48 refs added, 0 removed (from 48 candidates)
Coverage-aware round: 78/15603 unclassified samples covered by 48 new refs
---
Round: 750, Unk. prob.: 1.560e-01
Upper probs: 8.440e-01, Lower probs: 0.000e+00
No. of non-dominant refs: 36029, Survival refs: 35952, Failure refs: 77
Batch update: 48 refs added, 0 existing refs removed (0 new refs dominated)
Survival: 48 refs added, 0 removed (from 48 candidates)
Coverage-aware round: 67/15669 unclassified samples covered by 48 new refs
---
Round: 751, Unk. prob.: 1.567e-01
Upper probs: 8.433e-01, Lower probs: 0.000e+00
No. of non-dominant refs: 36077, Survival refs: 36000, Failure refs: 77
Batch update: 48 refs added, 0 existing refs removed (0 new refs dominated)
Survival: 48 refs added, 0 removed (from 48 candidates)
Coverage-aware round: 68/15553 unclassified samples covered by 48 new refs
---
Round: 752, Unk. prob.: 1.555e-01
Upper probs: 8.445e-01, Lower probs: 0.000e+00
No. of non-dominant refs: 36125, Survival refs: 36048, Failure refs: 77
Batch update: 48 refs added, 0 existing refs removed (0 new refs dominated)
Survival: 48 refs added, 0 removed (from 48 candidates)
Coverage-aware round: 74/15797 unclassified samples covered by 48 new refs
---
Round: 753, Unk. prob.: 1.580e-01
Upper probs: 8.420e-01, Lower probs: 0.000e+00
No. of non-dominant refs: 36173, Survival refs: 36096, Failure refs: 77
Batch update: 48 refs added, 0 existing refs removed (0 new refs dominated)
Survival: 48 refs added, 0 removed (from 48 candidates)
Coverage-aware round: 61/15575 unclassified samples covered by 48 new refs
---
Round: 754, Unk. prob.: 1.557e-01
Upper probs: 8.442e-01, Lower probs: 0.000e+00
No. of non-dominant refs: 36221, Survival refs: 36144, Failure refs: 77
Batch update: 48 refs added, 0 existing refs removed (0 new refs dominated)
Survival: 48 refs added, 0 removed (from 48 candidates)
Coverage-aware round: 73/15705 unclassified samples covered by 48 new refs
---
Round: 755, Unk. prob.: 1.570e-01
Upper probs: 8.429e-01, Lower probs: 0.000e+00
No. of non-dominant refs: 36269, Survival refs: 36192, Failure refs: 77
Batch update: 48 refs added, 0 existing refs removed (0 new refs dominated)
Survival: 48 refs added, 0 removed (from 48 candidates)
Coverage-aware round: 67/15532 unclassified samples covered by 48 new refs
---
Round: 756, Unk. prob.: 1.553e-01
Upper probs: 8.447e-01, Lower probs: 0.000e+00
No. of non-dominant refs: 36317, Survival refs: 36240, Failure refs: 77
Batch update: 48 refs added, 0 existing refs removed (0 new refs dominated)
Survival: 48 refs added, 0 removed (from 48 candidates)
Coverage-aware round: 79/15682 unclassified samples covered by 48 new refs
---
Round: 757, Unk. prob.: 1.568e-01
Upper probs: 8.432e-01, Lower probs: 0.000e+00
No. of non-dominant refs: 36365, Survival refs: 36288, Failure refs: 77
Batch update: 48 refs added, 0 existing refs removed (0 new refs dominated)
Survival: 48 refs added, 0 removed (from 48 candidates)
Coverage-aware round: 75/15664 unclassified samples covered by 48 new refs
---
Round: 758, Unk. prob.: 1.566e-01
Upper probs: 8.434e-01, Lower probs: 0.000e+00
No. of non-dominant refs: 36413, Survival refs: 36336, Failure refs: 77
Batch update: 48 refs added, 0 existing refs removed (0 new refs dominated)
Survival: 48 refs added, 0 removed (from 48 candidates)
Coverage-aware round: 70/15696 unclassified samples covered by 48 new refs
---
Round: 759, Unk. prob.: 1.570e-01
Upper probs: 8.430e-01, Lower probs: 1.000e-05
No. of non-dominant refs: 36461, Survival refs: 36384, Failure refs: 77
Batch update: 48 refs added, 0 existing refs removed (0 new refs dominated)
Survival: 48 refs added, 0 removed (from 48 candidates)
Coverage-aware round: 71/15713 unclassified samples covered by 48 new refs
---
Round: 760, Unk. prob.: 1.571e-01
Upper probs: 8.429e-01, Lower probs: 1.000e-05
No. of non-dominant refs: 36509, Survival refs: 36432, Failure refs: 77
Batch update: 48 refs added, 0 existing refs removed (0 new refs dominated)
Survival: 48 refs added, 0 removed (from 48 candidates)
Coverage-aware round: 82/15872 unclassified samples covered by 48 new refs
---
Round: 761, Unk. prob.: 1.587e-01
Upper probs: 8.413e-01, Lower probs: 0.000e+00
No. of non-dominant refs: 36557, Survival refs: 36480, Failure refs: 77
Batch update: 48 refs added, 0 existing refs removed (0 new refs dominated)
Survival: 48 refs added, 0 removed (from 48 candidates)
Coverage-aware round: 70/15711 unclassified samples covered by 48 new refs
---
Round: 762, Unk. prob.: 1.571e-01
Upper probs: 8.429e-01, Lower probs: 0.000e+00
No. of non-dominant refs: 36605, Survival refs: 36528, Failure refs: 77
Batch update: 48 refs added, 0 existing refs removed (0 new refs dominated)
Survival: 48 refs added, 0 removed (from 48 candidates)
Coverage-aware round: 66/15397 unclassified samples covered by 48 new refs
---
Round: 763, Unk. prob.: 1.540e-01
Upper probs: 8.460e-01, Lower probs: 1.000e-05
No. of non-dominant refs: 36653, Survival refs: 36576, Failure refs: 77
Batch update: 48 refs added, 0 existing refs removed (0 new refs dominated)
Survival: 48 refs added, 0 removed (from 48 candidates)
Coverage-aware round: 64/15729 unclassified samples covered by 48 new refs
---
Round: 764, Unk. prob.: 1.573e-01
Upper probs: 8.427e-01, Lower probs: 0.000e+00
No. of non-dominant refs: 36701, Survival refs: 36624, Failure refs: 77
Batch update: 48 refs added, 0 existing refs removed (0 new refs dominated)
Survival: 48 refs added, 0 removed (from 48 candidates)
Coverage-aware round: 72/15572 unclassified samples covered by 48 new refs
---
Round: 765, Unk. prob.: 1.557e-01
Upper probs: 8.443e-01, Lower probs: 0.000e+00
No. of non-dominant refs: 36749, Survival refs: 36672, Failure refs: 77
Batch update: 48 refs added, 0 existing refs removed (0 new refs dominated)
Survival: 48 refs added, 0 removed (from 48 candidates)
Coverage-aware round: 70/15689 unclassified samples covered by 48 new refs
---
Round: 766, Unk. prob.: 1.569e-01
Upper probs: 8.431e-01, Lower probs: 0.000e+00
No. of non-dominant refs: 36797, Survival refs: 36720, Failure refs: 77
Batch update: 48 refs added, 0 existing refs removed (0 new refs dominated)
Survival: 48 refs added, 0 removed (from 48 candidates)
Coverage-aware round: 66/15726 unclassified samples covered by 48 new refs
---
Round: 767, Unk. prob.: 1.573e-01
Upper probs: 8.427e-01, Lower probs: 0.000e+00
No. of non-dominant refs: 36845, Survival refs: 36768, Failure refs: 77
Batch update: 48 refs added, 0 existing refs removed (0 new refs dominated)
Survival: 48 refs added, 0 removed (from 48 candidates)
Coverage-aware round: 65/15434 unclassified samples covered by 48 new refs
---
Round: 768, Unk. prob.: 1.543e-01
Upper probs: 8.457e-01, Lower probs: 0.000e+00
No. of non-dominant refs: 36893, Survival refs: 36816, Failure refs: 77
Batch update: 48 refs added, 0 existing refs removed (0 new refs dominated)
Survival: 48 refs added, 0 removed (from 48 candidates)
Coverage-aware round: 68/15505 unclassified samples covered by 48 new refs
---
Round: 769, Unk. prob.: 1.550e-01
Upper probs: 8.449e-01, Lower probs: 0.000e+00
No. of non-dominant refs: 36941, Survival refs: 36864, Failure refs: 77
Batch update: 48 refs added, 0 existing refs removed (0 new refs dominated)
Survival: 48 refs added, 0 removed (from 48 candidates)
Coverage-aware round: 70/15621 unclassified samples covered by 48 new refs
---
Round: 770, Unk. prob.: 1.562e-01
Upper probs: 8.438e-01, Lower probs: 0.000e+00
No. of non-dominant refs: 36989, Survival refs: 36912, Failure refs: 77
Batch update: 48 refs added, 0 existing refs removed (0 new refs dominated)
Survival: 48 refs added, 0 removed (from 48 candidates)
Coverage-aware round: 71/15496 unclassified samples covered by 48 new refs
---
Round: 771, Unk. prob.: 1.550e-01
Upper probs: 8.450e-01, Lower probs: 1.000e-05
No. of non-dominant refs: 37037, Survival refs: 36960, Failure refs: 77
Batch update: 48 refs added, 0 existing refs removed (0 new refs dominated)
Survival: 48 refs added, 0 removed (from 48 candidates)
Coverage-aware round: 64/15487 unclassified samples covered by 48 new refs
---
Round: 772, Unk. prob.: 1.549e-01
Upper probs: 8.451e-01, Lower probs: 0.000e+00
No. of non-dominant refs: 37085, Survival refs: 37008, Failure refs: 77
Batch update: 48 refs added, 0 existing refs removed (0 new refs dominated)
Survival: 48 refs added, 0 removed (from 48 candidates)
Coverage-aware round: 65/15418 unclassified samples covered by 48 new refs
---
Round: 773, Unk. prob.: 1.542e-01
Upper probs: 8.458e-01, Lower probs: 0.000e+00
No. of non-dominant refs: 37133, Survival refs: 37056, Failure refs: 77
Batch update: 48 refs added, 0 existing refs removed (0 new refs dominated)
Survival: 48 refs added, 0 removed (from 48 candidates)
Coverage-aware round: 77/15753 unclassified samples covered by 48 new refs
---
Round: 774, Unk. prob.: 1.575e-01
Upper probs: 8.425e-01, Lower probs: 1.000e-05
No. of non-dominant refs: 37181, Survival refs: 37104, Failure refs: 77
Batch update: 48 refs added, 0 existing refs removed (0 new refs dominated)
Survival: 48 refs added, 0 removed (from 48 candidates)
Coverage-aware round: 80/15561 unclassified samples covered by 48 new refs
---
Round: 775, Unk. prob.: 1.556e-01
Upper probs: 8.444e-01, Lower probs: 0.000e+00
No. of non-dominant refs: 37229, Survival refs: 37152, Failure refs: 77
Batch update: 48 refs added, 0 existing refs removed (0 new refs dominated)
Survival: 48 refs added, 0 removed (from 48 candidates)
Coverage-aware round: 66/15648 unclassified samples covered by 48 new refs
---
Round: 776, Unk. prob.: 1.565e-01
Upper probs: 8.435e-01, Lower probs: 0.000e+00
No. of non-dominant refs: 37277, Survival refs: 37200, Failure refs: 77
Batch update: 48 refs added, 0 existing refs removed (0 new refs dominated)
Survival: 48 refs added, 0 removed (from 48 candidates)
Coverage-aware round: 63/15394 unclassified samples covered by 48 new refs
---
Round: 777, Unk. prob.: 1.539e-01
Upper probs: 8.461e-01, Lower probs: 0.000e+00
No. of non-dominant refs: 37325, Survival refs: 37248, Failure refs: 77
Batch update: 48 refs added, 0 existing refs removed (0 new refs dominated)
Survival: 48 refs added, 0 removed (from 48 candidates)
Coverage-aware round: 65/15675 unclassified samples covered by 48 new refs
---
Round: 778, Unk. prob.: 1.568e-01
Upper probs: 8.433e-01, Lower probs: 0.000e+00
No. of non-dominant refs: 37373, Survival refs: 37296, Failure refs: 77
Batch update: 48 refs added, 0 existing refs removed (0 new refs dominated)
Survival: 48 refs added, 0 removed (from 48 candidates)
Coverage-aware round: 64/15525 unclassified samples covered by 48 new refs
---
Round: 779, Unk. prob.: 1.552e-01
Upper probs: 8.447e-01, Lower probs: 1.000e-05
No. of non-dominant refs: 37421, Survival refs: 37344, Failure refs: 77
Batch update: 48 refs added, 0 existing refs removed (0 new refs dominated)
Survival: 48 refs added, 0 removed (from 48 candidates)
Coverage-aware round: 69/15410 unclassified samples covered by 48 new refs
---
Round: 780, Unk. prob.: 1.541e-01
Upper probs: 8.459e-01, Lower probs: 0.000e+00
No. of non-dominant refs: 37469, Survival refs: 37392, Failure refs: 77
Batch update: 48 refs added, 0 existing refs removed (0 new refs dominated)
Survival: 48 refs added, 0 removed (from 48 candidates)
Coverage-aware round: 67/15296 unclassified samples covered by 48 new refs
---
Round: 781, Unk. prob.: 1.530e-01
Upper probs: 8.470e-01, Lower probs: 1.000e-05
No. of non-dominant refs: 37517, Survival refs: 37440, Failure refs: 77
Batch update: 48 refs added, 0 existing refs removed (0 new refs dominated)
Survival: 48 refs added, 0 removed (from 48 candidates)
Coverage-aware round: 66/15481 unclassified samples covered by 48 new refs
---
Round: 782, Unk. prob.: 1.548e-01
Upper probs: 8.452e-01, Lower probs: 0.000e+00
No. of non-dominant refs: 37565, Survival refs: 37488, Failure refs: 77
Batch update: 48 refs added, 0 existing refs removed (0 new refs dominated)
Survival: 48 refs added, 0 removed (from 48 candidates)
Coverage-aware round: 85/15525 unclassified samples covered by 48 new refs
---
Round: 783, Unk. prob.: 1.552e-01
Upper probs: 8.448e-01, Lower probs: 0.000e+00
No. of non-dominant refs: 37613, Survival refs: 37536, Failure refs: 77
Batch update: 48 refs added, 0 existing refs removed (0 new refs dominated)
Survival: 48 refs added, 0 removed (from 48 candidates)
Coverage-aware round: 67/15347 unclassified samples covered by 48 new refs
---
Round: 784, Unk. prob.: 1.535e-01
Upper probs: 8.465e-01, Lower probs: 0.000e+00
No. of non-dominant refs: 37661, Survival refs: 37584, Failure refs: 77
Batch update: 48 refs added, 0 existing refs removed (0 new refs dominated)
Survival: 48 refs added, 0 removed (from 48 candidates)
Coverage-aware round: 68/15631 unclassified samples covered by 48 new refs
---
Round: 785, Unk. prob.: 1.563e-01
Upper probs: 8.437e-01, Lower probs: 0.000e+00
No. of non-dominant refs: 37709, Survival refs: 37632, Failure refs: 77
Batch update: 48 refs added, 0 existing refs removed (0 new refs dominated)
Survival: 48 refs added, 0 removed (from 48 candidates)
Coverage-aware round: 69/15412 unclassified samples covered by 48 new refs
---
Round: 786, Unk. prob.: 1.541e-01
Upper probs: 8.459e-01, Lower probs: 0.000e+00
No. of non-dominant refs: 37757, Survival refs: 37680, Failure refs: 77
Batch update: 48 refs added, 0 existing refs removed (0 new refs dominated)
Survival: 48 refs added, 0 removed (from 48 candidates)
Coverage-aware round: 69/15737 unclassified samples covered by 48 new refs
---
Round: 787, Unk. prob.: 1.574e-01
Upper probs: 8.426e-01, Lower probs: 1.000e-05
No. of non-dominant refs: 37805, Survival refs: 37728, Failure refs: 77
Batch update: 48 refs added, 0 existing refs removed (0 new refs dominated)
Survival: 48 refs added, 0 removed (from 48 candidates)
Coverage-aware round: 75/15434 unclassified samples covered by 48 new refs
---
Round: 788, Unk. prob.: 1.543e-01
Upper probs: 8.457e-01, Lower probs: 0.000e+00
No. of non-dominant refs: 37853, Survival refs: 37776, Failure refs: 77
Batch update: 48 refs added, 0 existing refs removed (0 new refs dominated)
Survival: 48 refs added, 0 removed (from 48 candidates)
Coverage-aware round: 63/15376 unclassified samples covered by 48 new refs
---
Round: 789, Unk. prob.: 1.538e-01
Upper probs: 8.462e-01, Lower probs: 0.000e+00
No. of non-dominant refs: 37901, Survival refs: 37824, Failure refs: 77
Batch update: 48 refs added, 0 existing refs removed (0 new refs dominated)
Survival: 48 refs added, 0 removed (from 48 candidates)
Coverage-aware round: 68/15664 unclassified samples covered by 48 new refs
---
Round: 790, Unk. prob.: 1.566e-01
Upper probs: 8.434e-01, Lower probs: 0.000e+00
No. of non-dominant refs: 37949, Survival refs: 37872, Failure refs: 77
Batch update: 48 refs added, 0 existing refs removed (0 new refs dominated)
Survival: 48 refs added, 0 removed (from 48 candidates)
Coverage-aware round: 68/15491 unclassified samples covered by 48 new refs
---
Round: 791, Unk. prob.: 1.549e-01
Upper probs: 8.451e-01, Lower probs: 0.000e+00
No. of non-dominant refs: 37997, Survival refs: 37920, Failure refs: 77
Batch update: 48 refs added, 0 existing refs removed (0 new refs dominated)
Survival: 48 refs added, 0 removed (from 48 candidates)
Coverage-aware round: 67/15300 unclassified samples covered by 48 new refs
---
Round: 792, Unk. prob.: 1.530e-01
Upper probs: 8.470e-01, Lower probs: 1.000e-05
No. of non-dominant refs: 38045, Survival refs: 37968, Failure refs: 77
Batch update: 48 refs added, 0 existing refs removed (0 new refs dominated)
Survival: 48 refs added, 0 removed (from 48 candidates)
Coverage-aware round: 76/15421 unclassified samples covered by 48 new refs
---
Round: 793, Unk. prob.: 1.542e-01
Upper probs: 8.458e-01, Lower probs: 0.000e+00
No. of non-dominant refs: 38093, Survival refs: 38016, Failure refs: 77
Batch update: 48 refs added, 0 existing refs removed (0 new refs dominated)
Survival: 48 refs added, 0 removed (from 48 candidates)
Coverage-aware round: 76/15507 unclassified samples covered by 48 new refs
---
Round: 794, Unk. prob.: 1.551e-01
Upper probs: 8.449e-01, Lower probs: 0.000e+00
No. of non-dominant refs: 38141, Survival refs: 38064, Failure refs: 77
Batch update: 48 refs added, 0 existing refs removed (0 new refs dominated)
Survival: 48 refs added, 0 removed (from 48 candidates)
Coverage-aware round: 65/15518 unclassified samples covered by 48 new refs
---
Round: 795, Unk. prob.: 1.552e-01
Upper probs: 8.448e-01, Lower probs: 0.000e+00
No. of non-dominant refs: 38189, Survival refs: 38112, Failure refs: 77
Batch update: 48 refs added, 0 existing refs removed (0 new refs dominated)
Survival: 48 refs added, 0 removed (from 48 candidates)
Coverage-aware round: 66/15311 unclassified samples covered by 48 new refs
---
Round: 796, Unk. prob.: 1.531e-01
Upper probs: 8.469e-01, Lower probs: 0.000e+00
No. of non-dominant refs: 38237, Survival refs: 38160, Failure refs: 77
Batch update: 48 refs added, 0 existing refs removed (0 new refs dominated)
Survival: 48 refs added, 0 removed (from 48 candidates)
Coverage-aware round: 75/15354 unclassified samples covered by 48 new refs
---
Round: 797, Unk. prob.: 1.535e-01
Upper probs: 8.465e-01, Lower probs: 0.000e+00
No. of non-dominant refs: 38285, Survival refs: 38208, Failure refs: 77
Batch update: 48 refs added, 0 existing refs removed (0 new refs dominated)
Survival: 48 refs added, 0 removed (from 48 candidates)
Coverage-aware round: 74/15382 unclassified samples covered by 48 new refs
---
Round: 798, Unk. prob.: 1.538e-01
Upper probs: 8.462e-01, Lower probs: 0.000e+00
No. of non-dominant refs: 38333, Survival refs: 38256, Failure refs: 77
Batch update: 48 refs added, 0 existing refs removed (0 new refs dominated)
Survival: 48 refs added, 0 removed (from 48 candidates)
Batch update: 2 refs added, 0 existing refs removed (0 new refs dominated)
Failure: 2 refs added, 0 removed (from 2 candidates)
Coverage-aware round: 70/15453 unclassified samples covered by 50 new refs
---
Round: 799, Unk. prob.: 1.545e-01
Upper probs: 8.455e-01, Lower probs: 0.000e+00
No. of non-dominant refs: 38383, Survival refs: 38304, Failure refs: 79
Batch update: 48 refs added, 0 existing refs removed (0 new refs dominated)
Survival: 48 refs added, 0 removed (from 48 candidates)
Coverage-aware round: 71/15364 unclassified samples covered by 48 new refs
---
Round: 800, Unk. prob.: 1.536e-01
Upper probs: 8.464e-01, Lower probs: 0.000e+00
No. of non-dominant refs: 38431, Survival refs: 38352, Failure refs: 79
Batch update: 48 refs added, 0 existing refs removed (0 new refs dominated)
Survival: 48 refs added, 0 removed (from 48 candidates)
Batch update: 2 refs added, 0 existing refs removed (0 new refs dominated)
Failure: 2 refs added, 0 removed (from 2 candidates)
Coverage-aware round: 64/15407 unclassified samples covered by 50 new refs
---
Round: 801, Unk. prob.: 1.541e-01
Upper probs: 8.459e-01, Lower probs: 0.000e+00
No. of non-dominant refs: 38481, Survival refs: 38400, Failure refs: 81
Batch update: 48 refs added, 0 existing refs removed (0 new refs dominated)
Survival: 48 refs added, 0 removed (from 48 candidates)
Coverage-aware round: 65/15327 unclassified samples covered by 48 new refs
---
Round: 802, Unk. prob.: 1.533e-01
Upper probs: 8.467e-01, Lower probs: 0.000e+00
No. of non-dominant refs: 38529, Survival refs: 38448, Failure refs: 81
Batch update: 48 refs added, 0 existing refs removed (0 new refs dominated)
Survival: 48 refs added, 0 removed (from 48 candidates)
Coverage-aware round: 72/15236 unclassified samples covered by 48 new refs
---
Round: 803, Unk. prob.: 1.524e-01
Upper probs: 8.476e-01, Lower probs: 1.000e-05
No. of non-dominant refs: 38577, Survival refs: 38496, Failure refs: 81
Batch update: 48 refs added, 0 existing refs removed (0 new refs dominated)
Survival: 48 refs added, 0 removed (from 48 candidates)
Coverage-aware round: 65/15384 unclassified samples covered by 48 new refs
---
Round: 804, Unk. prob.: 1.538e-01
Upper probs: 8.462e-01, Lower probs: 0.000e+00
No. of non-dominant refs: 38625, Survival refs: 38544, Failure refs: 81
Batch update: 48 refs added, 0 existing refs removed (0 new refs dominated)
Survival: 48 refs added, 0 removed (from 48 candidates)
Coverage-aware round: 70/15227 unclassified samples covered by 48 new refs
---
Round: 805, Unk. prob.: 1.523e-01
Upper probs: 8.477e-01, Lower probs: 0.000e+00
No. of non-dominant refs: 38673, Survival refs: 38592, Failure refs: 81
Batch update: 48 refs added, 0 existing refs removed (0 new refs dominated)
Survival: 48 refs added, 0 removed (from 48 candidates)
Coverage-aware round: 63/15216 unclassified samples covered by 48 new refs
---
Round: 806, Unk. prob.: 1.522e-01
Upper probs: 8.478e-01, Lower probs: 0.000e+00
No. of non-dominant refs: 38721, Survival refs: 38640, Failure refs: 81
Batch update: 48 refs added, 0 existing refs removed (0 new refs dominated)
Survival: 48 refs added, 0 removed (from 48 candidates)
Coverage-aware round: 73/15530 unclassified samples covered by 48 new refs
---
Round: 807, Unk. prob.: 1.553e-01
Upper probs: 8.447e-01, Lower probs: 0.000e+00
No. of non-dominant refs: 38769, Survival refs: 38688, Failure refs: 81
Batch update: 48 refs added, 0 existing refs removed (0 new refs dominated)
Survival: 48 refs added, 0 removed (from 48 candidates)
Coverage-aware round: 65/15102 unclassified samples covered by 48 new refs
---
Round: 808, Unk. prob.: 1.510e-01
Upper probs: 8.490e-01, Lower probs: 0.000e+00
No. of non-dominant refs: 38817, Survival refs: 38736, Failure refs: 81
Batch update: 48 refs added, 0 existing refs removed (0 new refs dominated)
Survival: 48 refs added, 0 removed (from 48 candidates)
Coverage-aware round: 72/15336 unclassified samples covered by 48 new refs
---
Round: 809, Unk. prob.: 1.534e-01
Upper probs: 8.466e-01, Lower probs: 0.000e+00
No. of non-dominant refs: 38865, Survival refs: 38784, Failure refs: 81
Batch update: 48 refs added, 0 existing refs removed (0 new refs dominated)
Survival: 48 refs added, 0 removed (from 48 candidates)
Coverage-aware round: 57/15450 unclassified samples covered by 48 new refs
---
Round: 810, Unk. prob.: 1.545e-01
Upper probs: 8.455e-01, Lower probs: 0.000e+00
No. of non-dominant refs: 38913, Survival refs: 38832, Failure refs: 81
Batch update: 48 refs added, 0 existing refs removed (0 new refs dominated)
Survival: 48 refs added, 0 removed (from 48 candidates)
Coverage-aware round: 68/15160 unclassified samples covered by 48 new refs
---
Round: 811, Unk. prob.: 1.516e-01
Upper probs: 8.484e-01, Lower probs: 0.000e+00
No. of non-dominant refs: 38961, Survival refs: 38880, Failure refs: 81
Batch update: 48 refs added, 0 existing refs removed (0 new refs dominated)
Survival: 48 refs added, 0 removed (from 48 candidates)
Coverage-aware round: 73/15546 unclassified samples covered by 48 new refs
---
Round: 812, Unk. prob.: 1.555e-01
Upper probs: 8.445e-01, Lower probs: 0.000e+00
No. of non-dominant refs: 39009, Survival refs: 38928, Failure refs: 81
Batch update: 48 refs added, 0 existing refs removed (0 new refs dominated)
Survival: 48 refs added, 0 removed (from 48 candidates)
Coverage-aware round: 64/15323 unclassified samples covered by 48 new refs
---
Round: 813, Unk. prob.: 1.532e-01
Upper probs: 8.468e-01, Lower probs: 1.000e-05
No. of non-dominant refs: 39057, Survival refs: 38976, Failure refs: 81
Batch update: 48 refs added, 0 existing refs removed (0 new refs dominated)
Survival: 48 refs added, 0 removed (from 48 candidates)
Coverage-aware round: 65/15156 unclassified samples covered by 48 new refs
---
Round: 814, Unk. prob.: 1.516e-01
Upper probs: 8.484e-01, Lower probs: 0.000e+00
No. of non-dominant refs: 39105, Survival refs: 39024, Failure refs: 81
Batch update: 48 refs added, 0 existing refs removed (0 new refs dominated)
Survival: 48 refs added, 0 removed (from 48 candidates)
Coverage-aware round: 60/15081 unclassified samples covered by 48 new refs
---
Round: 815, Unk. prob.: 1.508e-01
Upper probs: 8.492e-01, Lower probs: 1.000e-05
No. of non-dominant refs: 39153, Survival refs: 39072, Failure refs: 81
Batch update: 48 refs added, 0 existing refs removed (0 new refs dominated)
Survival: 48 refs added, 0 removed (from 48 candidates)
Coverage-aware round: 68/15130 unclassified samples covered by 48 new refs
---
Round: 816, Unk. prob.: 1.513e-01
Upper probs: 8.487e-01, Lower probs: 1.000e-05
No. of non-dominant refs: 39201, Survival refs: 39120, Failure refs: 81
Batch update: 48 refs added, 0 existing refs removed (0 new refs dominated)
Survival: 48 refs added, 0 removed (from 48 candidates)
Coverage-aware round: 71/15226 unclassified samples covered by 48 new refs
---
Round: 817, Unk. prob.: 1.523e-01
Upper probs: 8.477e-01, Lower probs: 0.000e+00
No. of non-dominant refs: 39249, Survival refs: 39168, Failure refs: 81
Batch update: 48 refs added, 0 existing refs removed (0 new refs dominated)
Survival: 48 refs added, 0 removed (from 48 candidates)
Coverage-aware round: 65/15702 unclassified samples covered by 48 new refs
---
Round: 818, Unk. prob.: 1.570e-01
Upper probs: 8.430e-01, Lower probs: 0.000e+00
No. of non-dominant refs: 39297, Survival refs: 39216, Failure refs: 81
Batch update: 48 refs added, 0 existing refs removed (0 new refs dominated)
Survival: 48 refs added, 0 removed (from 48 candidates)
Batch update: 1 refs added, 0 existing refs removed (0 new refs dominated)
Failure: 1 refs added, 0 removed (from 1 candidates)
Coverage-aware round: 64/15423 unclassified samples covered by 49 new refs
---
Round: 819, Unk. prob.: 1.542e-01
Upper probs: 8.458e-01, Lower probs: 0.000e+00
No. of non-dominant refs: 39346, Survival refs: 39264, Failure refs: 82
Batch update: 48 refs added, 0 existing refs removed (0 new refs dominated)
Survival: 48 refs added, 0 removed (from 48 candidates)
Coverage-aware round: 67/15312 unclassified samples covered by 48 new refs
---
Round: 820, Unk. prob.: 1.531e-01
Upper probs: 8.469e-01, Lower probs: 0.000e+00
No. of non-dominant refs: 39394, Survival refs: 39312, Failure refs: 82
Batch update: 48 refs added, 0 existing refs removed (0 new refs dominated)
Survival: 48 refs added, 0 removed (from 48 candidates)
Coverage-aware round: 65/15168 unclassified samples covered by 48 new refs
---
Round: 821, Unk. prob.: 1.517e-01
Upper probs: 8.483e-01, Lower probs: 0.000e+00
No. of non-dominant refs: 39442, Survival refs: 39360, Failure refs: 82
Batch update: 48 refs added, 0 existing refs removed (0 new refs dominated)
Survival: 48 refs added, 0 removed (from 48 candidates)
Coverage-aware round: 74/15387 unclassified samples covered by 48 new refs
---
Round: 822, Unk. prob.: 1.539e-01
Upper probs: 8.461e-01, Lower probs: 0.000e+00
No. of non-dominant refs: 39490, Survival refs: 39408, Failure refs: 82
Batch update: 48 refs added, 0 existing refs removed (0 new refs dominated)
Survival: 48 refs added, 0 removed (from 48 candidates)
Coverage-aware round: 72/15315 unclassified samples covered by 48 new refs
---
Round: 823, Unk. prob.: 1.532e-01
Upper probs: 8.468e-01, Lower probs: 0.000e+00
No. of non-dominant refs: 39538, Survival refs: 39456, Failure refs: 82
Batch update: 48 refs added, 0 existing refs removed (0 new refs dominated)
Survival: 48 refs added, 0 removed (from 48 candidates)
Coverage-aware round: 69/15412 unclassified samples covered by 48 new refs
---
Round: 824, Unk. prob.: 1.541e-01
Upper probs: 8.459e-01, Lower probs: 1.000e-05
No. of non-dominant refs: 39586, Survival refs: 39504, Failure refs: 82
Batch update: 48 refs added, 0 existing refs removed (0 new refs dominated)
Survival: 48 refs added, 0 removed (from 48 candidates)
Coverage-aware round: 71/15330 unclassified samples covered by 48 new refs
---
Round: 825, Unk. prob.: 1.533e-01
Upper probs: 8.467e-01, Lower probs: 0.000e+00
No. of non-dominant refs: 39634, Survival refs: 39552, Failure refs: 82
Batch update: 48 refs added, 0 existing refs removed (0 new refs dominated)
Survival: 48 refs added, 0 removed (from 48 candidates)
Coverage-aware round: 70/15240 unclassified samples covered by 48 new refs
---
Round: 826, Unk. prob.: 1.524e-01
Upper probs: 8.476e-01, Lower probs: 0.000e+00
No. of non-dominant refs: 39682, Survival refs: 39600, Failure refs: 82
Batch update: 48 refs added, 0 existing refs removed (0 new refs dominated)
Survival: 48 refs added, 0 removed (from 48 candidates)
Coverage-aware round: 57/15275 unclassified samples covered by 48 new refs
---
Round: 827, Unk. prob.: 1.527e-01
Upper probs: 8.472e-01, Lower probs: 0.000e+00
No. of non-dominant refs: 39730, Survival refs: 39648, Failure refs: 82
Batch update: 48 refs added, 0 existing refs removed (0 new refs dominated)
Survival: 48 refs added, 0 removed (from 48 candidates)
Coverage-aware round: 70/15170 unclassified samples covered by 48 new refs
---
Round: 828, Unk. prob.: 1.517e-01
Upper probs: 8.483e-01, Lower probs: 1.000e-05
No. of non-dominant refs: 39778, Survival refs: 39696, Failure refs: 82
Batch update: 48 refs added, 0 existing refs removed (0 new refs dominated)
Survival: 48 refs added, 0 removed (from 48 candidates)
Coverage-aware round: 70/15412 unclassified samples covered by 48 new refs
---
Round: 829, Unk. prob.: 1.541e-01
Upper probs: 8.459e-01, Lower probs: 0.000e+00
No. of non-dominant refs: 39826, Survival refs: 39744, Failure refs: 82
Batch update: 48 refs added, 0 existing refs removed (0 new refs dominated)
Survival: 48 refs added, 0 removed (from 48 candidates)
Coverage-aware round: 64/15302 unclassified samples covered by 48 new refs
---
Round: 830, Unk. prob.: 1.530e-01
Upper probs: 8.470e-01, Lower probs: 0.000e+00
No. of non-dominant refs: 39874, Survival refs: 39792, Failure refs: 82
Batch update: 48 refs added, 0 existing refs removed (0 new refs dominated)
Survival: 48 refs added, 0 removed (from 48 candidates)
Coverage-aware round: 79/15023 unclassified samples covered by 48 new refs
---
Round: 831, Unk. prob.: 1.502e-01
Upper probs: 8.498e-01, Lower probs: 1.000e-05
No. of non-dominant refs: 39922, Survival refs: 39840, Failure refs: 82
Batch update: 48 refs added, 0 existing refs removed (0 new refs dominated)
Survival: 48 refs added, 0 removed (from 48 candidates)
Coverage-aware round: 69/15150 unclassified samples covered by 48 new refs
---
Round: 832, Unk. prob.: 1.515e-01
Upper probs: 8.485e-01, Lower probs: 0.000e+00
No. of non-dominant refs: 39970, Survival refs: 39888, Failure refs: 82
Batch update: 48 refs added, 0 existing refs removed (0 new refs dominated)
Survival: 48 refs added, 0 removed (from 48 candidates)
Coverage-aware round: 73/15217 unclassified samples covered by 48 new refs
---
Round: 833, Unk. prob.: 1.522e-01
Upper probs: 8.478e-01, Lower probs: 0.000e+00
No. of non-dominant refs: 40018, Survival refs: 39936, Failure refs: 82
Batch update: 48 refs added, 0 existing refs removed (0 new refs dominated)
Survival: 48 refs added, 0 removed (from 48 candidates)
Coverage-aware round: 68/15080 unclassified samples covered by 48 new refs
---
Round: 834, Unk. prob.: 1.508e-01
Upper probs: 8.492e-01, Lower probs: 0.000e+00
No. of non-dominant refs: 40066, Survival refs: 39984, Failure refs: 82
Batch update: 48 refs added, 0 existing refs removed (0 new refs dominated)
Survival: 48 refs added, 0 removed (from 48 candidates)
Coverage-aware round: 70/15063 unclassified samples covered by 48 new refs
---
Round: 835, Unk. prob.: 1.506e-01
Upper probs: 8.494e-01, Lower probs: 0.000e+00
No. of non-dominant refs: 40114, Survival refs: 40032, Failure refs: 82
Batch update: 48 refs added, 0 existing refs removed (0 new refs dominated)
Survival: 48 refs added, 0 removed (from 48 candidates)
Coverage-aware round: 66/15370 unclassified samples covered by 48 new refs
---
Round: 836, Unk. prob.: 1.537e-01
Upper probs: 8.463e-01, Lower probs: 0.000e+00
No. of non-dominant refs: 40162, Survival refs: 40080, Failure refs: 82
Batch update: 48 refs added, 0 existing refs removed (0 new refs dominated)
Survival: 48 refs added, 0 removed (from 48 candidates)
Batch update: 3 refs added, 0 existing refs removed (0 new refs dominated)
Failure: 3 refs added, 0 removed (from 3 candidates)
Coverage-aware round: 74/14881 unclassified samples covered by 51 new refs
---
Round: 837, Unk. prob.: 1.488e-01
Upper probs: 8.512e-01, Lower probs: 1.000e-05
No. of non-dominant refs: 40213, Survival refs: 40128, Failure refs: 85
Batch update: 48 refs added, 0 existing refs removed (0 new refs dominated)
Survival: 48 refs added, 0 removed (from 48 candidates)
Batch update: 2 refs added, 0 existing refs removed (0 new refs dominated)
Failure: 2 refs added, 0 removed (from 2 candidates)
Coverage-aware round: 67/14977 unclassified samples covered by 50 new refs
---
Round: 838, Unk. prob.: 1.498e-01
Upper probs: 8.502e-01, Lower probs: 0.000e+00
No. of non-dominant refs: 40263, Survival refs: 40176, Failure refs: 87
Batch update: 48 refs added, 0 existing refs removed (0 new refs dominated)
Survival: 48 refs added, 0 removed (from 48 candidates)
Coverage-aware round: 77/15312 unclassified samples covered by 48 new refs
---
Round: 839, Unk. prob.: 1.531e-01
Upper probs: 8.469e-01, Lower probs: 0.000e+00
No. of non-dominant refs: 40311, Survival refs: 40224, Failure refs: 87
Batch update: 48 refs added, 0 existing refs removed (0 new refs dominated)
Survival: 48 refs added, 0 removed (from 48 candidates)
Coverage-aware round: 76/15169 unclassified samples covered by 48 new refs
---
Round: 840, Unk. prob.: 1.517e-01
Upper probs: 8.483e-01, Lower probs: 0.000e+00
No. of non-dominant refs: 40359, Survival refs: 40272, Failure refs: 87
Batch update: 48 refs added, 0 existing refs removed (0 new refs dominated)
Survival: 48 refs added, 0 removed (from 48 candidates)
Coverage-aware round: 65/15094 unclassified samples covered by 48 new refs
---
Round: 841, Unk. prob.: 1.509e-01
Upper probs: 8.490e-01, Lower probs: 1.000e-05
No. of non-dominant refs: 40407, Survival refs: 40320, Failure refs: 87
Batch update: 48 refs added, 0 existing refs removed (0 new refs dominated)
Survival: 48 refs added, 0 removed (from 48 candidates)
Coverage-aware round: 65/15282 unclassified samples covered by 48 new refs
---
Round: 842, Unk. prob.: 1.528e-01
Upper probs: 8.472e-01, Lower probs: 0.000e+00
No. of non-dominant refs: 40455, Survival refs: 40368, Failure refs: 87
Batch update: 48 refs added, 0 existing refs removed (0 new refs dominated)
Survival: 48 refs added, 0 removed (from 48 candidates)
Coverage-aware round: 73/15024 unclassified samples covered by 48 new refs
---
Round: 843, Unk. prob.: 1.502e-01
Upper probs: 8.498e-01, Lower probs: 0.000e+00
No. of non-dominant refs: 40503, Survival refs: 40416, Failure refs: 87
Batch update: 48 refs added, 0 existing refs removed (0 new refs dominated)
Survival: 48 refs added, 0 removed (from 48 candidates)
Coverage-aware round: 68/14955 unclassified samples covered by 48 new refs
---
Round: 844, Unk. prob.: 1.495e-01
Upper probs: 8.504e-01, Lower probs: 1.000e-05
No. of non-dominant refs: 40551, Survival refs: 40464, Failure refs: 87
Batch update: 48 refs added, 0 existing refs removed (0 new refs dominated)
Survival: 48 refs added, 0 removed (from 48 candidates)
Batch update: 1 refs added, 0 existing refs removed (0 new refs dominated)
Failure: 1 refs added, 0 removed (from 1 candidates)
Coverage-aware round: 68/15132 unclassified samples covered by 49 new refs
---
Round: 845, Unk. prob.: 1.513e-01
Upper probs: 8.487e-01, Lower probs: 0.000e+00
No. of non-dominant refs: 40600, Survival refs: 40512, Failure refs: 88
Batch update: 48 refs added, 0 existing refs removed (0 new refs dominated)
Survival: 48 refs added, 0 removed (from 48 candidates)
Coverage-aware round: 73/14970 unclassified samples covered by 48 new refs
---
Round: 846, Unk. prob.: 1.497e-01
Upper probs: 8.503e-01, Lower probs: 0.000e+00
No. of non-dominant refs: 40648, Survival refs: 40560, Failure refs: 88
Batch update: 48 refs added, 0 existing refs removed (0 new refs dominated)
Survival: 48 refs added, 0 removed (from 48 candidates)
Coverage-aware round: 71/15081 unclassified samples covered by 48 new refs
---
Round: 847, Unk. prob.: 1.508e-01
Upper probs: 8.492e-01, Lower probs: 1.000e-05
No. of non-dominant refs: 40696, Survival refs: 40608, Failure refs: 88
Batch update: 48 refs added, 0 existing refs removed (0 new refs dominated)
Survival: 48 refs added, 0 removed (from 48 candidates)
Coverage-aware round: 80/15237 unclassified samples covered by 48 new refs
---
Round: 848, Unk. prob.: 1.524e-01
Upper probs: 8.476e-01, Lower probs: 0.000e+00
No. of non-dominant refs: 40744, Survival refs: 40656, Failure refs: 88
Batch update: 48 refs added, 0 existing refs removed (0 new refs dominated)
Survival: 48 refs added, 0 removed (from 48 candidates)
Coverage-aware round: 73/15272 unclassified samples covered by 48 new refs
---
Round: 849, Unk. prob.: 1.527e-01
Upper probs: 8.473e-01, Lower probs: 1.000e-05
No. of non-dominant refs: 40792, Survival refs: 40704, Failure refs: 88
Batch update: 48 refs added, 0 existing refs removed (0 new refs dominated)
Survival: 48 refs added, 0 removed (from 48 candidates)
Coverage-aware round: 69/15218 unclassified samples covered by 48 new refs
---
Round: 850, Unk. prob.: 1.522e-01
Upper probs: 8.478e-01, Lower probs: 0.000e+00
No. of non-dominant refs: 40840, Survival refs: 40752, Failure refs: 88
Batch update: 48 refs added, 0 existing refs removed (0 new refs dominated)
Survival: 48 refs added, 0 removed (from 48 candidates)
Coverage-aware round: 70/15164 unclassified samples covered by 48 new refs
---
Round: 851, Unk. prob.: 1.516e-01
Upper probs: 8.484e-01, Lower probs: 0.000e+00
No. of non-dominant refs: 40888, Survival refs: 40800, Failure refs: 88
Batch update: 48 refs added, 0 existing refs removed (0 new refs dominated)
Survival: 48 refs added, 0 removed (from 48 candidates)
Coverage-aware round: 65/15316 unclassified samples covered by 48 new refs
---
Round: 852, Unk. prob.: 1.532e-01
Upper probs: 8.468e-01, Lower probs: 0.000e+00
No. of non-dominant refs: 40936, Survival refs: 40848, Failure refs: 88
Batch update: 48 refs added, 0 existing refs removed (0 new refs dominated)
Survival: 48 refs added, 0 removed (from 48 candidates)
Coverage-aware round: 63/15033 unclassified samples covered by 48 new refs
---
Round: 853, Unk. prob.: 1.503e-01
Upper probs: 8.497e-01, Lower probs: 0.000e+00
No. of non-dominant refs: 40984, Survival refs: 40896, Failure refs: 88
Batch update: 48 refs added, 0 existing refs removed (0 new refs dominated)
Survival: 48 refs added, 0 removed (from 48 candidates)
Coverage-aware round: 73/15138 unclassified samples covered by 48 new refs
---
Round: 854, Unk. prob.: 1.514e-01
Upper probs: 8.486e-01, Lower probs: 1.000e-05
No. of non-dominant refs: 41032, Survival refs: 40944, Failure refs: 88
Batch update: 48 refs added, 0 existing refs removed (0 new refs dominated)
Survival: 48 refs added, 0 removed (from 48 candidates)
Coverage-aware round: 67/14919 unclassified samples covered by 48 new refs
---
Round: 855, Unk. prob.: 1.492e-01
Upper probs: 8.508e-01, Lower probs: 0.000e+00
No. of non-dominant refs: 41080, Survival refs: 40992, Failure refs: 88
Batch update: 48 refs added, 0 existing refs removed (0 new refs dominated)
Survival: 48 refs added, 0 removed (from 48 candidates)
Coverage-aware round: 65/15014 unclassified samples covered by 48 new refs
---
Round: 856, Unk. prob.: 1.501e-01
Upper probs: 8.499e-01, Lower probs: 0.000e+00
No. of non-dominant refs: 41128, Survival refs: 41040, Failure refs: 88
Batch update: 48 refs added, 0 existing refs removed (0 new refs dominated)
Survival: 48 refs added, 0 removed (from 48 candidates)
Batch update: 1 refs added, 0 existing refs removed (0 new refs dominated)
Failure: 1 refs added, 0 removed (from 1 candidates)
Coverage-aware round: 69/15108 unclassified samples covered by 49 new refs
---
Round: 857, Unk. prob.: 1.511e-01
Upper probs: 8.489e-01, Lower probs: 1.000e-05
No. of non-dominant refs: 41177, Survival refs: 41088, Failure refs: 89
Batch update: 48 refs added, 0 existing refs removed (0 new refs dominated)
Survival: 48 refs added, 0 removed (from 48 candidates)
Coverage-aware round: 71/15161 unclassified samples covered by 48 new refs
---
Round: 858, Unk. prob.: 1.516e-01
Upper probs: 8.484e-01, Lower probs: 0.000e+00
No. of non-dominant refs: 41225, Survival refs: 41136, Failure refs: 89
Batch update: 48 refs added, 0 existing refs removed (0 new refs dominated)
Survival: 48 refs added, 0 removed (from 48 candidates)
Coverage-aware round: 73/14964 unclassified samples covered by 48 new refs
---
Round: 859, Unk. prob.: 1.496e-01
Upper probs: 8.504e-01, Lower probs: 1.000e-05
No. of non-dominant refs: 41273, Survival refs: 41184, Failure refs: 89
Batch update: 48 refs added, 0 existing refs removed (0 new refs dominated)
Survival: 48 refs added, 0 removed (from 48 candidates)
Coverage-aware round: 63/15170 unclassified samples covered by 48 new refs
---
Round: 860, Unk. prob.: 1.517e-01
Upper probs: 8.483e-01, Lower probs: 0.000e+00
No. of non-dominant refs: 41321, Survival refs: 41232, Failure refs: 89
Batch update: 48 refs added, 0 existing refs removed (0 new refs dominated)
Survival: 48 refs added, 0 removed (from 48 candidates)
Coverage-aware round: 66/14886 unclassified samples covered by 48 new refs
---
Round: 861, Unk. prob.: 1.489e-01
Upper probs: 8.511e-01, Lower probs: 1.000e-05
No. of non-dominant refs: 41369, Survival refs: 41280, Failure refs: 89
Batch update: 48 refs added, 0 existing refs removed (0 new refs dominated)
Survival: 48 refs added, 0 removed (from 48 candidates)
Coverage-aware round: 72/14970 unclassified samples covered by 48 new refs
---
Round: 862, Unk. prob.: 1.497e-01
Upper probs: 8.503e-01, Lower probs: 0.000e+00
No. of non-dominant refs: 41417, Survival refs: 41328, Failure refs: 89
Batch update: 48 refs added, 0 existing refs removed (0 new refs dominated)
Survival: 48 refs added, 0 removed (from 48 candidates)
Coverage-aware round: 73/14759 unclassified samples covered by 48 new refs
---
Round: 863, Unk. prob.: 1.476e-01
Upper probs: 8.524e-01, Lower probs: 0.000e+00
No. of non-dominant refs: 41465, Survival refs: 41376, Failure refs: 89
Batch update: 48 refs added, 0 existing refs removed (0 new refs dominated)
Survival: 48 refs added, 0 removed (from 48 candidates)
Coverage-aware round: 67/15172 unclassified samples covered by 48 new refs
---
Round: 864, Unk. prob.: 1.517e-01
Upper probs: 8.483e-01, Lower probs: 0.000e+00
No. of non-dominant refs: 41513, Survival refs: 41424, Failure refs: 89
Batch update: 48 refs added, 0 existing refs removed (0 new refs dominated)
Survival: 48 refs added, 0 removed (from 48 candidates)
Coverage-aware round: 72/15175 unclassified samples covered by 48 new refs
---
Round: 865, Unk. prob.: 1.517e-01
Upper probs: 8.482e-01, Lower probs: 2.000e-05
No. of non-dominant refs: 41561, Survival refs: 41472, Failure refs: 89
Batch update: 48 refs added, 0 existing refs removed (0 new refs dominated)
Survival: 48 refs added, 0 removed (from 48 candidates)
Coverage-aware round: 62/15067 unclassified samples covered by 48 new refs
---
Round: 866, Unk. prob.: 1.507e-01
Upper probs: 8.493e-01, Lower probs: 1.000e-05
No. of non-dominant refs: 41609, Survival refs: 41520, Failure refs: 89
Batch update: 48 refs added, 0 existing refs removed (0 new refs dominated)
Survival: 48 refs added, 0 removed (from 48 candidates)
Coverage-aware round: 62/14966 unclassified samples covered by 48 new refs
---
Round: 867, Unk. prob.: 1.497e-01
Upper probs: 8.503e-01, Lower probs: 1.000e-05
No. of non-dominant refs: 41657, Survival refs: 41568, Failure refs: 89
Batch update: 48 refs added, 0 existing refs removed (0 new refs dominated)
Survival: 48 refs added, 0 removed (from 48 candidates)
Coverage-aware round: 66/14904 unclassified samples covered by 48 new refs
---
Round: 868, Unk. prob.: 1.490e-01
Upper probs: 8.510e-01, Lower probs: 0.000e+00
No. of non-dominant refs: 41705, Survival refs: 41616, Failure refs: 89
Batch update: 48 refs added, 0 existing refs removed (0 new refs dominated)
Survival: 48 refs added, 0 removed (from 48 candidates)
Coverage-aware round: 62/15042 unclassified samples covered by 48 new refs
---
Round: 869, Unk. prob.: 1.504e-01
Upper probs: 8.496e-01, Lower probs: 1.000e-05
No. of non-dominant refs: 41753, Survival refs: 41664, Failure refs: 89
Batch update: 48 refs added, 0 existing refs removed (0 new refs dominated)
Survival: 48 refs added, 0 removed (from 48 candidates)
Coverage-aware round: 65/15112 unclassified samples covered by 48 new refs
---
Round: 870, Unk. prob.: 1.511e-01
Upper probs: 8.489e-01, Lower probs: 1.000e-05
No. of non-dominant refs: 41801, Survival refs: 41712, Failure refs: 89
Batch update: 48 refs added, 0 existing refs removed (0 new refs dominated)
Survival: 48 refs added, 0 removed (from 48 candidates)
Coverage-aware round: 82/15106 unclassified samples covered by 48 new refs
---
Round: 871, Unk. prob.: 1.511e-01
Upper probs: 8.489e-01, Lower probs: 0.000e+00
No. of non-dominant refs: 41849, Survival refs: 41760, Failure refs: 89
Batch update: 48 refs added, 0 existing refs removed (0 new refs dominated)
Survival: 48 refs added, 0 removed (from 48 candidates)
Coverage-aware round: 65/15014 unclassified samples covered by 48 new refs
---
Round: 872, Unk. prob.: 1.501e-01
Upper probs: 8.499e-01, Lower probs: 0.000e+00
No. of non-dominant refs: 41897, Survival refs: 41808, Failure refs: 89
Batch update: 48 refs added, 0 existing refs removed (0 new refs dominated)
Survival: 48 refs added, 0 removed (from 48 candidates)
Coverage-aware round: 65/14914 unclassified samples covered by 48 new refs
---
Round: 873, Unk. prob.: 1.491e-01
Upper probs: 8.509e-01, Lower probs: 0.000e+00
No. of non-dominant refs: 41945, Survival refs: 41856, Failure refs: 89
Batch update: 48 refs added, 0 existing refs removed (0 new refs dominated)
Survival: 48 refs added, 0 removed (from 48 candidates)
Coverage-aware round: 68/14907 unclassified samples covered by 48 new refs
---
Round: 874, Unk. prob.: 1.491e-01
Upper probs: 8.509e-01, Lower probs: 1.000e-05
No. of non-dominant refs: 41993, Survival refs: 41904, Failure refs: 89
Batch update: 48 refs added, 0 existing refs removed (0 new refs dominated)
Survival: 48 refs added, 0 removed (from 48 candidates)
Coverage-aware round: 67/14938 unclassified samples covered by 48 new refs
---
Round: 875, Unk. prob.: 1.494e-01
Upper probs: 8.506e-01, Lower probs: 0.000e+00
No. of non-dominant refs: 42041, Survival refs: 41952, Failure refs: 89
Batch update: 48 refs added, 0 existing refs removed (0 new refs dominated)
Survival: 48 refs added, 0 removed (from 48 candidates)
Coverage-aware round: 69/15142 unclassified samples covered by 48 new refs
---
Round: 876, Unk. prob.: 1.514e-01
Upper probs: 8.486e-01, Lower probs: 0.000e+00
No. of non-dominant refs: 42089, Survival refs: 42000, Failure refs: 89
Batch update: 48 refs added, 0 existing refs removed (0 new refs dominated)
Survival: 48 refs added, 0 removed (from 48 candidates)
Coverage-aware round: 65/14836 unclassified samples covered by 48 new refs
---
Round: 877, Unk. prob.: 1.484e-01
Upper probs: 8.516e-01, Lower probs: 0.000e+00
No. of non-dominant refs: 42137, Survival refs: 42048, Failure refs: 89
Batch update: 48 refs added, 0 existing refs removed (0 new refs dominated)
Survival: 48 refs added, 0 removed (from 48 candidates)
Coverage-aware round: 69/14951 unclassified samples covered by 48 new refs
---
Round: 878, Unk. prob.: 1.495e-01
Upper probs: 8.505e-01, Lower probs: 0.000e+00
No. of non-dominant refs: 42185, Survival refs: 42096, Failure refs: 89
Batch update: 48 refs added, 0 existing refs removed (0 new refs dominated)
Survival: 48 refs added, 0 removed (from 48 candidates)
Coverage-aware round: 68/14899 unclassified samples covered by 48 new refs
---
Round: 879, Unk. prob.: 1.490e-01
Upper probs: 8.510e-01, Lower probs: 0.000e+00
No. of non-dominant refs: 42233, Survival refs: 42144, Failure refs: 89
Batch update: 48 refs added, 0 existing refs removed (0 new refs dominated)
Survival: 48 refs added, 0 removed (from 48 candidates)
Coverage-aware round: 63/14751 unclassified samples covered by 48 new refs
---
Round: 880, Unk. prob.: 1.475e-01
Upper probs: 8.525e-01, Lower probs: 2.000e-05
No. of non-dominant refs: 42281, Survival refs: 42192, Failure refs: 89
Batch update: 48 refs added, 0 existing refs removed (0 new refs dominated)
Survival: 48 refs added, 0 removed (from 48 candidates)
Coverage-aware round: 75/14856 unclassified samples covered by 48 new refs
---
Round: 881, Unk. prob.: 1.486e-01
Upper probs: 8.514e-01, Lower probs: 2.000e-05
No. of non-dominant refs: 42329, Survival refs: 42240, Failure refs: 89
Batch update: 48 refs added, 0 existing refs removed (0 new refs dominated)
Survival: 48 refs added, 0 removed (from 48 candidates)
Coverage-aware round: 72/14918 unclassified samples covered by 48 new refs
---
Round: 882, Unk. prob.: 1.492e-01
Upper probs: 8.508e-01, Lower probs: 0.000e+00
No. of non-dominant refs: 42377, Survival refs: 42288, Failure refs: 89
Batch update: 48 refs added, 0 existing refs removed (0 new refs dominated)
Survival: 48 refs added, 0 removed (from 48 candidates)
Coverage-aware round: 63/15005 unclassified samples covered by 48 new refs
---
Round: 883, Unk. prob.: 1.500e-01
Upper probs: 8.499e-01, Lower probs: 1.000e-05
No. of non-dominant refs: 42425, Survival refs: 42336, Failure refs: 89
Batch update: 48 refs added, 0 existing refs removed (0 new refs dominated)
Survival: 48 refs added, 0 removed (from 48 candidates)
Coverage-aware round: 62/15179 unclassified samples covered by 48 new refs
---
Round: 884, Unk. prob.: 1.518e-01
Upper probs: 8.482e-01, Lower probs: 1.000e-05
No. of non-dominant refs: 42473, Survival refs: 42384, Failure refs: 89
Batch update: 48 refs added, 0 existing refs removed (0 new refs dominated)
Survival: 48 refs added, 0 removed (from 48 candidates)
Coverage-aware round: 62/14886 unclassified samples covered by 48 new refs
---
Round: 885, Unk. prob.: 1.489e-01
Upper probs: 8.511e-01, Lower probs: 1.000e-05
No. of non-dominant refs: 42521, Survival refs: 42432, Failure refs: 89
Batch update: 48 refs added, 0 existing refs removed (0 new refs dominated)
Survival: 48 refs added, 0 removed (from 48 candidates)
Coverage-aware round: 70/14873 unclassified samples covered by 48 new refs
---
Round: 886, Unk. prob.: 1.487e-01
Upper probs: 8.513e-01, Lower probs: 0.000e+00
No. of non-dominant refs: 42569, Survival refs: 42480, Failure refs: 89
Batch update: 48 refs added, 0 existing refs removed (0 new refs dominated)
Survival: 48 refs added, 0 removed (from 48 candidates)
Coverage-aware round: 69/14820 unclassified samples covered by 48 new refs
---
Round: 887, Unk. prob.: 1.482e-01
Upper probs: 8.518e-01, Lower probs: 0.000e+00
No. of non-dominant refs: 42617, Survival refs: 42528, Failure refs: 89
Batch update: 48 refs added, 0 existing refs removed (0 new refs dominated)
Survival: 48 refs added, 0 removed (from 48 candidates)
Coverage-aware round: 66/14856 unclassified samples covered by 48 new refs
---
Round: 888, Unk. prob.: 1.486e-01
Upper probs: 8.514e-01, Lower probs: 0.000e+00
No. of non-dominant refs: 42665, Survival refs: 42576, Failure refs: 89
Batch update: 48 refs added, 0 existing refs removed (0 new refs dominated)
Survival: 48 refs added, 0 removed (from 48 candidates)
Coverage-aware round: 66/14790 unclassified samples covered by 48 new refs
---
Round: 889, Unk. prob.: 1.479e-01
Upper probs: 8.521e-01, Lower probs: 0.000e+00
No. of non-dominant refs: 42713, Survival refs: 42624, Failure refs: 89
Batch update: 48 refs added, 0 existing refs removed (0 new refs dominated)
Survival: 48 refs added, 0 removed (from 48 candidates)
Coverage-aware round: 58/14802 unclassified samples covered by 48 new refs
---
Round: 890, Unk. prob.: 1.480e-01
Upper probs: 8.520e-01, Lower probs: 0.000e+00
No. of non-dominant refs: 42761, Survival refs: 42672, Failure refs: 89
Batch update: 48 refs added, 0 existing refs removed (0 new refs dominated)
Survival: 48 refs added, 0 removed (from 48 candidates)
Coverage-aware round: 66/14877 unclassified samples covered by 48 new refs
---
Round: 891, Unk. prob.: 1.488e-01
Upper probs: 8.512e-01, Lower probs: 0.000e+00
No. of non-dominant refs: 42809, Survival refs: 42720, Failure refs: 89
Batch update: 48 refs added, 0 existing refs removed (0 new refs dominated)
Survival: 48 refs added, 0 removed (from 48 candidates)
Coverage-aware round: 67/14643 unclassified samples covered by 48 new refs
---
Round: 892, Unk. prob.: 1.464e-01
Upper probs: 8.536e-01, Lower probs: 0.000e+00
No. of non-dominant refs: 42857, Survival refs: 42768, Failure refs: 89
Batch update: 48 refs added, 0 existing refs removed (0 new refs dominated)
Survival: 48 refs added, 0 removed (from 48 candidates)
Coverage-aware round: 69/15002 unclassified samples covered by 48 new refs
---
Round: 893, Unk. prob.: 1.500e-01
Upper probs: 8.500e-01, Lower probs: 0.000e+00
No. of non-dominant refs: 42905, Survival refs: 42816, Failure refs: 89
Batch update: 48 refs added, 0 existing refs removed (0 new refs dominated)
Survival: 48 refs added, 0 removed (from 48 candidates)
Coverage-aware round: 66/14849 unclassified samples covered by 48 new refs
---
Round: 894, Unk. prob.: 1.485e-01
Upper probs: 8.515e-01, Lower probs: 0.000e+00
No. of non-dominant refs: 42953, Survival refs: 42864, Failure refs: 89
Batch update: 48 refs added, 0 existing refs removed (0 new refs dominated)
Survival: 48 refs added, 0 removed (from 48 candidates)
Coverage-aware round: 73/15095 unclassified samples covered by 48 new refs
---
Round: 895, Unk. prob.: 1.510e-01
Upper probs: 8.490e-01, Lower probs: 1.000e-05
No. of non-dominant refs: 43001, Survival refs: 42912, Failure refs: 89
Batch update: 48 refs added, 0 existing refs removed (0 new refs dominated)
Survival: 48 refs added, 0 removed (from 48 candidates)
Coverage-aware round: 74/15054 unclassified samples covered by 48 new refs
---
Round: 896, Unk. prob.: 1.505e-01
Upper probs: 8.495e-01, Lower probs: 0.000e+00
No. of non-dominant refs: 43049, Survival refs: 42960, Failure refs: 89
Batch update: 48 refs added, 0 existing refs removed (0 new refs dominated)
Survival: 48 refs added, 0 removed (from 48 candidates)
Coverage-aware round: 64/14955 unclassified samples covered by 48 new refs
---
Round: 897, Unk. prob.: 1.495e-01
Upper probs: 8.504e-01, Lower probs: 1.000e-05
No. of non-dominant refs: 43097, Survival refs: 43008, Failure refs: 89
Batch update: 48 refs added, 0 existing refs removed (0 new refs dominated)
Survival: 48 refs added, 0 removed (from 48 candidates)
Coverage-aware round: 63/14931 unclassified samples covered by 48 new refs
---
Round: 898, Unk. prob.: 1.493e-01
Upper probs: 8.507e-01, Lower probs: 0.000e+00
No. of non-dominant refs: 43145, Survival refs: 43056, Failure refs: 89
Batch update: 48 refs added, 0 existing refs removed (0 new refs dominated)
Survival: 48 refs added, 0 removed (from 48 candidates)
Coverage-aware round: 61/14746 unclassified samples covered by 48 new refs
---
Round: 899, Unk. prob.: 1.475e-01
Upper probs: 8.525e-01, Lower probs: 0.000e+00
No. of non-dominant refs: 43193, Survival refs: 43104, Failure refs: 89
Batch update: 48 refs added, 0 existing refs removed (0 new refs dominated)
Survival: 48 refs added, 0 removed (from 48 candidates)
Coverage-aware round: 74/14757 unclassified samples covered by 48 new refs
---
Round: 900, Unk. prob.: 1.476e-01
Upper probs: 8.524e-01, Lower probs: 0.000e+00
No. of non-dominant refs: 43241, Survival refs: 43152, Failure refs: 89
Batch update: 48 refs added, 0 existing refs removed (0 new refs dominated)
Survival: 48 refs added, 0 removed (from 48 candidates)
Coverage-aware round: 61/14806 unclassified samples covered by 48 new refs
---
Round: 901, Unk. prob.: 1.481e-01
Upper probs: 8.519e-01, Lower probs: 0.000e+00
No. of non-dominant refs: 43289, Survival refs: 43200, Failure refs: 89
Batch update: 48 refs added, 0 existing refs removed (0 new refs dominated)
Survival: 48 refs added, 0 removed (from 48 candidates)
Coverage-aware round: 67/14808 unclassified samples covered by 48 new refs
---
Round: 902, Unk. prob.: 1.481e-01
Upper probs: 8.519e-01, Lower probs: 0.000e+00
No. of non-dominant refs: 43337, Survival refs: 43248, Failure refs: 89
Batch update: 48 refs added, 0 existing refs removed (0 new refs dominated)
Survival: 48 refs added, 0 removed (from 48 candidates)
Coverage-aware round: 68/14760 unclassified samples covered by 48 new refs
---
Round: 903, Unk. prob.: 1.476e-01
Upper probs: 8.524e-01, Lower probs: 0.000e+00
No. of non-dominant refs: 43385, Survival refs: 43296, Failure refs: 89
Batch update: 48 refs added, 0 existing refs removed (0 new refs dominated)
Survival: 48 refs added, 0 removed (from 48 candidates)
Coverage-aware round: 68/14754 unclassified samples covered by 48 new refs
---
Round: 904, Unk. prob.: 1.475e-01
Upper probs: 8.525e-01, Lower probs: 0.000e+00
No. of non-dominant refs: 43433, Survival refs: 43344, Failure refs: 89
Batch update: 48 refs added, 0 existing refs removed (0 new refs dominated)
Survival: 48 refs added, 0 removed (from 48 candidates)
Coverage-aware round: 72/14763 unclassified samples covered by 48 new refs
---
Round: 905, Unk. prob.: 1.476e-01
Upper probs: 8.524e-01, Lower probs: 0.000e+00
No. of non-dominant refs: 43481, Survival refs: 43392, Failure refs: 89
Batch update: 48 refs added, 0 existing refs removed (0 new refs dominated)
Survival: 48 refs added, 0 removed (from 48 candidates)
Coverage-aware round: 70/14800 unclassified samples covered by 48 new refs
---
Round: 906, Unk. prob.: 1.480e-01
Upper probs: 8.520e-01, Lower probs: 1.000e-05
No. of non-dominant refs: 43529, Survival refs: 43440, Failure refs: 89
Batch update: 48 refs added, 0 existing refs removed (0 new refs dominated)
Survival: 48 refs added, 0 removed (from 48 candidates)
Coverage-aware round: 62/14839 unclassified samples covered by 48 new refs
---
Round: 907, Unk. prob.: 1.484e-01
Upper probs: 8.516e-01, Lower probs: 1.000e-05
No. of non-dominant refs: 43577, Survival refs: 43488, Failure refs: 89
Batch update: 48 refs added, 0 existing refs removed (0 new refs dominated)
Survival: 48 refs added, 0 removed (from 48 candidates)
Coverage-aware round: 68/14798 unclassified samples covered by 48 new refs
---
Round: 908, Unk. prob.: 1.480e-01
Upper probs: 8.520e-01, Lower probs: 0.000e+00
No. of non-dominant refs: 43625, Survival refs: 43536, Failure refs: 89
Batch update: 48 refs added, 0 existing refs removed (0 new refs dominated)
Survival: 48 refs added, 0 removed (from 48 candidates)
Coverage-aware round: 72/14838 unclassified samples covered by 48 new refs
---
Round: 909, Unk. prob.: 1.484e-01
Upper probs: 8.516e-01, Lower probs: 0.000e+00
No. of non-dominant refs: 43673, Survival refs: 43584, Failure refs: 89
Batch update: 48 refs added, 0 existing refs removed (0 new refs dominated)
Survival: 48 refs added, 0 removed (from 48 candidates)
Coverage-aware round: 65/14878 unclassified samples covered by 48 new refs
---
Round: 910, Unk. prob.: 1.488e-01
Upper probs: 8.512e-01, Lower probs: 0.000e+00
No. of non-dominant refs: 43721, Survival refs: 43632, Failure refs: 89
Batch update: 48 refs added, 0 existing refs removed (0 new refs dominated)
Survival: 48 refs added, 0 removed (from 48 candidates)
Coverage-aware round: 61/14726 unclassified samples covered by 48 new refs
---
Round: 911, Unk. prob.: 1.473e-01
Upper probs: 8.527e-01, Lower probs: 2.000e-05
No. of non-dominant refs: 43769, Survival refs: 43680, Failure refs: 89
Batch update: 48 refs added, 0 existing refs removed (0 new refs dominated)
Survival: 48 refs added, 0 removed (from 48 candidates)
Coverage-aware round: 67/14957 unclassified samples covered by 48 new refs
---
Round: 912, Unk. prob.: 1.496e-01
Upper probs: 8.504e-01, Lower probs: 0.000e+00
No. of non-dominant refs: 43817, Survival refs: 43728, Failure refs: 89
Batch update: 48 refs added, 0 existing refs removed (0 new refs dominated)
Survival: 48 refs added, 0 removed (from 48 candidates)
Coverage-aware round: 67/14935 unclassified samples covered by 48 new refs
---
Round: 913, Unk. prob.: 1.494e-01
Upper probs: 8.507e-01, Lower probs: 0.000e+00
No. of non-dominant refs: 43865, Survival refs: 43776, Failure refs: 89
Batch update: 48 refs added, 0 existing refs removed (0 new refs dominated)
Survival: 48 refs added, 0 removed (from 48 candidates)
Coverage-aware round: 66/14905 unclassified samples covered by 48 new refs
---
Round: 914, Unk. prob.: 1.490e-01
Upper probs: 8.509e-01, Lower probs: 1.000e-05
No. of non-dominant refs: 43913, Survival refs: 43824, Failure refs: 89
Batch update: 48 refs added, 0 existing refs removed (0 new refs dominated)
Survival: 48 refs added, 0 removed (from 48 candidates)
Coverage-aware round: 70/14888 unclassified samples covered by 48 new refs
---
Round: 915, Unk. prob.: 1.489e-01
Upper probs: 8.511e-01, Lower probs: 0.000e+00
No. of non-dominant refs: 43961, Survival refs: 43872, Failure refs: 89
Batch update: 48 refs added, 0 existing refs removed (0 new refs dominated)
Survival: 48 refs added, 0 removed (from 48 candidates)
Coverage-aware round: 62/14814 unclassified samples covered by 48 new refs
---
Round: 916, Unk. prob.: 1.481e-01
Upper probs: 8.519e-01, Lower probs: 0.000e+00
No. of non-dominant refs: 44009, Survival refs: 43920, Failure refs: 89
Batch update: 48 refs added, 0 existing refs removed (0 new refs dominated)
Survival: 48 refs added, 0 removed (from 48 candidates)
Coverage-aware round: 75/14802 unclassified samples covered by 48 new refs
---
Round: 917, Unk. prob.: 1.480e-01
Upper probs: 8.520e-01, Lower probs: 1.000e-05
No. of non-dominant refs: 44057, Survival refs: 43968, Failure refs: 89
Batch update: 48 refs added, 0 existing refs removed (0 new refs dominated)
Survival: 48 refs added, 0 removed (from 48 candidates)
Coverage-aware round: 70/14689 unclassified samples covered by 48 new refs
---
Round: 918, Unk. prob.: 1.469e-01
Upper probs: 8.531e-01, Lower probs: 1.000e-05
No. of non-dominant refs: 44105, Survival refs: 44016, Failure refs: 89
Batch update: 48 refs added, 0 existing refs removed (0 new refs dominated)
Survival: 48 refs added, 0 removed (from 48 candidates)
Coverage-aware round: 69/14886 unclassified samples covered by 48 new refs
---
Round: 919, Unk. prob.: 1.489e-01
Upper probs: 8.511e-01, Lower probs: 0.000e+00
No. of non-dominant refs: 44153, Survival refs: 44064, Failure refs: 89
Batch update: 48 refs added, 0 existing refs removed (0 new refs dominated)
Survival: 48 refs added, 0 removed (from 48 candidates)
Batch update: 1 refs added, 0 existing refs removed (0 new refs dominated)
Failure: 1 refs added, 0 removed (from 1 candidates)
Coverage-aware round: 68/14915 unclassified samples covered by 49 new refs
---
Round: 920, Unk. prob.: 1.492e-01
Upper probs: 8.508e-01, Lower probs: 1.000e-05
No. of non-dominant refs: 44202, Survival refs: 44112, Failure refs: 90
Batch update: 48 refs added, 0 existing refs removed (0 new refs dominated)
Survival: 48 refs added, 0 removed (from 48 candidates)
Coverage-aware round: 73/14810 unclassified samples covered by 48 new refs
---
Round: 921, Unk. prob.: 1.481e-01
Upper probs: 8.519e-01, Lower probs: 0.000e+00
No. of non-dominant refs: 44250, Survival refs: 44160, Failure refs: 90
Batch update: 48 refs added, 0 existing refs removed (0 new refs dominated)
Survival: 48 refs added, 0 removed (from 48 candidates)
Coverage-aware round: 74/14887 unclassified samples covered by 48 new refs
---
Round: 922, Unk. prob.: 1.489e-01
Upper probs: 8.511e-01, Lower probs: 0.000e+00
No. of non-dominant refs: 44298, Survival refs: 44208, Failure refs: 90
Batch update: 48 refs added, 0 existing refs removed (0 new refs dominated)
Survival: 48 refs added, 0 removed (from 48 candidates)
Coverage-aware round: 73/14961 unclassified samples covered by 48 new refs
---
Round: 923, Unk. prob.: 1.496e-01
Upper probs: 8.504e-01, Lower probs: 0.000e+00
No. of non-dominant refs: 44346, Survival refs: 44256, Failure refs: 90
Batch update: 48 refs added, 0 existing refs removed (0 new refs dominated)
Survival: 48 refs added, 0 removed (from 48 candidates)
Batch update: 1 refs added, 0 existing refs removed (0 new refs dominated)
Failure: 1 refs added, 0 removed (from 1 candidates)
Coverage-aware round: 73/14707 unclassified samples covered by 49 new refs
---
Round: 924, Unk. prob.: 1.471e-01
Upper probs: 8.529e-01, Lower probs: 0.000e+00
No. of non-dominant refs: 44395, Survival refs: 44304, Failure refs: 91
Batch update: 48 refs added, 0 existing refs removed (0 new refs dominated)
Survival: 48 refs added, 0 removed (from 48 candidates)
Coverage-aware round: 73/14822 unclassified samples covered by 48 new refs
---
Round: 925, Unk. prob.: 1.482e-01
Upper probs: 8.518e-01, Lower probs: 1.000e-05
No. of non-dominant refs: 44443, Survival refs: 44352, Failure refs: 91
Batch update: 48 refs added, 0 existing refs removed (0 new refs dominated)
Survival: 48 refs added, 0 removed (from 48 candidates)
Coverage-aware round: 66/14758 unclassified samples covered by 48 new refs
---
Round: 926, Unk. prob.: 1.476e-01
Upper probs: 8.524e-01, Lower probs: 0.000e+00
No. of non-dominant refs: 44491, Survival refs: 44400, Failure refs: 91
Batch update: 48 refs added, 0 existing refs removed (0 new refs dominated)
Survival: 48 refs added, 0 removed (from 48 candidates)
Coverage-aware round: 66/14788 unclassified samples covered by 48 new refs
---
Round: 927, Unk. prob.: 1.479e-01
Upper probs: 8.521e-01, Lower probs: 0.000e+00
No. of non-dominant refs: 44539, Survival refs: 44448, Failure refs: 91
Batch update: 48 refs added, 0 existing refs removed (0 new refs dominated)
Survival: 48 refs added, 0 removed (from 48 candidates)
Coverage-aware round: 65/14721 unclassified samples covered by 48 new refs
---
Round: 928, Unk. prob.: 1.472e-01
Upper probs: 8.528e-01, Lower probs: 0.000e+00
No. of non-dominant refs: 44587, Survival refs: 44496, Failure refs: 91
Batch update: 48 refs added, 0 existing refs removed (0 new refs dominated)
Survival: 48 refs added, 0 removed (from 48 candidates)
Coverage-aware round: 63/14771 unclassified samples covered by 48 new refs
---
Round: 929, Unk. prob.: 1.477e-01
Upper probs: 8.523e-01, Lower probs: 0.000e+00
No. of non-dominant refs: 44635, Survival refs: 44544, Failure refs: 91
Batch update: 48 refs added, 0 existing refs removed (0 new refs dominated)
Survival: 48 refs added, 0 removed (from 48 candidates)
Coverage-aware round: 58/14467 unclassified samples covered by 48 new refs
---
Round: 930, Unk. prob.: 1.447e-01
Upper probs: 8.553e-01, Lower probs: 0.000e+00
No. of non-dominant refs: 44683, Survival refs: 44592, Failure refs: 91
Batch update: 48 refs added, 0 existing refs removed (0 new refs dominated)
Survival: 48 refs added, 0 removed (from 48 candidates)
Coverage-aware round: 61/14712 unclassified samples covered by 48 new refs
---
Round: 931, Unk. prob.: 1.471e-01
Upper probs: 8.529e-01, Lower probs: 0.000e+00
No. of non-dominant refs: 44731, Survival refs: 44640, Failure refs: 91
Batch update: 48 refs added, 0 existing refs removed (0 new refs dominated)
Survival: 48 refs added, 0 removed (from 48 candidates)
Coverage-aware round: 72/14540 unclassified samples covered by 48 new refs
---
Round: 932, Unk. prob.: 1.454e-01
Upper probs: 8.546e-01, Lower probs: 0.000e+00
No. of non-dominant refs: 44779, Survival refs: 44688, Failure refs: 91
Batch update: 48 refs added, 0 existing refs removed (0 new refs dominated)
Survival: 48 refs added, 0 removed (from 48 candidates)
Coverage-aware round: 68/14766 unclassified samples covered by 48 new refs
---
Round: 933, Unk. prob.: 1.477e-01
Upper probs: 8.523e-01, Lower probs: 0.000e+00
No. of non-dominant refs: 44827, Survival refs: 44736, Failure refs: 91
Batch update: 48 refs added, 0 existing refs removed (0 new refs dominated)
Survival: 48 refs added, 0 removed (from 48 candidates)
Coverage-aware round: 68/14620 unclassified samples covered by 48 new refs
---
Round: 934, Unk. prob.: 1.462e-01
Upper probs: 8.538e-01, Lower probs: 0.000e+00
No. of non-dominant refs: 44875, Survival refs: 44784, Failure refs: 91
Batch update: 48 refs added, 0 existing refs removed (0 new refs dominated)
Survival: 48 refs added, 0 removed (from 48 candidates)
Coverage-aware round: 73/14660 unclassified samples covered by 48 new refs
---
Round: 935, Unk. prob.: 1.466e-01
Upper probs: 8.534e-01, Lower probs: 1.000e-05
No. of non-dominant refs: 44923, Survival refs: 44832, Failure refs: 91
Batch update: 48 refs added, 0 existing refs removed (0 new refs dominated)
Survival: 48 refs added, 0 removed (from 48 candidates)
Batch update: 1 refs added, 0 existing refs removed (0 new refs dominated)
Failure: 1 refs added, 0 removed (from 1 candidates)
Coverage-aware round: 71/14859 unclassified samples covered by 49 new refs
---
Round: 936, Unk. prob.: 1.486e-01
Upper probs: 8.514e-01, Lower probs: 0.000e+00
No. of non-dominant refs: 44972, Survival refs: 44880, Failure refs: 92
Batch update: 48 refs added, 0 existing refs removed (0 new refs dominated)
Survival: 48 refs added, 0 removed (from 48 candidates)
Coverage-aware round: 70/14502 unclassified samples covered by 48 new refs
---
Round: 937, Unk. prob.: 1.450e-01
Upper probs: 8.550e-01, Lower probs: 1.000e-05
No. of non-dominant refs: 45020, Survival refs: 44928, Failure refs: 92
Batch update: 48 refs added, 0 existing refs removed (0 new refs dominated)
Survival: 48 refs added, 0 removed (from 48 candidates)
Coverage-aware round: 66/14824 unclassified samples covered by 48 new refs
---
Round: 938, Unk. prob.: 1.482e-01
Upper probs: 8.518e-01, Lower probs: 0.000e+00
No. of non-dominant refs: 45068, Survival refs: 44976, Failure refs: 92
Batch update: 48 refs added, 0 existing refs removed (0 new refs dominated)
Survival: 48 refs added, 0 removed (from 48 candidates)
Coverage-aware round: 72/14658 unclassified samples covered by 48 new refs
---
Round: 939, Unk. prob.: 1.466e-01
Upper probs: 8.534e-01, Lower probs: 0.000e+00
No. of non-dominant refs: 45116, Survival refs: 45024, Failure refs: 92
Batch update: 48 refs added, 0 existing refs removed (0 new refs dominated)
Survival: 48 refs added, 0 removed (from 48 candidates)
Coverage-aware round: 69/14395 unclassified samples covered by 48 new refs
---
Round: 940, Unk. prob.: 1.439e-01
Upper probs: 8.560e-01, Lower probs: 0.000e+00
No. of non-dominant refs: 45164, Survival refs: 45072, Failure refs: 92
Batch update: 48 refs added, 0 existing refs removed (0 new refs dominated)
Survival: 48 refs added, 0 removed (from 48 candidates)
Batch update: 3 refs added, 0 existing refs removed (0 new refs dominated)
Failure: 3 refs added, 0 removed (from 3 candidates)
Coverage-aware round: 68/14592 unclassified samples covered by 51 new refs
---
Round: 941, Unk. prob.: 1.459e-01
Upper probs: 8.541e-01, Lower probs: 1.000e-05
No. of non-dominant refs: 45215, Survival refs: 45120, Failure refs: 95
Batch update: 48 refs added, 0 existing refs removed (0 new refs dominated)
Survival: 48 refs added, 0 removed (from 48 candidates)
Coverage-aware round: 63/14759 unclassified samples covered by 48 new refs
---
Round: 942, Unk. prob.: 1.476e-01
Upper probs: 8.524e-01, Lower probs: 1.000e-05
No. of non-dominant refs: 45263, Survival refs: 45168, Failure refs: 95
Batch update: 48 refs added, 0 existing refs removed (0 new refs dominated)
Survival: 48 refs added, 0 removed (from 48 candidates)
Coverage-aware round: 61/14716 unclassified samples covered by 48 new refs
---
Round: 943, Unk. prob.: 1.472e-01
Upper probs: 8.528e-01, Lower probs: 0.000e+00
No. of non-dominant refs: 45311, Survival refs: 45216, Failure refs: 95
Batch update: 48 refs added, 0 existing refs removed (0 new refs dominated)
Survival: 48 refs added, 0 removed (from 48 candidates)
Coverage-aware round: 67/14357 unclassified samples covered by 48 new refs
---
Round: 944, Unk. prob.: 1.436e-01
Upper probs: 8.564e-01, Lower probs: 0.000e+00
No. of non-dominant refs: 45359, Survival refs: 45264, Failure refs: 95
Batch update: 48 refs added, 0 existing refs removed (0 new refs dominated)
Survival: 48 refs added, 0 removed (from 48 candidates)
Batch update: 1 refs added, 0 existing refs removed (0 new refs dominated)
Failure: 1 refs added, 0 removed (from 1 candidates)
Coverage-aware round: 67/14545 unclassified samples covered by 49 new refs
---
Round: 945, Unk. prob.: 1.454e-01
Upper probs: 8.546e-01, Lower probs: 0.000e+00
No. of non-dominant refs: 45408, Survival refs: 45312, Failure refs: 96
Batch update: 48 refs added, 0 existing refs removed (0 new refs dominated)
Survival: 48 refs added, 0 removed (from 48 candidates)
Coverage-aware round: 67/14611 unclassified samples covered by 48 new refs
---
Round: 946, Unk. prob.: 1.461e-01
Upper probs: 8.539e-01, Lower probs: 0.000e+00
No. of non-dominant refs: 45456, Survival refs: 45360, Failure refs: 96
Batch update: 48 refs added, 0 existing refs removed (0 new refs dominated)
Survival: 48 refs added, 0 removed (from 48 candidates)
Coverage-aware round: 59/14586 unclassified samples covered by 48 new refs
---
Round: 947, Unk. prob.: 1.459e-01
Upper probs: 8.541e-01, Lower probs: 0.000e+00
No. of non-dominant refs: 45504, Survival refs: 45408, Failure refs: 96
Batch update: 48 refs added, 0 existing refs removed (0 new refs dominated)
Survival: 48 refs added, 0 removed (from 48 candidates)
Coverage-aware round: 74/14581 unclassified samples covered by 48 new refs
---
Round: 948, Unk. prob.: 1.458e-01
Upper probs: 8.542e-01, Lower probs: 1.000e-05
No. of non-dominant refs: 45552, Survival refs: 45456, Failure refs: 96
Batch update: 48 refs added, 0 existing refs removed (0 new refs dominated)
Survival: 48 refs added, 0 removed (from 48 candidates)
Coverage-aware round: 63/14665 unclassified samples covered by 48 new refs
---
Round: 949, Unk. prob.: 1.467e-01
Upper probs: 8.534e-01, Lower probs: 0.000e+00
No. of non-dominant refs: 45600, Survival refs: 45504, Failure refs: 96
Batch update: 48 refs added, 0 existing refs removed (0 new refs dominated)
Survival: 48 refs added, 0 removed (from 48 candidates)
Coverage-aware round: 66/14535 unclassified samples covered by 48 new refs
---
Round: 950, Unk. prob.: 1.454e-01
Upper probs: 8.547e-01, Lower probs: 0.000e+00
No. of non-dominant refs: 45648, Survival refs: 45552, Failure refs: 96
Batch update: 48 refs added, 0 existing refs removed (0 new refs dominated)
Survival: 48 refs added, 0 removed (from 48 candidates)
Coverage-aware round: 71/14763 unclassified samples covered by 48 new refs
---
Round: 951, Unk. prob.: 1.476e-01
Upper probs: 8.524e-01, Lower probs: 0.000e+00
No. of non-dominant refs: 45696, Survival refs: 45600, Failure refs: 96
Batch update: 48 refs added, 0 existing refs removed (0 new refs dominated)
Survival: 48 refs added, 0 removed (from 48 candidates)
Coverage-aware round: 68/14523 unclassified samples covered by 48 new refs
---
Round: 952, Unk. prob.: 1.452e-01
Upper probs: 8.548e-01, Lower probs: 0.000e+00
No. of non-dominant refs: 45744, Survival refs: 45648, Failure refs: 96
Batch update: 48 refs added, 0 existing refs removed (0 new refs dominated)
Survival: 48 refs added, 0 removed (from 48 candidates)
Coverage-aware round: 72/14409 unclassified samples covered by 48 new refs
---
Round: 953, Unk. prob.: 1.441e-01
Upper probs: 8.559e-01, Lower probs: 0.000e+00
No. of non-dominant refs: 45792, Survival refs: 45696, Failure refs: 96
Batch update: 48 refs added, 0 existing refs removed (0 new refs dominated)
Survival: 48 refs added, 0 removed (from 48 candidates)
Coverage-aware round: 62/14643 unclassified samples covered by 48 new refs
---
Round: 954, Unk. prob.: 1.464e-01
Upper probs: 8.536e-01, Lower probs: 1.000e-05
No. of non-dominant refs: 45840, Survival refs: 45744, Failure refs: 96
Batch update: 48 refs added, 0 existing refs removed (0 new refs dominated)
Survival: 48 refs added, 0 removed (from 48 candidates)
Coverage-aware round: 66/14361 unclassified samples covered by 48 new refs
---
Round: 955, Unk. prob.: 1.436e-01
Upper probs: 8.564e-01, Lower probs: 1.000e-05
No. of non-dominant refs: 45888, Survival refs: 45792, Failure refs: 96
Batch update: 48 refs added, 0 existing refs removed (0 new refs dominated)
Survival: 48 refs added, 0 removed (from 48 candidates)
Coverage-aware round: 74/14705 unclassified samples covered by 48 new refs
---
Round: 956, Unk. prob.: 1.470e-01
Upper probs: 8.529e-01, Lower probs: 0.000e+00
No. of non-dominant refs: 45936, Survival refs: 45840, Failure refs: 96
Batch update: 48 refs added, 0 existing refs removed (0 new refs dominated)
Survival: 48 refs added, 0 removed (from 48 candidates)
Coverage-aware round: 60/14443 unclassified samples covered by 48 new refs
---
Round: 957, Unk. prob.: 1.444e-01
Upper probs: 8.556e-01, Lower probs: 0.000e+00
No. of non-dominant refs: 45984, Survival refs: 45888, Failure refs: 96
Batch update: 48 refs added, 0 existing refs removed (0 new refs dominated)
Survival: 48 refs added, 0 removed (from 48 candidates)
Coverage-aware round: 67/14486 unclassified samples covered by 48 new refs
---
Round: 958, Unk. prob.: 1.449e-01
Upper probs: 8.551e-01, Lower probs: 0.000e+00
No. of non-dominant refs: 46032, Survival refs: 45936, Failure refs: 96
Batch update: 48 refs added, 0 existing refs removed (0 new refs dominated)
Survival: 48 refs added, 0 removed (from 48 candidates)
Coverage-aware round: 73/14538 unclassified samples covered by 48 new refs
---
Round: 959, Unk. prob.: 1.454e-01
Upper probs: 8.546e-01, Lower probs: 0.000e+00
No. of non-dominant refs: 46080, Survival refs: 45984, Failure refs: 96
Batch update: 48 refs added, 0 existing refs removed (0 new refs dominated)
Survival: 48 refs added, 0 removed (from 48 candidates)
Coverage-aware round: 69/14723 unclassified samples covered by 48 new refs
---
Round: 960, Unk. prob.: 1.472e-01
Upper probs: 8.528e-01, Lower probs: 0.000e+00
No. of non-dominant refs: 46128, Survival refs: 46032, Failure refs: 96
Batch update: 48 refs added, 0 existing refs removed (0 new refs dominated)
Survival: 48 refs added, 0 removed (from 48 candidates)
Coverage-aware round: 63/14415 unclassified samples covered by 48 new refs
---
Round: 961, Unk. prob.: 1.442e-01
Upper probs: 8.558e-01, Lower probs: 0.000e+00
No. of non-dominant refs: 46176, Survival refs: 46080, Failure refs: 96
Batch update: 48 refs added, 0 existing refs removed (0 new refs dominated)
Survival: 48 refs added, 0 removed (from 48 candidates)
Coverage-aware round: 65/14481 unclassified samples covered by 48 new refs
---
Round: 962, Unk. prob.: 1.448e-01
Upper probs: 8.552e-01, Lower probs: 0.000e+00
No. of non-dominant refs: 46224, Survival refs: 46128, Failure refs: 96
Batch update: 48 refs added, 0 existing refs removed (0 new refs dominated)
Survival: 48 refs added, 0 removed (from 48 candidates)
Coverage-aware round: 57/14468 unclassified samples covered by 48 new refs
---
Round: 963, Unk. prob.: 1.447e-01
Upper probs: 8.553e-01, Lower probs: 0.000e+00
No. of non-dominant refs: 46272, Survival refs: 46176, Failure refs: 96
Batch update: 48 refs added, 0 existing refs removed (0 new refs dominated)
Survival: 48 refs added, 0 removed (from 48 candidates)
Batch update: 2 refs added, 0 existing refs removed (1 new refs dominated)
Failure: 2 refs added, 0 removed (from 3 candidates)
Coverage-aware round: 63/14637 unclassified samples covered by 51 new refs
---
Round: 964, Unk. prob.: 1.464e-01
Upper probs: 8.536e-01, Lower probs: 0.000e+00
No. of non-dominant refs: 46322, Survival refs: 46224, Failure refs: 98
Batch update: 48 refs added, 0 existing refs removed (0 new refs dominated)
Survival: 48 refs added, 0 removed (from 48 candidates)
Coverage-aware round: 63/14699 unclassified samples covered by 48 new refs
---
Round: 965, Unk. prob.: 1.470e-01
Upper probs: 8.530e-01, Lower probs: 0.000e+00
No. of non-dominant refs: 46370, Survival refs: 46272, Failure refs: 98
Batch update: 48 refs added, 0 existing refs removed (0 new refs dominated)
Survival: 48 refs added, 0 removed (from 48 candidates)
Coverage-aware round: 69/14295 unclassified samples covered by 48 new refs
---
Round: 966, Unk. prob.: 1.429e-01
Upper probs: 8.570e-01, Lower probs: 0.000e+00
No. of non-dominant refs: 46418, Survival refs: 46320, Failure refs: 98
Batch update: 48 refs added, 0 existing refs removed (0 new refs dominated)
Survival: 48 refs added, 0 removed (from 48 candidates)
Coverage-aware round: 56/14388 unclassified samples covered by 48 new refs
---
Round: 967, Unk. prob.: 1.439e-01
Upper probs: 8.561e-01, Lower probs: 0.000e+00
No. of non-dominant refs: 46466, Survival refs: 46368, Failure refs: 98
Batch update: 48 refs added, 0 existing refs removed (0 new refs dominated)
Survival: 48 refs added, 0 removed (from 48 candidates)
Coverage-aware round: 64/14537 unclassified samples covered by 48 new refs
---
Round: 968, Unk. prob.: 1.454e-01
Upper probs: 8.546e-01, Lower probs: 1.000e-05
No. of non-dominant refs: 46514, Survival refs: 46416, Failure refs: 98
Batch update: 48 refs added, 0 existing refs removed (0 new refs dominated)
Survival: 48 refs added, 0 removed (from 48 candidates)
Batch update: 1 refs added, 0 existing refs removed (0 new refs dominated)
Failure: 1 refs added, 0 removed (from 1 candidates)
Coverage-aware round: 65/14421 unclassified samples covered by 49 new refs
---
Round: 969, Unk. prob.: 1.442e-01
Upper probs: 8.558e-01, Lower probs: 0.000e+00
No. of non-dominant refs: 46563, Survival refs: 46464, Failure refs: 99
Batch update: 48 refs added, 0 existing refs removed (0 new refs dominated)
Survival: 48 refs added, 0 removed (from 48 candidates)
Coverage-aware round: 68/14586 unclassified samples covered by 48 new refs
---
Round: 970, Unk. prob.: 1.459e-01
Upper probs: 8.541e-01, Lower probs: 0.000e+00
No. of non-dominant refs: 46611, Survival refs: 46512, Failure refs: 99
Batch update: 48 refs added, 0 existing refs removed (0 new refs dominated)
Survival: 48 refs added, 0 removed (from 48 candidates)
Coverage-aware round: 62/14872 unclassified samples covered by 48 new refs
---
Round: 971, Unk. prob.: 1.487e-01
Upper probs: 8.513e-01, Lower probs: 0.000e+00
No. of non-dominant refs: 46659, Survival refs: 46560, Failure refs: 99
Batch update: 48 refs added, 0 existing refs removed (0 new refs dominated)
Survival: 48 refs added, 0 removed (from 48 candidates)
Coverage-aware round: 66/14565 unclassified samples covered by 48 new refs
---
Round: 972, Unk. prob.: 1.457e-01
Upper probs: 8.544e-01, Lower probs: 0.000e+00
No. of non-dominant refs: 46707, Survival refs: 46608, Failure refs: 99
Batch update: 48 refs added, 0 existing refs removed (0 new refs dominated)
Survival: 48 refs added, 0 removed (from 48 candidates)
Coverage-aware round: 60/14310 unclassified samples covered by 48 new refs
---
Round: 973, Unk. prob.: 1.431e-01
Upper probs: 8.569e-01, Lower probs: 0.000e+00
No. of non-dominant refs: 46755, Survival refs: 46656, Failure refs: 99
Batch update: 48 refs added, 0 existing refs removed (0 new refs dominated)
Survival: 48 refs added, 0 removed (from 48 candidates)
Coverage-aware round: 64/14517 unclassified samples covered by 48 new refs
---
Round: 974, Unk. prob.: 1.452e-01
Upper probs: 8.548e-01, Lower probs: 0.000e+00
No. of non-dominant refs: 46803, Survival refs: 46704, Failure refs: 99
Batch update: 48 refs added, 0 existing refs removed (0 new refs dominated)
Survival: 48 refs added, 0 removed (from 48 candidates)
Coverage-aware round: 64/14399 unclassified samples covered by 48 new refs
---
Round: 975, Unk. prob.: 1.440e-01
Upper probs: 8.560e-01, Lower probs: 0.000e+00
No. of non-dominant refs: 46851, Survival refs: 46752, Failure refs: 99
Batch update: 48 refs added, 0 existing refs removed (0 new refs dominated)
Survival: 48 refs added, 0 removed (from 48 candidates)
Coverage-aware round: 60/14566 unclassified samples covered by 48 new refs
---
Round: 976, Unk. prob.: 1.457e-01
Upper probs: 8.543e-01, Lower probs: 0.000e+00
No. of non-dominant refs: 46899, Survival refs: 46800, Failure refs: 99
Batch update: 48 refs added, 0 existing refs removed (0 new refs dominated)
Survival: 48 refs added, 0 removed (from 48 candidates)
Coverage-aware round: 66/14546 unclassified samples covered by 48 new refs
---
Round: 977, Unk. prob.: 1.455e-01
Upper probs: 8.545e-01, Lower probs: 0.000e+00
No. of non-dominant refs: 46947, Survival refs: 46848, Failure refs: 99
Batch update: 48 refs added, 0 existing refs removed (0 new refs dominated)
Survival: 48 refs added, 0 removed (from 48 candidates)
Coverage-aware round: 61/14428 unclassified samples covered by 48 new refs
---
Round: 978, Unk. prob.: 1.443e-01
Upper probs: 8.557e-01, Lower probs: 0.000e+00
No. of non-dominant refs: 46995, Survival refs: 46896, Failure refs: 99
Batch update: 48 refs added, 0 existing refs removed (0 new refs dominated)
Survival: 48 refs added, 0 removed (from 48 candidates)
Coverage-aware round: 63/14429 unclassified samples covered by 48 new refs
---
Round: 979, Unk. prob.: 1.443e-01
Upper probs: 8.557e-01, Lower probs: 0.000e+00
No. of non-dominant refs: 47043, Survival refs: 46944, Failure refs: 99
Batch update: 48 refs added, 0 existing refs removed (0 new refs dominated)
Survival: 48 refs added, 0 removed (from 48 candidates)
Coverage-aware round: 65/14470 unclassified samples covered by 48 new refs
---
Round: 980, Unk. prob.: 1.447e-01
Upper probs: 8.553e-01, Lower probs: 0.000e+00
No. of non-dominant refs: 47091, Survival refs: 46992, Failure refs: 99
Batch update: 48 refs added, 0 existing refs removed (0 new refs dominated)
Survival: 48 refs added, 0 removed (from 48 candidates)
Coverage-aware round: 70/14647 unclassified samples covered by 48 new refs
---
Round: 981, Unk. prob.: 1.465e-01
Upper probs: 8.535e-01, Lower probs: 1.000e-05
No. of non-dominant refs: 47139, Survival refs: 47040, Failure refs: 99
Batch update: 48 refs added, 0 existing refs removed (0 new refs dominated)
Survival: 48 refs added, 0 removed (from 48 candidates)
Coverage-aware round: 74/14462 unclassified samples covered by 48 new refs
---
Round: 982, Unk. prob.: 1.446e-01
Upper probs: 8.554e-01, Lower probs: 0.000e+00
No. of non-dominant refs: 47187, Survival refs: 47088, Failure refs: 99
Batch update: 48 refs added, 0 existing refs removed (0 new refs dominated)
Survival: 48 refs added, 0 removed (from 48 candidates)
Coverage-aware round: 64/14586 unclassified samples covered by 48 new refs
---
Round: 983, Unk. prob.: 1.459e-01
Upper probs: 8.541e-01, Lower probs: 0.000e+00
No. of non-dominant refs: 47235, Survival refs: 47136, Failure refs: 99
Batch update: 48 refs added, 0 existing refs removed (0 new refs dominated)
Survival: 48 refs added, 0 removed (from 48 candidates)
Coverage-aware round: 59/14361 unclassified samples covered by 48 new refs
---
Round: 984, Unk. prob.: 1.436e-01
Upper probs: 8.564e-01, Lower probs: 2.000e-05
No. of non-dominant refs: 47283, Survival refs: 47184, Failure refs: 99
Batch update: 48 refs added, 0 existing refs removed (0 new refs dominated)
Survival: 48 refs added, 0 removed (from 48 candidates)
Coverage-aware round: 71/14376 unclassified samples covered by 48 new refs
---
Round: 985, Unk. prob.: 1.438e-01
Upper probs: 8.562e-01, Lower probs: 0.000e+00
No. of non-dominant refs: 47331, Survival refs: 47232, Failure refs: 99
Batch update: 48 refs added, 0 existing refs removed (0 new refs dominated)
Survival: 48 refs added, 0 removed (from 48 candidates)
Coverage-aware round: 62/14427 unclassified samples covered by 48 new refs
---
Round: 986, Unk. prob.: 1.443e-01
Upper probs: 8.557e-01, Lower probs: 0.000e+00
No. of non-dominant refs: 47379, Survival refs: 47280, Failure refs: 99
Batch update: 48 refs added, 0 existing refs removed (0 new refs dominated)
Survival: 48 refs added, 0 removed (from 48 candidates)
Coverage-aware round: 69/14297 unclassified samples covered by 48 new refs
---
Round: 987, Unk. prob.: 1.430e-01
Upper probs: 8.570e-01, Lower probs: 0.000e+00
No. of non-dominant refs: 47427, Survival refs: 47328, Failure refs: 99
Batch update: 48 refs added, 0 existing refs removed (0 new refs dominated)
Survival: 48 refs added, 0 removed (from 48 candidates)
Coverage-aware round: 60/14369 unclassified samples covered by 48 new refs
---
Round: 988, Unk. prob.: 1.437e-01
Upper probs: 8.563e-01, Lower probs: 0.000e+00
No. of non-dominant refs: 47475, Survival refs: 47376, Failure refs: 99
Batch update: 48 refs added, 0 existing refs removed (0 new refs dominated)
Survival: 48 refs added, 0 removed (from 48 candidates)
Coverage-aware round: 58/14287 unclassified samples covered by 48 new refs
---
Round: 989, Unk. prob.: 1.429e-01
Upper probs: 8.571e-01, Lower probs: 0.000e+00
No. of non-dominant refs: 47523, Survival refs: 47424, Failure refs: 99
Batch update: 48 refs added, 0 existing refs removed (0 new refs dominated)
Survival: 48 refs added, 0 removed (from 48 candidates)
Coverage-aware round: 60/14497 unclassified samples covered by 48 new refs
---
Round: 990, Unk. prob.: 1.450e-01
Upper probs: 8.550e-01, Lower probs: 0.000e+00
No. of non-dominant refs: 47571, Survival refs: 47472, Failure refs: 99
Batch update: 48 refs added, 0 existing refs removed (0 new refs dominated)
Survival: 48 refs added, 0 removed (from 48 candidates)
Coverage-aware round: 71/14314 unclassified samples covered by 48 new refs
---
Round: 991, Unk. prob.: 1.431e-01
Upper probs: 8.569e-01, Lower probs: 0.000e+00
No. of non-dominant refs: 47619, Survival refs: 47520, Failure refs: 99
Batch update: 48 refs added, 0 existing refs removed (0 new refs dominated)
Survival: 48 refs added, 0 removed (from 48 candidates)
Coverage-aware round: 64/14450 unclassified samples covered by 48 new refs
---
Round: 992, Unk. prob.: 1.445e-01
Upper probs: 8.555e-01, Lower probs: 0.000e+00
No. of non-dominant refs: 47667, Survival refs: 47568, Failure refs: 99
Batch update: 48 refs added, 0 existing refs removed (0 new refs dominated)
Survival: 48 refs added, 0 removed (from 48 candidates)
Coverage-aware round: 64/14302 unclassified samples covered by 48 new refs
---
Round: 993, Unk. prob.: 1.430e-01
Upper probs: 8.570e-01, Lower probs: 0.000e+00
No. of non-dominant refs: 47715, Survival refs: 47616, Failure refs: 99
Batch update: 48 refs added, 0 existing refs removed (0 new refs dominated)
Survival: 48 refs added, 0 removed (from 48 candidates)
Coverage-aware round: 66/14316 unclassified samples covered by 48 new refs
---
Round: 994, Unk. prob.: 1.432e-01
Upper probs: 8.568e-01, Lower probs: 1.000e-05
No. of non-dominant refs: 47763, Survival refs: 47664, Failure refs: 99
Batch update: 48 refs added, 0 existing refs removed (0 new refs dominated)
Survival: 48 refs added, 0 removed (from 48 candidates)
Coverage-aware round: 68/14478 unclassified samples covered by 48 new refs
---
Round: 995, Unk. prob.: 1.448e-01
Upper probs: 8.552e-01, Lower probs: 0.000e+00
No. of non-dominant refs: 47811, Survival refs: 47712, Failure refs: 99
Batch update: 48 refs added, 0 existing refs removed (0 new refs dominated)
Survival: 48 refs added, 0 removed (from 48 candidates)
Coverage-aware round: 64/14364 unclassified samples covered by 48 new refs
---
Round: 996, Unk. prob.: 1.436e-01
Upper probs: 8.564e-01, Lower probs: 0.000e+00
No. of non-dominant refs: 47859, Survival refs: 47760, Failure refs: 99
Batch update: 48 refs added, 0 existing refs removed (0 new refs dominated)
Survival: 48 refs added, 0 removed (from 48 candidates)
Coverage-aware round: 66/14440 unclassified samples covered by 48 new refs
---
Round: 997, Unk. prob.: 1.444e-01
Upper probs: 8.556e-01, Lower probs: 0.000e+00
No. of non-dominant refs: 47907, Survival refs: 47808, Failure refs: 99
Batch update: 48 refs added, 0 existing refs removed (0 new refs dominated)
Survival: 48 refs added, 0 removed (from 48 candidates)
Coverage-aware round: 66/14333 unclassified samples covered by 48 new refs
---
Round: 998, Unk. prob.: 1.433e-01
Upper probs: 8.567e-01, Lower probs: 0.000e+00
No. of non-dominant refs: 47955, Survival refs: 47856, Failure refs: 99
Batch update: 48 refs added, 0 existing refs removed (0 new refs dominated)
Survival: 48 refs added, 0 removed (from 48 candidates)
Coverage-aware round: 59/14415 unclassified samples covered by 48 new refs
---
Round: 999, Unk. prob.: 1.442e-01
Upper probs: 8.558e-01, Lower probs: 2.000e-05
No. of non-dominant refs: 48003, Survival refs: 47904, Failure refs: 99
Batch update: 48 refs added, 0 existing refs removed (0 new refs dominated)
Survival: 48 refs added, 0 removed (from 48 candidates)
Coverage-aware round: 68/14190 unclassified samples covered by 48 new refs
---
Round: 1000, Unk. prob.: 1.419e-01
Upper probs: 8.581e-01, Lower probs: 1.000e-05
No. of non-dominant refs: 48051, Survival refs: 47952, Failure refs: 99
Batch update: 48 refs added, 0 existing refs removed (0 new refs dominated)
Survival: 48 refs added, 0 removed (from 48 candidates)
Coverage-aware round: 63/14194 unclassified samples covered by 48 new refs
---
Probs: 'upper':  8.565e-01, 'lower':  3.200e-06, 'unkn':  1.435e-01
---
Round: 1001, Unk. prob.: 1.435e-01
Upper probs: 8.565e-01, Lower probs: 3.200e-06
No. of non-dominant refs: 48099, Survival refs: 48000, Failure refs: 99
Batch update: 48 refs added, 0 existing refs removed (0 new refs dominated)
Survival: 48 refs added, 0 removed (from 48 candidates)
Coverage-aware round: 59/14296 unclassified samples covered by 48 new refs
---
Round: 1002, Unk. prob.: 1.430e-01
Upper probs: 8.570e-01, Lower probs: 1.000e-05
No. of non-dominant refs: 48147, Survival refs: 48048, Failure refs: 99
Batch update: 48 refs added, 0 existing refs removed (0 new refs dominated)
Survival: 48 refs added, 0 removed (from 48 candidates)
Coverage-aware round: 62/14325 unclassified samples covered by 48 new refs
---
Round: 1003, Unk. prob.: 1.432e-01
Upper probs: 8.568e-01, Lower probs: 0.000e+00
No. of non-dominant refs: 48195, Survival refs: 48096, Failure refs: 99
Batch update: 48 refs added, 0 existing refs removed (0 new refs dominated)
Survival: 48 refs added, 0 removed (from 48 candidates)
Coverage-aware round: 67/14463 unclassified samples covered by 48 new refs
---
Round: 1004, Unk. prob.: 1.446e-01
Upper probs: 8.554e-01, Lower probs: 1.000e-05
No. of non-dominant refs: 48243, Survival refs: 48144, Failure refs: 99
Batch update: 48 refs added, 0 existing refs removed (0 new refs dominated)
Survival: 48 refs added, 0 removed (from 48 candidates)
Coverage-aware round: 66/14593 unclassified samples covered by 48 new refs
---
Round: 1005, Unk. prob.: 1.459e-01
Upper probs: 8.541e-01, Lower probs: 0.000e+00
No. of non-dominant refs: 48291, Survival refs: 48192, Failure refs: 99
Batch update: 48 refs added, 0 existing refs removed (0 new refs dominated)
Survival: 48 refs added, 0 removed (from 48 candidates)
Coverage-aware round: 69/14577 unclassified samples covered by 48 new refs
---
Round: 1006, Unk. prob.: 1.458e-01
Upper probs: 8.542e-01, Lower probs: 0.000e+00
No. of non-dominant refs: 48339, Survival refs: 48240, Failure refs: 99
Batch update: 48 refs added, 0 existing refs removed (0 new refs dominated)
Survival: 48 refs added, 0 removed (from 48 candidates)
Coverage-aware round: 63/14322 unclassified samples covered by 48 new refs
---
Round: 1007, Unk. prob.: 1.432e-01
Upper probs: 8.568e-01, Lower probs: 1.000e-05
No. of non-dominant refs: 48387, Survival refs: 48288, Failure refs: 99
Batch update: 48 refs added, 0 existing refs removed (0 new refs dominated)
Survival: 48 refs added, 0 removed (from 48 candidates)
Coverage-aware round: 64/14481 unclassified samples covered by 48 new refs
---
Round: 1008, Unk. prob.: 1.448e-01
Upper probs: 8.552e-01, Lower probs: 0.000e+00
No. of non-dominant refs: 48435, Survival refs: 48336, Failure refs: 99
Batch update: 48 refs added, 0 existing refs removed (0 new refs dominated)
Survival: 48 refs added, 0 removed (from 48 candidates)
Coverage-aware round: 63/14400 unclassified samples covered by 48 new refs
---
Round: 1009, Unk. prob.: 1.440e-01
Upper probs: 8.560e-01, Lower probs: 1.000e-05
No. of non-dominant refs: 48483, Survival refs: 48384, Failure refs: 99
Batch update: 48 refs added, 0 existing refs removed (0 new refs dominated)
Survival: 48 refs added, 0 removed (from 48 candidates)
Coverage-aware round: 61/14436 unclassified samples covered by 48 new refs
---
Round: 1010, Unk. prob.: 1.444e-01
Upper probs: 8.556e-01, Lower probs: 0.000e+00
No. of non-dominant refs: 48531, Survival refs: 48432, Failure refs: 99
Batch update: 48 refs added, 0 existing refs removed (0 new refs dominated)
Survival: 48 refs added, 0 removed (from 48 candidates)
Coverage-aware round: 67/14456 unclassified samples covered by 48 new refs
---
Round: 1011, Unk. prob.: 1.446e-01
Upper probs: 8.554e-01, Lower probs: 0.000e+00
No. of non-dominant refs: 48579, Survival refs: 48480, Failure refs: 99
Batch update: 48 refs added, 0 existing refs removed (0 new refs dominated)
Survival: 48 refs added, 0 removed (from 48 candidates)
Coverage-aware round: 65/14197 unclassified samples covered by 48 new refs
---
Round: 1012, Unk. prob.: 1.420e-01
Upper probs: 8.580e-01, Lower probs: 1.000e-05
No. of non-dominant refs: 48627, Survival refs: 48528, Failure refs: 99
Batch update: 48 refs added, 0 existing refs removed (0 new refs dominated)
Survival: 48 refs added, 0 removed (from 48 candidates)
Coverage-aware round: 59/14309 unclassified samples covered by 48 new refs
---
Round: 1013, Unk. prob.: 1.431e-01
Upper probs: 8.569e-01, Lower probs: 0.000e+00
No. of non-dominant refs: 48675, Survival refs: 48576, Failure refs: 99
Batch update: 48 refs added, 0 existing refs removed (0 new refs dominated)
Survival: 48 refs added, 0 removed (from 48 candidates)
Coverage-aware round: 64/14206 unclassified samples covered by 48 new refs
---
Round: 1014, Unk. prob.: 1.421e-01
Upper probs: 8.579e-01, Lower probs: 1.000e-05
No. of non-dominant refs: 48723, Survival refs: 48624, Failure refs: 99
Batch update: 48 refs added, 0 existing refs removed (0 new refs dominated)
Survival: 48 refs added, 0 removed (from 48 candidates)
Coverage-aware round: 72/14180 unclassified samples covered by 48 new refs
---
Round: 1015, Unk. prob.: 1.418e-01
Upper probs: 8.582e-01, Lower probs: 0.000e+00
No. of non-dominant refs: 48771, Survival refs: 48672, Failure refs: 99
Batch update: 48 refs added, 0 existing refs removed (0 new refs dominated)
Survival: 48 refs added, 0 removed (from 48 candidates)
Coverage-aware round: 66/14306 unclassified samples covered by 48 new refs
---
Round: 1016, Unk. prob.: 1.431e-01
Upper probs: 8.569e-01, Lower probs: 0.000e+00
No. of non-dominant refs: 48819, Survival refs: 48720, Failure refs: 99
Batch update: 48 refs added, 0 existing refs removed (0 new refs dominated)
Survival: 48 refs added, 0 removed (from 48 candidates)
Coverage-aware round: 66/14274 unclassified samples covered by 48 new refs
---
Round: 1017, Unk. prob.: 1.427e-01
Upper probs: 8.572e-01, Lower probs: 1.000e-05
No. of non-dominant refs: 48867, Survival refs: 48768, Failure refs: 99
Batch update: 48 refs added, 0 existing refs removed (0 new refs dominated)
Survival: 48 refs added, 0 removed (from 48 candidates)
Coverage-aware round: 60/14210 unclassified samples covered by 48 new refs
---
Round: 1018, Unk. prob.: 1.421e-01
Upper probs: 8.579e-01, Lower probs: 0.000e+00
No. of non-dominant refs: 48915, Survival refs: 48816, Failure refs: 99
Batch update: 48 refs added, 0 existing refs removed (0 new refs dominated)
Survival: 48 refs added, 0 removed (from 48 candidates)
Coverage-aware round: 56/14406 unclassified samples covered by 48 new refs
---
Round: 1019, Unk. prob.: 1.441e-01
Upper probs: 8.559e-01, Lower probs: 0.000e+00
No. of non-dominant refs: 48963, Survival refs: 48864, Failure refs: 99
Batch update: 48 refs added, 0 existing refs removed (0 new refs dominated)
Survival: 48 refs added, 0 removed (from 48 candidates)
Coverage-aware round: 61/14276 unclassified samples covered by 48 new refs
---
Round: 1020, Unk. prob.: 1.428e-01
Upper probs: 8.572e-01, Lower probs: 0.000e+00
No. of non-dominant refs: 49011, Survival refs: 48912, Failure refs: 99
Batch update: 48 refs added, 0 existing refs removed (0 new refs dominated)
Survival: 48 refs added, 0 removed (from 48 candidates)
Coverage-aware round: 70/14363 unclassified samples covered by 48 new refs
---
Round: 1021, Unk. prob.: 1.436e-01
Upper probs: 8.564e-01, Lower probs: 0.000e+00
No. of non-dominant refs: 49059, Survival refs: 48960, Failure refs: 99
Batch update: 48 refs added, 0 existing refs removed (0 new refs dominated)
Survival: 48 refs added, 0 removed (from 48 candidates)
Coverage-aware round: 60/14355 unclassified samples covered by 48 new refs
---
Round: 1022, Unk. prob.: 1.436e-01
Upper probs: 8.564e-01, Lower probs: 1.000e-05
No. of non-dominant refs: 49107, Survival refs: 49008, Failure refs: 99
Batch update: 48 refs added, 0 existing refs removed (0 new refs dominated)
Survival: 48 refs added, 0 removed (from 48 candidates)
Coverage-aware round: 69/14246 unclassified samples covered by 48 new refs
---
Round: 1023, Unk. prob.: 1.425e-01
Upper probs: 8.575e-01, Lower probs: 0.000e+00
No. of non-dominant refs: 49155, Survival refs: 49056, Failure refs: 99
Batch update: 48 refs added, 0 existing refs removed (0 new refs dominated)
Survival: 48 refs added, 0 removed (from 48 candidates)
Batch update: 2 refs added, 0 existing refs removed (0 new refs dominated)
Failure: 2 refs added, 0 removed (from 2 candidates)
Coverage-aware round: 59/14438 unclassified samples covered by 50 new refs
---
Round: 1024, Unk. prob.: 1.444e-01
Upper probs: 8.556e-01, Lower probs: 0.000e+00
No. of non-dominant refs: 49205, Survival refs: 49104, Failure refs: 101
Batch update: 48 refs added, 0 existing refs removed (0 new refs dominated)
Survival: 48 refs added, 0 removed (from 48 candidates)
Coverage-aware round: 65/14099 unclassified samples covered by 48 new refs
---
Round: 1025, Unk. prob.: 1.410e-01
Upper probs: 8.590e-01, Lower probs: 0.000e+00
No. of non-dominant refs: 49253, Survival refs: 49152, Failure refs: 101
Batch update: 48 refs added, 0 existing refs removed (0 new refs dominated)
Survival: 48 refs added, 0 removed (from 48 candidates)
Coverage-aware round: 68/14316 unclassified samples covered by 48 new refs
---
Round: 1026, Unk. prob.: 1.432e-01
Upper probs: 8.568e-01, Lower probs: 0.000e+00
No. of non-dominant refs: 49301, Survival refs: 49200, Failure refs: 101
Batch update: 48 refs added, 0 existing refs removed (0 new refs dominated)
Survival: 48 refs added, 0 removed (from 48 candidates)
Coverage-aware round: 71/14287 unclassified samples covered by 48 new refs
---
Round: 1027, Unk. prob.: 1.429e-01
Upper probs: 8.571e-01, Lower probs: 0.000e+00
No. of non-dominant refs: 49349, Survival refs: 49248, Failure refs: 101
Batch update: 48 refs added, 0 existing refs removed (0 new refs dominated)
Survival: 48 refs added, 0 removed (from 48 candidates)
Coverage-aware round: 63/14371 unclassified samples covered by 48 new refs
---
Round: 1028, Unk. prob.: 1.437e-01
Upper probs: 8.563e-01, Lower probs: 0.000e+00
No. of non-dominant refs: 49397, Survival refs: 49296, Failure refs: 101
Batch update: 48 refs added, 0 existing refs removed (0 new refs dominated)
Survival: 48 refs added, 0 removed (from 48 candidates)
Coverage-aware round: 64/14225 unclassified samples covered by 48 new refs
---
Round: 1029, Unk. prob.: 1.422e-01
Upper probs: 8.577e-01, Lower probs: 1.000e-05
No. of non-dominant refs: 49445, Survival refs: 49344, Failure refs: 101
Batch update: 48 refs added, 0 existing refs removed (0 new refs dominated)
Survival: 48 refs added, 0 removed (from 48 candidates)
Coverage-aware round: 66/14332 unclassified samples covered by 48 new refs
---
Round: 1030, Unk. prob.: 1.433e-01
Upper probs: 8.567e-01, Lower probs: 1.000e-05
No. of non-dominant refs: 49493, Survival refs: 49392, Failure refs: 101
Batch update: 48 refs added, 0 existing refs removed (0 new refs dominated)
Survival: 48 refs added, 0 removed (from 48 candidates)
Coverage-aware round: 70/14277 unclassified samples covered by 48 new refs
---
Round: 1031, Unk. prob.: 1.428e-01
Upper probs: 8.572e-01, Lower probs: 0.000e+00
No. of non-dominant refs: 49541, Survival refs: 49440, Failure refs: 101
Batch update: 48 refs added, 0 existing refs removed (0 new refs dominated)
Survival: 48 refs added, 0 removed (from 48 candidates)
Batch update: 1 refs added, 0 existing refs removed (0 new refs dominated)
Failure: 1 refs added, 0 removed (from 1 candidates)
Coverage-aware round: 65/14367 unclassified samples covered by 49 new refs
---
Round: 1032, Unk. prob.: 1.437e-01
Upper probs: 8.563e-01, Lower probs: 0.000e+00
No. of non-dominant refs: 49590, Survival refs: 49488, Failure refs: 102
Batch update: 48 refs added, 0 existing refs removed (0 new refs dominated)
Survival: 48 refs added, 0 removed (from 48 candidates)
Coverage-aware round: 64/14442 unclassified samples covered by 48 new refs
---
Round: 1033, Unk. prob.: 1.444e-01
Upper probs: 8.556e-01, Lower probs: 0.000e+00
No. of non-dominant refs: 49638, Survival refs: 49536, Failure refs: 102
Batch update: 48 refs added, 0 existing refs removed (0 new refs dominated)
Survival: 48 refs added, 0 removed (from 48 candidates)
Coverage-aware round: 65/14176 unclassified samples covered by 48 new refs
---
Round: 1034, Unk. prob.: 1.418e-01
Upper probs: 8.582e-01, Lower probs: 0.000e+00
No. of non-dominant refs: 49686, Survival refs: 49584, Failure refs: 102
Batch update: 48 refs added, 0 existing refs removed (0 new refs dominated)
Survival: 48 refs added, 0 removed (from 48 candidates)
Coverage-aware round: 64/14189 unclassified samples covered by 48 new refs
---
Round: 1035, Unk. prob.: 1.419e-01
Upper probs: 8.581e-01, Lower probs: 1.000e-05
No. of non-dominant refs: 49734, Survival refs: 49632, Failure refs: 102
Batch update: 48 refs added, 0 existing refs removed (0 new refs dominated)
Survival: 48 refs added, 0 removed (from 48 candidates)
Coverage-aware round: 76/14247 unclassified samples covered by 48 new refs
---
Round: 1036, Unk. prob.: 1.425e-01
Upper probs: 8.575e-01, Lower probs: 0.000e+00
No. of non-dominant refs: 49782, Survival refs: 49680, Failure refs: 102
Batch update: 48 refs added, 0 existing refs removed (0 new refs dominated)
Survival: 48 refs added, 0 removed (from 48 candidates)
Coverage-aware round: 73/13984 unclassified samples covered by 48 new refs
---
Round: 1037, Unk. prob.: 1.398e-01
Upper probs: 8.601e-01, Lower probs: 1.000e-05
No. of non-dominant refs: 49830, Survival refs: 49728, Failure refs: 102
Batch update: 48 refs added, 0 existing refs removed (0 new refs dominated)
Survival: 48 refs added, 0 removed (from 48 candidates)
Coverage-aware round: 60/14115 unclassified samples covered by 48 new refs
---
Round: 1038, Unk. prob.: 1.411e-01
Upper probs: 8.589e-01, Lower probs: 0.000e+00
No. of non-dominant refs: 49878, Survival refs: 49776, Failure refs: 102
Batch update: 48 refs added, 0 existing refs removed (0 new refs dominated)
Survival: 48 refs added, 0 removed (from 48 candidates)
Batch update: 1 refs added, 0 existing refs removed (0 new refs dominated)
Failure: 1 refs added, 0 removed (from 1 candidates)
Coverage-aware round: 72/14269 unclassified samples covered by 49 new refs
---
Round: 1039, Unk. prob.: 1.427e-01
Upper probs: 8.573e-01, Lower probs: 0.000e+00
No. of non-dominant refs: 49927, Survival refs: 49824, Failure refs: 103
Batch update: 48 refs added, 0 existing refs removed (0 new refs dominated)
Survival: 48 refs added, 0 removed (from 48 candidates)
Coverage-aware round: 65/14262 unclassified samples covered by 48 new refs
---
Round: 1040, Unk. prob.: 1.426e-01
Upper probs: 8.574e-01, Lower probs: 0.000e+00
No. of non-dominant refs: 49975, Survival refs: 49872, Failure refs: 103
Batch update: 48 refs added, 0 existing refs removed (0 new refs dominated)
Survival: 48 refs added, 0 removed (from 48 candidates)
Coverage-aware round: 61/14349 unclassified samples covered by 48 new refs
---
Round: 1041, Unk. prob.: 1.435e-01
Upper probs: 8.565e-01, Lower probs: 0.000e+00
No. of non-dominant refs: 50023, Survival refs: 49920, Failure refs: 103
Batch update: 48 refs added, 0 existing refs removed (0 new refs dominated)
Survival: 48 refs added, 0 removed (from 48 candidates)
Coverage-aware round: 59/14198 unclassified samples covered by 48 new refs
---
Round: 1042, Unk. prob.: 1.420e-01
Upper probs: 8.580e-01, Lower probs: 0.000e+00
No. of non-dominant refs: 50071, Survival refs: 49968, Failure refs: 103
Batch update: 48 refs added, 0 existing refs removed (0 new refs dominated)
Survival: 48 refs added, 0 removed (from 48 candidates)
Coverage-aware round: 61/14534 unclassified samples covered by 48 new refs
---
Round: 1043, Unk. prob.: 1.453e-01
Upper probs: 8.547e-01, Lower probs: 0.000e+00
No. of non-dominant refs: 50119, Survival refs: 50016, Failure refs: 103
Batch update: 48 refs added, 0 existing refs removed (0 new refs dominated)
Survival: 48 refs added, 0 removed (from 48 candidates)
Coverage-aware round: 60/14293 unclassified samples covered by 48 new refs
---
Round: 1044, Unk. prob.: 1.429e-01
Upper probs: 8.571e-01, Lower probs: 0.000e+00
No. of non-dominant refs: 50167, Survival refs: 50064, Failure refs: 103
Batch update: 48 refs added, 0 existing refs removed (0 new refs dominated)
Survival: 48 refs added, 0 removed (from 48 candidates)
Coverage-aware round: 61/14104 unclassified samples covered by 48 new refs
---
Round: 1045, Unk. prob.: 1.410e-01
Upper probs: 8.590e-01, Lower probs: 0.000e+00
No. of non-dominant refs: 50215, Survival refs: 50112, Failure refs: 103
